method,dt,offset,regime,seed,alpha,d_true,status,min_clearance,time
RCBF,0.05,0.15,bias,0,1.0,0.12,arrived,0.20955513018507665,11.000000000000021
SRCBF,0.05,0.15,bias,0,1.0,0.12,arrived,0.2156116510545596,11.050000000000022
RCBF,0.05,0.15,bias,1,1.0,0.12,arrived,0.12634555688603855,7.549999999999981
SRCBF,0.05,0.15,bias,1,1.0,0.12,arrived,0.13076940120798264,7.549999999999981
RCBF,0.05,0.15,bias,2,1.0,0.12,arrived,0.21162866399392954,11.800000000000033
SRCBF,0.05,0.15,bias,2,1.0,0.12,arrived,0.21767755188000137,11.850000000000033
RCBF,0.05,0.15,bias,3,1.0,0.12,arrived,0.17077074446138396,11.100000000000023
SRCBF,0.05,0.15,bias,3,1.0,0.12,arrived,0.1759870537923992,11.150000000000023
RCBF,0.05,0.15,bias,4,1.0,0.12,arrived,0.18192093781149143,12.100000000000037
SRCBF,0.05,0.15,bias,4,1.0,0.12,arrived,0.1870820924110448,12.150000000000038
RCBF,0.05,0.15,bias,5,1.0,0.12,arrived,0.23267888522764935,8.499999999999986
SRCBF,0.05,0.15,bias,5,1.0,0.12,arrived,0.23926171409526487,8.499999999999986
RCBF,0.05,0.15,bias,6,1.0,0.12,arrived,0.23138925220809714,12.400000000000041
SRCBF,0.05,0.15,bias,6,1.0,0.12,arrived,0.23778256264531183,12.450000000000042
RCBF,0.05,0.15,bias,7,1.0,0.12,arrived,0.1701426375074132,7.699999999999981
SRCBF,0.05,0.15,bias,7,1.0,0.12,arrived,0.1755271299612986,7.699999999999981
RCBF,0.05,0.15,bias,8,1.0,0.12,arrived,0.09911298461167906,7.549999999999981
SRCBF,0.05,0.15,bias,8,1.0,0.12,arrived,0.10294981914848755,7.549999999999981
RCBF,0.05,0.15,bias,9,1.0,0.12,arrived,0.22350396770707825,11.100000000000023
SRCBF,0.05,0.15,bias,9,1.0,0.12,arrived,0.2298385101869027,11.100000000000023
RCBF,0.05,0.15,bias,10,1.0,0.12,arrived,0.17958530995741828,10.000000000000007
SRCBF,0.05,0.15,bias,10,1.0,0.12,arrived,0.18506999840598248,10.050000000000008
RCBF,0.05,0.15,bias,11,1.0,0.12,arrived,0.17585768739999352,11.65000000000003
SRCBF,0.05,0.15,bias,11,1.0,0.12,arrived,0.18106978323238132,11.700000000000031
RCBF,0.05,0.15,bias,12,1.0,0.12,arrived,0.13686767395488608,7.4499999999999815
SRCBF,0.05,0.15,bias,12,1.0,0.12,arrived,0.1415155019966533,7.499999999999981
RCBF,0.05,0.15,bias,13,1.0,0.12,arrived,0.19845344939350262,8.04999999999998
SRCBF,0.05,0.15,bias,13,1.0,0.12,arrived,0.20435923687436386,8.04999999999998
RCBF,0.05,0.15,bias,14,1.0,0.12,arrived,0.23451733889256254,12.500000000000043
SRCBF,0.05,0.15,bias,14,1.0,0.12,arrived,0.24038042873826626,12.550000000000043
RCBF,0.05,0.15,bias,15,1.0,0.12,arrived,0.2300479511756781,8.399999999999984
SRCBF,0.05,0.15,bias,15,1.0,0.12,arrived,0.2365914266394551,8.399999999999984
RCBF,0.05,0.15,bias,16,1.0,0.12,arrived,0.1263868980210584,14.600000000000072
SRCBF,0.05,0.15,bias,16,1.0,0.12,arrived,0.1305323562844507,14.700000000000074
RCBF,0.05,0.15,bias,17,1.0,0.12,arrived,0.13455383201828996,9.700000000000003
SRCBF,0.05,0.15,bias,17,1.0,0.12,arrived,0.13902908708422268,9.750000000000004
RCBF,0.05,0.15,bias,18,1.0,0.12,arrived,0.26815222807932027,9.45
SRCBF,0.05,0.15,bias,18,1.0,0.12,arrived,0.27534046291421466,9.5
RCBF,0.05,0.15,bias,19,1.0,0.12,arrived,0.1506677261652818,7.549999999999981
SRCBF,0.05,0.15,bias,19,1.0,0.12,arrived,0.1556473842003514,7.549999999999981
RCBF,0.05,0.15,inward,0,1.0,0.12,arrived,0.03361402690323079,10.350000000000012
SRCBF,0.05,0.15,inward,0,1.0,0.12,arrived,0.03533627095833358,10.350000000000012
RCBF,0.05,0.15,inward,1,1.0,0.12,arrived,0.03505251790022901,10.300000000000011
SRCBF,0.05,0.15,inward,1,1.0,0.12,arrived,0.0365752044663199,10.300000000000011
RCBF,0.05,0.15,inward,2,1.0,0.12,arrived,0.03744794205696489,10.15000000000001
SRCBF,0.05,0.15,inward,2,1.0,0.12,arrived,0.03947982205141909,10.15000000000001
RCBF,0.05,0.15,inward,3,1.0,0.12,arrived,0.03945093522206844,10.050000000000008
SRCBF,0.05,0.15,inward,3,1.0,0.12,arrived,0.04137404925802335,10.100000000000009
RCBF,0.05,0.15,inward,4,1.0,0.12,arrived,0.030517667526584802,10.550000000000015
SRCBF,0.05,0.15,inward,4,1.0,0.12,arrived,0.031970450865151157,10.600000000000016
RCBF,0.05,0.15,inward,5,1.0,0.12,arrived,0.03192210309066246,10.450000000000014
SRCBF,0.05,0.15,inward,5,1.0,0.12,arrived,0.03345376972835079,10.500000000000014
RCBF,0.05,0.15,inward,6,1.0,0.12,arrived,0.034583921193636846,10.300000000000011
SRCBF,0.05,0.15,inward,6,1.0,0.12,arrived,0.036382313647203124,10.300000000000011
RCBF,0.05,0.15,inward,7,1.0,0.12,arrived,0.033704094972994536,10.350000000000012
SRCBF,0.05,0.15,inward,7,1.0,0.12,arrived,0.035429098034505224,10.350000000000012
RCBF,0.05,0.15,inward,8,1.0,0.12,arrived,0.03697374192918601,10.15000000000001
SRCBF,0.05,0.15,inward,8,1.0,0.12,arrived,0.03860097802000817,10.20000000000001
RCBF,0.05,0.15,inward,9,1.0,0.12,arrived,0.031248687743973713,10.500000000000014
SRCBF,0.05,0.15,inward,9,1.0,0.12,arrived,0.03276583271549527,10.550000000000015
RCBF,0.05,0.15,inward,10,1.0,0.12,arrived,0.030396135421585924,10.550000000000015
SRCBF,0.05,0.15,inward,10,1.0,0.12,arrived,0.03176393019372914,10.600000000000016
RCBF,0.05,0.15,inward,11,1.0,0.12,arrived,0.03902230025650688,10.100000000000009
SRCBF,0.05,0.15,inward,11,1.0,0.12,arrived,0.0408212985641645,10.100000000000009
RCBF,0.05,0.15,inward,12,1.0,0.12,arrived,0.03751523934856649,10.15000000000001
SRCBF,0.05,0.15,inward,12,1.0,0.12,arrived,0.039549212030417724,10.15000000000001
RCBF,0.05,0.15,inward,13,1.0,0.12,arrived,0.03129676182549268,10.500000000000014
SRCBF,0.05,0.15,inward,13,1.0,0.12,arrived,0.032815362193647446,10.500000000000014
RCBF,0.05,0.15,inward,14,1.0,0.12,arrived,0.03169826255752295,10.500000000000014
SRCBF,0.05,0.15,inward,14,1.0,0.12,arrived,0.033116300834442836,10.500000000000014
RCBF,0.05,0.15,inward,15,1.0,0.12,arrived,0.032991568008627126,10.400000000000013
SRCBF,0.05,0.15,inward,15,1.0,0.12,arrived,0.03464588278627423,10.400000000000013
RCBF,0.05,0.15,inward,16,1.0,0.12,arrived,0.034374613056868064,10.300000000000011
SRCBF,0.05,0.15,inward,16,1.0,0.12,arrived,0.03603259586206542,10.350000000000012
RCBF,0.05,0.15,inward,17,1.0,0.12,arrived,0.03146820437663145,10.500000000000014
SRCBF,0.05,0.15,inward,17,1.0,0.12,arrived,0.03299220984927187,10.500000000000014
RCBF,0.05,0.15,inward,18,1.0,0.12,arrived,0.036167057260242164,10.20000000000001
SRCBF,0.05,0.15,inward,18,1.0,0.12,arrived,0.03771499314555249,10.25000000000001
RCBF,0.05,0.15,inward,19,1.0,0.12,arrived,0.03601172209170134,10.20000000000001
SRCBF,0.05,0.15,inward,19,1.0,0.12,arrived,0.037570174646556764,10.25000000000001
RCBF,0.05,0.45,bias,0,1.0,0.12,arrived,0.066864789261186,9.299999999999997
SRCBF,0.05,0.45,bias,0,1.0,0.12,arrived,0.06972699969613672,9.299999999999997
RCBF,0.05,0.45,bias,1,1.0,0.12,arrived,0.1987624457936581,6.649999999999984
SRCBF,0.05,0.45,bias,1,1.0,0.12,arrived,0.20470217061971208,6.699999999999984
RCBF,0.05,0.45,bias,2,1.0,0.12,arrived,0.07911709825399993,9.45
SRCBF,0.05,0.45,bias,2,1.0,0.12,arrived,0.08215052079704788,9.5
RCBF,0.05,0.45,bias,3,1.0,0.12,arrived,0.06689872805712938,8.549999999999986
SRCBF,0.05,0.45,bias,3,1.0,0.12,arrived,0.07027591451602155,8.549999999999986
RCBF,0.05,0.45,bias,4,1.0,0.12,arrived,0.21119719007452642,10.25000000000001
SRCBF,0.05,0.45,bias,4,1.0,0.12,arrived,0.21732392015981516,10.300000000000011
RCBF,0.05,0.45,bias,5,1.0,0.12,arrived,0.2842304767203565,7.649999999999981
SRCBF,0.05,0.45,bias,5,1.0,0.12,arrived,0.2916886791166269,7.699999999999981
RCBF,0.05,0.45,bias,6,1.0,0.12,arrived,0.09690469519056721,10.000000000000007
SRCBF,0.05,0.45,bias,6,1.0,0.12,arrived,0.10055321886503177,10.050000000000008
RCBF,0.05,0.45,bias,7,1.0,0.12,arrived,0.236137674635436,6.8999999999999835
SRCBF,0.05,0.45,bias,7,1.0,0.12,arrived,0.24251798100463318,6.8999999999999835
RCBF,0.05,0.45,bias,8,1.0,0.12,arrived,0.17393798153169016,6.5999999999999845
SRCBF,0.05,0.45,bias,8,1.0,0.12,arrived,0.17928034085298605,6.5999999999999845
RCBF,0.05,0.45,bias,9,1.0,0.12,arrived,0.06987893253477251,9.650000000000002
SRCBF,0.05,0.45,bias,9,1.0,0.12,arrived,0.07280116223747102,9.700000000000003
RCBF,0.05,0.45,bias,10,1.0,0.12,arrived,0.05608990217533372,8.549999999999986
SRCBF,0.05,0.45,bias,10,1.0,0.12,arrived,0.05865099976535171,8.599999999999987
RCBF,0.05,0.45,bias,11,1.0,0.12,arrived,0.20785570956153498,10.100000000000009
SRCBF,0.05,0.45,bias,11,1.0,0.12,arrived,0.21398370799452415,10.100000000000009
RCBF,0.05,0.45,bias,12,1.0,0.12,arrived,0.20659108428823036,6.649999999999984
SRCBF,0.05,0.45,bias,12,1.0,0.12,arrived,0.21279415380282973,6.649999999999984
RCBF,0.05,0.45,bias,13,1.0,0.12,arrived,0.259055544901301,7.199999999999982
SRCBF,0.05,0.45,bias,13,1.0,0.12,arrived,0.2658967804808263,7.249999999999982
RCBF,0.05,0.45,bias,14,1.0,0.12,arrived,0.1047591534160528,10.300000000000011
SRCBF,0.05,0.45,bias,14,1.0,0.12,arrived,0.10839546677373557,10.300000000000011
RCBF,0.05,0.45,bias,15,1.0,0.12,arrived,0.2824267176786095,7.549999999999981
SRCBF,0.05,0.45,bias,15,1.0,0.12,arrived,0.2901237862244692,7.599999999999981
RCBF,0.05,0.45,bias,16,1.0,0.12,arrived,0.15270094277303803,10.300000000000011
SRCBF,0.05,0.45,bias,16,1.0,0.12,arrived,0.1578964742595188,10.350000000000012
RCBF,0.05,0.45,bias,17,1.0,0.12,arrived,0.06392663989019842,7.84999999999998
SRCBF,0.05,0.45,bias,17,1.0,0.12,arrived,0.06679903743617,7.84999999999998
RCBF,0.05,0.45,bias,18,1.0,0.12,arrived,0.30936017389568526,8.649999999999988
SRCBF,0.05,0.45,bias,18,1.0,0.12,arrived,0.3175578710053133,8.649999999999988
RCBF,0.05,0.45,bias,19,1.0,0.12,arrived,0.21915787680523802,6.749999999999984
SRCBF,0.05,0.45,bias,19,1.0,0.12,arrived,0.22555589095176276,6.749999999999984
RCBF,0.05,0.45,inward,0,1.0,0.12,arrived,0.07743097907350371,9.149999999999995
SRCBF,0.05,0.45,inward,0,1.0,0.12,arrived,0.08111680068752569,9.149999999999995
RCBF,0.05,0.45,inward,1,1.0,0.12,arrived,0.07930989174664194,9.099999999999994
SRCBF,0.05,0.45,inward,1,1.0,0.12,arrived,0.08282890066694548,9.099999999999994
RCBF,0.05,0.45,inward,2,1.0,0.12,arrived,0.0826837070783002,9.049999999999994
SRCBF,0.05,0.45,inward,2,1.0,0.12,arrived,0.08627366837380834,9.099999999999994
RCBF,0.05,0.45,inward,3,1.0,0.12,arrived,0.08493523289613714,9.049999999999994
SRCBF,0.05,0.45,inward,3,1.0,0.12,arrived,0.08876092953411174,9.049999999999994
RCBF,0.05,0.45,inward,4,1.0,0.12,arrived,0.07347424154827653,9.199999999999996
SRCBF,0.05,0.45,inward,4,1.0,0.12,arrived,0.07704464702059799,9.199999999999996
RCBF,0.05,0.45,inward,5,1.0,0.12,arrived,0.07542655637651985,9.149999999999995
SRCBF,0.05,0.45,inward,5,1.0,0.12,arrived,0.07865738376784326,9.199999999999996
RCBF,0.05,0.45,inward,6,1.0,0.12,arrived,0.07896294137352877,9.099999999999994
SRCBF,0.05,0.45,inward,6,1.0,0.12,arrived,0.08238088524891174,9.149999999999995
RCBF,0.05,0.45,inward,7,1.0,0.12,arrived,0.07763609683431494,9.149999999999995
SRCBF,0.05,0.45,inward,7,1.0,0.12,arrived,0.08124484336740923,9.149999999999995
RCBF,0.05,0.45,inward,8,1.0,0.12,arrived,0.08173764257233074,9.049999999999994
SRCBF,0.05,0.45,inward,8,1.0,0.12,arrived,0.08523488499373022,9.099999999999994
RCBF,0.05,0.45,inward,9,1.0,0.12,arrived,0.07441686442177065,9.199999999999996
SRCBF,0.05,0.45,inward,9,1.0,0.12,arrived,0.07790469694394975,9.199999999999996
RCBF,0.05,0.45,inward,10,1.0,0.12,arrived,0.07335518863994106,9.199999999999996
SRCBF,0.05,0.45,inward,10,1.0,0.12,arrived,0.07686370591727587,9.199999999999996
RCBF,0.05,0.45,inward,11,1.0,0.12,arrived,0.08417473495606254,9.049999999999994
SRCBF,0.05,0.45,inward,11,1.0,0.12,arrived,0.08824608884316132,9.049999999999994
RCBF,0.05,0.45,inward,12,1.0,0.12,arrived,0.08282766905813799,9.049999999999994
SRCBF,0.05,0.45,inward,12,1.0,0.12,arrived,0.08645641663426706,9.099999999999994
RCBF,0.05,0.45,inward,13,1.0,0.12,arrived,0.07450831871377983,9.149999999999995
SRCBF,0.05,0.45,inward,13,1.0,0.12,arrived,0.07795856106163135,9.199999999999996
RCBF,0.05,0.45,inward,14,1.0,0.12,arrived,0.07504364666399432,9.149999999999995
SRCBF,0.05,0.45,inward,14,1.0,0.12,arrived,0.07826056622688893,9.199999999999996
RCBF,0.05,0.45,inward,15,1.0,0.12,arrived,0.07672819530570207,9.149999999999995
SRCBF,0.05,0.45,inward,15,1.0,0.12,arrived,0.08043110991696023,9.149999999999995
RCBF,0.05,0.45,inward,16,1.0,0.12,arrived,0.07855435261797328,9.099999999999994
SRCBF,0.05,0.45,inward,16,1.0,0.12,arrived,0.08185898943477532,9.149999999999995
RCBF,0.05,0.45,inward,17,1.0,0.12,arrived,0.07482721785193391,9.149999999999995
SRCBF,0.05,0.45,inward,17,1.0,0.12,arrived,0.07814140827033178,9.199999999999996
RCBF,0.05,0.45,inward,18,1.0,0.12,arrived,0.0805069269690909,9.099999999999994
SRCBF,0.05,0.45,inward,18,1.0,0.12,arrived,0.08444494551363768,9.099999999999994
RCBF,0.05,0.45,inward,19,1.0,0.12,arrived,0.0802954583027965,9.099999999999994
SRCBF,0.05,0.45,inward,19,1.0,0.12,arrived,0.08417670645450448,9.099999999999994
RCBF,0.1,0.15,bias,0,1.0,0.12,arrived,0.2087048831858902,10.999999999999977
SRCBF,0.1,0.15,bias,0,1.0,0.12,arrived,0.22100084226805383,11.099999999999977
RCBF,0.1,0.15,bias,1,1.0,0.12,arrived,0.12808973125639145,7.599999999999989
SRCBF,0.1,0.15,bias,1,1.0,0.12,arrived,0.13725860542165036,7.599999999999989
RCBF,0.1,0.15,bias,2,1.0,0.12,arrived,0.21058467037922246,11.799999999999974
SRCBF,0.1,0.15,bias,2,1.0,0.12,arrived,0.2228090347775713,11.899999999999974
RCBF,0.1,0.15,bias,3,1.0,0.12,arrived,0.16924931861998394,11.099999999999977
SRCBF,0.1,0.15,bias,3,1.0,0.12,arrived,0.17976444713668882,11.199999999999976
RCBF,0.1,0.15,bias,4,1.0,0.12,arrived,0.1926694009418839,12.099999999999973
SRCBF,0.1,0.15,bias,4,1.0,0.12,arrived,0.20351616117124594,12.199999999999973
RCBF,0.1,0.15,bias,5,1.0,0.12,arrived,0.2359745893114793,8.499999999999986
SRCBF,0.1,0.15,bias,5,1.0,0.12,arrived,0.24938111386285056,8.499999999999986
RCBF,0.1,0.15,bias,6,1.0,0.12,arrived,0.2307941353857481,12.399999999999972
SRCBF,0.1,0.15,bias,6,1.0,0.12,arrived,0.2437231267679536,12.499999999999972
RCBF,0.1,0.15,bias,7,1.0,0.12,arrived,0.17222051135466987,7.699999999999989
SRCBF,0.1,0.15,bias,7,1.0,0.12,arrived,0.18328377219765501,7.799999999999988
RCBF,0.1,0.15,bias,8,1.0,0.12,arrived,0.10089815004726888,7.599999999999989
SRCBF,0.1,0.15,bias,8,1.0,0.12,arrived,0.10896409386755523,7.599999999999989
RCBF,0.1,0.15,bias,9,1.0,0.12,arrived,0.22304321076720934,11.099999999999977
SRCBF,0.1,0.15,bias,9,1.0,0.12,arrived,0.2359363223112505,11.199999999999976
RCBF,0.1,0.15,bias,10,1.0,0.12,arrived,0.17857522827912609,9.99999999999998
SRCBF,0.1,0.15,bias,10,1.0,0.12,arrived,0.189681741452427,10.09999999999998
RCBF,0.1,0.15,bias,11,1.0,0.12,arrived,0.1868048259957963,11.599999999999975
SRCBF,0.1,0.15,bias,11,1.0,0.12,arrived,0.19744303395308072,11.699999999999974
RCBF,0.1,0.15,bias,12,1.0,0.12,arrived,0.13901567582571062,7.499999999999989
SRCBF,0.1,0.15,bias,12,1.0,0.12,arrived,0.14868917441124707,7.499999999999989
RCBF,0.1,0.15,bias,13,1.0,0.12,arrived,0.20068584348867424,7.999999999999988
SRCBF,0.1,0.15,bias,13,1.0,0.12,arrived,0.2129475176111013,8.099999999999987
RCBF,0.1,0.15,bias,14,1.0,0.12,arrived,0.23964195892938656,12.499999999999972
SRCBF,0.1,0.15,bias,14,1.0,0.12,arrived,0.2528735810903584,12.599999999999971
RCBF,0.1,0.15,bias,15,1.0,0.12,arrived,0.23340245961626294,8.399999999999986
SRCBF,0.1,0.15,bias,15,1.0,0.12,arrived,0.24668428874322856,8.399999999999986
RCBF,0.1,0.15,bias,16,1.0,0.12,arrived,0.13808623893984429,14.699999999999964
SRCBF,0.1,0.15,bias,16,1.0,0.12,arrived,0.1468360607814121,14.799999999999963
RCBF,0.1,0.15,bias,17,1.0,0.12,arrived,0.13301629095757395,9.699999999999982
SRCBF,0.1,0.15,bias,17,1.0,0.12,arrived,0.14217005413787043,9.799999999999981
RCBF,0.1,0.15,bias,18,1.0,0.12,arrived,0.27848346703034155,9.399999999999983
SRCBF,0.1,0.15,bias,18,1.0,0.12,arrived,0.29273688837033873,9.499999999999982
RCBF,0.1,0.15,bias,19,1.0,0.12,arrived,0.1527367737055244,7.499999999999989
SRCBF,0.1,0.15,bias,19,1.0,0.12,arrived,0.16310064601580232,7.599999999999989
RCBF,0.1,0.15,inward,0,1.0,0.12,arrived,0.04372162493786791,10.29999999999998
SRCBF,0.1,0.15,inward,0,1.0,0.12,arrived,0.0479272314012501,10.399999999999979
RCBF,0.1,0.15,inward,1,1.0,0.12,arrived,0.04565294509632223,10.19999999999998
SRCBF,0.1,0.15,inward,1,1.0,0.12,arrived,0.049952168782234296,10.29999999999998
RCBF,0.1,0.15,inward,2,1.0,0.12,arrived,0.049335258521807424,10.09999999999998
SRCBF,0.1,0.15,inward,2,1.0,0.12,arrived,0.05381016606388833,10.09999999999998
RCBF,0.1,0.15,inward,3,1.0,0.12,arrived,0.051765116981346226,9.99999999999998
SRCBF,0.1,0.15,inward,3,1.0,0.12,arrived,0.05631758116756502,10.09999999999998
RCBF,0.1,0.15,inward,4,1.0,0.12,arrived,0.03858577116243744,10.499999999999979
SRCBF,0.1,0.15,inward,4,1.0,0.12,arrived,0.04247532081193428,10.599999999999978
RCBF,0.1,0.15,inward,5,1.0,0.12,arrived,0.04092014521255716,10.399999999999979
SRCBF,0.1,0.15,inward,5,1.0,0.12,arrived,0.044972703588532004,10.499999999999979
RCBF,0.1,0.15,inward,6,1.0,0.12,arrived,0.04525368297657428,10.29999999999998
SRCBF,0.1,0.15,inward,6,1.0,0.12,arrived,0.04953012972529702,10.29999999999998
RCBF,0.1,0.15,inward,7,1.0,0.12,arrived,0.043916435589069436,10.29999999999998
SRCBF,0.1,0.15,inward,7,1.0,0.12,arrived,0.0481212353210867,10.399999999999979
RCBF,0.1,0.15,inward,8,1.0,0.12,arrived,0.04839581441365082,10.09999999999998
SRCBF,0.1,0.15,inward,8,1.0,0.12,arrived,0.05283213087563421,10.19999999999998
RCBF,0.1,0.15,inward,9,1.0,0.12,arrived,0.039818271228757474,10.499999999999979
SRCBF,0.1,0.15,inward,9,1.0,0.12,arrived,0.04379640780981375,10.499999999999979
RCBF,0.1,0.15,inward,10,1.0,0.12,arrived,0.03836665898179925,10.499999999999979
SRCBF,0.1,0.15,inward,10,1.0,0.12,arrived,0.04223989388091831,10.599999999999978
RCBF,0.1,0.15,inward,11,1.0,0.12,arrived,0.05118690705576057,9.99999999999998
SRCBF,0.1,0.15,inward,11,1.0,0.12,arrived,0.055724000158027365,10.09999999999998
RCBF,0.1,0.15,inward,12,1.0,0.12,arrived,0.04948853308578527,10.09999999999998
SRCBF,0.1,0.15,inward,12,1.0,0.12,arrived,0.05396930249754894,10.09999999999998
RCBF,0.1,0.15,inward,13,1.0,0.12,arrived,0.039910487608615375,10.499999999999979
SRCBF,0.1,0.15,inward,13,1.0,0.12,arrived,0.04389502922964361,10.499999999999979
RCBF,0.1,0.15,inward,14,1.0,0.12,arrived,0.04048193233986719,10.399999999999979
SRCBF,0.1,0.15,inward,14,1.0,0.12,arrived,0.04450545016807905,10.499999999999979
RCBF,0.1,0.15,inward,15,1.0,0.12,arrived,0.042799703437771175,10.29999999999998
SRCBF,0.1,0.15,inward,15,1.0,0.12,arrived,0.04696807313607443,10.399999999999979
RCBF,0.1,0.15,inward,16,1.0,0.12,arrived,0.044816031598128636,10.29999999999998
SRCBF,0.1,0.15,inward,16,1.0,0.12,arrived,0.049066736993440996,10.29999999999998
RCBF,0.1,0.15,inward,17,1.0,0.12,arrived,0.040243920667141664,10.499999999999979
SRCBF,0.1,0.15,inward,17,1.0,0.12,arrived,0.044251355098076095,10.499999999999979
RCBF,0.1,0.15,inward,18,1.0,0.12,arrived,0.04733624728615338,10.19999999999998
SRCBF,0.1,0.15,inward,18,1.0,0.12,arrived,0.05172376250477162,10.19999999999998
RCBF,0.1,0.15,inward,19,1.0,0.12,arrived,0.04702400645529381,10.19999999999998
SRCBF,0.1,0.15,inward,19,1.0,0.12,arrived,0.05139611805953459,10.19999999999998
RCBF,0.1,0.45,bias,0,1.0,0.12,arrived,0.07852021636784634,9.299999999999983
SRCBF,0.1,0.45,bias,0,1.0,0.12,arrived,0.08513950309477514,9.299999999999983
RCBF,0.1,0.45,bias,1,1.0,0.12,arrived,0.20660379802213602,6.699999999999992
SRCBF,0.1,0.45,bias,1,1.0,0.12,arrived,0.21864764957722937,6.699999999999992
RCBF,0.1,0.45,bias,2,1.0,0.12,arrived,0.0897180521477815,9.399999999999983
SRCBF,0.1,0.45,bias,2,1.0,0.12,arrived,0.09756479784501448,9.499999999999982
RCBF,0.1,0.45,bias,3,1.0,0.12,arrived,0.07817550652361482,8.499999999999986
SRCBF,0.1,0.45,bias,3,1.0,0.12,arrived,0.08529037521661531,8.599999999999985
RCBF,0.1,0.45,bias,4,1.0,0.12,arrived,0.21983577390072684,10.19999999999998
SRCBF,0.1,0.45,bias,4,1.0,0.12,arrived,0.23239868392650198,10.29999999999998
RCBF,0.1,0.45,bias,5,1.0,0.12,arrived,0.2927838466041459,7.699999999999989
SRCBF,0.1,0.45,bias,5,1.0,0.12,arrived,0.30755009315153914,7.699999999999989
RCBF,0.1,0.45,bias,6,1.0,0.12,arrived,0.10691779149406089,9.99999999999998
SRCBF,0.1,0.45,bias,6,1.0,0.12,arrived,0.11556498308443341,10.09999999999998
RCBF,0.1,0.45,bias,7,1.0,0.12,arrived,0.24411154165915794,6.8999999999999915
SRCBF,0.1,0.45,bias,7,1.0,0.12,arrived,0.2577882793505193,6.8999999999999915
RCBF,0.1,0.45,bias,8,1.0,0.12,arrived,0.1816558634684864,6.5999999999999925
SRCBF,0.1,0.45,bias,8,1.0,0.12,arrived,0.19294753662948283,6.5999999999999925
RCBF,0.1,0.45,bias,9,1.0,0.12,arrived,0.0813097584011232,9.699999999999982
SRCBF,0.1,0.45,bias,9,1.0,0.12,arrived,0.08814649385337492,9.699999999999982
RCBF,0.1,0.45,bias,10,1.0,0.12,arrived,0.06786710938537377,8.599999999999985
SRCBF,0.1,0.45,bias,10,1.0,0.12,arrived,0.07330647992554529,8.599999999999985
RCBF,0.1,0.45,bias,11,1.0,0.12,arrived,0.2161031613738451,9.99999999999998
SRCBF,0.1,0.45,bias,11,1.0,0.12,arrived,0.22891113482670988,10.09999999999998
RCBF,0.1,0.45,bias,12,1.0,0.12,arrived,0.2147108264732942,6.5999999999999925
SRCBF,0.1,0.45,bias,12,1.0,0.12,arrived,0.22706358820223982,6.699999999999992
RCBF,0.1,0.45,bias,13,1.0,0.12,arrived,0.26715752837627105,7.19999999999999
SRCBF,0.1,0.45,bias,13,1.0,0.12,arrived,0.2817224283717581,7.19999999999999
RCBF,0.1,0.45,bias,14,1.0,0.12,arrived,0.11583892722855538,10.29999999999998
SRCBF,0.1,0.45,bias,14,1.0,0.12,arrived,0.12296913864036274,10.29999999999998
RCBF,0.1,0.45,bias,15,1.0,0.12,arrived,0.29085316254818383,7.599999999999989
SRCBF,0.1,0.45,bias,15,1.0,0.12,arrived,0.3061909606933839,7.599999999999989
RCBF,0.1,0.45,bias,16,1.0,0.12,arrived,0.1617321993093671,10.29999999999998
SRCBF,0.1,0.45,bias,16,1.0,0.12,arrived,0.17259139530303902,10.29999999999998
RCBF,0.1,0.45,bias,17,1.0,0.12,arrived,0.0738955388443373,7.799999999999988
SRCBF,0.1,0.45,bias,17,1.0,0.12,arrived,0.0800062364800268,7.899999999999988
RCBF,0.1,0.45,bias,18,1.0,0.12,arrived,0.31726630239602516,8.599999999999985
SRCBF,0.1,0.45,bias,18,1.0,0.12,arrived,0.3334772323295625,8.699999999999985
RCBF,0.1,0.45,bias,19,1.0,0.12,arrived,0.2272072968825709,6.699999999999992
SRCBF,0.1,0.45,bias,19,1.0,0.12,arrived,0.24007585173914614,6.799999999999992
RCBF,0.1,0.45,inward,0,1.0,0.12,arrived,0.08740386478199846,9.099999999999984
SRCBF,0.1,0.45,inward,0,1.0,0.12,arrived,0.09582228283105765,9.099999999999984
RCBF,0.1,0.45,inward,1,1.0,0.12,arrived,0.08994861650133201,9.099999999999984
SRCBF,0.1,0.45,inward,1,1.0,0.12,arrived,0.09656207286860718,9.099999999999984
RCBF,0.1,0.45,inward,2,1.0,0.12,arrived,0.09303779854411254,8.999999999999984
SRCBF,0.1,0.45,inward,2,1.0,0.12,arrived,0.10086252358205505,8.999999999999984
RCBF,0.1,0.45,inward,3,1.0,0.12,arrived,0.09449236793280313,8.999999999999984
SRCBF,0.1,0.45,inward,3,1.0,0.12,arrived,0.10304041332630853,8.999999999999984
RCBF,0.1,0.45,inward,4,1.0,0.12,arrived,0.08497220845790587,9.099999999999984
SRCBF,0.1,0.45,inward,4,1.0,0.12,arrived,0.09069322873669872,9.199999999999983
RCBF,0.1,0.45,inward,5,1.0,0.12,arrived,0.0863383577558382,9.099999999999984
SRCBF,0.1,0.45,inward,5,1.0,0.12,arrived,0.09358063506216396,9.099999999999984
RCBF,0.1,0.45,inward,6,1.0,0.12,arrived,0.08946892837903497,9.099999999999984
SRCBF,0.1,0.45,inward,6,1.0,0.12,arrived,0.09641109050278562,9.099999999999984
RCBF,0.1,0.45,inward,7,1.0,0.12,arrived,0.08767439677572542,9.099999999999984
SRCBF,0.1,0.45,inward,7,1.0,0.12,arrived,0.0959065387992808,9.099999999999984
RCBF,0.1,0.45,inward,8,1.0,0.12,arrived,0.09250604825385644,8.999999999999984
SRCBF,0.1,0.45,inward,8,1.0,0.12,arrived,0.09975039264524665,8.999999999999984
RCBF,0.1,0.45,inward,9,1.0,0.12,arrived,0.08591143287926606,9.099999999999984
SRCBF,0.1,0.45,inward,9,1.0,0.12,arrived,0.09233665790587009,9.199999999999983
RCBF,0.1,0.45,inward,10,1.0,0.12,arrived,0.08477606094589996,9.099999999999984
SRCBF,0.1,0.45,inward,10,1.0,0.12,arrived,0.09046735292203523,9.199999999999983
RCBF,0.1,0.45,inward,11,1.0,0.12,arrived,0.09377697420849862,8.999999999999984
SRCBF,0.1,0.45,inward,11,1.0,0.12,arrived,0.10261664389038261,8.999999999999984
RCBF,0.1,0.45,inward,12,1.0,0.12,arrived,0.09309840710498407,8.999999999999984
SRCBF,0.1,0.45,inward,12,1.0,0.12,arrived,0.10102997354552856,8.999999999999984
RCBF,0.1,0.45,inward,13,1.0,0.12,arrived,0.08597088184710677,9.099999999999984
SRCBF,0.1,0.45,inward,13,1.0,0.12,arrived,0.09244880104453768,9.199999999999983
RCBF,0.1,0.45,inward,14,1.0,0.12,arrived,0.08618686463779812,9.099999999999984
SRCBF,0.1,0.45,inward,14,1.0,0.12,arrived,0.09311086403873559,9.099999999999984
RCBF,0.1,0.45,inward,15,1.0,0.12,arrived,0.08698197966930177,9.099999999999984
SRCBF,0.1,0.45,inward,15,1.0,0.12,arrived,0.09522967352880429,9.099999999999984
RCBF,0.1,0.45,inward,16,1.0,0.12,arrived,0.08891157040136144,9.099999999999984
SRCBF,0.1,0.45,inward,16,1.0,0.12,arrived,0.09624528300517454,9.099999999999984
RCBF,0.1,0.45,inward,17,1.0,0.12,arrived,0.08610429615683324,9.099999999999984
SRCBF,0.1,0.45,inward,17,1.0,0.12,arrived,0.09284195621908731,9.199999999999983
RCBF,0.1,0.45,inward,18,1.0,0.12,arrived,0.09167124815499206,8.999999999999984
SRCBF,0.1,0.45,inward,18,1.0,0.12,arrived,0.09832072405193903,9.099999999999984
RCBF,0.1,0.45,inward,19,1.0,0.12,arrived,0.09138824037029791,8.999999999999984
SRCBF,0.1,0.45,inward,19,1.0,0.12,arrived,0.09786415790852299,9.099999999999984
RCBF,0.2,0.15,bias,0,1.0,0.12,arrived,0.2058865159801837,10.999999999999993
SRCBF,0.2,0.15,bias,0,1.0,0.12,arrived,0.2307933679808758,11.199999999999992
RCBF,0.2,0.15,bias,1,1.0,0.12,arrived,0.12736935026149954,7.600000000000004
SRCBF,0.2,0.15,bias,1,1.0,0.12,arrived,0.14713570777922036,7.600000000000004
RCBF,0.2,0.15,bias,2,1.0,0.12,arrived,0.20768675634877276,11.79999999999999
SRCBF,0.2,0.15,bias,2,1.0,0.12,arrived,0.23261465989121533,11.99999999999999
RCBF,0.2,0.15,bias,3,1.0,0.12,arrived,0.16543938194473606,11.199999999999992
SRCBF,0.2,0.15,bias,3,1.0,0.12,arrived,0.18685425849599835,11.199999999999992
RCBF,0.2,0.15,bias,4,1.0,0.12,arrived,0.2151761604793414,11.99999999999999
SRCBF,0.2,0.15,bias,4,1.0,0.12,arrived,0.23773373051157543,12.199999999999989
RCBF,0.2,0.15,bias,5,1.0,0.12,arrived,0.23785331214946503,8.400000000000002
SRCBF,0.2,0.15,bias,5,1.0,0.12,arrived,0.2658980491621792,8.600000000000001
RCBF,0.2,0.15,bias,6,1.0,0.12,arrived,0.2286973341925187,12.399999999999988
SRCBF,0.2,0.15,bias,6,1.0,0.12,arrived,0.25511674693367437,12.599999999999987
RCBF,0.2,0.15,bias,7,1.0,0.12,arrived,0.1726385012939331,7.800000000000004
SRCBF,0.2,0.15,bias,7,1.0,0.12,arrived,0.19517118163891667,7.800000000000004
RCBF,0.2,0.15,bias,8,1.0,0.12,arrived,0.10065446801812827,7.600000000000004
SRCBF,0.2,0.15,bias,8,1.0,0.12,arrived,0.11714979520710622,7.600000000000004
RCBF,0.2,0.15,bias,9,1.0,0.12,arrived,0.22087474379324679,10.999999999999993
SRCBF,0.2,0.15,bias,9,1.0,0.12,arrived,0.24698642084531341,11.199999999999992
RCBF,0.2,0.15,bias,10,1.0,0.12,arrived,0.17510287801887237,9.999999999999996
SRCBF,0.2,0.15,bias,10,1.0,0.12,arrived,0.19780137821192922,10.199999999999996
RCBF,0.2,0.15,bias,11,1.0,0.12,arrived,0.20926161514409625,11.59999999999999
SRCBF,0.2,0.15,bias,11,1.0,0.12,arrived,0.23144170575131384,11.79999999999999
RCBF,0.2,0.15,bias,12,1.0,0.12,arrived,0.13909582385807018,7.400000000000004
SRCBF,0.2,0.15,bias,12,1.0,0.12,arrived,0.15937480679023552,7.600000000000004
RCBF,0.2,0.15,bias,13,1.0,0.12,arrived,0.20152354812030482,8.000000000000004
SRCBF,0.2,0.15,bias,13,1.0,0.12,arrived,0.22631094548811803,8.200000000000003
RCBF,0.2,0.15,bias,14,1.0,0.12,arrived,0.2382089559869347,12.399999999999988
SRCBF,0.2,0.15,bias,14,1.0,0.12,arrived,0.26532348776970105,12.599999999999987
RCBF,0.2,0.15,bias,15,1.0,0.12,arrived,0.2354704591156851,8.400000000000002
SRCBF,0.2,0.15,bias,15,1.0,0.12,arrived,0.26306557252842855,8.400000000000002
RCBF,0.2,0.15,bias,16,1.0,0.12,arrived,0.16122696001090675,14.79999999999998
SRCBF,0.2,0.15,bias,16,1.0,0.12,arrived,0.17660791444298707,14.999999999999979
RCBF,0.2,0.15,bias,17,1.0,0.12,arrived,0.12888995516148416,9.799999999999997
SRCBF,0.2,0.15,bias,17,1.0,0.12,arrived,0.14757690755028785,9.799999999999997
RCBF,0.2,0.15,bias,18,1.0,0.12,arrived,0.2876197694428364,9.399999999999999
SRCBF,0.2,0.15,bias,18,1.0,0.12,arrived,0.31898316414635985,9.399999999999999
RCBF,0.2,0.15,bias,19,1.0,0.12,arrived,0.1530152593486136,7.600000000000004
SRCBF,0.2,0.15,bias,19,1.0,0.12,arrived,0.17407623682867002,7.600000000000004
RCBF,0.2,0.15,inward,0,1.0,0.12,arrived,0.04958021763139098,10.199999999999996
SRCBF,0.2,0.15,inward,0,1.0,0.12,arrived,0.05985344910129009,10.399999999999995
RCBF,0.2,0.15,inward,1,1.0,0.12,arrived,0.05224920652895382,10.199999999999996
SRCBF,0.2,0.15,inward,1,1.0,0.12,arrived,0.06286004490209973,10.199999999999996
RCBF,0.2,0.15,inward,2,1.0,0.12,arrived,0.05719690718543513,9.999999999999996
SRCBF,0.2,0.15,inward,2,1.0,0.12,arrived,0.06810137775079794,10.199999999999996
RCBF,0.2,0.15,inward,3,1.0,0.12,arrived,0.06039641224937187,9.999999999999996
SRCBF,0.2,0.15,inward,3,1.0,0.12,arrived,0.07182408422947728,9.999999999999996
RCBF,0.2,0.15,inward,4,1.0,0.12,arrived,0.04328297607821796,10.399999999999995
SRCBF,0.2,0.15,inward,4,1.0,0.12,arrived,0.0524025093749958,10.599999999999994
RCBF,0.2,0.15,inward,5,1.0,0.12,arrived,0.04607509329410664,10.399999999999995
SRCBF,0.2,0.15,inward,5,1.0,0.12,arrived,0.055717935225771065,10.399999999999995
RCBF,0.2,0.15,inward,6,1.0,0.12,arrived,0.05168405161420653,10.199999999999996
SRCBF,0.2,0.15,inward,6,1.0,0.12,arrived,0.06231470253658711,10.199999999999996
RCBF,0.2,0.15,inward,7,1.0,0.12,arrived,0.049831439993704096,10.199999999999996
SRCBF,0.2,0.15,inward,7,1.0,0.12,arrived,0.06014850846976727,10.399999999999995
RCBF,0.2,0.15,inward,8,1.0,0.12,arrived,0.05601886263787326,9.999999999999996
SRCBF,0.2,0.15,inward,8,1.0,0.12,arrived,0.06672364324969493,10.199999999999996
RCBF,0.2,0.15,inward,9,1.0,0.12,arrived,0.04474463084054403,10.399999999999995
SRCBF,0.2,0.15,inward,9,1.0,0.12,arrived,0.05414006361168511,10.399999999999995
RCBF,0.2,0.15,inward,10,1.0,0.12,arrived,0.04302573923845299,10.399999999999995
SRCBF,0.2,0.15,inward,10,1.0,0.12,arrived,0.05209634666334195,10.599999999999994
RCBF,0.2,0.15,inward,11,1.0,0.12,arrived,0.05961295404362543,9.999999999999996
SRCBF,0.2,0.15,inward,11,1.0,0.12,arrived,0.07091529216408166,9.999999999999996
RCBF,0.2,0.15,inward,12,1.0,0.12,arrived,0.05739196928131329,9.999999999999996
SRCBF,0.2,0.15,inward,12,1.0,0.12,arrived,0.06832916309195625,10.199999999999996
RCBF,0.2,0.15,inward,13,1.0,0.12,arrived,0.04485507156626767,10.399999999999995
SRCBF,0.2,0.15,inward,13,1.0,0.12,arrived,0.054271187333358784,10.399999999999995
RCBF,0.2,0.15,inward,14,1.0,0.12,arrived,0.04554307678295966,10.399999999999995
SRCBF,0.2,0.15,inward,14,1.0,0.12,arrived,0.05508745900243828,10.399999999999995
RCBF,0.2,0.15,inward,15,1.0,0.12,arrived,0.04840531669533721,10.199999999999996
SRCBF,0.2,0.15,inward,15,1.0,0.12,arrived,0.05847103831156952,10.399999999999995
RCBF,0.2,0.15,inward,16,1.0,0.12,arrived,0.05106907568295538,10.199999999999996
SRCBF,0.2,0.15,inward,16,1.0,0.12,arrived,0.06159924570223574,10.199999999999996
RCBF,0.2,0.15,inward,17,1.0,0.12,arrived,0.04525574448235692,10.399999999999995
SRCBF,0.2,0.15,inward,17,1.0,0.12,arrived,0.05474668316781195,10.399999999999995
RCBF,0.2,0.15,inward,18,1.0,0.12,arrived,0.054678236576895634,9.999999999999996
SRCBF,0.2,0.15,inward,18,1.0,0.12,arrived,0.06520501059743833,10.199999999999996
RCBF,0.2,0.15,inward,19,1.0,0.12,arrived,0.05422173641460959,10.199999999999996
SRCBF,0.2,0.15,inward,19,1.0,0.12,arrived,0.06476406900938059,10.199999999999996
RCBF,0.2,0.45,bias,0,1.0,0.12,arrived,0.09936768955194242,9.2
SRCBF,0.2,0.45,bias,0,1.0,0.12,arrived,0.11241879031575652,9.399999999999999
RCBF,0.2,0.45,bias,1,1.0,0.12,arrived,0.2151308771649365,6.600000000000003
SRCBF,0.2,0.45,bias,1,1.0,0.12,arrived,0.24097430391255203,6.800000000000003
RCBF,0.2,0.45,bias,2,1.0,0.12,arrived,0.11021752419437769,9.399999999999999
SRCBF,0.2,0.45,bias,2,1.0,0.12,arrived,0.1266905733065189,9.599999999999998
RCBF,0.2,0.45,bias,3,1.0,0.12,arrived,0.09705280681774542,8.600000000000001
SRCBF,0.2,0.45,bias,3,1.0,0.12,arrived,0.11093928180088886,8.600000000000001
RCBF,0.2,0.45,bias,4,1.0,0.12,arrived,0.23817341236702094,10.199999999999996
SRCBF,0.2,0.45,bias,4,1.0,0.12,arrived,0.2645659569642973,10.199999999999996
RCBF,0.2,0.45,bias,5,1.0,0.12,arrived,0.3056127556523982,7.600000000000004
SRCBF,0.2,0.45,bias,5,1.0,0.12,arrived,0.33786326970792846,7.800000000000004
RCBF,0.2,0.45,bias,6,1.0,0.12,arrived,0.12768881424611045,9.999999999999996
SRCBF,0.2,0.45,bias,6,1.0,0.12,arrived,0.1442646971792566,9.999999999999996
RCBF,0.2,0.45,bias,7,1.0,0.12,arrived,0.25397484790636704,6.800000000000003
SRCBF,0.2,0.45,bias,7,1.0,0.12,arrived,0.2824438560670708,7.0000000000000036
RCBF,0.2,0.45,bias,8,1.0,0.12,arrived,0.19058028983850417,6.600000000000003
SRCBF,0.2,0.45,bias,8,1.0,0.12,arrived,0.2138841553627775,6.600000000000003
RCBF,0.2,0.45,bias,9,1.0,0.12,arrived,0.10340583807309378,9.599999999999998
SRCBF,0.2,0.45,bias,9,1.0,0.12,arrived,0.11624660592056524,9.799999999999997
RCBF,0.2,0.45,bias,10,1.0,0.12,arrived,0.08252087606991598,8.600000000000001
SRCBF,0.2,0.45,bias,10,1.0,0.12,arrived,0.09502265681697963,8.600000000000001
RCBF,0.2,0.45,bias,11,1.0,0.12,arrived,0.23139406141541907,9.999999999999996
SRCBF,0.2,0.45,bias,11,1.0,0.12,arrived,0.2602778722190211,9.999999999999996
RCBF,0.2,0.45,bias,12,1.0,0.12,arrived,0.22403666287566892,6.600000000000003
SRCBF,0.2,0.45,bias,12,1.0,0.12,arrived,0.25058949969321165,6.800000000000003
RCBF,0.2,0.45,bias,13,1.0,0.12,arrived,0.27842143750484727,7.200000000000004
SRCBF,0.2,0.45,bias,13,1.0,0.12,arrived,0.30807808085078214,7.200000000000004
RCBF,0.2,0.45,bias,14,1.0,0.12,arrived,0.13521151429248113,10.199999999999996
SRCBF,0.2,0.45,bias,14,1.0,0.12,arrived,0.15517131586295319,10.399999999999995
RCBF,0.2,0.45,bias,15,1.0,0.12,arrived,0.30370080806450206,7.600000000000004
SRCBF,0.2,0.45,bias,15,1.0,0.12,arrived,0.33601860367004477,7.600000000000004
RCBF,0.2,0.45,bias,16,1.0,0.12,arrived,0.18028032328516863,10.199999999999996
SRCBF,0.2,0.45,bias,16,1.0,0.12,arrived,0.2021989106092008,10.399999999999995
RCBF,0.2,0.45,bias,17,1.0,0.12,arrived,0.08456055714677335,7.800000000000004
SRCBF,0.2,0.45,bias,17,1.0,0.12,arrived,0.09902913414991699,8.000000000000004
RCBF,0.2,0.45,bias,18,1.0,0.12,arrived,0.33091073705146523,8.600000000000001
SRCBF,0.2,0.45,bias,18,1.0,0.12,arrived,0.3674115882154856,8.600000000000001
RCBF,0.2,0.45,bias,19,1.0,0.12,arrived,0.23659752533555722,6.800000000000003
SRCBF,0.2,0.45,bias,19,1.0,0.12,arrived,0.2640801431345019,6.800000000000003
RCBF,0.2,0.45,inward,0,1.0,0.12,arrived,0.10684808069083251,9.0
SRCBF,0.2,0.45,inward,0,1.0,0.12,arrived,0.12263317722364453,9.0
RCBF,0.2,0.45,inward,1,1.0,0.12,arrived,0.10939105492563117,9.0
SRCBF,0.2,0.45,inward,1,1.0,0.12,arrived,0.12398581087632765,9.0
RCBF,0.2,0.45,inward,2,1.0,0.12,arrived,0.11201648925437102,8.8
SRCBF,0.2,0.45,inward,2,1.0,0.12,arrived,0.1265462115246585,9.0
RCBF,0.2,0.45,inward,3,1.0,0.12,arrived,0.113779882842588,8.8
SRCBF,0.2,0.45,inward,3,1.0,0.12,arrived,0.1312903264535692,9.0
RCBF,0.2,0.45,inward,4,1.0,0.12,arrived,0.10367673280960199,9.0
SRCBF,0.2,0.45,inward,4,1.0,0.12,arrived,0.1191242988184853,9.0
RCBF,0.2,0.45,inward,5,1.0,0.12,arrived,0.10514782532889833,9.0
SRCBF,0.2,0.45,inward,5,1.0,0.12,arrived,0.12074176884327648,9.0
RCBF,0.2,0.45,inward,6,1.0,0.12,arrived,0.10910666138267666,9.0
SRCBF,0.2,0.45,inward,6,1.0,0.12,arrived,0.12370505863640624,9.0
RCBF,0.2,0.45,inward,7,1.0,0.12,arrived,0.10696451449881694,9.0
SRCBF,0.2,0.45,inward,7,1.0,0.12,arrived,0.12276349420627053,9.0
RCBF,0.2,0.45,inward,8,1.0,0.12,arrived,0.11134398114813893,8.8
SRCBF,0.2,0.45,inward,8,1.0,0.12,arrived,0.12589593572987212,9.0
RCBF,0.2,0.45,inward,9,1.0,0.12,arrived,0.10446087517837843,9.0
SRCBF,0.2,0.45,inward,9,1.0,0.12,arrived,0.11998441238482993,9.0
RCBF,0.2,0.45,inward,10,1.0,0.12,arrived,0.10353536704571942,9.0
SRCBF,0.2,0.45,inward,10,1.0,0.12,arrived,0.11896971935653111,9.0
RCBF,0.2,0.45,inward,11,1.0,0.12,arrived,0.11335610482334313,8.8
SRCBF,0.2,0.45,inward,11,1.0,0.12,arrived,0.130105548541406,9.0
RCBF,0.2,0.45,inward,12,1.0,0.12,arrived,0.1121265764878766,8.8
SRCBF,0.2,0.45,inward,12,1.0,0.12,arrived,0.12665227913931543,9.0
RCBF,0.2,0.45,inward,13,1.0,0.12,arrived,0.10451884377522014,9.0
SRCBF,0.2,0.45,inward,13,1.0,0.12,arrived,0.1200481808665943,9.0
RCBF,0.2,0.45,inward,14,1.0,0.12,arrived,0.10487607572921254,9.0
SRCBF,0.2,0.45,inward,14,1.0,0.12,arrived,0.12044172651858498,9.0
RCBF,0.2,0.45,inward,15,1.0,0.12,arrived,0.10629484469138961,9.0
SRCBF,0.2,0.45,inward,15,1.0,0.12,arrived,0.12201482126417174,9.0
RCBF,0.2,0.45,inward,16,1.0,0.12,arrived,0.10845717006031363,9.0
SRCBF,0.2,0.45,inward,16,1.0,0.12,arrived,0.12339619594749385,9.0
RCBF,0.2,0.45,inward,17,1.0,0.12,arrived,0.10472769259884873,9.0
SRCBF,0.2,0.45,inward,17,1.0,0.12,arrived,0.12027813965247713,9.0
RCBF,0.2,0.45,inward,18,1.0,0.12,arrived,0.11058871824628158,9.0
SRCBF,0.2,0.45,inward,18,1.0,0.12,arrived,0.1251609865451604,9.0
RCBF,0.2,0.45,inward,19,1.0,0.12,arrived,0.11036651925903562,9.0
SRCBF,0.2,0.45,inward,19,1.0,0.12,arrived,0.12494384843110473,9.0
RCBF,0.3,0.15,bias,0,1.0,0.12,arrived,0.20176931098619755,11.100000000000005
SRCBF,0.3,0.15,bias,0,1.0,0.12,arrived,0.23997523898843176,11.100000000000005
RCBF,0.3,0.15,bias,1,1.0,0.12,arrived,0.12360571968932998,7.499999999999997
SRCBF,0.3,0.15,bias,1,1.0,0.12,arrived,0.15429831655999426,7.799999999999997
RCBF,0.3,0.15,bias,2,1.0,0.12,arrived,0.2040582361908727,11.700000000000006
SRCBF,0.3,0.15,bias,2,1.0,0.12,arrived,0.24204720791012457,12.000000000000007
RCBF,0.3,0.15,bias,3,1.0,0.12,arrived,0.1613946922000743,11.100000000000005
SRCBF,0.3,0.15,bias,3,1.0,0.12,arrived,0.1935939208874834,11.400000000000006
RCBF,0.3,0.15,bias,4,1.0,0.12,arrived,0.23568815017934197,12.000000000000007
SRCBF,0.3,0.15,bias,4,1.0,0.12,arrived,0.2718875244422141,12.300000000000008
RCBF,0.3,0.15,bias,5,1.0,0.12,arrived,0.2364693196787091,8.399999999999999
SRCBF,0.3,0.15,bias,5,1.0,0.12,arrived,0.27884583752492786,8.7
RCBF,0.3,0.15,bias,6,1.0,0.12,arrived,0.2259355557684941,12.300000000000008
SRCBF,0.3,0.15,bias,6,1.0,0.12,arrived,0.26632708202828126,12.600000000000009
RCBF,0.3,0.15,bias,7,1.0,0.12,arrived,0.17002759841673787,7.799999999999997
SRCBF,0.3,0.15,bias,7,1.0,0.12,arrived,0.20412987520275117,7.799999999999997
RCBF,0.3,0.15,bias,8,1.0,0.12,arrived,0.09719094894745195,7.499999999999997
SRCBF,0.3,0.15,bias,8,1.0,0.12,arrived,0.12251305342130592,7.799999999999997
RCBF,0.3,0.15,bias,9,1.0,0.12,arrived,0.2170738026797554,11.100000000000005
SRCBF,0.3,0.15,bias,9,1.0,0.12,arrived,0.25728247830466655,11.100000000000005
RCBF,0.3,0.15,bias,10,1.0,0.12,arrived,0.1706731408709713,9.900000000000002
SRCBF,0.3,0.15,bias,10,1.0,0.12,arrived,0.20486824484974808,10.200000000000003
RCBF,0.3,0.15,bias,11,1.0,0.12,arrived,0.22520397163577188,11.400000000000006
SRCBF,0.3,0.15,bias,11,1.0,0.12,arrived,0.25979230937917985,11.700000000000006
RCBF,0.3,0.15,bias,12,1.0,0.12,arrived,0.1359421427536831,7.499999999999997
SRCBF,0.3,0.15,bias,12,1.0,0.12,arrived,0.16699399828819583,7.499999999999997
RCBF,0.3,0.15,bias,13,1.0,0.12,arrived,0.19920134432359515,8.099999999999998
SRCBF,0.3,0.15,bias,13,1.0,0.12,arrived,0.2367767809341499,8.099999999999998
RCBF,0.3,0.15,bias,14,1.0,0.12,arrived,0.23572441706271863,12.300000000000008
SRCBF,0.3,0.15,bias,14,1.0,0.12,arrived,0.2772324278888625,12.600000000000009
RCBF,0.3,0.15,bias,15,1.0,0.12,arrived,0.2342548985957844,8.399999999999999
SRCBF,0.3,0.15,bias,15,1.0,0.12,arrived,0.27595229744972727,8.399999999999999
RCBF,0.3,0.15,bias,16,1.0,0.12,arrived,0.18304785938057555,14.700000000000014
SRCBF,0.3,0.15,bias,16,1.0,0.12,arrived,0.20983707649634487,15.300000000000015
RCBF,0.3,0.15,bias,17,1.0,0.12,arrived,0.12398059906969228,9.900000000000002
SRCBF,0.3,0.15,bias,17,1.0,0.12,arrived,0.1522691368899316,9.900000000000002
RCBF,0.3,0.15,bias,18,1.0,0.12,arrived,0.289484245036846,9.3
SRCBF,0.3,0.15,bias,18,1.0,0.12,arrived,0.3380453783541053,9.600000000000001
RCBF,0.3,0.15,bias,19,1.0,0.12,arrived,0.15000396892464518,7.499999999999997
SRCBF,0.3,0.15,bias,19,1.0,0.12,arrived,0.18218741436548513,7.799999999999997
RCBF,0.3,0.15,inward,0,1.0,0.12,arrived,0.04992675931671697,10.200000000000003
SRCBF,0.3,0.15,inward,0,1.0,0.12,arrived,0.06620644200153214,10.200000000000003
RCBF,0.3,0.15,inward,1,1.0,0.12,arrived,0.05258429918471286,10.200000000000003
SRCBF,0.3,0.15,inward,1,1.0,0.12,arrived,0.06964474173721857,10.200000000000003
RCBF,0.3,0.15,inward,2,1.0,0.12,arrived,0.05808094418082721,9.900000000000002
SRCBF,0.3,0.15,inward,2,1.0,0.12,arrived,0.07671177906440174,10.200000000000003
RCBF,0.3,0.15,inward,3,1.0,0.12,arrived,0.06206804251845244,9.900000000000002
SRCBF,0.3,0.15,inward,3,1.0,0.12,arrived,0.08092321711644201,9.900000000000002
RCBF,0.3,0.15,inward,4,1.0,0.12,arrived,0.04317563211778375,10.500000000000004
SRCBF,0.3,0.15,inward,4,1.0,0.12,arrived,0.05814603700703058,10.500000000000004
RCBF,0.3,0.15,inward,5,1.0,0.12,arrived,0.046462064495249256,10.200000000000003
SRCBF,0.3,0.15,inward,5,1.0,0.12,arrived,0.06171636924423107,10.500000000000004
RCBF,0.3,0.15,inward,6,1.0,0.12,arrived,0.05201947814208785,10.200000000000003
SRCBF,0.3,0.15,inward,6,1.0,0.12,arrived,0.06891484063121356,10.200000000000003
RCBF,0.3,0.15,inward,7,1.0,0.12,arrived,0.05017594000698722,10.200000000000003
SRCBF,0.3,0.15,inward,7,1.0,0.12,arrived,0.06652920200419132,10.200000000000003
RCBF,0.3,0.15,inward,8,1.0,0.12,arrived,0.05662352719876196,9.900000000000002
SRCBF,0.3,0.15,inward,8,1.0,0.12,arrived,0.07484529233588355,10.200000000000003
RCBF,0.3,0.15,inward,9,1.0,0.12,arrived,0.045148107901423096,10.200000000000003
SRCBF,0.3,0.15,inward,9,1.0,0.12,arrived,0.06001548362742459,10.500000000000004
RCBF,0.3,0.15,inward,10,1.0,0.12,arrived,0.04282765850913539,10.500000000000004
SRCBF,0.3,0.15,inward,10,1.0,0.12,arrived,0.05781673468872717,10.500000000000004
RCBF,0.3,0.15,inward,11,1.0,0.12,arrived,0.06108783333041001,9.900000000000002
SRCBF,0.3,0.15,inward,11,1.0,0.12,arrived,0.07997729981830703,9.900000000000002
RCBF,0.3,0.15,inward,12,1.0,0.12,arrived,0.05832281782035731,9.900000000000002
SRCBF,0.3,0.15,inward,12,1.0,0.12,arrived,0.07702096550815363,10.200000000000003
RCBF,0.3,0.15,inward,13,1.0,0.12,arrived,0.04525726422663878,10.200000000000003
SRCBF,0.3,0.15,inward,13,1.0,0.12,arrived,0.06015667081289344,10.500000000000004
RCBF,0.3,0.15,inward,14,1.0,0.12,arrived,0.045936859486072845,10.200000000000003
SRCBF,0.3,0.15,inward,14,1.0,0.12,arrived,0.061036186383357616,10.500000000000004
RCBF,0.3,0.15,inward,15,1.0,0.12,arrived,0.04876341159427078,10.200000000000003
SRCBF,0.3,0.15,inward,15,1.0,0.12,arrived,0.06469896583106816,10.200000000000003
RCBF,0.3,0.15,inward,16,1.0,0.12,arrived,0.05140623790760923,10.200000000000003
SRCBF,0.3,0.15,inward,16,1.0,0.12,arrived,0.06812178518281453,10.200000000000003
RCBF,0.3,0.15,inward,17,1.0,0.12,arrived,0.04565311276796635,10.200000000000003
SRCBF,0.3,0.15,inward,17,1.0,0.12,arrived,0.060668871678936975,10.500000000000004
RCBF,0.3,0.15,inward,18,1.0,0.12,arrived,0.05502771604742662,9.900000000000002
SRCBF,0.3,0.15,inward,18,1.0,0.12,arrived,0.07279514369457019,10.200000000000003
RCBF,0.3,0.15,inward,19,1.0,0.12,arrived,0.054566385040323184,9.900000000000002
SRCBF,0.3,0.15,inward,19,1.0,0.12,arrived,0.07220131422784215,10.200000000000003
RCBF,0.3,0.45,bias,0,1.0,0.12,arrived,0.11193578705289087,9.3
SRCBF,0.3,0.45,bias,0,1.0,0.12,arrived,0.1342258961707492,9.3
RCBF,0.3,0.45,bias,1,1.0,0.12,arrived,0.21804496699721687,6.599999999999998
SRCBF,0.3,0.45,bias,1,1.0,0.12,arrived,0.25674820173739876,6.899999999999998
RCBF,0.3,0.45,bias,2,1.0,0.12,arrived,0.12649833580781722,9.3
SRCBF,0.3,0.45,bias,2,1.0,0.12,arrived,0.15048467603698612,9.600000000000001
RCBF,0.3,0.45,bias,3,1.0,0.12,arrived,0.10641167078784541,8.399999999999999
SRCBF,0.3,0.45,bias,3,1.0,0.12,arrived,0.1302242426436524,8.7
RCBF,0.3,0.45,bias,4,1.0,0.12,arrived,0.2545047088140724,9.900000000000002
SRCBF,0.3,0.45,bias,4,1.0,0.12,arrived,0.29722257704379573,10.200000000000003
RCBF,0.3,0.45,bias,5,1.0,0.12,arrived,0.3110383848486675,7.499999999999997
SRCBF,0.3,0.45,bias,5,1.0,0.12,arrived,0.362995819822556,7.799999999999997
RCBF,0.3,0.45,bias,6,1.0,0.12,arrived,0.1461566114078101,9.900000000000002
SRCBF,0.3,0.45,bias,6,1.0,0.12,arrived,0.17115541689048241,10.200000000000003
RCBF,0.3,0.45,bias,7,1.0,0.12,arrived,0.25783121244623675,6.899999999999998
SRCBF,0.3,0.45,bias,7,1.0,0.12,arrived,0.30071844039791484,6.899999999999998
RCBF,0.3,0.45,bias,8,1.0,0.12,arrived,0.1923089016516728,6.599999999999998
SRCBF,0.3,0.45,bias,8,1.0,0.12,arrived,0.22913621748031754,6.599999999999998
RCBF,0.3,0.45,bias,9,1.0,0.12,arrived,0.1174856839124,9.600000000000001
SRCBF,0.3,0.45,bias,9,1.0,0.12,arrived,0.13972229380704804,9.900000000000002
RCBF,0.3,0.45,bias,10,1.0,0.12,arrived,0.08849147024190684,8.7
SRCBF,0.3,0.45,bias,10,1.0,0.12,arrived,0.1091349829527064,8.7
RCBF,0.3,0.45,bias,11,1.0,0.12,arrived,0.24869782974874477,9.900000000000002
SRCBF,0.3,0.45,bias,11,1.0,0.12,arrived,0.2870554523211446,9.900000000000002
RCBF,0.3,0.45,bias,12,1.0,0.12,arrived,0.22784526679517025,6.599999999999998
SRCBF,0.3,0.45,bias,12,1.0,0.12,arrived,0.2671404228256571,6.599999999999998
RCBF,0.3,0.45,bias,13,1.0,0.12,arrived,0.2819550252255698,7.1999999999999975
SRCBF,0.3,0.45,bias,13,1.0,0.12,arrived,0.32863512807556705,7.1999999999999975
RCBF,0.3,0.45,bias,14,1.0,0.12,arrived,0.15294338230178517,10.200000000000003
SRCBF,0.3,0.45,bias,14,1.0,0.12,arrived,0.18292532746532109,10.500000000000004
RCBF,0.3,0.45,bias,15,1.0,0.12,arrived,0.3091412219592238,7.499999999999997
SRCBF,0.3,0.45,bias,15,1.0,0.12,arrived,0.3605235556152686,7.499999999999997
RCBF,0.3,0.45,bias,16,1.0,0.12,arrived,0.198851844734784,10.200000000000003
SRCBF,0.3,0.45,bias,16,1.0,0.12,arrived,0.23426865909014416,10.200000000000003
RCBF,0.3,0.45,bias,17,1.0,0.12,arrived,0.08876382671206817,7.799999999999997
SRCBF,0.3,0.45,bias,17,1.0,0.12,arrived,0.1109423273686273,8.099999999999998
RCBF,0.3,0.45,bias,18,1.0,0.12,arrived,0.34337365957317467,8.399999999999999
SRCBF,0.3,0.45,bias,18,1.0,0.12,arrived,0.39716378243396755,8.7
RCBF,0.3,0.45,bias,19,1.0,0.12,arrived,0.24053519469512818,6.599999999999998
SRCBF,0.3,0.45,bias,19,1.0,0.12,arrived,0.2812001786578764,6.899999999999998
RCBF,0.3,0.45,inward,0,1.0,0.12,arrived,0.11868011660036648,8.7
SRCBF,0.3,0.45,inward,0,1.0,0.12,arrived,0.14460353090460487,9.0
RCBF,0.3,0.45,inward,1,1.0,0.12,arrived,0.1204959729588343,8.7
SRCBF,0.3,0.45,inward,1,1.0,0.12,arrived,0.14663584940968655,9.0
RCBF,0.3,0.45,inward,2,1.0,0.12,arrived,0.12406944486245275,8.7
SRCBF,0.3,0.45,inward,2,1.0,0.12,arrived,0.15058673314409177,9.0
RCBF,0.3,0.45,inward,3,1.0,0.12,arrived,0.12653305936662362,8.7
SRCBF,0.3,0.45,inward,3,1.0,0.12,arrived,0.15327113420805039,8.7
RCBF,0.3,0.45,inward,4,1.0,0.12,arrived,0.11416749301594553,9.0
SRCBF,0.3,0.45,inward,4,1.0,0.12,arrived,0.13948542107028927,9.0
RCBF,0.3,0.45,inward,5,1.0,0.12,arrived,0.11621447076244606,9.0
SRCBF,0.3,0.45,inward,5,1.0,0.12,arrived,0.14181865340085187,9.0
RCBF,0.3,0.45,inward,6,1.0,0.12,arrived,0.12011523897383003,8.7
SRCBF,0.3,0.45,inward,6,1.0,0.12,arrived,0.1462110729640237,9.0
RCBF,0.3,0.45,inward,7,1.0,0.12,arrived,0.1188530725343867,8.7
SRCBF,0.3,0.45,inward,7,1.0,0.12,arrived,0.14479779738294585,9.0
RCBF,0.3,0.45,inward,8,1.0,0.12,arrived,0.12314369434872652,8.7
SRCBF,0.3,0.45,inward,8,1.0,0.12,arrived,0.14956956709608804,9.0
RCBF,0.3,0.45,inward,9,1.0,0.12,arrived,0.11524930382759269,9.0
SRCBF,0.3,0.45,inward,9,1.0,0.12,arrived,0.14072085821643288,9.0
RCBF,0.3,0.45,inward,10,1.0,0.12,arrived,0.11397462897863553,9.0
SRCBF,0.3,0.45,inward,10,1.0,0.12,arrived,0.1392646257436424,9.0
RCBF,0.3,0.45,inward,11,1.0,0.12,arrived,0.1259360828320164,8.7
SRCBF,0.3,0.45,inward,11,1.0,0.12,arrived,0.15262371097219085,8.7
RCBF,0.3,0.45,inward,12,1.0,0.12,arrived,0.12422169585334586,8.7
SRCBF,0.3,0.45,inward,12,1.0,0.12,arrived,0.15075358284621065,9.0
RCBF,0.3,0.45,inward,13,1.0,0.12,arrived,0.11533010661547594,9.0
SRCBF,0.3,0.45,inward,13,1.0,0.12,arrived,0.14081292618314767,9.0
RCBF,0.3,0.45,inward,14,1.0,0.12,arrived,0.11583065229596945,9.0
SRCBF,0.3,0.45,inward,14,1.0,0.12,arrived,0.14138259918790153,9.0
RCBF,0.3,0.45,inward,15,1.0,0.12,arrived,0.11786498225912279,9.0
SRCBF,0.3,0.45,inward,15,1.0,0.12,arrived,0.14368602970504374,9.0
RCBF,0.3,0.45,inward,16,1.0,0.12,arrived,0.11969874315378781,8.7
SRCBF,0.3,0.45,inward,16,1.0,0.12,arrived,0.14574557602093408,9.0
RCBF,0.3,0.45,inward,17,1.0,0.12,arrived,0.11562219446058741,9.0
SRCBF,0.3,0.45,inward,17,1.0,0.12,arrived,0.1411454902568663,9.0
RCBF,0.3,0.45,inward,18,1.0,0.12,arrived,0.12211270929294615,8.7
SRCBF,0.3,0.45,inward,18,1.0,0.12,arrived,0.14843148949245732,9.0
RCBF,0.3,0.45,inward,19,1.0,0.12,arrived,0.12181110137219076,8.7
SRCBF,0.3,0.45,inward,19,1.0,0.12,arrived,0.1480975141323576,9.0
RCBF,0.4,0.15,bias,0,1.0,0.12,arrived,0.19760275425631646,10.800000000000004
SRCBF,0.4,0.15,bias,0,1.0,0.12,arrived,0.24909280170444603,11.200000000000005
RCBF,0.4,0.15,bias,1,1.0,0.12,arrived,0.11780374785599046,7.600000000000002
SRCBF,0.4,0.15,bias,1,1.0,0.12,arrived,0.15958456762185425,8.000000000000002
RCBF,0.4,0.15,bias,2,1.0,0.12,arrived,0.20004394094871936,11.600000000000005
SRCBF,0.4,0.15,bias,2,1.0,0.12,arrived,0.251450541880081,12.000000000000005
RCBF,0.4,0.15,bias,3,1.0,0.12,arrived,0.15639672694005657,11.200000000000005
SRCBF,0.4,0.15,bias,3,1.0,0.12,arrived,0.20047641941428607,11.600000000000005
RCBF,0.4,0.15,bias,4,1.0,0.12,arrived,0.24883458168505412,12.000000000000005
SRCBF,0.4,0.15,bias,4,1.0,0.12,arrived,0.29891277913133685,12.400000000000006
RCBF,0.4,0.15,bias,5,1.0,0.12,arrived,0.2323749493829732,8.400000000000002
SRCBF,0.4,0.15,bias,5,1.0,0.12,arrived,0.2902286322134948,8.800000000000002
RCBF,0.4,0.15,bias,6,1.0,0.12,arrived,0.2228172790437295,12.400000000000006
SRCBF,0.4,0.15,bias,6,1.0,0.12,arrived,0.2775871515155013,12.800000000000006
RCBF,0.4,0.15,bias,7,1.0,0.12,arrived,0.16456192519735924,7.600000000000002
SRCBF,0.4,0.15,bias,7,1.0,0.12,arrived,0.211175193021782,8.000000000000002
RCBF,0.4,0.15,bias,8,1.0,0.12,arrived,0.09160376902289791,7.600000000000002
SRCBF,0.4,0.15,bias,8,1.0,0.12,arrived,0.12650772370851837,8.000000000000002
RCBF,0.4,0.15,bias,9,1.0,0.12,arrived,0.21316852333472114,10.800000000000004
SRCBF,0.4,0.15,bias,9,1.0,0.12,arrived,0.26746191985107615,11.200000000000005
RCBF,0.4,0.15,bias,10,1.0,0.12,arrived,0.1647545660999863,10.000000000000004
SRCBF,0.4,0.15,bias,10,1.0,0.12,arrived,0.21207662631866886,10.400000000000004
RCBF,0.4,0.15,bias,11,1.0,0.12,arrived,0.24057046259047987,11.600000000000005
SRCBF,0.4,0.15,bias,11,1.0,0.12,arrived,0.2891594113667457,12.000000000000005
RCBF,0.4,0.15,bias,12,1.0,0.12,arrived,0.13030804427115272,7.600000000000002
SRCBF,0.4,0.15,bias,12,1.0,0.12,arrived,0.1728050159016723,7.600000000000002
RCBF,0.4,0.15,bias,13,1.0,0.12,arrived,0.194157167209129,8.000000000000002
SRCBF,0.4,0.15,bias,13,1.0,0.12,arrived,0.24532504261320787,8.400000000000002
RCBF,0.4,0.15,bias,14,1.0,0.12,arrived,0.23285358049657323,12.400000000000006
SRCBF,0.4,0.15,bias,14,1.0,0.12,arrived,0.28917433495896394,12.800000000000006
RCBF,0.4,0.15,bias,15,1.0,0.12,arrived,0.23021043933761498,8.400000000000002
SRCBF,0.4,0.15,bias,15,1.0,0.12,arrived,0.28711281480358997,8.400000000000002
RCBF,0.4,0.15,bias,16,1.0,0.12,arrived,0.19650390768944537,14.800000000000008
SRCBF,0.4,0.15,bias,16,1.0,0.12,arrived,0.23836062942414027,15.600000000000009
RCBF,0.4,0.15,bias,17,1.0,0.12,arrived,0.11852356031695721,10.000000000000004
SRCBF,0.4,0.15,bias,17,1.0,0.12,arrived,0.1558726692336161,10.000000000000004
RCBF,0.4,0.15,bias,18,1.0,0.12,arrived,0.2868760146984233,9.200000000000003
SRCBF,0.4,0.15,bias,18,1.0,0.12,arrived,0.3551368848846115,9.600000000000003
RCBF,0.4,0.15,bias,19,1.0,0.12,arrived,0.1443849870755043,7.600000000000002
SRCBF,0.4,0.15,bias,19,1.0,0.12,arrived,0.18843920158317318,7.600000000000002
RCBF,0.4,0.15,inward,0,1.0,0.12,arrived,0.048882189034511914,10.000000000000004
SRCBF,0.4,0.15,inward,0,1.0,0.12,arrived,0.07069865309586087,10.400000000000004
RCBF,0.4,0.15,inward,1,1.0,0.12,arrived,0.05132716336327303,10.000000000000004
SRCBF,0.4,0.15,inward,1,1.0,0.12,arrived,0.07410548938951644,10.000000000000004
RCBF,0.4,0.15,inward,2,1.0,0.12,arrived,0.056322909712625435,10.000000000000004
SRCBF,0.4,0.15,inward,2,1.0,0.12,arrived,0.08113374636708648,10.000000000000004
RCBF,0.4,0.15,inward,3,1.0,0.12,arrived,0.05994110315235701,9.600000000000003
SRCBF,0.4,0.15,inward,3,1.0,0.12,arrived,0.08623697397313812,10.000000000000004
RCBF,0.4,0.15,inward,4,1.0,0.12,arrived,0.040582852056336494,10.400000000000004
SRCBF,0.4,0.15,inward,4,1.0,0.12,arrived,0.062032509068912556,10.400000000000004
RCBF,0.4,0.15,inward,5,1.0,0.12,arrived,0.044233981472912576,10.400000000000004
SRCBF,0.4,0.15,inward,5,1.0,0.12,arrived,0.06623022855477845,10.400000000000004
RCBF,0.4,0.15,inward,6,1.0,0.12,arrived,0.05081011107680222,10.000000000000004
SRCBF,0.4,0.15,inward,6,1.0,0.12,arrived,0.07338232515715104,10.000000000000004
RCBF,0.4,0.15,inward,7,1.0,0.12,arrived,0.04911295027193696,10.000000000000004
SRCBF,0.4,0.15,inward,7,1.0,0.12,arrived,0.07101863760204996,10.400000000000004
RCBF,0.4,0.15,inward,8,1.0,0.12,arrived,0.055001735229432525,10.000000000000004
SRCBF,0.4,0.15,inward,8,1.0,0.12,arrived,0.0792705752789804,10.000000000000004
RCBF,0.4,0.15,inward,9,1.0,0.12,arrived,0.042486074433620846,10.400000000000004
SRCBF,0.4,0.15,inward,9,1.0,0.12,arrived,0.06452224587962962,10.400000000000004
RCBF,0.4,0.15,inward,10,1.0,0.12,arrived,0.040249785340015665,10.400000000000004
SRCBF,0.4,0.15,inward,10,1.0,0.12,arrived,0.061546976479601945,10.400000000000004
RCBF,0.4,0.15,inward,11,1.0,0.12,arrived,0.05905025060388702,9.600000000000003
SRCBF,0.4,0.15,inward,11,1.0,0.12,arrived,0.08498117132506078,10.000000000000004
RCBF,0.4,0.15,inward,12,1.0,0.12,arrived,0.05654214170482941,10.000000000000004
SRCBF,0.4,0.15,inward,12,1.0,0.12,arrived,0.08144302805631465,10.000000000000004
RCBF,0.4,0.15,inward,13,1.0,0.12,arrived,0.04263060899222049,10.400000000000004
SRCBF,0.4,0.15,inward,13,1.0,0.12,arrived,0.06466450877454621,10.400000000000004
RCBF,0.4,0.15,inward,14,1.0,0.12,arrived,0.04353328594633532,10.400000000000004
SRCBF,0.4,0.15,inward,14,1.0,0.12,arrived,0.06554865215970673,10.400000000000004
RCBF,0.4,0.15,inward,15,1.0,0.12,arrived,0.047330300934733005,10.000000000000004
SRCBF,0.4,0.15,inward,15,1.0,0.12,arrived,0.06920269921625166,10.400000000000004
RCBF,0.4,0.15,inward,16,1.0,0.12,arrived,0.05024733184755681,10.000000000000004
SRCBF,0.4,0.15,inward,16,1.0,0.12,arrived,0.07259669153569526,10.400000000000004
RCBF,0.4,0.15,inward,17,1.0,0.12,arrived,0.04315582341045088,10.400000000000004
SRCBF,0.4,0.15,inward,17,1.0,0.12,arrived,0.0651798205688866,10.400000000000004
RCBF,0.4,0.15,inward,18,1.0,0.12,arrived,0.05355342883325831,10.000000000000004
SRCBF,0.4,0.15,inward,18,1.0,0.12,arrived,0.07723071034200735,10.000000000000004
RCBF,0.4,0.15,inward,19,1.0,0.12,arrived,0.05313410831434351,10.000000000000004
SRCBF,0.4,0.15,inward,19,1.0,0.12,arrived,0.0766409171638548,10.000000000000004
RCBF,0.4,0.45,bias,0,1.0,0.12,arrived,0.11697165379640773,9.200000000000003
SRCBF,0.4,0.45,bias,0,1.0,0.12,arrived,0.14900732701225428,9.600000000000003
RCBF,0.4,0.45,bias,1,1.0,0.12,arrived,0.21466991846158345,6.800000000000002
SRCBF,0.4,0.45,bias,1,1.0,0.12,arrived,0.2711221982315528,6.800000000000002
RCBF,0.4,0.45,bias,2,1.0,0.12,arrived,0.1345660516131798,9.200000000000003
SRCBF,0.4,0.45,bias,2,1.0,0.12,arrived,0.16946536290259306,9.600000000000003
RCBF,0.4,0.45,bias,3,1.0,0.12,arrived,0.11015619579686808,8.400000000000002
SRCBF,0.4,0.45,bias,3,1.0,0.12,arrived,0.14414995312505707,8.800000000000002
RCBF,0.4,0.45,bias,4,1.0,0.12,arrived,0.2690674577667067,10.000000000000004
SRCBF,0.4,0.45,bias,4,1.0,0.12,arrived,0.32731640944404194,10.000000000000004
RCBF,0.4,0.45,bias,5,1.0,0.12,arrived,0.31149218517522814,7.600000000000002
SRCBF,0.4,0.45,bias,5,1.0,0.12,arrived,0.38384409294612465,7.600000000000002
RCBF,0.4,0.45,bias,6,1.0,0.12,arrived,0.15840603691492572,10.000000000000004
SRCBF,0.4,0.45,bias,6,1.0,0.12,arrived,0.19593747495091662,10.000000000000004
RCBF,0.4,0.45,bias,7,1.0,0.12,arrived,0.25520562041647743,6.800000000000002
SRCBF,0.4,0.45,bias,7,1.0,0.12,arrived,0.31718021046096245,7.200000000000002
RCBF,0.4,0.45,bias,8,1.0,0.12,arrived,0.18936797346393475,6.800000000000002
SRCBF,0.4,0.45,bias,8,1.0,0.12,arrived,0.24326673106189678,6.800000000000002
RCBF,0.4,0.45,bias,9,1.0,0.12,arrived,0.12398161423996601,9.600000000000003
SRCBF,0.4,0.45,bias,9,1.0,0.12,arrived,0.15645218613247025,10.000000000000004
RCBF,0.4,0.45,bias,10,1.0,0.12,arrived,0.09056702119041116,8.400000000000002
SRCBF,0.4,0.45,bias,10,1.0,0.12,arrived,0.1195304758427469,8.800000000000002
RCBF,0.4,0.45,bias,11,1.0,0.12,arrived,0.2635237720514525,9.600000000000003
SRCBF,0.4,0.45,bias,11,1.0,0.12,arrived,0.3166140981852992,10.000000000000004
RCBF,0.4,0.45,bias,12,1.0,0.12,arrived,0.224698207369584,6.800000000000002
SRCBF,0.4,0.45,bias,12,1.0,0.12,arrived,0.2822310731477906,6.800000000000002
RCBF,0.4,0.45,bias,13,1.0,0.12,arrived,0.28041899978801177,7.200000000000002
SRCBF,0.4,0.45,bias,13,1.0,0.12,arrived,0.34711845629852833,7.200000000000002
RCBF,0.4,0.45,bias,14,1.0,0.12,arrived,0.16821625470950974,10.000000000000004
SRCBF,0.4,0.45,bias,14,1.0,0.12,arrived,0.20617805042380732,10.400000000000004
RCBF,0.4,0.45,bias,15,1.0,0.12,arrived,0.3094654881771086,7.600000000000002
SRCBF,0.4,0.45,bias,15,1.0,0.12,arrived,0.3821017652708285,7.600000000000002
RCBF,0.4,0.45,bias,16,1.0,0.12,arrived,0.21449478933422128,10.000000000000004
SRCBF,0.4,0.45,bias,16,1.0,0.12,arrived,0.259986276089029,10.400000000000004
RCBF,0.4,0.45,bias,17,1.0,0.12,arrived,0.08808162418867549,8.000000000000002
SRCBF,0.4,0.45,bias,17,1.0,0.12,arrived,0.1199203347888459,8.000000000000002
RCBF,0.4,0.45,bias,18,1.0,0.12,arrived,0.3493978150226724,8.400000000000002
SRCBF,0.4,0.45,bias,18,1.0,0.12,arrived,0.425812159298508,8.400000000000002
RCBF,0.4,0.45,bias,19,1.0,0.12,arrived,0.23748389021466743,6.800000000000002
SRCBF,0.4,0.45,bias,19,1.0,0.12,arrived,0.29670703373731677,6.800000000000002
RCBF,0.4,0.45,inward,0,1.0,0.12,arrived,0.12117729958872092,8.800000000000002
SRCBF,0.4,0.45,inward,0,1.0,0.12,arrived,0.16146563135411185,8.800000000000002
RCBF,0.4,0.45,inward,1,1.0,0.12,arrived,0.12330955403871591,8.800000000000002
SRCBF,0.4,0.45,inward,1,1.0,0.12,arrived,0.16409408333778575,8.800000000000002
RCBF,0.4,0.45,inward,2,1.0,0.12,arrived,0.12752418117261455,8.800000000000002
SRCBF,0.4,0.45,inward,2,1.0,0.12,arrived,0.16869873634984367,8.800000000000002
RCBF,0.4,0.45,inward,3,1.0,0.12,arrived,0.13044419545745745,8.800000000000002
SRCBF,0.4,0.45,inward,3,1.0,0.12,arrived,0.17188404798233714,8.800000000000002
RCBF,0.4,0.45,inward,4,1.0,0.12,arrived,0.11590556329456858,8.800000000000002
SRCBF,0.4,0.45,inward,4,1.0,0.12,arrived,0.15487046336524546,8.800000000000002
RCBF,0.4,0.45,inward,5,1.0,0.12,arrived,0.11829210357565056,8.800000000000002
SRCBF,0.4,0.45,inward,5,1.0,0.12,arrived,0.15787293473972985,8.800000000000002
RCBF,0.4,0.45,inward,6,1.0,0.12,arrived,0.12286195704450575,8.800000000000002
SRCBF,0.4,0.45,inward,6,1.0,0.12,arrived,0.16354422758502796,8.800000000000002
RCBF,0.4,0.45,inward,7,1.0,0.12,arrived,0.12138011991586706,8.800000000000002
SRCBF,0.4,0.45,inward,7,1.0,0.12,arrived,0.16171663340198028,8.800000000000002
RCBF,0.4,0.45,inward,8,1.0,0.12,arrived,0.12642996760265213,8.800000000000002
SRCBF,0.4,0.45,inward,8,1.0,0.12,arrived,0.16750940383991786,8.800000000000002
RCBF,0.4,0.45,inward,9,1.0,0.12,arrived,0.11716584531982188,8.800000000000002
SRCBF,0.4,0.45,inward,9,1.0,0.12,arrived,0.15645942708342664,8.800000000000002
RCBF,0.4,0.45,inward,10,1.0,0.12,arrived,0.11568111282973892,8.800000000000002
SRCBF,0.4,0.45,inward,10,1.0,0.12,arrived,0.1545866800704193,8.800000000000002
RCBF,0.4,0.45,inward,11,1.0,0.12,arrived,0.12973554498627615,8.800000000000002
SRCBF,0.4,0.45,inward,11,1.0,0.12,arrived,0.17110940522577456,8.800000000000002
RCBF,0.4,0.45,inward,12,1.0,0.12,arrived,0.12770429668576178,8.800000000000002
SRCBF,0.4,0.45,inward,12,1.0,0.12,arrived,0.16889472439281839,8.800000000000002
RCBF,0.4,0.45,inward,13,1.0,0.12,arrived,0.11726006701505665,8.800000000000002
SRCBF,0.4,0.45,inward,13,1.0,0.12,arrived,0.15657791523749032,8.800000000000002
RCBF,0.4,0.45,inward,14,1.0,0.12,arrived,0.11784401295886926,8.800000000000002
SRCBF,0.4,0.45,inward,14,1.0,0.12,arrived,0.15731129688037626,8.800000000000002
RCBF,0.4,0.45,inward,15,1.0,0.12,arrived,0.1202221837963835,8.800000000000002
SRCBF,0.4,0.45,inward,15,1.0,0.12,arrived,0.1602808621144679,8.800000000000002
RCBF,0.4,0.45,inward,16,1.0,0.12,arrived,0.12237263614201188,8.800000000000002
SRCBF,0.4,0.45,inward,16,1.0,0.12,arrived,0.16294195609069373,8.800000000000002
RCBF,0.4,0.45,inward,17,1.0,0.12,arrived,0.11760076464485758,8.800000000000002
SRCBF,0.4,0.45,inward,17,1.0,0.12,arrived,0.15700600034158774,8.800000000000002
RCBF,0.4,0.45,inward,18,1.0,0.12,arrived,0.12521331760701626,8.800000000000002
SRCBF,0.4,0.45,inward,18,1.0,0.12,arrived,0.16618952410816068,8.800000000000002
RCBF,0.4,0.45,inward,19,1.0,0.12,arrived,0.12485778212369292,8.800000000000002
SRCBF,0.4,0.45,inward,19,1.0,0.12,arrived,0.16580430337829355,8.800000000000002
RCBF,0.5,0.15,bias,0,1.0,0.12,arrived,0.19237789936198457,11.0
SRCBF,0.5,0.15,bias,0,1.0,0.12,arrived,0.2580324575905779,11.5
RCBF,0.5,0.15,bias,1,1.0,0.12,arrived,0.10920434396288103,7.5
SRCBF,0.5,0.15,bias,1,1.0,0.12,arrived,0.16403399878053648,8.0
RCBF,0.5,0.15,bias,2,1.0,0.12,arrived,0.19585403732852025,11.5
SRCBF,0.5,0.15,bias,2,1.0,0.12,arrived,0.26118078084091034,12.0
RCBF,0.5,0.15,bias,3,1.0,0.12,arrived,0.15172437270113392,11.0
SRCBF,0.5,0.15,bias,3,1.0,0.12,arrived,0.20776234378465008,11.5
RCBF,0.5,0.15,bias,4,1.0,0.12,arrived,0.25385789669119063,12.0
SRCBF,0.5,0.15,bias,4,1.0,0.12,arrived,0.32524059288012763,12.5
RCBF,0.5,0.15,bias,5,1.0,0.12,arrived,0.224284374918162,8.5
SRCBF,0.5,0.15,bias,5,1.0,0.12,arrived,0.30346846561069074,8.5
RCBF,0.5,0.15,bias,6,1.0,0.12,arrived,0.21961752500953424,12.5
SRCBF,0.5,0.15,bias,6,1.0,0.12,arrived,0.2887754635754676,12.5
RCBF,0.5,0.15,bias,7,1.0,0.12,arrived,0.15414463138215706,7.5
SRCBF,0.5,0.15,bias,7,1.0,0.12,arrived,0.22067751052863227,8.0
RCBF,0.5,0.15,bias,8,1.0,0.12,arrived,0.08458694583868742,7.5
SRCBF,0.5,0.15,bias,8,1.0,0.12,arrived,0.12945527766384868,8.0
RCBF,0.5,0.15,bias,9,1.0,0.12,arrived,0.2081911399153098,11.0
SRCBF,0.5,0.15,bias,9,1.0,0.12,arrived,0.2773212466158663,11.5
RCBF,0.5,0.15,bias,10,1.0,0.12,arrived,0.15811917253806673,10.0
SRCBF,0.5,0.15,bias,10,1.0,0.12,arrived,0.2192331862054928,10.5
RCBF,0.5,0.15,bias,11,1.0,0.12,arrived,0.2518393292428587,11.5
SRCBF,0.5,0.15,bias,11,1.0,0.12,arrived,0.3208587685750297,12.0
RCBF,0.5,0.15,bias,12,1.0,0.12,arrived,0.1208057383558192,7.5
SRCBF,0.5,0.15,bias,12,1.0,0.12,arrived,0.1811023590011661,8.0
RCBF,0.5,0.15,bias,13,1.0,0.12,arrived,0.18438126032827173,8.0
SRCBF,0.5,0.15,bias,13,1.0,0.12,arrived,0.2563107318638471,8.5
RCBF,0.5,0.15,bias,14,1.0,0.12,arrived,0.2301905563296709,12.5
SRCBF,0.5,0.15,bias,14,1.0,0.12,arrived,0.30145035798458086,13.0
RCBF,0.5,0.15,bias,15,1.0,0.12,arrived,0.22173530538281727,8.5
SRCBF,0.5,0.15,bias,15,1.0,0.12,arrived,0.30002097334782163,8.5
RCBF,0.5,0.15,bias,16,1.0,0.12,arrived,0.2079085340443818,15.0
SRCBF,0.5,0.15,bias,16,1.0,0.12,arrived,0.2623114077059656,16.0
RCBF,0.5,0.15,bias,17,1.0,0.12,arrived,0.11174170686931961,10.0
SRCBF,0.5,0.15,bias,17,1.0,0.12,arrived,0.1604095945937376,10.0
RCBF,0.5,0.15,bias,18,1.0,0.12,arrived,0.28396092861967737,9.0
SRCBF,0.5,0.15,bias,18,1.0,0.12,arrived,0.3703732315256958,9.5
RCBF,0.5,0.15,bias,19,1.0,0.12,arrived,0.13436091013332874,7.5
SRCBF,0.5,0.15,bias,19,1.0,0.12,arrived,0.19732808521726908,8.0
RCBF,0.5,0.15,inward,0,1.0,0.12,arrived,0.04407300950458082,10.0
SRCBF,0.5,0.15,inward,0,1.0,0.12,arrived,0.0737501580459663,10.0
RCBF,0.5,0.15,inward,1,1.0,0.12,arrived,0.04657403453065667,10.0
SRCBF,0.5,0.15,inward,1,1.0,0.12,arrived,0.07757336358656741,10.0
RCBF,0.5,0.15,inward,2,1.0,0.12,arrived,0.05175148563813481,9.5
SRCBF,0.5,0.15,inward,2,1.0,0.12,arrived,0.0855010269099179,10.0
RCBF,0.5,0.15,inward,3,1.0,0.12,arrived,0.05554636126539114,9.5
SRCBF,0.5,0.15,inward,3,1.0,0.12,arrived,0.09128735201702265,10.0
RCBF,0.5,0.15,inward,4,1.0,0.12,arrived,0.0381063135665346,10.0
SRCBF,0.5,0.15,inward,4,1.0,0.12,arrived,0.06475899731062962,10.5
RCBF,0.5,0.15,inward,5,1.0,0.12,arrived,0.040783471608821564,10.0
SRCBF,0.5,0.15,inward,5,1.0,0.12,arrived,0.06875902134707501,10.5
RCBF,0.5,0.15,inward,6,1.0,0.12,arrived,0.04604309335921963,10.0
SRCBF,0.5,0.15,inward,6,1.0,0.12,arrived,0.07676065546406674,10.0
RCBF,0.5,0.15,inward,7,1.0,0.12,arrived,0.04430797239263484,10.0
SRCBF,0.5,0.15,inward,7,1.0,0.12,arrived,0.07410863965750991,10.0
RCBF,0.5,0.15,inward,8,1.0,0.12,arrived,0.05037459988366222,10.0
SRCBF,0.5,0.15,inward,8,1.0,0.12,arrived,0.08339454274201918,10.0
RCBF,0.5,0.15,inward,9,1.0,0.12,arrived,0.03951823559374035,10.0
SRCBF,0.5,0.15,inward,9,1.0,0.12,arrived,0.06685945362141099,10.5
RCBF,0.5,0.15,inward,10,1.0,0.12,arrived,0.037759458104664634,10.0
SRCBF,0.5,0.15,inward,10,1.0,0.12,arrived,0.06438715284202257,10.5
RCBF,0.5,0.15,inward,11,1.0,0.12,arrived,0.05460892989787103,9.5
SRCBF,0.5,0.15,inward,11,1.0,0.12,arrived,0.08986124849949617,10.0
RCBF,0.5,0.15,inward,12,1.0,0.12,arrived,0.05198044320406059,9.5
SRCBF,0.5,0.15,inward,12,1.0,0.12,arrived,0.08585102081706864,10.0
RCBF,0.5,0.15,inward,13,1.0,0.12,arrived,0.03962387219714458,10.0
SRCBF,0.5,0.15,inward,13,1.0,0.12,arrived,0.06701748060686152,10.5
RCBF,0.5,0.15,inward,14,1.0,0.12,arrived,0.040279320045104816,10.0
SRCBF,0.5,0.15,inward,14,1.0,0.12,arrived,0.06800039472926056,10.5
RCBF,0.5,0.15,inward,15,1.0,0.12,arrived,0.04297386066114561,10.0
SRCBF,0.5,0.15,inward,15,1.0,0.12,arrived,0.07207602544681957,10.5
RCBF,0.5,0.15,inward,16,1.0,0.12,arrived,0.04546639601385749,10.0
SRCBF,0.5,0.15,inward,16,1.0,0.12,arrived,0.075878435171427,10.0
RCBF,0.5,0.15,inward,17,1.0,0.12,arrived,0.04000610629177548,10.0
SRCBF,0.5,0.15,inward,17,1.0,0.12,arrived,0.06759019446289938,10.5
RCBF,0.5,0.15,inward,18,1.0,0.12,arrived,0.04887126025586774,10.0
SRCBF,0.5,0.15,inward,18,1.0,0.12,arrived,0.08109222637792568,10.0
RCBF,0.5,0.15,inward,19,1.0,0.12,arrived,0.04843726112273927,10.0
SRCBF,0.5,0.15,inward,19,1.0,0.12,arrived,0.080427343200979,10.0
RCBF,0.5,0.45,bias,0,1.0,0.12,arrived,0.12096898727808736,9.0
SRCBF,0.5,0.45,bias,0,1.0,0.12,arrived,0.16295561470632058,9.5
RCBF,0.5,0.45,bias,1,1.0,0.12,arrived,0.21072489847791798,6.5
SRCBF,0.5,0.45,bias,1,1.0,0.12,arrived,0.2834785827786739,7.0
RCBF,0.5,0.45,bias,2,1.0,0.12,arrived,0.13980781925639407,9.5
SRCBF,0.5,0.45,bias,2,1.0,0.12,arrived,0.18618293777923656,9.5
RCBF,0.5,0.45,bias,3,1.0,0.12,arrived,0.11224965111553831,8.5
SRCBF,0.5,0.45,bias,3,1.0,0.12,arrived,0.1566844753146348,8.5
RCBF,0.5,0.45,bias,4,1.0,0.12,arrived,0.2799163582806561,10.0
SRCBF,0.5,0.45,bias,4,1.0,0.12,arrived,0.35261991489635447,10.0
RCBF,0.5,0.45,bias,5,1.0,0.12,arrived,0.31394089349558674,7.5
SRCBF,0.5,0.45,bias,5,1.0,0.12,arrived,0.39952801029017393,7.5
RCBF,0.5,0.45,bias,6,1.0,0.12,arrived,0.1649793582960023,10.0
SRCBF,0.5,0.45,bias,6,1.0,0.12,arrived,0.21511593397048023,10.0
RCBF,0.5,0.45,bias,7,1.0,0.12,arrived,0.25195945189463087,7.0
SRCBF,0.5,0.45,bias,7,1.0,0.12,arrived,0.33272490143818145,7.0
RCBF,0.5,0.45,bias,8,1.0,0.12,arrived,0.18650075517602627,6.5
SRCBF,0.5,0.45,bias,8,1.0,0.12,arrived,0.2522986354547503,7.0
RCBF,0.5,0.45,bias,9,1.0,0.12,arrived,0.12702684453776525,9.5
SRCBF,0.5,0.45,bias,9,1.0,0.12,arrived,0.1693160611352459,10.0
RCBF,0.5,0.45,bias,10,1.0,0.12,arrived,0.09010179257970385,8.5
SRCBF,0.5,0.45,bias,10,1.0,0.12,arrived,0.1291716107762032,9.0
RCBF,0.5,0.45,bias,11,1.0,0.12,arrived,0.27281266521450154,9.5
SRCBF,0.5,0.45,bias,11,1.0,0.12,arrived,0.351133781806114,10.0
RCBF,0.5,0.45,bias,12,1.0,0.12,arrived,0.2210014978885957,6.5
SRCBF,0.5,0.45,bias,12,1.0,0.12,arrived,0.29608370143905005,7.0
RCBF,0.5,0.45,bias,13,1.0,0.12,arrived,0.2790644878536217,7.0
SRCBF,0.5,0.45,bias,13,1.0,0.12,arrived,0.3626319218335452,7.5
RCBF,0.5,0.45,bias,14,1.0,0.12,arrived,0.1765699967189761,10.0
SRCBF,0.5,0.45,bias,14,1.0,0.12,arrived,0.2279627397653956,10.5
RCBF,0.5,0.45,bias,15,1.0,0.12,arrived,0.31155998071325985,7.5
SRCBF,0.5,0.45,bias,15,1.0,0.12,arrived,0.39730896973184127,7.5
RCBF,0.5,0.45,bias,16,1.0,0.12,arrived,0.22489921101796528,10.0
SRCBF,0.5,0.45,bias,16,1.0,0.12,arrived,0.28834250911387893,10.5
RCBF,0.5,0.45,bias,17,1.0,0.12,arrived,0.08529877713491263,8.0
SRCBF,0.5,0.45,bias,17,1.0,0.12,arrived,0.1276389114098454,8.0
RCBF,0.5,0.45,bias,18,1.0,0.12,arrived,0.3510648451449325,8.5
SRCBF,0.5,0.45,bias,18,1.0,0.12,arrived,0.44958965080793933,8.5
RCBF,0.5,0.45,bias,19,1.0,0.12,arrived,0.23371443611287512,6.5
SRCBF,0.5,0.45,bias,19,1.0,0.12,arrived,0.31150893951409997,7.0
RCBF,0.5,0.45,inward,0,1.0,0.12,arrived,0.11887416819039953,8.5
SRCBF,0.5,0.45,inward,0,1.0,0.12,arrived,0.17342056541650397,9.0
RCBF,0.5,0.45,inward,1,1.0,0.12,arrived,0.12119458002184758,8.5
SRCBF,0.5,0.45,inward,1,1.0,0.12,arrived,0.17642280229991536,8.5
RCBF,0.5,0.45,inward,2,1.0,0.12,arrived,0.1258126339749761,8.5
SRCBF,0.5,0.45,inward,2,1.0,0.12,arrived,0.18233364381592299,8.5
RCBF,0.5,0.45,inward,3,1.0,0.12,arrived,0.1290379238239927,8.5
SRCBF,0.5,0.45,inward,3,1.0,0.12,arrived,0.18640962254528237,8.5
RCBF,0.5,0.45,inward,4,1.0,0.12,arrived,0.11318051201626189,8.5
SRCBF,0.5,0.45,inward,4,1.0,0.12,arrived,0.1659662287707121,9.0
RCBF,0.5,0.45,inward,5,1.0,0.12,arrived,0.11575062296947869,8.5
SRCBF,0.5,0.45,inward,5,1.0,0.12,arrived,0.16934623337345378,9.0
RCBF,0.5,0.45,inward,6,1.0,0.12,arrived,0.1207066187422331,8.5
SRCBF,0.5,0.45,inward,6,1.0,0.12,arrived,0.1757932220564411,8.5
RCBF,0.5,0.45,inward,7,1.0,0.12,arrived,0.11909443968858624,8.5
SRCBF,0.5,0.45,inward,7,1.0,0.12,arrived,0.17370646816447988,9.0
RCBF,0.5,0.45,inward,8,1.0,0.12,arrived,0.12460954743219887,8.5
SRCBF,0.5,0.45,inward,8,1.0,0.12,arrived,0.18080213420611657,8.5
RCBF,0.5,0.45,inward,9,1.0,0.12,arrived,0.11453623377916033,8.5
SRCBF,0.5,0.45,inward,9,1.0,0.12,arrived,0.1677522158222554,9.0
RCBF,0.5,0.45,inward,10,1.0,0.12,arrived,0.11293941145206765,8.5
SRCBF,0.5,0.45,inward,10,1.0,0.12,arrived,0.16564790514477135,9.0
RCBF,0.5,0.45,inward,11,1.0,0.12,arrived,0.12825318160398114,8.5
SRCBF,0.5,0.45,inward,11,1.0,0.12,arrived,0.1854219315169202,8.5
RCBF,0.5,0.45,inward,12,1.0,0.12,arrived,0.12601095516020588,8.5
SRCBF,0.5,0.45,inward,12,1.0,0.12,arrived,0.18258552921182525,8.5
RCBF,0.5,0.45,inward,13,1.0,0.12,arrived,0.11463772491115165,8.5
SRCBF,0.5,0.45,inward,13,1.0,0.12,arrived,0.16788564442831622,9.0
RCBF,0.5,0.45,inward,14,1.0,0.12,arrived,0.1152671442827431,8.5
SRCBF,0.5,0.45,inward,14,1.0,0.12,arrived,0.1687122753206357,9.0
RCBF,0.5,0.45,inward,15,1.0,0.12,arrived,0.11783811320225235,8.5
SRCBF,0.5,0.45,inward,15,1.0,0.12,arrived,0.17207328740069827,9.0
RCBF,0.5,0.45,inward,16,1.0,0.12,arrived,0.12017370118636228,8.5
SRCBF,0.5,0.45,inward,16,1.0,0.12,arrived,0.17510456116440243,9.0
RCBF,0.5,0.45,inward,17,1.0,0.12,arrived,0.11500486535975696,8.5
SRCBF,0.5,0.45,inward,17,1.0,0.12,arrived,0.1683679978352962,9.0
RCBF,0.5,0.45,inward,18,1.0,0.12,arrived,0.12327528030354307,8.5
SRCBF,0.5,0.45,inward,18,1.0,0.12,arrived,0.17909669342650836,8.5
RCBF,0.5,0.45,inward,19,1.0,0.12,arrived,0.12288604818142035,8.5
SRCBF,0.5,0.45,inward,19,1.0,0.12,arrived,0.1785978190318095,8.5
RCBF,0.6,0.15,bias,0,1.0,0.12,arrived,0.1857154173965142,10.799999999999997
SRCBF,0.6,0.15,bias,0,1.0,0.12,arrived,0.26709229590629047,11.399999999999997
RCBF,0.6,0.15,bias,1,1.0,0.12,arrived,0.10132435517027494,7.799999999999998
SRCBF,0.6,0.15,bias,1,1.0,0.12,arrived,0.169066606726185,7.799999999999998
RCBF,0.6,0.15,bias,2,1.0,0.12,arrived,0.19117841772835253,11.399999999999997
SRCBF,0.6,0.15,bias,2,1.0,0.12,arrived,0.2707891736799417,11.999999999999996
RCBF,0.6,0.15,bias,3,1.0,0.12,arrived,0.14610575467539,10.799999999999997
SRCBF,0.6,0.15,bias,3,1.0,0.12,arrived,0.21357227705180803,11.399999999999997
RCBF,0.6,0.15,bias,4,1.0,0.12,arrived,0.25407284758575344,11.999999999999996
SRCBF,0.6,0.15,bias,4,1.0,0.12,arrived,0.34223287852614304,12.599999999999996
RCBF,0.6,0.15,bias,5,1.0,0.12,arrived,0.21742389880693458,8.399999999999999
SRCBF,0.6,0.15,bias,5,1.0,0.12,arrived,0.31154813792383784,8.999999999999998
RCBF,0.6,0.15,bias,6,1.0,0.12,arrived,0.2158231596807858,11.999999999999996
SRCBF,0.6,0.15,bias,6,1.0,0.12,arrived,0.3004127992881265,12.599999999999996
RCBF,0.6,0.15,bias,7,1.0,0.12,arrived,0.1473519950347737,7.799999999999998
SRCBF,0.6,0.15,bias,7,1.0,0.12,arrived,0.22430577397568197,7.799999999999998
RCBF,0.6,0.15,bias,8,1.0,0.12,arrived,0.07655578153815468,7.799999999999998
SRCBF,0.6,0.15,bias,8,1.0,0.12,arrived,0.1321527168154304,7.799999999999998
RCBF,0.6,0.15,bias,9,1.0,0.12,arrived,0.20158479356808368,10.799999999999997
SRCBF,0.6,0.15,bias,9,1.0,0.12,arrived,0.2875187180323102,11.399999999999997
RCBF,0.6,0.15,bias,10,1.0,0.12,arrived,0.15295460137822015,10.199999999999998
SRCBF,0.6,0.15,bias,10,1.0,0.12,arrived,0.22546064348203787,10.199999999999998
RCBF,0.6,0.15,bias,11,1.0,0.12,arrived,0.25347124078805794,11.399999999999997
SRCBF,0.6,0.15,bias,11,1.0,0.12,arrived,0.34039657501371035,11.999999999999996
RCBF,0.6,0.15,bias,12,1.0,0.12,arrived,0.11336409542695491,7.799999999999998
SRCBF,0.6,0.15,bias,12,1.0,0.12,arrived,0.18336994678235863,7.799999999999998
RCBF,0.6,0.15,bias,13,1.0,0.12,arrived,0.17758246157164348,7.799999999999998
SRCBF,0.6,0.15,bias,13,1.0,0.12,arrived,0.26172426640889856,8.399999999999999
RCBF,0.6,0.15,bias,14,1.0,0.12,arrived,0.2263348890755541,11.999999999999996
SRCBF,0.6,0.15,bias,14,1.0,0.12,arrived,0.3134302704068519,12.599999999999996
RCBF,0.6,0.15,bias,15,1.0,0.12,arrived,0.2151264664458794,8.399999999999999
SRCBF,0.6,0.15,bias,15,1.0,0.12,arrived,0.3079247038698236,8.399999999999999
RCBF,0.6,0.15,bias,16,1.0,0.12,arrived,0.21230123228720554,14.999999999999995
SRCBF,0.6,0.15,bias,16,1.0,0.12,arrived,0.2807691332525575,16.199999999999996
RCBF,0.6,0.15,bias,17,1.0,0.12,arrived,0.10568330276073856,9.599999999999998
SRCBF,0.6,0.15,bias,17,1.0,0.12,arrived,0.16552883595788181,10.199999999999998
RCBF,0.6,0.15,bias,18,1.0,0.12,arrived,0.275659153385589,8.999999999999998
SRCBF,0.6,0.15,bias,18,1.0,0.12,arrived,0.38751901631425256,9.599999999999998
RCBF,0.6,0.15,bias,19,1.0,0.12,arrived,0.1271809973590211,7.799999999999998
SRCBF,0.6,0.15,bias,19,1.0,0.12,arrived,0.19991863093619366,7.799999999999998
RCBF,0.6,0.15,inward,0,1.0,0.12,arrived,0.039367927742357756,10.199999999999998
SRCBF,0.6,0.15,inward,0,1.0,0.12,arrived,0.07711116029281895,10.199999999999998
RCBF,0.6,0.15,inward,1,1.0,0.12,arrived,0.042321550541709385,9.599999999999998
SRCBF,0.6,0.15,inward,1,1.0,0.12,arrived,0.08232786157431893,10.199999999999998
RCBF,0.6,0.15,inward,2,1.0,0.12,arrived,0.048579283897807635,9.599999999999998
SRCBF,0.6,0.15,inward,2,1.0,0.12,arrived,0.08999335053086255,10.199999999999998
RCBF,0.6,0.15,inward,3,1.0,0.12,arrived,0.053238665522833184,9.599999999999998
SRCBF,0.6,0.15,inward,3,1.0,0.12,arrived,0.09475731486185035,9.599999999999998
RCBF,0.6,0.15,inward,4,1.0,0.12,arrived,0.032659029894053115,10.199999999999998
SRCBF,0.6,0.15,inward,4,1.0,0.12,arrived,0.06514030726674747,10.199999999999998
RCBF,0.6,0.15,inward,5,1.0,0.12,arrived,0.035594747928836545,10.199999999999998
SRCBF,0.6,0.15,inward,5,1.0,0.12,arrived,0.07039301456032998,10.199999999999998
RCBF,0.6,0.15,inward,6,1.0,0.12,arrived,0.041689731627753024,9.599999999999998
SRCBF,0.6,0.15,inward,6,1.0,0.12,arrived,0.08121554974862444,10.199999999999998
RCBF,0.6,0.15,inward,7,1.0,0.12,arrived,0.03964276961551427,10.199999999999998
SRCBF,0.6,0.15,inward,7,1.0,0.12,arrived,0.07759833080123668,10.199999999999998
RCBF,0.6,0.15,inward,8,1.0,0.12,arrived,0.04690115953486962,9.599999999999998
SRCBF,0.6,0.15,inward,8,1.0,0.12,arrived,0.08822161164807596,10.199999999999998
RCBF,0.6,0.15,inward,9,1.0,0.12,arrived,0.03418924965947412,10.199999999999998
SRCBF,0.6,0.15,inward,9,1.0,0.12,arrived,0.06787968878664385,10.199999999999998
RCBF,0.6,0.15,inward,10,1.0,0.12,arrived,0.03239103379196717,10.199999999999998
SRCBF,0.6,0.15,inward,10,1.0,0.12,arrived,0.06466047727874102,10.199999999999998
RCBF,0.6,0.15,inward,11,1.0,0.12,arrived,0.052083893351251964,9.599999999999998
SRCBF,0.6,0.15,inward,11,1.0,0.12,arrived,0.09359431182400246,9.599999999999998
RCBF,0.6,0.15,inward,12,1.0,0.12,arrived,0.048859086681823594,9.599999999999998
SRCBF,0.6,0.15,inward,12,1.0,0.12,arrived,0.09028542752827895,10.199999999999998
RCBF,0.6,0.15,inward,13,1.0,0.12,arrived,0.03430543231758432,10.199999999999998
SRCBF,0.6,0.15,inward,13,1.0,0.12,arrived,0.0680875862120719,10.199999999999998
RCBF,0.6,0.15,inward,14,1.0,0.12,arrived,0.03503115510326116,10.199999999999998
SRCBF,0.6,0.15,inward,14,1.0,0.12,arrived,0.0693856774714472,10.199999999999998
RCBF,0.6,0.15,inward,15,1.0,0.12,arrived,0.03809075865956646,10.199999999999998
SRCBF,0.6,0.15,inward,15,1.0,0.12,arrived,0.07484306663108042,10.199999999999998
RCBF,0.6,0.15,inward,16,1.0,0.12,arrived,0.04100620645481956,9.599999999999998
SRCBF,0.6,0.15,inward,16,1.0,0.12,arrived,0.0800099349156167,10.199999999999998
RCBF,0.6,0.15,inward,17,1.0,0.12,arrived,0.0347276550160005,10.199999999999998
SRCBF,0.6,0.15,inward,17,1.0,0.12,arrived,0.06884292906531242,10.199999999999998
RCBF,0.6,0.15,inward,18,1.0,0.12,arrived,0.04507920329521764,9.599999999999998
SRCBF,0.6,0.15,inward,18,1.0,0.12,arrived,0.08625337394320154,10.199999999999998
RCBF,0.6,0.15,inward,19,1.0,0.12,arrived,0.04455554982002019,9.599999999999998
SRCBF,0.6,0.15,inward,19,1.0,0.12,arrived,0.08567770459640212,10.199999999999998
RCBF,0.6,0.45,bias,0,1.0,0.12,arrived,0.12011616720715157,8.999999999999998
SRCBF,0.6,0.45,bias,0,1.0,0.12,arrived,0.17296537473028062,9.599999999999998
RCBF,0.6,0.45,bias,1,1.0,0.12,arrived,0.20318125562515443,6.599999999999999
SRCBF,0.6,0.45,bias,1,1.0,0.12,arrived,0.2943977923450094,6.599999999999999
RCBF,0.6,0.45,bias,2,1.0,0.12,arrived,0.1400275460957533,8.999999999999998
SRCBF,0.6,0.45,bias,2,1.0,0.12,arrived,0.19837385255460382,9.599999999999998
RCBF,0.6,0.45,bias,3,1.0,0.12,arrived,0.10978880623168452,8.399999999999999
SRCBF,0.6,0.45,bias,3,1.0,0.12,arrived,0.16432934238650587,8.999999999999998
RCBF,0.6,0.45,bias,4,1.0,0.12,arrived,0.2871615774609393,9.599999999999998
SRCBF,0.6,0.45,bias,4,1.0,0.12,arrived,0.3821727331833771,10.199999999999998
RCBF,0.6,0.45,bias,5,1.0,0.12,arrived,0.30438007226709796,7.199999999999998
SRCBF,0.6,0.45,bias,5,1.0,0.12,arrived,0.41680217801493447,7.799999999999998
RCBF,0.6,0.45,bias,6,1.0,0.12,arrived,0.1681960499328189,9.599999999999998
SRCBF,0.6,0.45,bias,6,1.0,0.12,arrived,0.2321483888785325,10.199999999999998
RCBF,0.6,0.45,bias,7,1.0,0.12,arrived,0.24357467747207684,6.599999999999999
SRCBF,0.6,0.45,bias,7,1.0,0.12,arrived,0.34656044530375607,7.199999999999998
RCBF,0.6,0.45,bias,8,1.0,0.12,arrived,0.17934999859280887,6.599999999999999
SRCBF,0.6,0.45,bias,8,1.0,0.12,arrived,0.2614014633459232,6.599999999999999
RCBF,0.6,0.45,bias,9,1.0,0.12,arrived,0.12858552840668347,9.599999999999998
SRCBF,0.6,0.45,bias,9,1.0,0.12,arrived,0.1815279677240198,10.199999999999998
RCBF,0.6,0.45,bias,10,1.0,0.12,arrived,0.08942774077484406,8.399999999999999
SRCBF,0.6,0.45,bias,10,1.0,0.12,arrived,0.1356432287905578,8.999999999999998
RCBF,0.6,0.45,bias,11,1.0,0.12,arrived,0.28264045832189777,9.599999999999998
SRCBF,0.6,0.45,bias,11,1.0,0.12,arrived,0.3749590641969536,9.599999999999998
RCBF,0.6,0.45,bias,12,1.0,0.12,arrived,0.21293911468111704,6.599999999999999
SRCBF,0.6,0.45,bias,12,1.0,0.12,arrived,0.30815405206989466,6.599999999999999
RCBF,0.6,0.45,bias,13,1.0,0.12,arrived,0.27029719963117693,7.199999999999998
SRCBF,0.6,0.45,bias,13,1.0,0.12,arrived,0.3778466055098726,7.199999999999998
RCBF,0.6,0.45,bias,14,1.0,0.12,arrived,0.18047265058774897,10.199999999999998
SRCBF,0.6,0.45,bias,14,1.0,0.12,arrived,0.24582854201622228,10.199999999999998
RCBF,0.6,0.45,bias,15,1.0,0.12,arrived,0.30196637547147276,7.199999999999998
SRCBF,0.6,0.45,bias,15,1.0,0.12,arrived,0.4146445493817654,7.799999999999998
RCBF,0.6,0.45,bias,16,1.0,0.12,arrived,0.231716860405488,9.599999999999998
SRCBF,0.6,0.45,bias,16,1.0,0.12,arrived,0.31169897899560284,10.199999999999998
RCBF,0.6,0.45,bias,17,1.0,0.12,arrived,0.08312885594058139,7.799999999999998
SRCBF,0.6,0.45,bias,17,1.0,0.12,arrived,0.134853143777228,8.399999999999999
RCBF,0.6,0.45,bias,18,1.0,0.12,arrived,0.3493348098013249,8.399999999999999
SRCBF,0.6,0.45,bias,18,1.0,0.12,arrived,0.4698118864105092,8.399999999999999
RCBF,0.6,0.45,bias,19,1.0,0.12,arrived,0.22553654445658888,6.599999999999999
SRCBF,0.6,0.45,bias,19,1.0,0.12,arrived,0.32433108250094334,7.199999999999998
RCBF,0.6,0.45,inward,0,1.0,0.12,arrived,0.11568395422785638,8.399999999999999
SRCBF,0.6,0.45,inward,0,1.0,0.12,arrived,0.18344254977809626,8.399999999999999
RCBF,0.6,0.45,inward,1,1.0,0.12,arrived,0.118182219076715,8.399999999999999
SRCBF,0.6,0.45,inward,1,1.0,0.12,arrived,0.18619411707936906,8.399999999999999
RCBF,0.6,0.45,inward,2,1.0,0.12,arrived,0.12315897313563906,8.399999999999999
SRCBF,0.6,0.45,inward,2,1.0,0.12,arrived,0.19167773381834896,8.399999999999999
RCBF,0.6,0.45,inward,3,1.0,0.12,arrived,0.12663757037923018,8.399999999999999
SRCBF,0.6,0.45,inward,3,1.0,0.12,arrived,0.1955181787791207,8.399999999999999
RCBF,0.6,0.45,inward,4,1.0,0.12,arrived,0.10956273997534383,8.399999999999999
SRCBF,0.6,0.45,inward,4,1.0,0.12,arrived,0.17668873112213446,8.999999999999998
RCBF,0.6,0.45,inward,5,1.0,0.12,arrived,0.11232413470732616,8.399999999999999
SRCBF,0.6,0.45,inward,5,1.0,0.12,arrived,0.1797388959335704,8.999999999999998
RCBF,0.6,0.45,inward,6,1.0,0.12,arrived,0.11765670804979667,8.399999999999999
SRCBF,0.6,0.45,inward,6,1.0,0.12,arrived,0.18561537151074692,8.399999999999999
RCBF,0.6,0.45,inward,7,1.0,0.12,arrived,0.11592102918574254,8.399999999999999
SRCBF,0.6,0.45,inward,7,1.0,0.12,arrived,0.18370370614576825,8.399999999999999
RCBF,0.6,0.45,inward,8,1.0,0.12,arrived,0.1218619174829455,8.399999999999999
SRCBF,0.6,0.45,inward,8,1.0,0.12,arrived,0.19024773718940058,8.399999999999999
RCBF,0.6,0.45,inward,9,1.0,0.12,arrived,0.11101898484052186,8.399999999999999
SRCBF,0.6,0.45,inward,9,1.0,0.12,arrived,0.17829818316941282,8.999999999999998
RCBF,0.6,0.45,inward,10,1.0,0.12,arrived,0.10930385497574935,8.399999999999999
SRCBF,0.6,0.45,inward,10,1.0,0.12,arrived,0.17640235718527908,8.999999999999998
RCBF,0.6,0.45,inward,11,1.0,0.12,arrived,0.1257910365628706,8.399999999999999
SRCBF,0.6,0.45,inward,11,1.0,0.12,arrived,0.19458273554575145,8.399999999999999
RCBF,0.6,0.45,inward,12,1.0,0.12,arrived,0.1233728148057921,8.399999999999999
SRCBF,0.6,0.45,inward,12,1.0,0.12,arrived,0.19191357921525642,8.399999999999999
RCBF,0.6,0.45,inward,13,1.0,0.12,arrived,0.11112803585641673,8.399999999999999
SRCBF,0.6,0.45,inward,13,1.0,0.12,arrived,0.17841861880854937,8.999999999999998
RCBF,0.6,0.45,inward,14,1.0,0.12,arrived,0.11180444349890029,8.399999999999999
SRCBF,0.6,0.45,inward,14,1.0,0.12,arrived,0.17916539905568896,8.999999999999998
RCBF,0.6,0.45,inward,15,1.0,0.12,arrived,0.11456910369426676,8.399999999999999
SRCBF,0.6,0.45,inward,15,1.0,0.12,arrived,0.18221421487884515,8.399999999999999
RCBF,0.6,0.45,inward,16,1.0,0.12,arrived,0.1170828692899677,8.399999999999999
SRCBF,0.6,0.45,inward,16,1.0,0.12,arrived,0.18498339170090228,8.399999999999999
RCBF,0.6,0.45,inward,17,1.0,0.12,arrived,0.11152256297203667,8.399999999999999
SRCBF,0.6,0.45,inward,17,1.0,0.12,arrived,0.1788542412992976,8.999999999999998
RCBF,0.6,0.45,inward,18,1.0,0.12,arrived,0.12042383862474226,8.399999999999999
SRCBF,0.6,0.45,inward,18,1.0,0.12,arrived,0.1886631138922109,8.399999999999999
RCBF,0.6,0.45,inward,19,1.0,0.12,arrived,0.12000440980490945,8.399999999999999
SRCBF,0.6,0.45,inward,19,1.0,0.12,arrived,0.18820106933648173,8.399999999999999
RCBF,0.8,0.15,bias,0,1.0,0.12,arrived,0.17371266154224452,10.4
SRCBF,0.8,0.15,bias,0,1.0,0.12,arrived,0.2839033539034965,11.200000000000001
RCBF,0.8,0.15,bias,1,1.0,0.12,arrived,0.08870657668799653,7.999999999999999
SRCBF,0.8,0.15,bias,1,1.0,0.12,arrived,0.17135942349925992,7.999999999999999
RCBF,0.8,0.15,bias,2,1.0,0.12,arrived,0.1826630955720081,11.200000000000001
SRCBF,0.8,0.15,bias,2,1.0,0.12,arrived,0.29076465735157586,12.000000000000002
RCBF,0.8,0.15,bias,3,1.0,0.12,arrived,0.13625743704660498,11.200000000000001
SRCBF,0.8,0.15,bias,3,1.0,0.12,arrived,0.2278314668768613,11.200000000000001
RCBF,0.8,0.15,bias,4,1.0,0.12,arrived,0.25115937251791554,11.200000000000001
SRCBF,0.8,0.15,bias,4,1.0,0.12,arrived,0.37555904274610485,12.000000000000002
RCBF,0.8,0.15,bias,5,1.0,0.12,arrived,0.20258179122988795,7.999999999999999
SRCBF,0.8,0.15,bias,5,1.0,0.12,arrived,0.3283891191594206,8.799999999999999
RCBF,0.8,0.15,bias,6,1.0,0.12,arrived,0.2087348454831226,12.000000000000002
SRCBF,0.8,0.15,bias,6,1.0,0.12,arrived,0.32352644195996016,12.800000000000002
RCBF,0.8,0.15,bias,7,1.0,0.12,arrived,0.131046049996683,7.999999999999999
SRCBF,0.8,0.15,bias,7,1.0,0.12,arrived,0.23279662501880005,7.999999999999999
RCBF,0.8,0.15,bias,8,1.0,0.12,arrived,0.06203844393726221,7.999999999999999
SRCBF,0.8,0.15,bias,8,1.0,0.12,arrived,0.13764476603808096,7.999999999999999
RCBF,0.8,0.15,bias,9,1.0,0.12,arrived,0.18958569827058702,10.4
SRCBF,0.8,0.15,bias,9,1.0,0.12,arrived,0.3061267710442561,11.200000000000001
RCBF,0.8,0.15,bias,10,1.0,0.12,arrived,0.1362138847197002,9.6
SRCBF,0.8,0.15,bias,10,1.0,0.12,arrived,0.2381333335635163,10.4
RCBF,0.8,0.15,bias,11,1.0,0.12,arrived,0.25154137458242753,11.200000000000001
SRCBF,0.8,0.15,bias,11,1.0,0.12,arrived,0.37600822450399307,12.000000000000002
RCBF,0.8,0.15,bias,12,1.0,0.12,arrived,0.09938468049140992,7.199999999999999
SRCBF,0.8,0.15,bias,12,1.0,0.12,arrived,0.18729061279265613,7.999999999999999
RCBF,0.8,0.15,bias,13,1.0,0.12,arrived,0.16128962989842488,7.999999999999999
SRCBF,0.8,0.15,bias,13,1.0,0.12,arrived,0.2738518936792611,8.799999999999999
RCBF,0.8,0.15,bias,14,1.0,0.12,arrived,0.21973030126445336,12.000000000000002
SRCBF,0.8,0.15,bias,14,1.0,0.12,arrived,0.3380402491331571,12.800000000000002
RCBF,0.8,0.15,bias,15,1.0,0.12,arrived,0.19921484074974605,7.999999999999999
SRCBF,0.8,0.15,bias,15,1.0,0.12,arrived,0.3249185352160944,8.799999999999999
RCBF,0.8,0.15,bias,16,1.0,0.12,arrived,0.21682574211330108,15.200000000000005
SRCBF,0.8,0.15,bias,16,1.0,0.12,arrived,0.3137796385831224,16.800000000000004
RCBF,0.8,0.15,bias,17,1.0,0.12,arrived,0.09180862762044284,9.6
SRCBF,0.8,0.15,bias,17,1.0,0.12,arrived,0.17158834832655856,10.4
RCBF,0.8,0.15,bias,18,1.0,0.12,arrived,0.26919452041759606,8.799999999999999
SRCBF,0.8,0.15,bias,18,1.0,0.12,arrived,0.41067690576313876,9.6
RCBF,0.8,0.15,bias,19,1.0,0.12,arrived,0.11200617802462942,7.199999999999999
SRCBF,0.8,0.15,bias,19,1.0,0.12,arrived,0.20572518622654457,7.999999999999999
RCBF,0.8,0.15,inward,0,1.0,0.12,arrived,0.02817573088996017,9.6
SRCBF,0.8,0.15,inward,0,1.0,0.12,arrived,0.07886341827517218,9.6
RCBF,0.8,0.15,inward,1,1.0,0.12,arrived,0.030380126009943553,9.6
SRCBF,0.8,0.15,inward,1,1.0,0.12,arrived,0.08354089676529342,9.6
RCBF,0.8,0.15,inward,2,1.0,0.12,arrived,0.035078656849003687,9.6
SRCBF,0.8,0.15,inward,2,1.0,0.12,arrived,0.09336553506849099,9.6
RCBF,0.8,0.15,inward,3,1.0,0.12,arrived,0.03860887408531821,9.6
SRCBF,0.8,0.15,inward,3,1.0,0.12,arrived,0.10063111549683468,9.6
RCBF,0.8,0.15,inward,4,1.0,0.12,arrived,0.02317870000953648,9.6
SRCBF,0.8,0.15,inward,4,1.0,0.12,arrived,0.06806315625389237,10.4
RCBF,0.8,0.15,inward,5,1.0,0.12,arrived,0.02536613034488644,9.6
SRCBF,0.8,0.15,inward,5,1.0,0.12,arrived,0.07282842868794581,10.4
RCBF,0.8,0.15,inward,6,1.0,0.12,arrived,0.029908001111889404,9.6
SRCBF,0.8,0.15,inward,6,1.0,0.12,arrived,0.0825430199992554,9.6
RCBF,0.8,0.15,inward,7,1.0,0.12,arrived,0.02838059492099332,9.6
SRCBF,0.8,0.15,inward,7,1.0,0.12,arrived,0.07930012923583096,9.6
RCBF,0.8,0.15,inward,8,1.0,0.12,arrived,0.03381422892103514,9.6
SRCBF,0.8,0.15,inward,8,1.0,0.12,arrived,0.09073974003447594,9.6
RCBF,0.8,0.15,inward,9,1.0,0.12,arrived,0.02431956461114082,9.6
SRCBF,0.8,0.15,inward,9,1.0,0.12,arrived,0.0705565384320882,10.4
RCBF,0.8,0.15,inward,10,1.0,0.12,arrived,0.02297864071935296,9.6
SRCBF,0.8,0.15,inward,10,1.0,0.12,arrived,0.06762398718961793,10.4
RCBF,0.8,0.15,inward,11,1.0,0.12,arrived,0.03773116097349771,9.6
SRCBF,0.8,0.15,inward,11,1.0,0.12,arrived,0.0988334278152776,9.6
RCBF,0.8,0.15,inward,12,1.0,0.12,arrived,0.03528982821139326,9.6
SRCBF,0.8,0.15,inward,12,1.0,0.12,arrived,0.09380282925988226,9.6
RCBF,0.8,0.15,inward,13,1.0,0.12,arrived,0.024406109928766906,9.6
SRCBF,0.8,0.15,inward,13,1.0,0.12,arrived,0.07074495085320609,10.4
RCBF,0.8,0.15,inward,14,1.0,0.12,arrived,0.02494655310929328,9.6
SRCBF,0.8,0.15,inward,14,1.0,0.12,arrived,0.07191929114732443,10.4
RCBF,0.8,0.15,inward,15,1.0,0.12,arrived,0.027224260932374955,9.6
SRCBF,0.8,0.15,inward,15,1.0,0.12,arrived,0.07682944500278832,10.4
RCBF,0.8,0.15,inward,16,1.0,0.12,arrived,0.029397618137179893,9.6
SRCBF,0.8,0.15,inward,16,1.0,0.12,arrived,0.08146192496832294,9.6
RCBF,0.8,0.15,inward,17,1.0,0.12,arrived,0.024720566000468458,9.6
SRCBF,0.8,0.15,inward,17,1.0,0.12,arrived,0.0714287004638049,10.4
RCBF,0.8,0.15,inward,18,1.0,0.12,arrived,0.032445272170949835,9.6
SRCBF,0.8,0.15,inward,18,1.0,0.12,arrived,0.08788215908296104,9.6
RCBF,0.8,0.15,inward,19,1.0,0.12,arrived,0.032052513469772115,9.6
SRCBF,0.8,0.15,inward,19,1.0,0.12,arrived,0.08705939597305468,9.6
RCBF,0.8,0.45,bias,0,1.0,0.12,arrived,0.11928687623642087,9.6
SRCBF,0.8,0.45,bias,0,1.0,0.12,arrived,0.1925367643785939,9.6
RCBF,0.8,0.45,bias,1,1.0,0.12,arrived,0.17825512838760382,6.3999999999999995
SRCBF,0.8,0.45,bias,1,1.0,0.12,arrived,0.31525570272659387,7.199999999999999
RCBF,0.8,0.45,bias,2,1.0,0.12,arrived,0.14035064793492624,9.6
SRCBF,0.8,0.45,bias,2,1.0,0.12,arrived,0.22228915399097593,9.6
RCBF,0.8,0.45,bias,3,1.0,0.12,arrived,0.10628135704538799,8.799999999999999
SRCBF,0.8,0.45,bias,3,1.0,0.12,arrived,0.18084483958344322,8.799999999999999
RCBF,0.8,0.45,bias,4,1.0,0.12,arrived,0.2855826418571137,9.6
SRCBF,0.8,0.45,bias,4,1.0,0.12,arrived,0.42809544983675907,9.6
RCBF,0.8,0.45,bias,5,1.0,0.12,arrived,0.28565112619564803,7.199999999999999
SRCBF,0.8,0.45,bias,5,1.0,0.12,arrived,0.44941860463271976,7.999999999999999
RCBF,0.8,0.45,bias,6,1.0,0.12,arrived,0.16997678631261903,9.6
SRCBF,0.8,0.45,bias,6,1.0,0.12,arrived,0.25974733936266414,10.4
RCBF,0.8,0.45,bias,7,1.0,0.12,arrived,0.22089820128320148,6.3999999999999995
SRCBF,0.8,0.45,bias,7,1.0,0.12,arrived,0.36790286666926875,7.199999999999999
RCBF,0.8,0.45,bias,8,1.0,0.12,arrived,0.1536838709240631,6.3999999999999995
SRCBF,0.8,0.45,bias,8,1.0,0.12,arrived,0.28424509459692926,7.199999999999999
RCBF,0.8,0.45,bias,9,1.0,0.12,arrived,0.1286800601207546,9.6
SRCBF,0.8,0.45,bias,9,1.0,0.12,arrived,0.20205302549129756,10.4
RCBF,0.8,0.45,bias,10,1.0,0.12,arrived,0.08605108349931856,8.799999999999999
SRCBF,0.8,0.45,bias,10,1.0,0.12,arrived,0.14992701492689053,8.799999999999999
RCBF,0.8,0.45,bias,11,1.0,0.12,arrived,0.2841041632939505,8.799999999999999
SRCBF,0.8,0.45,bias,11,1.0,0.12,arrived,0.4246099957388163,9.6
RCBF,0.8,0.45,bias,12,1.0,0.12,arrived,0.18886948444061247,6.3999999999999995
SRCBF,0.8,0.45,bias,12,1.0,0.12,arrived,0.3279380308326558,7.199999999999999
RCBF,0.8,0.45,bias,13,1.0,0.12,arrived,0.24909548459159492,7.199999999999999
SRCBF,0.8,0.45,bias,13,1.0,0.12,arrived,0.40342074258959615,7.199999999999999
RCBF,0.8,0.45,bias,14,1.0,0.12,arrived,0.18225146479947352,9.6
SRCBF,0.8,0.45,bias,14,1.0,0.12,arrived,0.27591494739510547,10.4
RCBF,0.8,0.45,bias,15,1.0,0.12,arrived,0.2831651951022578,7.199999999999999
SRCBF,0.8,0.45,bias,15,1.0,0.12,arrived,0.44597003038747274,7.999999999999999
RCBF,0.8,0.45,bias,16,1.0,0.12,arrived,0.23572039846248738,9.6
SRCBF,0.8,0.45,bias,16,1.0,0.12,arrived,0.35106521543038927,10.4
RCBF,0.8,0.45,bias,17,1.0,0.12,arrived,0.07098456508691264,7.999999999999999
SRCBF,0.8,0.45,bias,17,1.0,0.12,arrived,0.1437119338687881,7.999999999999999
RCBF,0.8,0.45,bias,18,1.0,0.12,arrived,0.3393309693175355,7.999999999999999
SRCBF,0.8,0.45,bias,18,1.0,0.12,arrived,0.5084913882256665,7.999999999999999
RCBF,0.8,0.45,bias,19,1.0,0.12,arrived,0.2019900030571804,6.3999999999999995
SRCBF,0.8,0.45,bias,19,1.0,0.12,arrived,0.3442839104877091,7.199999999999999
RCBF,0.8,0.45,inward,0,1.0,0.12,arrived,0.10682435032410886,7.999999999999999
SRCBF,0.8,0.45,inward,0,1.0,0.12,arrived,0.1941945696224956,7.999999999999999
RCBF,0.8,0.45,inward,1,1.0,0.12,arrived,0.10904650561978879,7.999999999999999
SRCBF,0.8,0.45,inward,1,1.0,0.12,arrived,0.19767438492217715,7.999999999999999
RCBF,0.8,0.45,inward,2,1.0,0.12,arrived,0.11349854161484096,7.999999999999999
SRCBF,0.8,0.45,inward,2,1.0,0.12,arrived,0.20462581147671588,7.999999999999999
RCBF,0.8,0.45,inward,3,1.0,0.12,arrived,0.11663638952831357,7.999999999999999
SRCBF,0.8,0.45,inward,3,1.0,0.12,arrived,0.20950206502067115,7.999999999999999
RCBF,0.8,0.45,inward,4,1.0,0.12,arrived,0.10139994778151329,7.999999999999999
SRCBF,0.8,0.45,inward,4,1.0,0.12,arrived,0.18569030885271887,8.799999999999999
RCBF,0.8,0.45,inward,5,1.0,0.12,arrived,0.10384474672508714,7.999999999999999
SRCBF,0.8,0.45,inward,5,1.0,0.12,arrived,0.18952334389454895,8.799999999999999
RCBF,0.8,0.45,inward,6,1.0,0.12,arrived,0.10857848331560893,7.999999999999999
SRCBF,0.8,0.45,inward,6,1.0,0.12,arrived,0.1969419058738906,7.999999999999999
RCBF,0.8,0.45,inward,7,1.0,0.12,arrived,0.10703493795694774,7.999999999999999
SRCBF,0.8,0.45,inward,7,1.0,0.12,arrived,0.19452453891146282,7.999999999999999
RCBF,0.8,0.45,inward,8,1.0,0.12,arrived,0.1123344214917299,7.999999999999999
SRCBF,0.8,0.45,inward,8,1.0,0.12,arrived,0.20281142755164128,7.999999999999999
RCBF,0.8,0.45,inward,9,1.0,0.12,arrived,0.10268900428064387,7.999999999999999
SRCBF,0.8,0.45,inward,9,1.0,0.12,arrived,0.18771107713649748,8.799999999999999
RCBF,0.8,0.45,inward,10,1.0,0.12,arrived,0.101170800501588,7.999999999999999
SRCBF,0.8,0.45,inward,10,1.0,0.12,arrived,0.18533119594834713,8.799999999999999
RCBF,0.8,0.45,inward,11,1.0,0.12,arrived,0.1158705169708284,7.999999999999999
SRCBF,0.8,0.45,inward,11,1.0,0.12,arrived,0.20831398128031897,7.999999999999999
RCBF,0.8,0.45,inward,12,1.0,0.12,arrived,0.11369075544320062,7.999999999999999
SRCBF,0.8,0.45,inward,12,1.0,0.12,arrived,0.20492513597201145,7.999999999999999
RCBF,0.8,0.45,inward,13,1.0,0.12,arrived,0.10278555031061176,7.999999999999999
SRCBF,0.8,0.45,inward,13,1.0,0.12,arrived,0.18786245583536498,8.799999999999999
RCBF,0.8,0.45,inward,14,1.0,0.12,arrived,0.10338447313212629,7.999999999999999
SRCBF,0.8,0.45,inward,14,1.0,0.12,arrived,0.1888015855189964,8.799999999999999
RCBF,0.8,0.45,inward,15,1.0,0.12,arrived,0.10583473989534187,7.999999999999999
SRCBF,0.8,0.45,inward,15,1.0,0.12,arrived,0.19264354391301253,7.999999999999999
RCBF,0.8,0.45,inward,16,1.0,0.12,arrived,0.10806779848806203,7.999999999999999
SRCBF,0.8,0.45,inward,16,1.0,0.12,arrived,0.19614237556408276,7.999999999999999
RCBF,0.8,0.45,inward,17,1.0,0.12,arrived,0.10313486482995171,7.999999999999999
SRCBF,0.8,0.45,inward,17,1.0,0.12,arrived,0.18841018273837096,8.799999999999999
RCBF,0.8,0.45,inward,18,1.0,0.12,arrived,0.11104704167908619,7.999999999999999
SRCBF,0.8,0.45,inward,18,1.0,0.12,arrived,0.20080204326240247,7.999999999999999
RCBF,0.8,0.45,inward,19,1.0,0.12,arrived,0.1106721763429096,7.999999999999999
SRCBF,0.8,0.45,inward,19,1.0,0.12,arrived,0.20021642160721376,7.999999999999999
RCBF,1.0,0.15,bias,0,1.0,0.12,arrived,0.15389127084072207,10.0
SRCBF,1.0,0.15,bias,0,1.0,0.12,arrived,0.3024841035311501,11.0
RCBF,1.0,0.15,bias,1,1.0,0.12,arrived,0.021607413397229602,8.0
SRCBF,1.0,0.15,bias,1,1.0,0.12,arrived,0.1809777013736773,8.0
RCBF,1.0,0.15,bias,2,1.0,0.12,arrived,0.16422790003067544,11.0
SRCBF,1.0,0.15,bias,2,1.0,0.12,arrived,0.3117643490417217,12.0
RCBF,1.0,0.15,bias,3,1.0,0.12,arrived,0.11791205654081582,11.0
SRCBF,1.0,0.15,bias,3,1.0,0.12,arrived,0.2426200774451166,11.0
RCBF,1.0,0.15,bias,4,1.0,0.12,arrived,0.24409893032711327,11.0
SRCBF,1.0,0.15,bias,4,1.0,0.12,arrived,0.40766569943850195,12.0
RCBF,1.0,0.15,bias,5,1.0,0.12,arrived,0.16096353631072124,8.0
SRCBF,1.0,0.15,bias,5,1.0,0.12,arrived,0.34624467993923314,9.0
RCBF,1.0,0.15,bias,6,1.0,0.12,arrived,0.19289179919218968,12.0
SRCBF,1.0,0.15,bias,6,1.0,0.12,arrived,0.3493192100406166,13.0
RCBF,1.0,0.15,bias,7,1.0,0.12,arrived,0.051319586459725786,8.0
SRCBF,1.0,0.15,bias,7,1.0,0.12,arrived,0.24348876902507377,8.0
RCBF,1.0,0.15,bias,8,1.0,0.12,arrived,0.009453122719923157,8.0
SRCBF,1.0,0.15,bias,8,1.0,0.12,arrived,0.1459421440209977,8.0
RCBF,1.0,0.15,bias,9,1.0,0.12,arrived,0.16953558498358512,10.0
SRCBF,1.0,0.15,bias,9,1.0,0.12,arrived,0.3266910352406618,11.0
RCBF,1.0,0.15,bias,10,1.0,0.12,arrived,0.11709767720382014,10.0
SRCBF,1.0,0.15,bias,10,1.0,0.12,arrived,0.2509298838244307,10.0
RCBF,1.0,0.15,bias,11,1.0,0.12,arrived,0.24445525448862004,11.0
SRCBF,1.0,0.15,bias,11,1.0,0.12,arrived,0.40867201682206855,12.0
RCBF,1.0,0.15,bias,12,1.0,0.12,arrived,0.02665145951849368,8.0
SRCBF,1.0,0.15,bias,12,1.0,0.12,arrived,0.1966373071594797,8.0
RCBF,1.0,0.15,bias,13,1.0,0.12,arrived,0.09690284602028831,8.0
SRCBF,1.0,0.15,bias,13,1.0,0.12,arrived,0.28722800538188054,8.0
RCBF,1.0,0.15,bias,14,1.0,0.12,arrived,0.20461117417907482,12.0
SRCBF,1.0,0.15,bias,14,1.0,0.12,arrived,0.36545864113067195,13.0
RCBF,1.0,0.15,bias,15,1.0,0.12,arrived,0.1545071380056433,8.0
SRCBF,1.0,0.15,bias,15,1.0,0.12,arrived,0.341815707425573,9.0
RCBF,1.0,0.15,bias,16,1.0,0.12,arrived,0.219057709644483,15.0
SRCBF,1.0,0.15,bias,16,1.0,0.12,arrived,0.34558090509430395,17.0
RCBF,1.0,0.15,bias,17,1.0,0.12,arrived,0.07256851455252478,10.0
SRCBF,1.0,0.15,bias,17,1.0,0.12,arrived,0.17956086624143808,10.0
RCBF,1.0,0.15,bias,18,1.0,0.12,arrived,0.25281858986269157,8.0
SRCBF,1.0,0.15,bias,18,1.0,0.12,arrived,0.44007549862701567,9.0
RCBF,1.0,0.15,bias,19,1.0,0.12,arrived,0.03599652850547286,8.0
SRCBF,1.0,0.15,bias,19,1.0,0.12,arrived,0.21542561696034612,8.0
RCBF,1.0,0.15,inward,0,1.0,0.12,arrived,0.0030727410998369065,9.0
SRCBF,1.0,0.15,inward,0,1.0,0.12,arrived,0.08116660932168684,10.0
RCBF,1.0,0.15,inward,1,1.0,0.12,arrived,0.003525593746750988,9.0
SRCBF,1.0,0.15,inward,1,1.0,0.12,arrived,0.0861228948678251,9.0
RCBF,1.0,0.15,inward,2,1.0,0.12,arrived,0.0045191225108425215,9.0
SRCBF,1.0,0.15,inward,2,1.0,0.12,arrived,0.0965782782597634,9.0
RCBF,1.0,0.15,inward,3,1.0,0.12,arrived,0.00528651452319584,9.0
SRCBF,1.0,0.15,inward,3,1.0,0.12,arrived,0.10434667420817534,9.0
RCBF,1.0,0.15,inward,4,1.0,0.12,arrived,0.0020920075311829933,9.0
SRCBF,1.0,0.15,inward,4,1.0,0.12,arrived,0.06978541723640219,10.0
RCBF,1.0,0.15,inward,5,1.0,0.12,arrived,0.002511804510899718,9.0
SRCBF,1.0,0.15,inward,5,1.0,0.12,arrived,0.07479509196950618,10.0
RCBF,1.0,0.15,inward,6,1.0,0.12,arrived,0.0034277978079586546,9.0
SRCBF,1.0,0.15,inward,6,1.0,0.12,arrived,0.08506431157298822,9.0
RCBF,1.0,0.15,inward,7,1.0,0.12,arrived,0.0031144035482200128,9.0
SRCBF,1.0,0.15,inward,7,1.0,0.12,arrived,0.08162871921765225,10.0
RCBF,1.0,0.15,inward,8,1.0,0.12,arrived,0.004248404890591084,9.0
SRCBF,1.0,0.15,inward,8,1.0,0.12,arrived,0.09377821814630971,9.0
RCBF,1.0,0.15,inward,9,1.0,0.12,arrived,0.0023087551435271303,9.0
SRCBF,1.0,0.15,inward,9,1.0,0.12,arrived,0.07240411041489103,10.0
RCBF,1.0,0.15,inward,10,1.0,0.12,arrived,0.002054558640901205,9.0
SRCBF,1.0,0.15,inward,10,1.0,0.12,arrived,0.06932480137358876,10.0
RCBF,1.0,0.15,inward,11,1.0,0.12,arrived,0.00509419508867015,9.0
SRCBF,1.0,0.15,inward,11,1.0,0.12,arrived,0.10242180108525412,9.0
RCBF,1.0,0.15,inward,12,1.0,0.12,arrived,0.0045645562419250885,9.0
SRCBF,1.0,0.15,inward,12,1.0,0.12,arrived,0.09704498433437392,9.0
RCBF,1.0,0.15,inward,13,1.0,0.12,arrived,0.0023254027185984905,9.0
SRCBF,1.0,0.15,inward,13,1.0,0.12,arrived,0.07260222713791575,10.0
RCBF,1.0,0.15,inward,14,1.0,0.12,arrived,0.002429957853273934,9.0
SRCBF,1.0,0.15,inward,14,1.0,0.12,arrived,0.07383776201802794,10.0
RCBF,1.0,0.15,inward,15,1.0,0.12,arrived,0.0028805040812224236,9.0
SRCBF,1.0,0.15,inward,15,1.0,0.12,arrived,0.07901613856874667,10.0
RCBF,1.0,0.15,inward,16,1.0,0.12,arrived,0.0033225538637845498,9.0
SRCBF,1.0,0.15,inward,16,1.0,0.12,arrived,0.08391818631177173,9.0
RCBF,1.0,0.15,inward,17,1.0,0.12,arrived,0.002386115207630657,9.0
SRCBF,1.0,0.15,inward,17,1.0,0.12,arrived,0.07332145962813286,10.0
RCBF,1.0,0.15,inward,18,1.0,0.12,arrived,0.003957981090017659,9.0
SRCBF,1.0,0.15,inward,18,1.0,0.12,arrived,0.0907356315268113,9.0
RCBF,1.0,0.15,inward,19,1.0,0.12,arrived,0.003875197749027781,9.0
SRCBF,1.0,0.15,inward,19,1.0,0.12,arrived,0.08986051692874708,9.0
RCBF,1.0,0.45,bias,0,1.0,0.12,arrived,0.11550645862764053,9.0
SRCBF,1.0,0.45,bias,0,1.0,0.12,arrived,0.2134259925922437,10.0
RCBF,1.0,0.45,bias,1,1.0,0.12,arrived,0.11982063129078324,7.0
SRCBF,1.0,0.45,bias,1,1.0,0.12,arrived,0.3287222753326755,7.0
RCBF,1.0,0.45,bias,2,1.0,0.12,arrived,0.13540894552883198,9.0
SRCBF,1.0,0.45,bias,2,1.0,0.12,arrived,0.24765420875339927,10.0
RCBF,1.0,0.45,bias,3,1.0,0.12,arrived,0.09411235382759431,8.0
SRCBF,1.0,0.45,bias,3,1.0,0.12,arrived,0.19613220722930813,9.0
RCBF,1.0,0.45,bias,4,1.0,0.12,arrived,0.27065889663797904,9.0
SRCBF,1.0,0.45,bias,4,1.0,0.12,arrived,0.46773343274263013,10.0
RCBF,1.0,0.45,bias,5,1.0,0.12,arrived,0.27282263909284765,7.0
SRCBF,1.0,0.45,bias,5,1.0,0.12,arrived,0.4775872463882296,8.0
RCBF,1.0,0.45,bias,6,1.0,0.12,arrived,0.16872873192487448,9.0
SRCBF,1.0,0.45,bias,6,1.0,0.12,arrived,0.28694679456113636,10.0
RCBF,1.0,0.45,bias,7,1.0,0.12,arrived,0.1751358844455354,7.0
SRCBF,1.0,0.45,bias,7,1.0,0.12,arrived,0.39190622941110664,7.0
RCBF,1.0,0.45,bias,8,1.0,0.12,arrived,0.09502380568804358,7.0
SRCBF,1.0,0.45,bias,8,1.0,0.12,arrived,0.2895509890104522,7.0
RCBF,1.0,0.45,bias,9,1.0,0.12,arrived,0.1286977796078379,9.0
SRCBF,1.0,0.45,bias,9,1.0,0.12,arrived,0.22200413088087512,10.0
RCBF,1.0,0.45,bias,10,1.0,0.12,arrived,0.07515682520428757,9.0
SRCBF,1.0,0.45,bias,10,1.0,0.12,arrived,0.16177530950612806,9.0
RCBF,1.0,0.45,bias,11,1.0,0.12,arrived,0.2692725397471716,9.0
SRCBF,1.0,0.45,bias,11,1.0,0.12,arrived,0.46540904692915164,9.0
RCBF,1.0,0.45,bias,12,1.0,0.12,arrived,0.1371247536154011,7.0
SRCBF,1.0,0.45,bias,12,1.0,0.12,arrived,0.3457627535537535,7.0
RCBF,1.0,0.45,bias,13,1.0,0.12,arrived,0.2151860705715931,7.0
SRCBF,1.0,0.45,bias,13,1.0,0.12,arrived,0.42979359535210615,7.0
RCBF,1.0,0.45,bias,14,1.0,0.12,arrived,0.1820102496766116,9.0
SRCBF,1.0,0.45,bias,14,1.0,0.12,arrived,0.3035644222910501,10.0
RCBF,1.0,0.45,bias,15,1.0,0.12,arrived,0.26924138822714316,7.0
SRCBF,1.0,0.45,bias,15,1.0,0.12,arrived,0.47518874559037894,8.0
RCBF,1.0,0.45,bias,16,1.0,0.12,arrived,0.22754920590288008,9.0
SRCBF,1.0,0.45,bias,16,1.0,0.12,arrived,0.3900539914155561,10.0
RCBF,1.0,0.45,bias,17,1.0,0.12,arrived,0.05787723720725346,8.0
SRCBF,1.0,0.45,bias,17,1.0,0.12,arrived,0.1516099062606946,9.0
RCBF,1.0,0.45,bias,18,1.0,0.12,arrived,0.3462059360802472,7.0
SRCBF,1.0,0.45,bias,18,1.0,0.12,arrived,0.5424927709700913,8.0
RCBF,1.0,0.45,bias,19,1.0,0.12,arrived,0.15150760867271507,7.0
SRCBF,1.0,0.45,bias,19,1.0,0.12,arrived,0.36512753641375606,7.0
RCBF,1.0,0.45,inward,0,1.0,0.12,arrived,0.053659543421463396,7.0
SRCBF,1.0,0.45,inward,0,1.0,0.12,arrived,0.20707239062459504,8.0
RCBF,1.0,0.45,inward,1,1.0,0.12,arrived,0.05822342888775134,7.0
SRCBF,1.0,0.45,inward,1,1.0,0.12,arrived,0.21056053742910152,8.0
RCBF,1.0,0.45,inward,2,1.0,0.12,arrived,0.06749671594275164,7.0
SRCBF,1.0,0.45,inward,2,1.0,0.12,arrived,0.21754771048610855,8.0
RCBF,1.0,0.45,inward,3,1.0,0.12,arrived,0.0741162973665701,7.0
SRCBF,1.0,0.45,inward,3,1.0,0.12,arrived,0.22246747231591568,8.0
RCBF,1.0,0.45,inward,4,1.0,0.12,arrived,0.042747497401309675,7.0
SRCBF,1.0,0.45,inward,4,1.0,0.12,arrived,0.19856615888833773,8.0
RCBF,1.0,0.45,inward,5,1.0,0.12,arrived,0.04762162057184194,7.0
SRCBF,1.0,0.45,inward,5,1.0,0.12,arrived,0.20239757070179598,8.0
RCBF,1.0,0.45,inward,6,1.0,0.12,arrived,0.05725825099640558,7.0
SRCBF,1.0,0.45,inward,6,1.0,0.12,arrived,0.20982583642920893,8.0
RCBF,1.0,0.45,inward,7,1.0,0.12,arrived,0.05408995119743043,7.0
SRCBF,1.0,0.45,inward,7,1.0,0.12,arrived,0.2074029189537716,8.0
RCBF,1.0,0.45,inward,8,1.0,0.12,arrived,0.0650571052436929,7.0
SRCBF,1.0,0.45,inward,8,1.0,0.12,arrived,0.21572123267602072,8.0
RCBF,1.0,0.45,inward,9,1.0,0.12,arrived,0.04530780984239846,7.0
SRCBF,1.0,0.45,inward,9,1.0,0.12,arrived,0.2005856847075398,8.0
RCBF,1.0,0.45,inward,10,1.0,0.12,arrived,0.04229471981245436,7.0
SRCBF,1.0,0.45,inward,10,1.0,0.12,arrived,0.19820733636127308,8.0
RCBF,1.0,0.45,inward,11,1.0,0.12,arrived,0.07249525852197791,7.0
SRCBF,1.0,0.45,inward,11,1.0,0.12,arrived,0.22126723230014345,8.0
RCBF,1.0,0.45,inward,12,1.0,0.12,arrived,0.06790043921301259,7.0
SRCBF,1.0,0.45,inward,12,1.0,0.12,arrived,0.21784923405653833,8.0
RCBF,1.0,0.45,inward,13,1.0,0.12,arrived,0.04550044968649758,7.0
SRCBF,1.0,0.45,inward,13,1.0,0.12,arrived,0.20073700197157907,8.0
RCBF,1.0,0.45,inward,14,1.0,0.12,arrived,0.046698143774478784,7.0
SRCBF,1.0,0.45,inward,14,1.0,0.12,arrived,0.20167586715606323,8.0
RCBF,1.0,0.45,inward,15,1.0,0.12,arrived,0.05164318870968443,7.0
SRCBF,1.0,0.45,inward,15,1.0,0.12,arrived,0.20551931999390405,8.0
RCBF,1.0,0.45,inward,16,1.0,0.12,arrived,0.05620743820314644,7.0
SRCBF,1.0,0.45,inward,16,1.0,0.12,arrived,0.20902417593707323,8.0
RCBF,1.0,0.45,inward,17,1.0,0.12,arrived,0.04619843898118192,7.0
SRCBF,1.0,0.45,inward,17,1.0,0.12,arrived,0.20128454936560036,8.0
RCBF,1.0,0.45,inward,18,1.0,0.12,arrived,0.062370862679657746,7.0
SRCBF,1.0,0.45,inward,18,1.0,0.12,arrived,0.21370082087376518,8.0
RCBF,1.0,0.45,inward,19,1.0,0.12,arrived,0.0615911269941225,7.0
SRCBF,1.0,0.45,inward,19,1.0,0.12,arrived,0.21311242926018914,8.0
RCBF,0.05,0.15,bias,0,1.5,0.12,arrived,0.13115392674161985,10.550000000000015
SRCBF,0.05,0.15,bias,0,1.5,0.12,arrived,0.13695685260371493,10.600000000000016
RCBF,0.05,0.15,bias,1,1.5,0.12,arrived,0.07005306529493238,7.299999999999982
SRCBF,0.05,0.15,bias,1,1.5,0.12,arrived,0.07411333235232642,7.299999999999982
RCBF,0.05,0.15,bias,2,1.5,0.12,arrived,0.13346904528765302,11.300000000000026
SRCBF,0.05,0.15,bias,2,1.5,0.12,arrived,0.13925436164821736,11.350000000000026
RCBF,0.05,0.15,bias,3,1.5,0.12,arrived,0.10436412628194003,10.650000000000016
SRCBF,0.05,0.15,bias,3,1.5,0.12,arrived,0.10920006208351118,10.700000000000017
RCBF,0.05,0.15,bias,4,1.5,0.12,arrived,0.11469133554800848,11.55000000000003
SRCBF,0.05,0.15,bias,4,1.5,0.12,arrived,0.11968162436027263,11.60000000000003
RCBF,0.05,0.15,bias,5,1.5,0.12,arrived,0.14618282862154464,8.14999999999998
SRCBF,0.05,0.15,bias,5,1.5,0.12,arrived,0.1526742049944687,8.199999999999982
RCBF,0.05,0.15,bias,6,1.5,0.12,arrived,0.14827341479225198,11.850000000000033
SRCBF,0.05,0.15,bias,6,1.5,0.12,arrived,0.15446835869478903,11.900000000000034
RCBF,0.05,0.15,bias,7,1.5,0.12,arrived,0.10089178515576802,7.399999999999982
SRCBF,0.05,0.15,bias,7,1.5,0.12,arrived,0.105974260728945,7.4499999999999815
RCBF,0.05,0.15,bias,8,1.5,0.12,arrived,0.05154703232149771,7.299999999999982
SRCBF,0.05,0.15,bias,8,1.5,0.12,arrived,0.05489465357549583,7.299999999999982
RCBF,0.05,0.15,bias,9,1.5,0.12,arrived,0.1411199105531894,10.600000000000016
SRCBF,0.05,0.15,bias,9,1.5,0.12,arrived,0.14724900051368361,10.650000000000016
RCBF,0.05,0.15,bias,10,1.5,0.12,arrived,0.1092488627060001,9.600000000000001
SRCBF,0.05,0.15,bias,10,1.5,0.12,arrived,0.11442162721004501,9.650000000000002
RCBF,0.05,0.15,bias,11,1.5,0.12,arrived,0.10925999448288426,11.150000000000023
SRCBF,0.05,0.15,bias,11,1.5,0.12,arrived,0.1142453195974249,11.200000000000024
RCBF,0.05,0.15,bias,12,1.5,0.12,arrived,0.07727525120639611,7.199999999999982
SRCBF,0.05,0.15,bias,12,1.5,0.12,arrived,0.08158537200462257,7.199999999999982
RCBF,0.05,0.15,bias,13,1.5,0.12,arrived,0.12122893149215375,7.7499999999999805
SRCBF,0.05,0.15,bias,13,1.5,0.12,arrived,0.1269846558223171,7.7499999999999805
RCBF,0.05,0.15,bias,14,1.5,0.12,arrived,0.15463948867425958,11.900000000000034
SRCBF,0.05,0.15,bias,14,1.5,0.12,arrived,0.1610062323930911,11.950000000000035
RCBF,0.05,0.15,bias,15,1.5,0.12,arrived,0.14423798149560474,8.04999999999998
SRCBF,0.05,0.15,bias,15,1.5,0.12,arrived,0.15069733755819992,8.09999999999998
RCBF,0.05,0.15,bias,16,1.5,0.12,arrived,0.0762887946753823,13.70000000000006
SRCBF,0.05,0.15,bias,16,1.5,0.12,arrived,0.08014850524109629,13.75000000000006
RCBF,0.05,0.15,bias,17,1.5,0.12,arrived,0.07816228904541178,9.349999999999998
SRCBF,0.05,0.15,bias,17,1.5,0.12,arrived,0.08219996179904931,9.349999999999998
RCBF,0.05,0.15,bias,18,1.5,0.12,arrived,0.17512901462300523,9.099999999999994
SRCBF,0.05,0.15,bias,18,1.5,0.12,arrived,0.18202858915643771,9.099999999999994
RCBF,0.05,0.15,bias,19,1.5,0.12,arrived,0.08701501078045792,7.249999999999982
SRCBF,0.05,0.15,bias,19,1.5,0.12,arrived,0.09166890641372105,7.299999999999982
RCBF,0.05,0.15,inward,0,1.5,0.12,arrived,0.015297786680442349,10.100000000000009
SRCBF,0.05,0.15,inward,0,1.5,0.12,arrived,0.01656558496575944,10.100000000000009
RCBF,0.05,0.15,inward,1,1.5,0.12,arrived,0.016114852442725258,10.000000000000007
SRCBF,0.05,0.15,inward,1,1.5,0.12,arrived,0.01741432324117631,10.050000000000008
RCBF,0.05,0.15,inward,2,1.5,0.12,arrived,0.017655217117544586,9.900000000000006
SRCBF,0.05,0.15,inward,2,1.5,0.12,arrived,0.019005535811329133,9.900000000000006
RCBF,0.05,0.15,inward,3,1.5,0.12,arrived,0.018648702516167903,9.800000000000004
SRCBF,0.05,0.15,inward,3,1.5,0.12,arrived,0.020016035505201257,9.800000000000004
RCBF,0.05,0.15,inward,4,1.5,0.12,arrived,0.013171773275587828,10.300000000000011
SRCBF,0.05,0.15,inward,4,1.5,0.12,arrived,0.014320981354685847,10.300000000000011
RCBF,0.05,0.15,inward,5,1.5,0.12,arrived,0.014149814715096687,10.20000000000001
SRCBF,0.05,0.15,inward,5,1.5,0.12,arrived,0.015355807817796885,10.20000000000001
RCBF,0.05,0.15,inward,6,1.5,0.12,arrived,0.015944843558267974,10.000000000000007
SRCBF,0.05,0.15,inward,6,1.5,0.12,arrived,0.017238092783090075,10.050000000000008
RCBF,0.05,0.15,inward,7,1.5,0.12,arrived,0.015376204227062651,10.050000000000008
SRCBF,0.05,0.15,inward,7,1.5,0.12,arrived,0.016647231728708523,10.100000000000009
RCBF,0.05,0.15,inward,8,1.5,0.12,arrived,0.017268894042579808,9.900000000000006
SRCBF,0.05,0.15,inward,8,1.5,0.12,arrived,0.01860588518776707,9.950000000000006
RCBF,0.05,0.15,inward,9,1.5,0.12,arrived,0.013690005890664714,10.25000000000001
SRCBF,0.05,0.15,inward,9,1.5,0.12,arrived,0.014874598953539708,10.25000000000001
RCBF,0.05,0.15,inward,10,1.5,0.12,arrived,0.013075864499569767,10.300000000000011
SRCBF,0.05,0.15,inward,10,1.5,0.12,arrived,0.014220441920214766,10.300000000000011
RCBF,0.05,0.15,inward,11,1.5,0.12,arrived,0.018413124945410142,9.800000000000004
SRCBF,0.05,0.15,inward,11,1.5,0.12,arrived,0.019778822999104495,9.850000000000005
RCBF,0.05,0.15,inward,12,1.5,0.12,arrived,0.01771814041672326,9.850000000000005
SRCBF,0.05,0.15,inward,12,1.5,0.12,arrived,0.01907029226670831,9.900000000000006
RCBF,0.05,0.15,inward,13,1.5,0.12,arrived,0.013728515139523556,10.25000000000001
SRCBF,0.05,0.15,inward,13,1.5,0.12,arrived,0.014914946836896426,10.25000000000001
RCBF,0.05,0.15,inward,14,1.5,0.12,arrived,0.01396704071083954,10.20000000000001
SRCBF,0.05,0.15,inward,14,1.5,0.12,arrived,0.015164673205452783,10.20000000000001
RCBF,0.05,0.15,inward,15,1.5,0.12,arrived,0.014927039359490801,10.100000000000009
SRCBF,0.05,0.15,inward,15,1.5,0.12,arrived,0.016171543646415265,10.15000000000001
RCBF,0.05,0.15,inward,16,1.5,0.12,arrived,0.015757991705636853,10.050000000000008
SRCBF,0.05,0.15,inward,16,1.5,0.12,arrived,0.017044175113576587,10.050000000000008
RCBF,0.05,0.15,inward,17,1.5,0.12,arrived,0.013867716273487596,10.20000000000001
SRCBF,0.05,0.15,inward,17,1.5,0.12,arrived,0.015060724148401539,10.25000000000001
RCBF,0.05,0.15,inward,18,1.5,0.12,arrived,0.016826484271322717,9.950000000000006
SRCBF,0.05,0.15,inward,18,1.5,0.12,arrived,0.018149744403253343,9.950000000000006
RCBF,0.05,0.15,inward,19,1.5,0.12,arrived,0.016695141067705088,9.950000000000006
SRCBF,0.05,0.15,inward,19,1.5,0.12,arrived,0.01801429426741563,10.000000000000007
RCBF,0.05,0.45,bias,0,1.5,0.12,arrived,0.03303442563527026,8.949999999999992
SRCBF,0.05,0.45,bias,0,1.5,0.12,arrived,0.03493975372670666,8.999999999999993
RCBF,0.05,0.45,bias,1,1.5,0.12,arrived,0.12175657111384008,6.449999999999985
SRCBF,0.05,0.45,bias,1,1.5,0.12,arrived,0.12752014609487217,6.449999999999985
RCBF,0.05,0.45,bias,2,1.5,0.12,arrived,0.03968606354445525,9.149999999999995
SRCBF,0.05,0.45,bias,2,1.5,0.12,arrived,0.04216622483662269,9.149999999999995
RCBF,0.05,0.45,bias,3,1.5,0.12,arrived,0.031681339629621386,8.249999999999982
SRCBF,0.05,0.45,bias,3,1.5,0.12,arrived,0.03410716852419515,8.299999999999983
RCBF,0.05,0.45,bias,4,1.5,0.12,arrived,0.12969241057138836,9.900000000000006
SRCBF,0.05,0.45,bias,4,1.5,0.12,arrived,0.13585560039137368,9.900000000000006
RCBF,0.05,0.45,bias,5,1.5,0.12,arrived,0.1832214969708954,7.399999999999982
SRCBF,0.05,0.45,bias,5,1.5,0.12,arrived,0.19084247842119773,7.399999999999982
RCBF,0.05,0.45,bias,6,1.5,0.12,arrived,0.051565526483504986,9.650000000000002
SRCBF,0.05,0.45,bias,6,1.5,0.12,arrived,0.05473852286671421,9.700000000000003
RCBF,0.05,0.45,bias,7,1.5,0.12,arrived,0.14889105301987204,6.649999999999984
SRCBF,0.05,0.45,bias,7,1.5,0.12,arrived,0.15543024236514058,6.699999999999984
RCBF,0.05,0.45,bias,8,1.5,0.12,arrived,0.10362584981556688,6.399999999999985
SRCBF,0.05,0.45,bias,8,1.5,0.12,arrived,0.10888773478550895,6.399999999999985
RCBF,0.05,0.45,bias,9,1.5,0.12,arrived,0.03534896342582117,9.299999999999997
SRCBF,0.05,0.45,bias,9,1.5,0.12,arrived,0.03748571248784727,9.349999999999998
RCBF,0.05,0.45,bias,10,1.5,0.12,arrived,0.02711146896680927,8.249999999999982
SRCBF,0.05,0.45,bias,10,1.5,0.12,arrived,0.028944770159466393,8.299999999999983
RCBF,0.05,0.45,bias,11,1.5,0.12,arrived,0.12649684043749754,9.750000000000004
SRCBF,0.05,0.45,bias,11,1.5,0.12,arrived,0.13232434568950957,9.800000000000004
RCBF,0.05,0.45,bias,12,1.5,0.12,arrived,0.12740905558479454,6.449999999999985
SRCBF,0.05,0.45,bias,12,1.5,0.12,arrived,0.13332333166255916,6.449999999999985
RCBF,0.05,0.45,bias,13,1.5,0.12,arrived,0.16539270186908295,6.949999999999983
SRCBF,0.05,0.45,bias,13,1.5,0.12,arrived,0.1724816366435823,6.999999999999983
RCBF,0.05,0.45,bias,14,1.5,0.12,arrived,0.05735298372136721,9.900000000000006
SRCBF,0.05,0.45,bias,14,1.5,0.12,arrived,0.0604051941637298,9.950000000000006
RCBF,0.05,0.45,bias,15,1.5,0.12,arrived,0.18216851091176722,7.299999999999982
SRCBF,0.05,0.45,bias,15,1.5,0.12,arrived,0.18976158839020252,7.349999999999982
RCBF,0.05,0.45,bias,16,1.5,0.12,arrived,0.08896757830171687,9.950000000000006
SRCBF,0.05,0.45,bias,16,1.5,0.12,arrived,0.0933866046589521,10.000000000000007
RCBF,0.05,0.45,bias,17,1.5,0.12,arrived,0.030247406932352505,7.599999999999981
SRCBF,0.05,0.45,bias,17,1.5,0.12,arrived,0.032528832085332415,7.599999999999981
RCBF,0.05,0.45,bias,18,1.5,0.12,arrived,0.20056100371195096,8.349999999999984
SRCBF,0.05,0.45,bias,18,1.5,0.12,arrived,0.20874831017144024,8.399999999999984
RCBF,0.05,0.45,bias,19,1.5,0.12,arrived,0.13655903743408337,6.499999999999985
SRCBF,0.05,0.45,bias,19,1.5,0.12,arrived,0.1427753205512472,6.549999999999985
RCBF,0.05,0.45,inward,0,1.5,0.12,arrived,0.03551062376654179,8.899999999999991
SRCBF,0.05,0.45,inward,0,1.5,0.12,arrived,0.038006827043860714,8.949999999999992
RCBF,0.05,0.45,inward,1,1.5,0.12,arrived,0.036389435108237,8.899999999999991
SRCBF,0.05,0.45,inward,1,1.5,0.12,arrived,0.039262249643765235,8.899999999999991
RCBF,0.05,0.45,inward,2,1.5,0.12,arrived,0.038203735705797714,8.84999999999999
SRCBF,0.05,0.45,inward,2,1.5,0.12,arrived,0.04109574971630048,8.84999999999999
RCBF,0.05,0.45,inward,3,1.5,0.12,arrived,0.03928721020627246,8.84999999999999
SRCBF,0.05,0.45,inward,3,1.5,0.12,arrived,0.0423447231289833,8.84999999999999
RCBF,0.05,0.45,inward,4,1.5,0.12,arrived,0.03335528452341019,8.999999999999993
SRCBF,0.05,0.45,inward,4,1.5,0.12,arrived,0.03601522203857588,8.999999999999993
RCBF,0.05,0.45,inward,5,1.5,0.12,arrived,0.034450286115271456,8.949999999999992
SRCBF,0.05,0.45,inward,5,1.5,0.12,arrived,0.03711576754635937,8.949999999999992
RCBF,0.05,0.45,inward,6,1.5,0.12,arrived,0.036252991388021294,8.899999999999991
SRCBF,0.05,0.45,inward,6,1.5,0.12,arrived,0.03903295066664014,8.899999999999991
RCBF,0.05,0.45,inward,7,1.5,0.12,arrived,0.035619341032972374,8.899999999999991
SRCBF,0.05,0.45,inward,7,1.5,0.12,arrived,0.03809478209194894,8.949999999999992
RCBF,0.05,0.45,inward,8,1.5,0.12,arrived,0.03770546204647163,8.84999999999999
SRCBF,0.05,0.45,inward,8,1.5,0.12,arrived,0.04038237309836179,8.899999999999991
RCBF,0.05,0.45,inward,9,1.5,0.12,arrived,0.034035739524657216,8.949999999999992
SRCBF,0.05,0.45,inward,9,1.5,0.12,arrived,0.03645156587501586,8.999999999999993
RCBF,0.05,0.45,inward,10,1.5,0.12,arrived,0.03320972890278018,8.999999999999993
SRCBF,0.05,0.45,inward,10,1.5,0.12,arrived,0.03598207638835427,8.999999999999993
RCBF,0.05,0.45,inward,11,1.5,0.12,arrived,0.038796213518746736,8.84999999999999
SRCBF,0.05,0.45,inward,11,1.5,0.12,arrived,0.04212767695547126,8.84999999999999
RCBF,0.05,0.45,inward,12,1.5,0.12,arrived,0.03827260523845899,8.84999999999999
SRCBF,0.05,0.45,inward,12,1.5,0.12,arrived,0.041200146843788255,8.84999999999999
RCBF,0.05,0.45,inward,13,1.5,0.12,arrived,0.03407736586317256,8.949999999999992
SRCBF,0.05,0.45,inward,13,1.5,0.12,arrived,0.03651410234421215,8.999999999999993
RCBF,0.05,0.45,inward,14,1.5,0.12,arrived,0.03430698601463744,8.949999999999992
SRCBF,0.05,0.45,inward,14,1.5,0.12,arrived,0.036873221339170814,8.949999999999992
RCBF,0.05,0.45,inward,15,1.5,0.12,arrived,0.03492648387914177,8.949999999999992
SRCBF,0.05,0.45,inward,15,1.5,0.12,arrived,0.03783803368381755,8.949999999999992
RCBF,0.05,0.45,inward,16,1.5,0.12,arrived,0.036074809669165986,8.899999999999991
SRCBF,0.05,0.45,inward,16,1.5,0.12,arrived,0.03875409100519789,8.899999999999991
RCBF,0.05,0.45,inward,17,1.5,0.12,arrived,0.03421725556893018,8.949999999999992
SRCBF,0.05,0.45,inward,17,1.5,0.12,arrived,0.036729567515955464,8.949999999999992
RCBF,0.05,0.45,inward,18,1.5,0.12,arrived,0.0369884741792349,8.899999999999991
SRCBF,0.05,0.45,inward,18,1.5,0.12,arrived,0.03996184630190669,8.899999999999991
RCBF,0.05,0.45,inward,19,1.5,0.12,arrived,0.03674614977167745,8.899999999999991
SRCBF,0.05,0.45,inward,19,1.5,0.12,arrived,0.03986474326222744,8.899999999999991
RCBF,0.1,0.15,bias,0,1.5,0.12,arrived,0.13010435300303236,10.599999999999978
SRCBF,0.1,0.15,bias,0,1.5,0.12,arrived,0.14188393647783903,10.599999999999978
RCBF,0.1,0.15,bias,1,1.5,0.12,arrived,0.07054032044777858,7.29999999999999
SRCBF,0.1,0.15,bias,1,1.5,0.12,arrived,0.07908173793797402,7.29999999999999
RCBF,0.1,0.15,bias,2,1.5,0.12,arrived,0.13240139235810533,11.299999999999976
SRCBF,0.1,0.15,bias,2,1.5,0.12,arrived,0.1441496528336963,11.399999999999975
RCBF,0.1,0.15,bias,3,1.5,0.12,arrived,0.10297874869394574,10.699999999999978
SRCBF,0.1,0.15,bias,3,1.5,0.12,arrived,0.11275151822709473,10.699999999999978
RCBF,0.1,0.15,bias,4,1.5,0.12,arrived,0.12369209282120364,11.499999999999975
SRCBF,0.1,0.15,bias,4,1.5,0.12,arrived,0.1340511711580099,11.599999999999975
RCBF,0.1,0.15,bias,5,1.5,0.12,arrived,0.14779527325182562,8.199999999999987
SRCBF,0.1,0.15,bias,5,1.5,0.12,arrived,0.16134308733124714,8.199999999999987
RCBF,0.1,0.15,bias,6,1.5,0.12,arrived,0.14751579466426445,11.799999999999974
SRCBF,0.1,0.15,bias,6,1.5,0.12,arrived,0.1600713886017211,11.899999999999974
RCBF,0.1,0.15,bias,7,1.5,0.12,arrived,0.1016580515619614,7.39999999999999
SRCBF,0.1,0.15,bias,7,1.5,0.12,arrived,0.11220870988426423,7.499999999999989
RCBF,0.1,0.15,bias,8,1.5,0.12,arrived,0.052104865363763464,7.29999999999999
SRCBF,0.1,0.15,bias,8,1.5,0.12,arrived,0.059195607778434245,7.29999999999999
RCBF,0.1,0.15,bias,9,1.5,0.12,arrived,0.14031062113119985,10.599999999999978
SRCBF,0.1,0.15,bias,9,1.5,0.12,arrived,0.15281200980209464,10.699999999999978
RCBF,0.1,0.15,bias,10,1.5,0.12,arrived,0.10803839714185237,9.599999999999982
SRCBF,0.1,0.15,bias,10,1.5,0.12,arrived,0.11852402018890473,9.699999999999982
RCBF,0.1,0.15,bias,11,1.5,0.12,arrived,0.11883843846027287,11.099999999999977
SRCBF,0.1,0.15,bias,11,1.5,0.12,arrived,0.12829803754128433,11.199999999999976
RCBF,0.1,0.15,bias,12,1.5,0.12,arrived,0.07818869110911009,7.19999999999999
SRCBF,0.1,0.15,bias,12,1.5,0.12,arrived,0.08709276072766148,7.19999999999999
RCBF,0.1,0.15,bias,13,1.5,0.12,arrived,0.12218250448431456,7.699999999999989
SRCBF,0.1,0.15,bias,13,1.5,0.12,arrived,0.13400935095133393,7.799999999999988
RCBF,0.1,0.15,bias,14,1.5,0.12,arrived,0.15410490920473063,11.899999999999974
SRCBF,0.1,0.15,bias,14,1.5,0.12,arrived,0.1670627514516967,11.999999999999973
RCBF,0.1,0.15,bias,15,1.5,0.12,arrived,0.1459342542984957,7.999999999999988
SRCBF,0.1,0.15,bias,15,1.5,0.12,arrived,0.15926843656413048,8.099999999999987
RCBF,0.1,0.15,bias,16,1.5,0.12,arrived,0.08676005994694291,13.699999999999967
SRCBF,0.1,0.15,bias,16,1.5,0.12,arrived,0.09425084357686009,13.899999999999967
RCBF,0.1,0.15,bias,17,1.5,0.12,arrived,0.07668726096369227,9.399999999999983
SRCBF,0.1,0.15,bias,17,1.5,0.12,arrived,0.08486964218299164,9.399999999999983
RCBF,0.1,0.15,bias,18,1.5,0.12,arrived,0.1814626476543847,9.099999999999984
SRCBF,0.1,0.15,bias,18,1.5,0.12,arrived,0.19659258146822234,9.099999999999984
RCBF,0.1,0.15,bias,19,1.5,0.12,arrived,0.08783882579213287,7.29999999999999
SRCBF,0.1,0.15,bias,19,1.5,0.12,arrived,0.09742206842505796,7.29999999999999
RCBF,0.1,0.15,inward,0,1.5,0.12,arrived,0.01929540864742718,9.99999999999998
SRCBF,0.1,0.15,inward,0,1.5,0.12,arrived,0.022603593327963134,10.09999999999998
RCBF,0.1,0.15,inward,1,1.5,0.12,arrived,0.020428057933018162,9.99999999999998
SRCBF,0.1,0.15,inward,1,1.5,0.12,arrived,0.02386798702325066,9.99999999999998
RCBF,0.1,0.15,inward,2,1.5,0.12,arrived,0.02272863478716558,9.799999999999981
SRCBF,0.1,0.15,inward,2,1.5,0.12,arrived,0.02641664469415206,9.89999999999998
RCBF,0.1,0.15,inward,3,1.5,0.12,arrived,0.024270013771962917,9.799999999999981
SRCBF,0.1,0.15,inward,3,1.5,0.12,arrived,0.028105193218968982,9.799999999999981
RCBF,0.1,0.15,inward,4,1.5,0.12,arrived,0.0163245185308879,10.29999999999998
SRCBF,0.1,0.15,inward,4,1.5,0.12,arrived,0.019281814523303353,10.29999999999998
RCBF,0.1,0.15,inward,5,1.5,0.12,arrived,0.017653207448241948,10.19999999999998
SRCBF,0.1,0.15,inward,5,1.5,0.12,arrived,0.020774814184043144,10.19999999999998
RCBF,0.1,0.15,inward,6,1.5,0.12,arrived,0.020188178372989474,9.99999999999998
SRCBF,0.1,0.15,inward,6,1.5,0.12,arrived,0.023600713711288024,9.99999999999998
RCBF,0.1,0.15,inward,7,1.5,0.12,arrived,0.019401988089659206,9.99999999999998
SRCBF,0.1,0.15,inward,7,1.5,0.12,arrived,0.02272282560179384,10.09999999999998
RCBF,0.1,0.15,inward,8,1.5,0.12,arrived,0.02212541329162032,9.89999999999998
SRCBF,0.1,0.15,inward,8,1.5,0.12,arrived,0.025751018607063525,9.89999999999998
RCBF,0.1,0.15,inward,9,1.5,0.12,arrived,0.01701994069495405,10.19999999999998
SRCBF,0.1,0.15,inward,9,1.5,0.12,arrived,0.02006424961454567,10.19999999999998
RCBF,0.1,0.15,inward,10,1.5,0.12,arrived,0.0162022455278652,10.29999999999998
SRCBF,0.1,0.15,inward,10,1.5,0.12,arrived,0.01914401679128852,10.29999999999998
RCBF,0.1,0.15,inward,11,1.5,0.12,arrived,0.02390732762898906,9.799999999999981
SRCBF,0.1,0.15,inward,11,1.5,0.12,arrived,0.027705239186607056,9.799999999999981
RCBF,0.1,0.15,inward,12,1.5,0.12,arrived,0.02282821701585014,9.799999999999981
SRCBF,0.1,0.15,inward,12,1.5,0.12,arrived,0.026526341339804693,9.89999999999998
RCBF,0.1,0.15,inward,13,1.5,0.12,arrived,0.017072510193642088,10.19999999999998
SRCBF,0.1,0.15,inward,13,1.5,0.12,arrived,0.020123306891527304,10.19999999999998
RCBF,0.1,0.15,inward,14,1.5,0.12,arrived,0.017400003767793604,10.19999999999998
SRCBF,0.1,0.15,inward,14,1.5,0.12,arrived,0.020490928888195037,10.19999999999998
RCBF,0.1,0.15,inward,15,1.5,0.12,arrived,0.018760787979191895,10.09999999999998
SRCBF,0.1,0.15,inward,15,1.5,0.12,arrived,0.022012998838196074,10.09999999999998
RCBF,0.1,0.15,inward,16,1.5,0.12,arrived,0.019927168047804034,9.99999999999998
SRCBF,0.1,0.15,inward,16,1.5,0.12,arrived,0.023309583285033297,9.99999999999998
RCBF,0.1,0.15,inward,17,1.5,0.12,arrived,0.01726323440536981,10.19999999999998
SRCBF,0.1,0.15,inward,17,1.5,0.12,arrived,0.020337461605864027,10.19999999999998
RCBF,0.1,0.15,inward,18,1.5,0.12,arrived,0.021458995673641068,9.89999999999998
SRCBF,0.1,0.15,inward,18,1.5,0.12,arrived,0.025013439218204536,9.99999999999998
RCBF,0.1,0.15,inward,19,1.5,0.12,arrived,0.0212652717440468,9.89999999999998
SRCBF,0.1,0.15,inward,19,1.5,0.12,arrived,0.024798601780976592,9.99999999999998
RCBF,0.1,0.45,bias,0,1.5,0.12,arrived,0.04352503518242057,8.999999999999984
SRCBF,0.1,0.45,bias,0,1.5,0.12,arrived,0.04805935260495553,8.999999999999984
RCBF,0.1,0.45,bias,1,1.5,0.12,arrived,0.12700620144281527,6.499999999999993
SRCBF,0.1,0.45,bias,1,1.5,0.12,arrived,0.13909966775263394,6.499999999999993
RCBF,0.1,0.45,bias,2,1.5,0.12,arrived,0.05030307394471423,9.099999999999984
SRCBF,0.1,0.45,bias,2,1.5,0.12,arrived,0.054791620049882916,9.199999999999983
RCBF,0.1,0.45,bias,3,1.5,0.12,arrived,0.04184660010361163,8.299999999999986
SRCBF,0.1,0.45,bias,3,1.5,0.12,arrived,0.04689481715474886,8.299999999999986
RCBF,0.1,0.45,bias,4,1.5,0.12,arrived,0.13798047182979722,9.89999999999998
SRCBF,0.1,0.45,bias,4,1.5,0.12,arrived,0.14968680611256757,9.89999999999998
RCBF,0.1,0.45,bias,5,1.5,0.12,arrived,0.19013462209548337,7.39999999999999
SRCBF,0.1,0.45,bias,5,1.5,0.12,arrived,0.20608939971935847,7.39999999999999
RCBF,0.1,0.45,bias,6,1.5,0.12,arrived,0.06162566869054387,9.599999999999982
SRCBF,0.1,0.45,bias,6,1.5,0.12,arrived,0.06799904733161877,9.699999999999982
RCBF,0.1,0.45,bias,7,1.5,0.12,arrived,0.15475674078458157,6.699999999999992
SRCBF,0.1,0.45,bias,7,1.5,0.12,arrived,0.1685228169663785,6.699999999999992
RCBF,0.1,0.45,bias,8,1.5,0.12,arrived,0.10870875383855017,6.399999999999993
SRCBF,0.1,0.45,bias,8,1.5,0.12,arrived,0.11991425311215809,6.399999999999993
RCBF,0.1,0.45,bias,9,1.5,0.12,arrived,0.04600966775482529,9.299999999999983
SRCBF,0.1,0.45,bias,9,1.5,0.12,arrived,0.050514594310239413,9.399999999999983
RCBF,0.1,0.45,bias,10,1.5,0.12,arrived,0.03589745001671152,8.299999999999986
SRCBF,0.1,0.45,bias,10,1.5,0.12,arrived,0.04036411399044859,8.299999999999986
RCBF,0.1,0.45,bias,11,1.5,0.12,arrived,0.13416545982163242,9.699999999999982
SRCBF,0.1,0.45,bias,11,1.5,0.12,arrived,0.14621858355096518,9.799999999999981
RCBF,0.1,0.45,bias,12,1.5,0.12,arrived,0.13311390530110345,6.399999999999993
SRCBF,0.1,0.45,bias,12,1.5,0.12,arrived,0.1455019607920518,6.499999999999993
RCBF,0.1,0.45,bias,13,1.5,0.12,arrived,0.17195192056814856,6.999999999999991
SRCBF,0.1,0.45,bias,13,1.5,0.12,arrived,0.1865717280934004,6.999999999999991
RCBF,0.1,0.45,bias,14,1.5,0.12,arrived,0.06753990126452447,9.89999999999998
SRCBF,0.1,0.45,bias,14,1.5,0.12,arrived,0.07328729478887108,9.89999999999998
RCBF,0.1,0.45,bias,15,1.5,0.12,arrived,0.18883378010932383,7.29999999999999
SRCBF,0.1,0.45,bias,15,1.5,0.12,arrived,0.2046159851886673,7.29999999999999
RCBF,0.1,0.45,bias,16,1.5,0.12,arrived,0.09771304056061125,9.89999999999998
SRCBF,0.1,0.45,bias,16,1.5,0.12,arrived,0.10688784763186454,9.99999999999998
RCBF,0.1,0.45,bias,17,1.5,0.12,arrived,0.036795625970000745,7.599999999999989
SRCBF,0.1,0.45,bias,17,1.5,0.12,arrived,0.04209124401871622,7.599999999999989
RCBF,0.1,0.45,bias,18,1.5,0.12,arrived,0.20701253171578027,8.299999999999986
SRCBF,0.1,0.45,bias,18,1.5,0.12,arrived,0.2240183263086417,8.399999999999986
RCBF,0.1,0.45,bias,19,1.5,0.12,arrived,0.14230464034450685,6.499999999999993
SRCBF,0.1,0.45,bias,19,1.5,0.12,arrived,0.15524452833601632,6.499999999999993
RCBF,0.1,0.45,inward,0,1.5,0.12,arrived,0.045435887790889695,8.899999999999984
SRCBF,0.1,0.45,inward,0,1.5,0.12,arrived,0.05085146571103538,8.899999999999984
RCBF,0.1,0.45,inward,1,1.5,0.12,arrived,0.04638462407459831,8.799999999999985
SRCBF,0.1,0.45,inward,1,1.5,0.12,arrived,0.05176268335869072,8.899999999999984
RCBF,0.1,0.45,inward,2,1.5,0.12,arrived,0.04737724597061743,8.799999999999985
SRCBF,0.1,0.45,inward,2,1.5,0.12,arrived,0.05423247690061017,8.799999999999985
RCBF,0.1,0.45,inward,3,1.5,0.12,arrived,0.04858527654866618,8.799999999999985
SRCBF,0.1,0.45,inward,3,1.5,0.12,arrived,0.05498740520258505,8.799999999999985
RCBF,0.1,0.45,inward,4,1.5,0.12,arrived,0.04346773162693418,8.899999999999984
SRCBF,0.1,0.45,inward,4,1.5,0.12,arrived,0.04947375606970017,8.999999999999984
RCBF,0.1,0.45,inward,5,1.5,0.12,arrived,0.04403183478483641,8.899999999999984
SRCBF,0.1,0.45,inward,5,1.5,0.12,arrived,0.05011136536770222,8.899999999999984
RCBF,0.1,0.45,inward,6,1.5,0.12,arrived,0.046275876597775434,8.899999999999984
SRCBF,0.1,0.45,inward,6,1.5,0.12,arrived,0.051316157074224544,8.899999999999984
RCBF,0.1,0.45,inward,7,1.5,0.12,arrived,0.04560086710414779,8.899999999999984
SRCBF,0.1,0.45,inward,7,1.5,0.12,arrived,0.05090225510275126,8.899999999999984
RCBF,0.1,0.45,inward,8,1.5,0.12,arrived,0.04712490999687702,8.799999999999985
SRCBF,0.1,0.45,inward,8,1.5,0.12,arrived,0.05394406776695326,8.799999999999985
RCBF,0.1,0.45,inward,9,1.5,0.12,arrived,0.043768890028762164,8.899999999999984
SRCBF,0.1,0.45,inward,9,1.5,0.12,arrived,0.04981337715230483,8.899999999999984
RCBF,0.1,0.45,inward,10,1.5,0.12,arrived,0.043413322280153266,8.899999999999984
SRCBF,0.1,0.45,inward,10,1.5,0.12,arrived,0.04941258078654698,8.999999999999984
RCBF,0.1,0.45,inward,11,1.5,0.12,arrived,0.04793395835405667,8.799999999999985
SRCBF,0.1,0.45,inward,11,1.5,0.12,arrived,0.054806123778707305,8.799999999999985
RCBF,0.1,0.45,inward,12,1.5,0.12,arrived,0.04741842794328932,8.799999999999985
SRCBF,0.1,0.45,inward,12,1.5,0.12,arrived,0.054279658426940935,8.799999999999985
RCBF,0.1,0.45,inward,13,1.5,0.12,arrived,0.04379111045093864,8.899999999999984
SRCBF,0.1,0.45,inward,13,1.5,0.12,arrived,0.049838505131562294,8.899999999999984
RCBF,0.1,0.45,inward,14,1.5,0.12,arrived,0.04392791461781642,8.899999999999984
SRCBF,0.1,0.45,inward,14,1.5,0.12,arrived,0.04999342760518033,8.899999999999984
RCBF,0.1,0.45,inward,15,1.5,0.12,arrived,0.04458206745893378,8.899999999999984
SRCBF,0.1,0.45,inward,15,1.5,0.12,arrived,0.05061012305671497,8.899999999999984
RCBF,0.1,0.45,inward,16,1.5,0.12,arrived,0.0461562459251772,8.899999999999984
SRCBF,0.1,0.45,inward,16,1.5,0.12,arrived,0.05114849516353204,8.899999999999984
RCBF,0.1,0.45,inward,17,1.5,0.12,arrived,0.04387111734468019,8.899999999999984
SRCBF,0.1,0.45,inward,17,1.5,0.12,arrived,0.049929062397705226,8.899999999999984
RCBF,0.1,0.45,inward,18,1.5,0.12,arrived,0.04683995091286075,8.799999999999985
SRCBF,0.1,0.45,inward,18,1.5,0.12,arrived,0.05337186796538318,8.899999999999984
RCBF,0.1,0.45,inward,19,1.5,0.12,arrived,0.04675579650173356,8.799999999999985
SRCBF,0.1,0.45,inward,19,1.5,0.12,arrived,0.053106633962338945,8.899999999999984
RCBF,0.2,0.15,bias,0,1.5,0.12,arrived,0.12714993620183113,10.599999999999994
SRCBF,0.2,0.15,bias,0,1.5,0.12,arrived,0.15143686084632701,10.599999999999994
RCBF,0.2,0.15,bias,1,1.5,0.12,arrived,0.06860699097365375,7.400000000000004
SRCBF,0.2,0.15,bias,1,1.5,0.12,arrived,0.08638343637556334,7.400000000000004
RCBF,0.2,0.15,bias,2,1.5,0.12,arrived,0.12974688847711457,11.199999999999992
SRCBF,0.2,0.15,bias,2,1.5,0.12,arrived,0.15371006252061659,11.399999999999991
RCBF,0.2,0.15,bias,3,1.5,0.12,arrived,0.09979667749034282,10.599999999999994
SRCBF,0.2,0.15,bias,3,1.5,0.12,arrived,0.11979641855649859,10.799999999999994
RCBF,0.2,0.15,bias,4,1.5,0.12,arrived,0.1422598607201575,11.399999999999991
SRCBF,0.2,0.15,bias,4,1.5,0.12,arrived,0.16603851442990292,11.59999999999999
RCBF,0.2,0.15,bias,5,1.5,0.12,arrived,0.14722625140803258,8.200000000000003
SRCBF,0.2,0.15,bias,5,1.5,0.12,arrived,0.17622151457472512,8.200000000000003
RCBF,0.2,0.15,bias,6,1.5,0.12,arrived,0.14547270317276018,11.79999999999999
SRCBF,0.2,0.15,bias,6,1.5,0.12,arrived,0.17126258125360427,11.99999999999999
RCBF,0.2,0.15,bias,7,1.5,0.12,arrived,0.09993550376234184,7.400000000000004
SRCBF,0.2,0.15,bias,7,1.5,0.12,arrived,0.12246669916680897,7.600000000000004
RCBF,0.2,0.15,bias,8,1.5,0.12,arrived,0.05049929641730522,7.400000000000004
SRCBF,0.2,0.15,bias,8,1.5,0.12,arrived,0.0653775983177296,7.400000000000004
RCBF,0.2,0.15,bias,9,1.5,0.12,arrived,0.1376739777121747,10.599999999999994
SRCBF,0.2,0.15,bias,9,1.5,0.12,arrived,0.16337551941191053,10.799999999999994
RCBF,0.2,0.15,bias,10,1.5,0.12,arrived,0.10438315750533478,9.599999999999998
SRCBF,0.2,0.15,bias,10,1.5,0.12,arrived,0.1262406293618522,9.799999999999997
RCBF,0.2,0.15,bias,11,1.5,0.12,arrived,0.13631819539291212,10.999999999999993
SRCBF,0.2,0.15,bias,11,1.5,0.12,arrived,0.16025826652120723,11.199999999999992
RCBF,0.2,0.15,bias,12,1.5,0.12,arrived,0.07635013583888461,7.200000000000004
SRCBF,0.2,0.15,bias,12,1.5,0.12,arrived,0.09597502322670126,7.200000000000004
RCBF,0.2,0.15,bias,13,1.5,0.12,arrived,0.1205984912217517,7.800000000000004
SRCBF,0.2,0.15,bias,13,1.5,0.12,arrived,0.1460341073823156,7.800000000000004
RCBF,0.2,0.15,bias,14,1.5,0.12,arrived,0.15236264657011866,11.79999999999999
SRCBF,0.2,0.15,bias,14,1.5,0.12,arrived,0.1790559082208686,11.99999999999999
RCBF,0.2,0.15,bias,15,1.5,0.12,arrived,0.14535167873057508,8.000000000000004
SRCBF,0.2,0.15,bias,15,1.5,0.12,arrived,0.17416129905952737,8.200000000000003
RCBF,0.2,0.15,bias,16,1.5,0.12,arrived,0.10617725670304623,13.799999999999983
SRCBF,0.2,0.15,bias,16,1.5,0.12,arrived,0.12047975952563528,13.999999999999982
RCBF,0.2,0.15,bias,17,1.5,0.12,arrived,0.07302740763389004,9.399999999999999
SRCBF,0.2,0.15,bias,17,1.5,0.12,arrived,0.08980344190496525,9.599999999999998
RCBF,0.2,0.15,bias,18,1.5,0.12,arrived,0.18468642015869163,9.0
SRCBF,0.2,0.15,bias,18,1.5,0.12,arrived,0.21703606545902177,9.2
RCBF,0.2,0.15,bias,19,1.5,0.12,arrived,0.0859967453707634,7.200000000000004
SRCBF,0.2,0.15,bias,19,1.5,0.12,arrived,0.10682384872049822,7.400000000000004
RCBF,0.2,0.15,inward,0,1.5,0.12,arrived,0.021314253467287214,9.999999999999996
SRCBF,0.2,0.15,inward,0,1.5,0.12,arrived,0.029249250575633212,9.999999999999996
RCBF,0.2,0.15,inward,1,1.5,0.12,arrived,0.02272139364733694,9.999999999999996
SRCBF,0.2,0.15,inward,1,1.5,0.12,arrived,0.031060396810207447,9.999999999999996
RCBF,0.2,0.15,inward,2,1.5,0.12,arrived,0.025657120350703777,9.799999999999997
SRCBF,0.2,0.15,inward,2,1.5,0.12,arrived,0.03481274255816191,9.799999999999997
RCBF,0.2,0.15,inward,3,1.5,0.12,arrived,0.027801093774165286,9.599999999999998
SRCBF,0.2,0.15,inward,3,1.5,0.12,arrived,0.03719650406564612,9.799999999999997
RCBF,0.2,0.15,inward,4,1.5,0.12,arrived,0.01779564425789093,10.199999999999996
SRCBF,0.2,0.15,inward,4,1.5,0.12,arrived,0.02490968534136684,10.199999999999996
RCBF,0.2,0.15,inward,5,1.5,0.12,arrived,0.0194979423655105,9.999999999999996
SRCBF,0.2,0.15,inward,5,1.5,0.12,arrived,0.02690337360106554,10.199999999999996
RCBF,0.2,0.15,inward,6,1.5,0.12,arrived,0.022421513596943776,9.999999999999996
SRCBF,0.2,0.15,inward,6,1.5,0.12,arrived,0.03067468040706378,9.999999999999996
RCBF,0.2,0.15,inward,7,1.5,0.12,arrived,0.021445750017273668,9.999999999999996
SRCBF,0.2,0.15,inward,7,1.5,0.12,arrived,0.029418629987464806,9.999999999999996
RCBF,0.2,0.15,inward,8,1.5,0.12,arrived,0.024876085891563426,9.799999999999997
SRCBF,0.2,0.15,inward,8,1.5,0.12,arrived,0.03381883150510512,9.799999999999997
RCBF,0.2,0.15,inward,9,1.5,0.12,arrived,0.018745756052190754,10.199999999999996
SRCBF,0.2,0.15,inward,9,1.5,0.12,arrived,0.0260205601220167,10.199999999999996
RCBF,0.2,0.15,inward,10,1.5,0.12,arrived,0.01762945684832118,10.199999999999996
SRCBF,0.2,0.15,inward,10,1.5,0.12,arrived,0.024694128892431944,10.199999999999996
RCBF,0.2,0.15,inward,11,1.5,0.12,arrived,0.02727314151515048,9.799999999999997
SRCBF,0.2,0.15,inward,11,1.5,0.12,arrived,0.03665305919852013,9.799999999999997
RCBF,0.2,0.15,inward,12,1.5,0.12,arrived,0.025786894223260748,9.799999999999997
SRCBF,0.2,0.15,inward,12,1.5,0.12,arrived,0.03497756625620796,9.799999999999997
RCBF,0.2,0.15,inward,13,1.5,0.12,arrived,0.01881792624928169,10.199999999999996
SRCBF,0.2,0.15,inward,13,1.5,0.12,arrived,0.02609370131180666,10.199999999999996
RCBF,0.2,0.15,inward,14,1.5,0.12,arrived,0.01922495085875131,10.199999999999996
SRCBF,0.2,0.15,inward,14,1.5,0.12,arrived,0.026549906992069383,10.199999999999996
RCBF,0.2,0.15,inward,15,1.5,0.12,arrived,0.02070173471541603,9.999999999999996
SRCBF,0.2,0.15,inward,15,1.5,0.12,arrived,0.02845940765575139,9.999999999999996
RCBF,0.2,0.15,inward,16,1.5,0.12,arrived,0.022096396310127164,9.999999999999996
SRCBF,0.2,0.15,inward,16,1.5,0.12,arrived,0.03025603427800816,9.999999999999996
RCBF,0.2,0.15,inward,17,1.5,0.12,arrived,0.019077770099007685,10.199999999999996
SRCBF,0.2,0.15,inward,17,1.5,0.12,arrived,0.026359261321257654,10.199999999999996
RCBF,0.2,0.15,inward,18,1.5,0.12,arrived,0.024022894181101373,9.799999999999997
SRCBF,0.2,0.15,inward,18,1.5,0.12,arrived,0.03272939373907868,9.999999999999996
RCBF,0.2,0.15,inward,19,1.5,0.12,arrived,0.0237766827369148,9.799999999999997
SRCBF,0.2,0.15,inward,19,1.5,0.12,arrived,0.03241430761018438,9.999999999999996
RCBF,0.2,0.45,bias,0,1.5,0.12,arrived,0.05970928925897501,9.0
SRCBF,0.2,0.45,bias,0,1.5,0.12,arrived,0.07163212047782253,9.0
RCBF,0.2,0.45,bias,1,1.5,0.12,arrived,0.13111525683439174,6.400000000000003
SRCBF,0.2,0.45,bias,1,1.5,0.12,arrived,0.15806459747077062,6.600000000000003
RCBF,0.2,0.45,bias,2,1.5,0.12,arrived,0.06761576302680605,9.0
SRCBF,0.2,0.45,bias,2,1.5,0.12,arrived,0.0804345953734279,9.2
RCBF,0.2,0.45,bias,3,1.5,0.12,arrived,0.05516089874984764,8.200000000000003
SRCBF,0.2,0.45,bias,3,1.5,0.12,arrived,0.06775139794722607,8.400000000000002
RCBF,0.2,0.45,bias,4,1.5,0.12,arrived,0.15339778815728644,9.799999999999997
SRCBF,0.2,0.45,bias,4,1.5,0.12,arrived,0.18023716930420064,9.799999999999997
RCBF,0.2,0.45,bias,5,1.5,0.12,arrived,0.19927680415500504,7.400000000000004
SRCBF,0.2,0.45,bias,5,1.5,0.12,arrived,0.23275437625653295,7.400000000000004
RCBF,0.2,0.45,bias,6,1.5,0.12,arrived,0.0791986227127125,9.599999999999998
SRCBF,0.2,0.45,bias,6,1.5,0.12,arrived,0.09434501361569592,9.799999999999997
RCBF,0.2,0.45,bias,7,1.5,0.12,arrived,0.16020616270458055,6.600000000000003
SRCBF,0.2,0.45,bias,7,1.5,0.12,arrived,0.19022182533116327,6.800000000000003
RCBF,0.2,0.45,bias,8,1.5,0.12,arrived,0.11260420131749471,6.400000000000003
SRCBF,0.2,0.45,bias,8,1.5,0.12,arrived,0.13793927608076895,6.400000000000003
RCBF,0.2,0.45,bias,9,1.5,0.12,arrived,0.06370115381563468,9.399999999999999
SRCBF,0.2,0.45,bias,9,1.5,0.12,arrived,0.0756860852107305,9.399999999999999
RCBF,0.2,0.45,bias,10,1.5,0.12,arrived,0.04512503008357882,8.200000000000003
SRCBF,0.2,0.45,bias,10,1.5,0.12,arrived,0.05628397353882686,8.400000000000002
RCBF,0.2,0.45,bias,11,1.5,0.12,arrived,0.14805422969920423,9.599999999999998
SRCBF,0.2,0.45,bias,11,1.5,0.12,arrived,0.17604229969163498,9.799999999999997
RCBF,0.2,0.45,bias,12,1.5,0.12,arrived,0.13802680012192892,6.400000000000003
SRCBF,0.2,0.45,bias,12,1.5,0.12,arrived,0.16549328593573642,6.400000000000003
RCBF,0.2,0.45,bias,13,1.5,0.12,arrived,0.17830739000214646,7.0000000000000036
SRCBF,0.2,0.45,bias,13,1.5,0.12,arrived,0.21028277806282425,7.0000000000000036
RCBF,0.2,0.45,bias,14,1.5,0.12,arrived,0.08460848618866379,9.799999999999997
SRCBF,0.2,0.45,bias,14,1.5,0.12,arrived,0.10138764314580828,9.999999999999996
RCBF,0.2,0.45,bias,15,1.5,0.12,arrived,0.19813075765476984,7.200000000000004
SRCBF,0.2,0.45,bias,15,1.5,0.12,arrived,0.23121227871206074,7.400000000000004
RCBF,0.2,0.45,bias,16,1.5,0.12,arrived,0.11380875850598382,9.799999999999997
SRCBF,0.2,0.45,bias,16,1.5,0.12,arrived,0.13509243434044926,9.999999999999996
RCBF,0.2,0.45,bias,17,1.5,0.12,arrived,0.04321317844283268,7.600000000000004
SRCBF,0.2,0.45,bias,17,1.5,0.12,arrived,0.05564303773880197,7.600000000000004
RCBF,0.2,0.45,bias,18,1.5,0.12,arrived,0.2199387357287217,8.200000000000003
SRCBF,0.2,0.45,bias,18,1.5,0.12,arrived,0.2542206869622301,8.400000000000002
RCBF,0.2,0.45,bias,19,1.5,0.12,arrived,0.1473685019564892,6.400000000000003
SRCBF,0.2,0.45,bias,19,1.5,0.12,arrived,0.17584863449031363,6.600000000000003
RCBF,0.2,0.45,inward,0,1.5,0.12,arrived,0.05928621852636062,8.8
SRCBF,0.2,0.45,inward,0,1.5,0.12,arrived,0.07425176448915838,8.8
RCBF,0.2,0.45,inward,1,1.5,0.12,arrived,0.06033142757909005,8.8
SRCBF,0.2,0.45,inward,1,1.5,0.12,arrived,0.07541557332975113,8.8
RCBF,0.2,0.45,inward,2,1.5,0.12,arrived,0.062365163755979225,8.600000000000001
SRCBF,0.2,0.45,inward,2,1.5,0.12,arrived,0.0776559085651507,8.8
RCBF,0.2,0.45,inward,3,1.5,0.12,arrived,0.06374850884845584,8.600000000000001
SRCBF,0.2,0.45,inward,3,1.5,0.12,arrived,0.07916107068061617,8.8
RCBF,0.2,0.45,inward,4,1.5,0.12,arrived,0.05665667587837164,8.8
SRCBF,0.2,0.45,inward,4,1.5,0.12,arrived,0.07128774617245004,8.8
RCBF,0.2,0.45,inward,5,1.5,0.12,arrived,0.057854950685014894,8.8
SRCBF,0.2,0.45,inward,5,1.5,0.12,arrived,0.07264475717940655,8.8
RCBF,0.2,0.45,inward,6,1.5,0.12,arrived,0.060112917086113105,8.8
SRCBF,0.2,0.45,inward,6,1.5,0.12,arrived,0.07517295680816882,8.8
RCBF,0.2,0.45,inward,7,1.5,0.12,arrived,0.05938610236246744,8.8
SRCBF,0.2,0.45,inward,7,1.5,0.12,arrived,0.07436334044794923,8.8
RCBF,0.2,0.45,inward,8,1.5,0.12,arrived,0.06184133012892279,8.600000000000001
SRCBF,0.2,0.45,inward,8,1.5,0.12,arrived,0.07708195802888584,8.8
RCBF,0.2,0.45,inward,9,1.5,0.12,arrived,0.0572910569089331,8.8
SRCBF,0.2,0.45,inward,9,1.5,0.12,arrived,0.07200746635281674,8.8
RCBF,0.2,0.45,inward,10,1.5,0.12,arrived,0.05654332460131728,8.8
SRCBF,0.2,0.45,inward,10,1.5,0.12,arrived,0.07115884029007125,8.8
RCBF,0.2,0.45,inward,11,1.5,0.12,arrived,0.06341474804037095,8.600000000000001
SRCBF,0.2,0.45,inward,11,1.5,0.12,arrived,0.078799329841031,8.8
RCBF,0.2,0.45,inward,12,1.5,0.12,arrived,0.06245110725500913,8.600000000000001
SRCBF,0.2,0.45,inward,12,1.5,0.12,arrived,0.07774986688088448,8.8
RCBF,0.2,0.45,inward,13,1.5,0.12,arrived,0.05733834174696162,8.8
SRCBF,0.2,0.45,inward,13,1.5,0.12,arrived,0.07206099512292552,8.8
RCBF,0.2,0.45,inward,14,1.5,0.12,arrived,0.05763094576730199,8.8
SRCBF,0.2,0.45,inward,14,1.5,0.12,arrived,0.07239187428480764,8.8
RCBF,0.2,0.45,inward,15,1.5,0.12,arrived,0.058814551229129264,8.8
SRCBF,0.2,0.45,inward,15,1.5,0.12,arrived,0.07372387096680033,8.8
RCBF,0.2,0.45,inward,16,1.5,0.12,arrived,0.05987349033038325,8.8
SRCBF,0.2,0.45,inward,16,1.5,0.12,arrived,0.074906697355549,8.8
RCBF,0.2,0.45,inward,17,1.5,0.12,arrived,0.0575091525039515,8.8
SRCBF,0.2,0.45,inward,17,1.5,0.12,arrived,0.0722542254422468,8.8
RCBF,0.2,0.45,inward,18,1.5,0.12,arrived,0.06125543194140992,8.8
SRCBF,0.2,0.45,inward,18,1.5,0.12,arrived,0.07643744564134214,8.8
RCBF,0.2,0.45,inward,19,1.5,0.12,arrived,0.06108353628017771,8.8
SRCBF,0.2,0.45,inward,19,1.5,0.12,arrived,0.07624784420827702,8.8
RCBF,0.3,0.15,bias,0,1.5,0.12,arrived,0.12334317636226289,10.500000000000004
SRCBF,0.3,0.15,bias,0,1.5,0.12,arrived,0.16080285405653427,10.800000000000004
RCBF,0.3,0.15,bias,1,1.5,0.12,arrived,0.06446830143881255,7.499999999999997
SRCBF,0.3,0.15,bias,1,1.5,0.12,arrived,0.09221918622931824,7.499999999999997
RCBF,0.3,0.15,bias,2,1.5,0.12,arrived,0.12646309951729806,11.400000000000006
SRCBF,0.3,0.15,bias,2,1.5,0.12,arrived,0.1635127764590616,11.400000000000006
RCBF,0.3,0.15,bias,3,1.5,0.12,arrived,0.09620745655791973,10.800000000000004
SRCBF,0.3,0.15,bias,3,1.5,0.12,arrived,0.12688375257693063,10.800000000000004
RCBF,0.3,0.15,bias,4,1.5,0.12,arrived,0.1586826473784153,11.400000000000006
SRCBF,0.3,0.15,bias,4,1.5,0.12,arrived,0.19580458369287757,11.700000000000006
RCBF,0.3,0.15,bias,5,1.5,0.12,arrived,0.14481932791118635,8.099999999999998
SRCBF,0.3,0.15,bias,5,1.5,0.12,arrived,0.18794531330497144,8.399999999999999
RCBF,0.3,0.15,bias,6,1.5,0.12,arrived,0.14316836326343296,11.700000000000006
SRCBF,0.3,0.15,bias,6,1.5,0.12,arrived,0.18273393303473717,12.000000000000007
RCBF,0.3,0.15,bias,7,1.5,0.12,arrived,0.09627378363429917,7.499999999999997
SRCBF,0.3,0.15,bias,7,1.5,0.12,arrived,0.12989510257197912,7.499999999999997
RCBF,0.3,0.15,bias,8,1.5,0.12,arrived,0.04623099890471416,7.499999999999997
SRCBF,0.3,0.15,bias,8,1.5,0.12,arrived,0.06998443181386038,7.499999999999997
RCBF,0.3,0.15,bias,9,1.5,0.12,arrived,0.13398087271149062,10.500000000000004
SRCBF,0.3,0.15,bias,9,1.5,0.12,arrived,0.1738551292421654,10.800000000000004
RCBF,0.3,0.15,bias,10,1.5,0.12,arrived,0.10009286021826436,9.600000000000001
SRCBF,0.3,0.15,bias,10,1.5,0.12,arrived,0.1336087557330793,9.900000000000002
RCBF,0.3,0.15,bias,11,1.5,0.12,arrived,0.15155068654916337,11.100000000000005
SRCBF,0.3,0.15,bias,11,1.5,0.12,arrived,0.18692290962882352,11.400000000000006
RCBF,0.3,0.15,bias,12,1.5,0.12,arrived,0.07316901462576697,7.1999999999999975
SRCBF,0.3,0.15,bias,12,1.5,0.12,arrived,0.1017095515677805,7.499999999999997
RCBF,0.3,0.15,bias,13,1.5,0.12,arrived,0.11723307424890916,7.799999999999997
SRCBF,0.3,0.15,bias,13,1.5,0.12,arrived,0.1548917494195996,7.799999999999997
RCBF,0.3,0.15,bias,14,1.5,0.12,arrived,0.15026092948199532,12.000000000000007
SRCBF,0.3,0.15,bias,14,1.5,0.12,arrived,0.19117601865969336,12.000000000000007
RCBF,0.3,0.15,bias,15,1.5,0.12,arrived,0.1427612447096328,8.099999999999998
SRCBF,0.3,0.15,bias,15,1.5,0.12,arrived,0.1856882408423588,8.099999999999998
RCBF,0.3,0.15,bias,16,1.5,0.12,arrived,0.121199346322162,13.800000000000011
SRCBF,0.3,0.15,bias,16,1.5,0.12,arrived,0.14826778906691196,14.400000000000013
RCBF,0.3,0.15,bias,17,1.5,0.12,arrived,0.0688060714516785,9.3
SRCBF,0.3,0.15,bias,17,1.5,0.12,arrived,0.0941402706020118,9.600000000000001
RCBF,0.3,0.15,bias,18,1.5,0.12,arrived,0.18335676986400895,9.0
SRCBF,0.3,0.15,bias,18,1.5,0.12,arrived,0.23497067512329717,9.0
RCBF,0.3,0.15,bias,19,1.5,0.12,arrived,0.082620233350855,7.1999999999999975
SRCBF,0.3,0.15,bias,19,1.5,0.12,arrived,0.11319819585703139,7.499999999999997
RCBF,0.3,0.15,inward,0,1.5,0.12,arrived,0.020662789773632784,9.900000000000002
SRCBF,0.3,0.15,inward,0,1.5,0.12,arrived,0.033659257709875545,9.900000000000002
RCBF,0.3,0.15,inward,1,1.5,0.12,arrived,0.022002378800186184,9.900000000000002
SRCBF,0.3,0.15,inward,1,1.5,0.12,arrived,0.03561321257512884,9.900000000000002
RCBF,0.3,0.15,inward,2,1.5,0.12,arrived,0.02479699249470535,9.600000000000001
SRCBF,0.3,0.15,inward,2,1.5,0.12,arrived,0.03967723433992032,9.900000000000002
RCBF,0.3,0.15,inward,3,1.5,0.12,arrived,0.026854577434845095,9.600000000000001
SRCBF,0.3,0.15,inward,3,1.5,0.12,arrived,0.04265164568752444,9.600000000000001
RCBF,0.3,0.15,inward,4,1.5,0.12,arrived,0.016699452135891746,10.200000000000003
SRCBF,0.3,0.15,inward,4,1.5,0.12,arrived,0.028287990471703273,10.200000000000003
RCBF,0.3,0.15,inward,5,1.5,0.12,arrived,0.01858079833947235,9.900000000000002
SRCBF,0.3,0.15,inward,5,1.5,0.12,arrived,0.031073627334253784,10.200000000000003
RCBF,0.3,0.15,inward,6,1.5,0.12,arrived,0.021717248709368975,9.900000000000002
SRCBF,0.3,0.15,inward,6,1.5,0.12,arrived,0.035197484197734163,9.900000000000002
RCBF,0.3,0.15,inward,7,1.5,0.12,arrived,0.02078822274566705,9.900000000000002
SRCBF,0.3,0.15,inward,7,1.5,0.12,arrived,0.03384227236090054,9.900000000000002
RCBF,0.3,0.15,inward,8,1.5,0.12,arrived,0.024051859516171947,9.600000000000001
SRCBF,0.3,0.15,inward,8,1.5,0.12,arrived,0.03859597216223476,9.900000000000002
RCBF,0.3,0.15,inward,9,1.5,0.12,arrived,0.017677856485212362,10.200000000000003
SRCBF,0.3,0.15,inward,9,1.5,0.12,arrived,0.02973962451316925,10.200000000000003
RCBF,0.3,0.15,inward,10,1.5,0.12,arrived,0.016528784778141015,10.200000000000003
SRCBF,0.3,0.15,inward,10,1.5,0.12,arrived,0.028034112321782545,10.200000000000003
RCBF,0.3,0.15,inward,11,1.5,0.12,arrived,0.026345937708622258,9.600000000000001
SRCBF,0.3,0.15,inward,11,1.5,0.12,arrived,0.0419180367698585,9.600000000000001
RCBF,0.3,0.15,inward,12,1.5,0.12,arrived,0.024920992238664175,9.600000000000001
SRCBF,0.3,0.15,inward,12,1.5,0.12,arrived,0.03985697356043061,9.900000000000002
RCBF,0.3,0.15,inward,13,1.5,0.12,arrived,0.017752367976129224,10.200000000000003
SRCBF,0.3,0.15,inward,13,1.5,0.12,arrived,0.0298499122343564,10.200000000000003
RCBF,0.3,0.15,inward,14,1.5,0.12,arrived,0.01821835362848301,10.200000000000003
SRCBF,0.3,0.15,inward,14,1.5,0.12,arrived,0.03053880106875373,10.200000000000003
RCBF,0.3,0.15,inward,15,1.5,0.12,arrived,0.02007738814104465,9.900000000000002
SRCBF,0.3,0.15,inward,15,1.5,0.12,arrived,0.032805162023975876,10.200000000000003
RCBF,0.3,0.15,inward,16,1.5,0.12,arrived,0.021407971072852527,9.900000000000002
SRCBF,0.3,0.15,inward,16,1.5,0.12,arrived,0.03474641678109247,9.900000000000002
RCBF,0.3,0.15,inward,17,1.5,0.12,arrived,0.01802336676126215,10.200000000000003
SRCBF,0.3,0.15,inward,17,1.5,0.12,arrived,0.030250717934267923,10.200000000000003
RCBF,0.3,0.15,inward,18,1.5,0.12,arrived,0.023239665277572263,9.900000000000002
SRCBF,0.3,0.15,inward,18,1.5,0.12,arrived,0.03741528532511418,9.900000000000002
RCBF,0.3,0.15,inward,19,1.5,0.12,arrived,0.023005520060848772,9.900000000000002
SRCBF,0.3,0.15,inward,19,1.5,0.12,arrived,0.03707454561087753,9.900000000000002
RCBF,0.3,0.45,bias,0,1.5,0.12,arrived,0.06728054839455533,9.0
SRCBF,0.3,0.45,bias,0,1.5,0.12,arrived,0.08822821502448797,9.0
RCBF,0.3,0.45,bias,1,1.5,0.12,arrived,0.13058017420437207,6.599999999999998
SRCBF,0.3,0.45,bias,1,1.5,0.12,arrived,0.1722012748895626,6.599999999999998
RCBF,0.3,0.45,bias,2,1.5,0.12,arrived,0.07803259688766373,9.0
SRCBF,0.3,0.45,bias,2,1.5,0.12,arrived,0.10098829922070296,9.3
RCBF,0.3,0.45,bias,3,1.5,0.12,arrived,0.06033307909348529,8.099999999999998
SRCBF,0.3,0.45,bias,3,1.5,0.12,arrived,0.08188514062544394,8.399999999999999
RCBF,0.3,0.45,bias,4,1.5,0.12,arrived,0.16784450005058882,9.600000000000001
SRCBF,0.3,0.45,bias,4,1.5,0.12,arrived,0.2068305046139849,9.900000000000002
RCBF,0.3,0.45,bias,5,1.5,0.12,arrived,0.20090060422371825,7.1999999999999975
SRCBF,0.3,0.45,bias,5,1.5,0.12,arrived,0.25609159149694904,7.499999999999997
RCBF,0.3,0.45,bias,6,1.5,0.12,arrived,0.09397737321145505,9.600000000000001
SRCBF,0.3,0.45,bias,6,1.5,0.12,arrived,0.1189759570825526,9.600000000000001
RCBF,0.3,0.45,bias,7,1.5,0.12,arrived,0.1600065891579724,6.599999999999998
SRCBF,0.3,0.45,bias,7,1.5,0.12,arrived,0.20724012836321637,6.599999999999998
RCBF,0.3,0.45,bias,8,1.5,0.12,arrived,0.11181407269783017,6.299999999999998
SRCBF,0.3,0.45,bias,8,1.5,0.12,arrived,0.15073497917367218,6.599999999999998
RCBF,0.3,0.45,bias,9,1.5,0.12,arrived,0.07277533932845459,9.3
SRCBF,0.3,0.45,bias,9,1.5,0.12,arrived,0.09383686115531886,9.3
RCBF,0.3,0.45,bias,10,1.5,0.12,arrived,0.049090270230355726,8.399999999999999
SRCBF,0.3,0.45,bias,10,1.5,0.12,arrived,0.06721642748785817,8.399999999999999
RCBF,0.3,0.45,bias,11,1.5,0.12,arrived,0.16011831872922722,9.600000000000001
SRCBF,0.3,0.45,bias,11,1.5,0.12,arrived,0.2069484763576579,9.600000000000001
RCBF,0.3,0.45,bias,12,1.5,0.12,arrived,0.13780812154671396,6.299999999999998
SRCBF,0.3,0.45,bias,12,1.5,0.12,arrived,0.18069860216199252,6.599999999999998
RCBF,0.3,0.45,bias,13,1.5,0.12,arrived,0.17792100370329922,6.899999999999998
SRCBF,0.3,0.45,bias,13,1.5,0.12,arrived,0.22961601286345545,6.899999999999998
RCBF,0.3,0.45,bias,14,1.5,0.12,arrived,0.10004104182674534,9.900000000000002
SRCBF,0.3,0.45,bias,14,1.5,0.12,arrived,0.12546334440667384,9.900000000000002
RCBF,0.3,0.45,bias,15,1.5,0.12,arrived,0.1994289510118843,7.1999999999999975
SRCBF,0.3,0.45,bias,15,1.5,0.12,arrived,0.2548191585443682,7.1999999999999975
RCBF,0.3,0.45,bias,16,1.5,0.12,arrived,0.12944411791782862,9.900000000000002
SRCBF,0.3,0.45,bias,16,1.5,0.12,arrived,0.16016677629935583,9.900000000000002
RCBF,0.3,0.45,bias,17,1.5,0.12,arrived,0.04449579519466207,7.499999999999997
SRCBF,0.3,0.45,bias,17,1.5,0.12,arrived,0.06455319964337924,7.799999999999997
RCBF,0.3,0.45,bias,18,1.5,0.12,arrived,0.2267569116239163,8.099999999999998
SRCBF,0.3,0.45,bias,18,1.5,0.12,arrived,0.28351860071108037,8.399999999999999
RCBF,0.3,0.45,bias,19,1.5,0.12,arrived,0.1471825121160265,6.599999999999998
SRCBF,0.3,0.45,bias,19,1.5,0.12,arrived,0.1917487247182752,6.599999999999998
RCBF,0.3,0.45,inward,0,1.5,0.12,arrived,0.0633309337084067,8.7
SRCBF,0.3,0.45,inward,0,1.5,0.12,arrived,0.09018851286410678,8.7
RCBF,0.3,0.45,inward,1,1.5,0.12,arrived,0.06467100887460708,8.7
SRCBF,0.3,0.45,inward,1,1.5,0.12,arrived,0.09187944518088875,8.7
RCBF,0.3,0.45,inward,2,1.5,0.12,arrived,0.06731407195122985,8.7
SRCBF,0.3,0.45,inward,2,1.5,0.12,arrived,0.09517511601095052,8.7
RCBF,0.3,0.45,inward,3,1.5,0.12,arrived,0.0691403405290133,8.399999999999999
SRCBF,0.3,0.45,inward,3,1.5,0.12,arrived,0.09742155415158904,8.7
RCBF,0.3,0.45,inward,4,1.5,0.12,arrived,0.0600106743512967,8.7
SRCBF,0.3,0.45,inward,4,1.5,0.12,arrived,0.08597312903644849,8.7
RCBF,0.3,0.45,inward,5,1.5,0.12,arrived,0.06151491227499717,8.7
SRCBF,0.3,0.45,inward,5,1.5,0.12,arrived,0.08787576222340154,8.7
RCBF,0.3,0.45,inward,6,1.5,0.12,arrived,0.06438985665159225,8.7
SRCBF,0.3,0.45,inward,6,1.5,0.12,arrived,0.09152579153488027,8.7
RCBF,0.3,0.45,inward,7,1.5,0.12,arrived,0.06345847945327598,8.7
SRCBF,0.3,0.45,inward,7,1.5,0.12,arrived,0.09035002805448467,8.7
RCBF,0.3,0.45,inward,8,1.5,0.12,arrived,0.06662864890357645,8.7
SRCBF,0.3,0.45,inward,8,1.5,0.12,arrived,0.09432549577152993,8.7
RCBF,0.3,0.45,inward,9,1.5,0.12,arrived,0.06080524645617402,8.7
SRCBF,0.3,0.45,inward,9,1.5,0.12,arrived,0.08697878868974829,8.7
RCBF,0.3,0.45,inward,10,1.5,0.12,arrived,0.05986911731919886,8.7
SRCBF,0.3,0.45,inward,10,1.5,0.12,arrived,0.08579349236604727,8.7
RCBF,0.3,0.45,inward,11,1.5,0.12,arrived,0.06869751956065806,8.7
SRCBF,0.3,0.45,inward,11,1.5,0.12,arrived,0.0968791716607843,8.7
RCBF,0.3,0.45,inward,12,1.5,0.12,arrived,0.06742684308427016,8.7
SRCBF,0.3,0.45,inward,12,1.5,0.12,arrived,0.09531456276828132,8.7
RCBF,0.3,0.45,inward,13,1.5,0.12,arrived,0.060864631665616065,8.7
SRCBF,0.3,0.45,inward,13,1.5,0.12,arrived,0.0870537680775596,8.7
RCBF,0.3,0.45,inward,14,1.5,0.12,arrived,0.06123261446054462,8.7
SRCBF,0.3,0.45,inward,14,1.5,0.12,arrived,0.0875178116532287,8.7
RCBF,0.3,0.45,inward,15,1.5,0.12,arrived,0.06273008935476443,8.7
SRCBF,0.3,0.45,inward,15,1.5,0.12,arrived,0.0894260211751099,8.7
RCBF,0.3,0.45,inward,16,1.5,0.12,arrived,0.06408240176741653,8.7
SRCBF,0.3,0.45,inward,16,1.5,0.12,arrived,0.09113837725975626,8.7
RCBF,0.3,0.45,inward,17,1.5,0.12,arrived,0.061079340665875614,8.7
SRCBF,0.3,0.45,inward,17,1.5,0.12,arrived,0.08732464550151642,8.7
RCBF,0.3,0.45,inward,18,1.5,0.12,arrived,0.06586587886925344,8.7
SRCBF,0.3,0.45,inward,18,1.5,0.12,arrived,0.09337584202670346,8.7
RCBF,0.3,0.45,inward,19,1.5,0.12,arrived,0.0656428522314495,8.7
SRCBF,0.3,0.45,inward,19,1.5,0.12,arrived,0.09309734651290347,8.7
RCBF,0.4,0.15,bias,0,1.5,0.12,arrived,0.11911013580776153,10.400000000000004
SRCBF,0.4,0.15,bias,0,1.5,0.12,arrived,0.16969440377430067,10.800000000000004
RCBF,0.4,0.15,bias,1,1.5,0.12,arrived,0.05772555298899262,7.200000000000002
SRCBF,0.4,0.15,bias,1,1.5,0.12,arrived,0.09786550575677566,7.600000000000002
RCBF,0.4,0.15,bias,2,1.5,0.12,arrived,0.12338077354178989,11.200000000000005
SRCBF,0.4,0.15,bias,2,1.5,0.12,arrived,0.17349255974177258,11.600000000000005
RCBF,0.4,0.15,bias,3,1.5,0.12,arrived,0.09270944031802675,10.800000000000004
SRCBF,0.4,0.15,bias,3,1.5,0.12,arrived,0.1337342466160063,10.800000000000004
RCBF,0.4,0.15,bias,4,1.5,0.12,arrived,0.16613687569931368,11.200000000000005
SRCBF,0.4,0.15,bias,4,1.5,0.12,arrived,0.2229519229518382,11.600000000000005
RCBF,0.4,0.15,bias,5,1.5,0.12,arrived,0.13826682031381987,8.000000000000002
SRCBF,0.4,0.15,bias,5,1.5,0.12,arrived,0.19953399380398051,8.400000000000002
RCBF,0.4,0.15,bias,6,1.5,0.12,arrived,0.14009170835451845,11.600000000000005
SRCBF,0.4,0.15,bias,6,1.5,0.12,arrived,0.1943034189509769,12.000000000000005
RCBF,0.4,0.15,bias,7,1.5,0.12,arrived,0.08929362186903333,7.600000000000002
SRCBF,0.4,0.15,bias,7,1.5,0.12,arrived,0.1380087909612745,7.600000000000002
RCBF,0.4,0.15,bias,8,1.5,0.12,arrived,0.04101553654161827,7.600000000000002
SRCBF,0.4,0.15,bias,8,1.5,0.12,arrived,0.07284214996377447,7.600000000000002
RCBF,0.4,0.15,bias,9,1.5,0.12,arrived,0.12982099152978666,10.400000000000004
SRCBF,0.4,0.15,bias,9,1.5,0.12,arrived,0.1838174053789592,10.800000000000004
RCBF,0.4,0.15,bias,10,1.5,0.12,arrived,0.09518312144081209,9.600000000000003
SRCBF,0.4,0.15,bias,10,1.5,0.12,arrived,0.14074650766729502,10.000000000000004
RCBF,0.4,0.15,bias,11,1.5,0.12,arrived,0.16421799523872704,10.800000000000004
SRCBF,0.4,0.15,bias,11,1.5,0.12,arrived,0.21659306292512448,11.200000000000005
RCBF,0.4,0.15,bias,12,1.5,0.12,arrived,0.06566287965042217,7.200000000000002
SRCBF,0.4,0.15,bias,12,1.5,0.12,arrived,0.10887899416015834,7.600000000000002
RCBF,0.4,0.15,bias,13,1.5,0.12,arrived,0.11048274537099911,7.600000000000002
SRCBF,0.4,0.15,bias,13,1.5,0.12,arrived,0.16453173635553664,8.000000000000002
RCBF,0.4,0.15,bias,14,1.5,0.12,arrived,0.14743521910438073,12.000000000000005
SRCBF,0.4,0.15,bias,14,1.5,0.12,arrived,0.20367054770390558,12.000000000000005
RCBF,0.4,0.15,bias,15,1.5,0.12,arrived,0.13649635278894523,8.000000000000002
SRCBF,0.4,0.15,bias,15,1.5,0.12,arrived,0.19699121887896642,8.400000000000002
RCBF,0.4,0.15,bias,16,1.5,0.12,arrived,0.13272823781518228,14.000000000000007
SRCBF,0.4,0.15,bias,16,1.5,0.12,arrived,0.17529973910529228,14.400000000000007
RCBF,0.4,0.15,bias,17,1.5,0.12,arrived,0.06415745889455193,9.600000000000003
SRCBF,0.4,0.15,bias,17,1.5,0.12,arrived,0.09867195080825031,9.600000000000003
RCBF,0.4,0.15,bias,18,1.5,0.12,arrived,0.1792670306191887,8.800000000000002
SRCBF,0.4,0.15,bias,18,1.5,0.12,arrived,0.25087911660805773,9.200000000000003
RCBF,0.4,0.15,bias,19,1.5,0.12,arrived,0.07524020554374378,7.200000000000002
SRCBF,0.4,0.15,bias,19,1.5,0.12,arrived,0.12065992289241367,7.600000000000002
RCBF,0.4,0.15,inward,0,1.5,0.12,arrived,0.017862074050903787,10.000000000000004
SRCBF,0.4,0.15,inward,0,1.5,0.12,arrived,0.03633944825908342,10.000000000000004
RCBF,0.4,0.15,inward,1,1.5,0.12,arrived,0.01925864277233269,9.600000000000003
SRCBF,0.4,0.15,inward,1,1.5,0.12,arrived,0.03868971492535056,10.000000000000004
RCBF,0.4,0.15,inward,2,1.5,0.12,arrived,0.02221469405748,9.600000000000003
SRCBF,0.4,0.15,inward,2,1.5,0.12,arrived,0.043615112521986465,9.600000000000003
RCBF,0.4,0.15,inward,3,1.5,0.12,arrived,0.024418247796222703,9.600000000000003
SRCBF,0.4,0.15,inward,3,1.5,0.12,arrived,0.04724535335955071,9.600000000000003
RCBF,0.4,0.15,inward,4,1.5,0.12,arrived,0.01467005849938996,10.000000000000004
SRCBF,0.4,0.15,inward,4,1.5,0.12,arrived,0.030905696390668314,10.400000000000004
RCBF,0.4,0.15,inward,5,1.5,0.12,arrived,0.016072208961405265,10.000000000000004
SRCBF,0.4,0.15,inward,5,1.5,0.12,arrived,0.03330378018234248,10.000000000000004
RCBF,0.4,0.15,inward,6,1.5,0.12,arrived,0.018960075685733213,9.600000000000003
SRCBF,0.4,0.15,inward,6,1.5,0.12,arrived,0.03818855894598017,10.000000000000004
RCBF,0.4,0.15,inward,7,1.5,0.12,arrived,0.017992139185303735,10.000000000000004
SRCBF,0.4,0.15,inward,7,1.5,0.12,arrived,0.03655899363588089,10.000000000000004
RCBF,0.4,0.15,inward,8,1.5,0.12,arrived,0.02142184911641032,9.600000000000003
SRCBF,0.4,0.15,inward,8,1.5,0.12,arrived,0.04230042801182776,10.000000000000004
RCBF,0.4,0.15,inward,9,1.5,0.12,arrived,0.015402379493389073,10.000000000000004
SRCBF,0.4,0.15,inward,9,1.5,0.12,arrived,0.0321604806736665,10.000000000000004
RCBF,0.4,0.15,inward,10,1.5,0.12,arrived,0.014541396044329913,10.000000000000004
SRCBF,0.4,0.15,inward,10,1.5,0.12,arrived,0.03068470269465562,10.400000000000004
RCBF,0.4,0.15,inward,11,1.5,0.12,arrived,0.023871744890502478,9.600000000000003
SRCBF,0.4,0.15,inward,11,1.5,0.12,arrived,0.04634822146428852,9.600000000000003
RCBF,0.4,0.15,inward,12,1.5,0.12,arrived,0.02234692001146965,9.600000000000003
SRCBF,0.4,0.15,inward,12,1.5,0.12,arrived,0.04383392426903254,9.600000000000003
RCBF,0.4,0.15,inward,13,1.5,0.12,arrived,0.015457839797826,10.000000000000004
SRCBF,0.4,0.15,inward,13,1.5,0.12,arrived,0.03225530031628465,10.000000000000004
RCBF,0.4,0.15,inward,14,1.5,0.12,arrived,0.015803884443065908,10.000000000000004
SRCBF,0.4,0.15,inward,14,1.5,0.12,arrived,0.032846283166874324,10.000000000000004
RCBF,0.4,0.15,inward,15,1.5,0.12,arrived,0.01725723052899153,10.000000000000004
SRCBF,0.4,0.15,inward,15,1.5,0.12,arrived,0.03531666167191505,10.000000000000004
RCBF,0.4,0.15,inward,16,1.5,0.12,arrived,0.01863698625592891,10.000000000000004
SRCBF,0.4,0.15,inward,16,1.5,0.12,arrived,0.037645453244503524,10.000000000000004
RCBF,0.4,0.15,inward,17,1.5,0.12,arrived,0.01565924441813793,10.000000000000004
SRCBF,0.4,0.15,inward,17,1.5,0.12,arrived,0.03259939802757994,10.000000000000004
RCBF,0.4,0.15,inward,18,1.5,0.12,arrived,0.020561275171868676,9.600000000000003
SRCBF,0.4,0.15,inward,18,1.5,0.12,arrived,0.040868214013435544,10.000000000000004
RCBF,0.4,0.15,inward,19,1.5,0.12,arrived,0.020313947562473178,9.600000000000003
SRCBF,0.4,0.15,inward,19,1.5,0.12,arrived,0.04045557784218978,10.000000000000004
RCBF,0.4,0.45,bias,0,1.5,0.12,arrived,0.07077995545641036,8.800000000000002
SRCBF,0.4,0.45,bias,0,1.5,0.12,arrived,0.10106320923475332,9.200000000000003
RCBF,0.4,0.45,bias,1,1.5,0.12,arrived,0.12707968143352433,6.400000000000001
SRCBF,0.4,0.45,bias,1,1.5,0.12,arrived,0.18491171531463324,6.400000000000001
RCBF,0.4,0.45,bias,2,1.5,0.12,arrived,0.08289758727028651,9.200000000000003
SRCBF,0.4,0.45,bias,2,1.5,0.12,arrived,0.11670506708684347,9.200000000000003
RCBF,0.4,0.45,bias,3,1.5,0.12,arrived,0.06250431804310608,8.400000000000002
SRCBF,0.4,0.45,bias,3,1.5,0.12,arrived,0.09446753587082235,8.400000000000002
RCBF,0.4,0.45,bias,4,1.5,0.12,arrived,0.17921552825181297,9.600000000000003
SRCBF,0.4,0.45,bias,4,1.5,0.12,arrived,0.23814917968128446,9.600000000000003
RCBF,0.4,0.45,bias,5,1.5,0.12,arrived,0.2010004806855834,7.200000000000002
SRCBF,0.4,0.45,bias,5,1.5,0.12,arrived,0.2739470200125478,7.600000000000002
RCBF,0.4,0.45,bias,6,1.5,0.12,arrived,0.10182581511004762,9.600000000000003
SRCBF,0.4,0.45,bias,6,1.5,0.12,arrived,0.1391548454140067,9.600000000000003
RCBF,0.4,0.45,bias,7,1.5,0.12,arrived,0.15704194112392267,6.800000000000002
SRCBF,0.4,0.45,bias,7,1.5,0.12,arrived,0.22232294027807842,6.800000000000002
RCBF,0.4,0.45,bias,8,1.5,0.12,arrived,0.10926807783812753,6.400000000000001
SRCBF,0.4,0.45,bias,8,1.5,0.12,arrived,0.1610392987978625,6.400000000000001
RCBF,0.4,0.45,bias,9,1.5,0.12,arrived,0.07680079389815408,9.200000000000003
SRCBF,0.4,0.45,bias,9,1.5,0.12,arrived,0.10731355465591441,9.600000000000003
RCBF,0.4,0.45,bias,10,1.5,0.12,arrived,0.04952090778832252,8.400000000000002
SRCBF,0.4,0.45,bias,10,1.5,0.12,arrived,0.07572741803449878,8.400000000000002
RCBF,0.4,0.45,bias,11,1.5,0.12,arrived,0.17380793430535424,9.600000000000003
SRCBF,0.4,0.45,bias,11,1.5,0.12,arrived,0.2302104493163053,9.600000000000003
RCBF,0.4,0.45,bias,12,1.5,0.12,arrived,0.13437213299507322,6.400000000000001
SRCBF,0.4,0.45,bias,12,1.5,0.12,arrived,0.19438111466898267,6.400000000000001
RCBF,0.4,0.45,bias,13,1.5,0.12,arrived,0.1765233619727392,6.800000000000002
SRCBF,0.4,0.45,bias,13,1.5,0.12,arrived,0.24535534285430383,7.200000000000002
RCBF,0.4,0.45,bias,14,1.5,0.12,arrived,0.10897487269604333,9.600000000000003
SRCBF,0.4,0.45,bias,14,1.5,0.12,arrived,0.14784748805731684,10.000000000000004
RCBF,0.4,0.45,bias,15,1.5,0.12,arrived,0.19934736754112192,7.200000000000002
SRCBF,0.4,0.45,bias,15,1.5,0.12,arrived,0.2722767842008247,7.200000000000002
RCBF,0.4,0.45,bias,16,1.5,0.12,arrived,0.14081672841487347,9.600000000000003
SRCBF,0.4,0.45,bias,16,1.5,0.12,arrived,0.18768981442621002,10.000000000000004
RCBF,0.4,0.45,bias,17,1.5,0.12,arrived,0.04326580791614765,7.600000000000002
SRCBF,0.4,0.45,bias,17,1.5,0.12,arrived,0.07208762602668639,7.600000000000002
RCBF,0.4,0.45,bias,18,1.5,0.12,arrived,0.2281280032647759,8.000000000000002
SRCBF,0.4,0.45,bias,18,1.5,0.12,arrived,0.31003158431693856,8.400000000000002
RCBF,0.4,0.45,bias,19,1.5,0.12,arrived,0.14373420758031785,6.400000000000001
SRCBF,0.4,0.45,bias,19,1.5,0.12,arrived,0.20615106641092162,6.800000000000002
RCBF,0.4,0.45,inward,0,1.5,0.12,arrived,0.062202180646658944,8.400000000000002
SRCBF,0.4,0.45,inward,0,1.5,0.12,arrived,0.10194285873734166,8.800000000000002
RCBF,0.4,0.45,inward,1,1.5,0.12,arrived,0.06366858876338,8.400000000000002
SRCBF,0.4,0.45,inward,1,1.5,0.12,arrived,0.1040009536301042,8.800000000000002
RCBF,0.4,0.45,inward,2,1.5,0.12,arrived,0.06658622907775724,8.400000000000002
SRCBF,0.4,0.45,inward,2,1.5,0.12,arrived,0.10805068591563671,8.400000000000002
RCBF,0.4,0.45,inward,3,1.5,0.12,arrived,0.0686227259733152,8.400000000000002
SRCBF,0.4,0.45,inward,3,1.5,0.12,arrived,0.11084090881320163,8.400000000000002
RCBF,0.4,0.45,inward,4,1.5,0.12,arrived,0.058604376702762084,8.400000000000002
SRCBF,0.4,0.45,inward,4,1.5,0.12,arrived,0.09683091493839036,8.800000000000002
RCBF,0.4,0.45,inward,5,1.5,0.12,arrived,0.060228236559986104,8.400000000000002
SRCBF,0.4,0.45,inward,5,1.5,0.12,arrived,0.09914902134929748,8.800000000000002
RCBF,0.4,0.45,inward,6,1.5,0.12,arrived,0.06336022752979276,8.400000000000002
SRCBF,0.4,0.45,inward,6,1.5,0.12,arrived,0.10356941633663963,8.800000000000002
RCBF,0.4,0.45,inward,7,1.5,0.12,arrived,0.06234138723857496,8.400000000000002
SRCBF,0.4,0.45,inward,7,1.5,0.12,arrived,0.10213887649294928,8.800000000000002
RCBF,0.4,0.45,inward,8,1.5,0.12,arrived,0.06582628725934847,8.400000000000002
SRCBF,0.4,0.45,inward,8,1.5,0.12,arrived,0.10700174043486133,8.400000000000002
RCBF,0.4,0.45,inward,9,1.5,0.12,arrived,0.05946089613127803,8.400000000000002
SRCBF,0.4,0.45,inward,9,1.5,0.12,arrived,0.09805582059512519,8.800000000000002
RCBF,0.4,0.45,inward,10,1.5,0.12,arrived,0.058452071168051734,8.400000000000002
SRCBF,0.4,0.45,inward,10,1.5,0.12,arrived,0.09661259270291478,8.800000000000002
RCBF,0.4,0.45,inward,11,1.5,0.12,arrived,0.0681273485877556,8.400000000000002
SRCBF,0.4,0.45,inward,11,1.5,0.12,arrived,0.1101649928549513,8.400000000000002
RCBF,0.4,0.45,inward,12,1.5,0.12,arrived,0.06671148709471975,8.400000000000002
SRCBF,0.4,0.45,inward,12,1.5,0.12,arrived,0.10822317808396187,8.400000000000002
RCBF,0.4,0.45,inward,13,1.5,0.12,arrived,0.059525022141399764,8.400000000000002
SRCBF,0.4,0.45,inward,13,1.5,0.12,arrived,0.09814732995943909,8.800000000000002
RCBF,0.4,0.45,inward,14,1.5,0.12,arrived,0.05992272871370763,8.400000000000002
SRCBF,0.4,0.45,inward,14,1.5,0.12,arrived,0.09871425060895622,8.800000000000002
RCBF,0.4,0.45,inward,15,1.5,0.12,arrived,0.06154741817667897,8.400000000000002
SRCBF,0.4,0.45,inward,15,1.5,0.12,arrived,0.10101909052224445,8.800000000000002
RCBF,0.4,0.45,inward,16,1.5,0.12,arrived,0.0630234483005847,8.400000000000002
SRCBF,0.4,0.45,inward,16,1.5,0.12,arrived,0.10309734907485635,8.800000000000002
RCBF,0.4,0.45,inward,17,1.5,0.12,arrived,0.05975700143392204,8.400000000000002
SRCBF,0.4,0.45,inward,17,1.5,0.12,arrived,0.09847813970282993,8.800000000000002
RCBF,0.4,0.45,inward,18,1.5,0.12,arrived,0.06498333908495857,8.400000000000002
SRCBF,0.4,0.45,inward,18,1.5,0.12,arrived,0.10583336451767877,8.400000000000002
RCBF,0.4,0.45,inward,19,1.5,0.12,arrived,0.06473741015952095,8.400000000000002
SRCBF,0.4,0.45,inward,19,1.5,0.12,arrived,0.10549153639489428,8.800000000000002
RCBF,0.5,0.15,bias,0,1.5,0.12,arrived,0.11328445949151833,10.5
SRCBF,0.5,0.15,bias,0,1.5,0.12,arrived,0.17972619488509634,11.0
RCBF,0.5,0.15,bias,1,1.5,0.12,arrived,0.051031814343664994,7.5
SRCBF,0.5,0.15,bias,1,1.5,0.12,arrived,0.09947171586199643,7.5
RCBF,0.5,0.15,bias,2,1.5,0.12,arrived,0.11931429648460445,11.0
SRCBF,0.5,0.15,bias,2,1.5,0.12,arrived,0.18387706466555154,11.5
RCBF,0.5,0.15,bias,3,1.5,0.12,arrived,0.08807265823892041,10.5
SRCBF,0.5,0.15,bias,3,1.5,0.12,arrived,0.141719563911893,11.0
RCBF,0.5,0.15,bias,4,1.5,0.12,arrived,0.16599090794469884,11.5
SRCBF,0.5,0.15,bias,4,1.5,0.12,arrived,0.2402390138722843,12.0
RCBF,0.5,0.15,bias,5,1.5,0.12,arrived,0.12805749491909002,8.0
SRCBF,0.5,0.15,bias,5,1.5,0.12,arrived,0.21052088449295336,8.5
RCBF,0.5,0.15,bias,6,1.5,0.12,arrived,0.13715056559084327,11.5
SRCBF,0.5,0.15,bias,6,1.5,0.12,arrived,0.2062984439027924,12.0
RCBF,0.5,0.15,bias,7,1.5,0.12,arrived,0.07960310476945498,7.5
SRCBF,0.5,0.15,bias,7,1.5,0.12,arrived,0.1435322766264987,7.5
RCBF,0.5,0.15,bias,8,1.5,0.12,arrived,0.03597912957311489,7.5
SRCBF,0.5,0.15,bias,8,1.5,0.12,arrived,0.07557416813459938,7.5
RCBF,0.5,0.15,bias,9,1.5,0.12,arrived,0.12390716036573624,10.5
SRCBF,0.5,0.15,bias,9,1.5,0.12,arrived,0.19476301472208635,11.0
RCBF,0.5,0.15,bias,10,1.5,0.12,arrived,0.08829138824360583,9.5
SRCBF,0.5,0.15,bias,10,1.5,0.12,arrived,0.14737535769753907,10.0
RCBF,0.5,0.15,bias,11,1.5,0.12,arrived,0.1652093104286093,11.0
SRCBF,0.5,0.15,bias,11,1.5,0.12,arrived,0.23845955583897838,11.5
RCBF,0.5,0.15,bias,12,1.5,0.12,arrived,0.057718449555065,7.5
SRCBF,0.5,0.15,bias,12,1.5,0.12,arrived,0.11098776284695899,7.5
RCBF,0.5,0.15,bias,13,1.5,0.12,arrived,0.10028224423626442,7.5
SRCBF,0.5,0.15,bias,13,1.5,0.12,arrived,0.17247182106427694,8.0
RCBF,0.5,0.15,bias,14,1.5,0.12,arrived,0.14473368817041277,12.0
SRCBF,0.5,0.15,bias,14,1.5,0.12,arrived,0.21637055210249323,12.0
RCBF,0.5,0.15,bias,15,1.5,0.12,arrived,0.12588532769461602,8.0
SRCBF,0.5,0.15,bias,15,1.5,0.12,arrived,0.20821035453166825,8.5
RCBF,0.5,0.15,bias,16,1.5,0.12,arrived,0.1389023157438981,14.0
SRCBF,0.5,0.15,bias,16,1.5,0.12,arrived,0.19696591984131995,15.0
RCBF,0.5,0.15,bias,17,1.5,0.12,arrived,0.058526825379004666,9.5
SRCBF,0.5,0.15,bias,17,1.5,0.12,arrived,0.10305709448148359,10.0
RCBF,0.5,0.15,bias,18,1.5,0.12,arrived,0.1747712922148802,9.0
SRCBF,0.5,0.15,bias,18,1.5,0.12,arrived,0.2666690924263222,9.0
RCBF,0.5,0.15,bias,19,1.5,0.12,arrived,0.06643904471686635,7.5
SRCBF,0.5,0.15,bias,19,1.5,0.12,arrived,0.12422600258730099,7.5
RCBF,0.5,0.15,inward,0,1.5,0.12,arrived,0.014438188681582975,10.0
SRCBF,0.5,0.15,inward,0,1.5,0.12,arrived,0.038352750165834504,10.0
RCBF,0.5,0.15,inward,1,1.5,0.12,arrived,0.015656796071912282,9.5
SRCBF,0.5,0.15,inward,1,1.5,0.12,arrived,0.04082078386493271,10.0
RCBF,0.5,0.15,inward,2,1.5,0.12,arrived,0.018253024664785844,9.5
SRCBF,0.5,0.15,inward,2,1.5,0.12,arrived,0.045991397346460294,9.5
RCBF,0.5,0.15,inward,3,1.5,0.12,arrived,0.020203913578442645,9.5
SRCBF,0.5,0.15,inward,3,1.5,0.12,arrived,0.049809540851560974,9.5
RCBF,0.5,0.15,inward,4,1.5,0.12,arrived,0.01167082411295306,10.0
SRCBF,0.5,0.15,inward,4,1.5,0.12,arrived,0.03261724571039215,10.0
RCBF,0.5,0.15,inward,5,1.5,0.12,arrived,0.01288348714662424,10.0
SRCBF,0.5,0.15,inward,5,1.5,0.12,arrived,0.03515668660232063,10.0
RCBF,0.5,0.15,inward,6,1.5,0.12,arrived,0.015395855848624906,9.5
SRCBF,0.5,0.15,inward,6,1.5,0.12,arrived,0.04029473464182365,10.0
RCBF,0.5,0.15,inward,7,1.5,0.12,arrived,0.014551471301984975,10.0
SRCBF,0.5,0.15,inward,7,1.5,0.12,arrived,0.03858344281482162,10.0
RCBF,0.5,0.15,inward,8,1.5,0.12,arrived,0.01755438292684941,9.5
SRCBF,0.5,0.15,inward,8,1.5,0.12,arrived,0.04461062445090802,9.5
RCBF,0.5,0.15,inward,9,1.5,0.12,arrived,0.012303622219591248,10.0
SRCBF,0.5,0.15,inward,9,1.5,0.12,arrived,0.03394824652781425,10.0
RCBF,0.5,0.15,inward,10,1.5,0.12,arrived,0.01155976934411107,10.0
SRCBF,0.5,0.15,inward,10,1.5,0.12,arrived,0.032382198365444204,10.0
RCBF,0.5,0.15,inward,11,1.5,0.12,arrived,0.019718801687515164,9.5
SRCBF,0.5,0.15,inward,11,1.5,0.12,arrived,0.04886508692172076,9.5
RCBF,0.5,0.15,inward,12,1.5,0.12,arrived,0.018369707588471895,9.5
SRCBF,0.5,0.15,inward,12,1.5,0.12,arrived,0.04622129141202114,9.5
RCBF,0.5,0.15,inward,13,1.5,0.12,arrived,0.012351594506189723,10.0
SRCBF,0.5,0.15,inward,13,1.5,0.12,arrived,0.0340486074653511,10.0
RCBF,0.5,0.15,inward,14,1.5,0.12,arrived,0.012651076695575525,10.0
SRCBF,0.5,0.15,inward,14,1.5,0.12,arrived,0.03467353985258448,10.0
RCBF,0.5,0.15,inward,15,1.5,0.12,arrived,0.013911941358978552,10.0
SRCBF,0.5,0.15,inward,15,1.5,0.12,arrived,0.037277404255953384,10.0
RCBF,0.5,0.15,inward,16,1.5,0.12,arrived,0.015113742031290789,9.5
SRCBF,0.5,0.15,inward,16,1.5,0.12,arrived,0.03972455138843922,10.0
RCBF,0.5,0.15,inward,17,1.5,0.12,arrived,0.012525865402640668,10.0
SRCBF,0.5,0.15,inward,17,1.5,0.12,arrived,0.03441259086677506,10.0
RCBF,0.5,0.15,inward,18,1.5,0.12,arrived,0.016797988319126156,9.5
SRCBF,0.5,0.15,inward,18,1.5,0.12,arrived,0.04310715069265769,10.0
RCBF,0.5,0.15,inward,19,1.5,0.12,arrived,0.016580968634825388,9.5
SRCBF,0.5,0.15,inward,19,1.5,0.12,arrived,0.04267407163231651,10.0
RCBF,0.5,0.45,bias,0,1.5,0.12,arrived,0.07238260918949413,9.0
SRCBF,0.5,0.45,bias,0,1.5,0.12,arrived,0.11258322902160789,9.0
RCBF,0.5,0.45,bias,1,1.5,0.12,arrived,0.11508251290311156,6.5
SRCBF,0.5,0.45,bias,1,1.5,0.12,arrived,0.19670223533432885,6.5
RCBF,0.5,0.45,bias,2,1.5,0.12,arrived,0.08542722073444786,9.0
SRCBF,0.5,0.45,bias,2,1.5,0.12,arrived,0.13070434351917704,9.5
RCBF,0.5,0.45,bias,3,1.5,0.12,arrived,0.06317411570583364,8.0
SRCBF,0.5,0.45,bias,3,1.5,0.12,arrived,0.10534879690282639,8.5
RCBF,0.5,0.45,bias,4,1.5,0.12,arrived,0.1837046818396979,9.5
SRCBF,0.5,0.45,bias,4,1.5,0.12,arrived,0.2651190271641537,9.5
RCBF,0.5,0.45,bias,5,1.5,0.12,arrived,0.1901837407453122,7.0
SRCBF,0.5,0.45,bias,5,1.5,0.12,arrived,0.2954648949104075,7.5
RCBF,0.5,0.45,bias,6,1.5,0.12,arrived,0.10514072833266874,9.5
SRCBF,0.5,0.45,bias,6,1.5,0.12,arrived,0.155187263155792,9.5
RCBF,0.5,0.45,bias,7,1.5,0.12,arrived,0.14538463923838596,6.5
SRCBF,0.5,0.45,bias,7,1.5,0.12,arrived,0.23638197689637885,7.0
RCBF,0.5,0.45,bias,8,1.5,0.12,arrived,0.09628872664496868,6.5
SRCBF,0.5,0.45,bias,8,1.5,0.12,arrived,0.17326727852885682,6.5
RCBF,0.5,0.45,bias,9,1.5,0.12,arrived,0.07903209808005707,9.5
SRCBF,0.5,0.45,bias,9,1.5,0.12,arrived,0.11923630826124965,9.5
RCBF,0.5,0.45,bias,10,1.5,0.12,arrived,0.049329445236125924,8.5
SRCBF,0.5,0.45,bias,10,1.5,0.12,arrived,0.08371130238609537,8.5
RCBF,0.5,0.45,bias,11,1.5,0.12,arrived,0.18073035116864478,9.5
SRCBF,0.5,0.45,bias,11,1.5,0.12,arrived,0.25796468092890756,9.5
RCBF,0.5,0.45,bias,12,1.5,0.12,arrived,0.12268797066250736,6.5
SRCBF,0.5,0.45,bias,12,1.5,0.12,arrived,0.2065703329023756,6.5
RCBF,0.5,0.45,bias,13,1.5,0.12,arrived,0.16391988800075752,7.0
SRCBF,0.5,0.45,bias,13,1.5,0.12,arrived,0.2623009258226223,7.0
RCBF,0.5,0.45,bias,14,1.5,0.12,arrived,0.1134067602322566,9.5
SRCBF,0.5,0.45,bias,14,1.5,0.12,arrived,0.16595786306259008,10.0
RCBF,0.5,0.45,bias,15,1.5,0.12,arrived,0.18860616056607526,7.0
SRCBF,0.5,0.45,bias,15,1.5,0.12,arrived,0.2932221505877928,7.5
RCBF,0.5,0.45,bias,16,1.5,0.12,arrived,0.1478272260185418,9.5
SRCBF,0.5,0.45,bias,16,1.5,0.12,arrived,0.2132428287753414,10.0
RCBF,0.5,0.45,bias,17,1.5,0.12,arrived,0.040081347490501074,7.5
SRCBF,0.5,0.45,bias,17,1.5,0.12,arrived,0.07796737245788776,8.0
RCBF,0.5,0.45,bias,18,1.5,0.12,arrived,0.22986252563815102,8.0
SRCBF,0.5,0.45,bias,18,1.5,0.12,arrived,0.33172277513948534,8.0
RCBF,0.5,0.45,bias,19,1.5,0.12,arrived,0.13222346510689575,6.5
SRCBF,0.5,0.45,bias,19,1.5,0.12,arrived,0.21884124940971383,6.5
RCBF,0.5,0.45,inward,0,1.5,0.12,arrived,0.05730160509758331,8.5
SRCBF,0.5,0.45,inward,0,1.5,0.12,arrived,0.10965349837229055,8.5
RCBF,0.5,0.45,inward,1,1.5,0.12,arrived,0.0586416553075888,8.5
SRCBF,0.5,0.45,inward,1,1.5,0.12,arrived,0.11190626034094875,8.5
RCBF,0.5,0.45,inward,2,1.5,0.12,arrived,0.06132678393710067,8.5
SRCBF,0.5,0.45,inward,2,1.5,0.12,arrived,0.11638470892045405,8.5
RCBF,0.5,0.45,inward,3,1.5,0.12,arrived,0.06321729096922668,8.5
SRCBF,0.5,0.45,inward,3,1.5,0.12,arrived,0.11950808204134677,8.5
RCBF,0.5,0.45,inward,4,1.5,0.12,arrived,0.0540370313625087,8.5
SRCBF,0.5,0.45,inward,4,1.5,0.12,arrived,0.10412000143619804,8.5
RCBF,0.5,0.45,inward,5,1.5,0.12,arrived,0.05550671813489971,8.5
SRCBF,0.5,0.45,inward,5,1.5,0.12,arrived,0.10661874066166876,8.5
RCBF,0.5,0.45,inward,6,1.5,0.12,arrived,0.058359364455270346,8.5
SRCBF,0.5,0.45,inward,6,1.5,0.12,arrived,0.11143265465151109,8.5
RCBF,0.5,0.45,inward,7,1.5,0.12,arrived,0.05742856222232806,8.5
SRCBF,0.5,0.45,inward,7,1.5,0.12,arrived,0.10986741340332096,8.5
RCBF,0.5,0.45,inward,8,1.5,0.12,arrived,0.06062484710196725,8.5
SRCBF,0.5,0.45,inward,8,1.5,0.12,arrived,0.11521867563557664,8.5
RCBF,0.5,0.45,inward,9,1.5,0.12,arrived,0.05481151305684251,8.5
SRCBF,0.5,0.45,inward,9,1.5,0.12,arrived,0.10543824656498058,8.5
RCBF,0.5,0.45,inward,10,1.5,0.12,arrived,0.05389947249115179,8.5
SRCBF,0.5,0.45,inward,10,1.5,0.12,arrived,0.10388552843530008,8.5
RCBF,0.5,0.45,inward,11,1.5,0.12,arrived,0.06275612495904703,8.5
SRCBF,0.5,0.45,inward,11,1.5,0.12,arrived,0.11874849575261459,8.5
RCBF,0.5,0.45,inward,12,1.5,0.12,arrived,0.06144266114485575,8.5
SRCBF,0.5,0.45,inward,12,1.5,0.12,arrived,0.11657687336259248,8.5
RCBF,0.5,0.45,inward,13,1.5,0.12,arrived,0.054869560186547206,8.5
SRCBF,0.5,0.45,inward,13,1.5,0.12,arrived,0.10553691715912483,8.5
RCBF,0.5,0.45,inward,14,1.5,0.12,arrived,0.05522977010604169,8.5
SRCBF,0.5,0.45,inward,14,1.5,0.12,arrived,0.10614879521005283,8.5
RCBF,0.5,0.45,inward,15,1.5,0.12,arrived,0.05670514528424142,8.5
SRCBF,0.5,0.45,inward,15,1.5,0.12,arrived,0.10864716681150688,8.5
RCBF,0.5,0.45,inward,16,1.5,0.12,arrived,0.05805136720231652,8.5
SRCBF,0.5,0.45,inward,16,1.5,0.12,arrived,0.11091533502743611,8.5
RCBF,0.5,0.45,inward,17,1.5,0.12,arrived,0.055079624838580976,8.5
SRCBF,0.5,0.45,inward,17,1.5,0.12,arrived,0.10589383615361014,8.5
RCBF,0.5,0.45,inward,18,1.5,0.12,arrived,0.05984838406502013,8.5
SRCBF,0.5,0.45,inward,18,1.5,0.12,arrived,0.11392492524762654,8.5
RCBF,0.5,0.45,inward,19,1.5,0.12,arrived,0.0596222666211873,8.5
SRCBF,0.5,0.45,inward,19,1.5,0.12,arrived,0.11354740209259084,8.5
RCBF,0.6,0.15,bias,0,1.5,0.12,arrived,0.10796422969821218,10.199999999999998
SRCBF,0.6,0.15,bias,0,1.5,0.12,arrived,0.1884096311413529,10.799999999999997
RCBF,0.6,0.15,bias,1,1.5,0.12,arrived,0.04056146867184118,7.199999999999998
SRCBF,0.6,0.15,bias,1,1.5,0.12,arrived,0.10352887878471173,7.799999999999998
RCBF,0.6,0.15,bias,2,1.5,0.12,arrived,0.11435880036947532,11.399999999999997
SRCBF,0.6,0.15,bias,2,1.5,0.12,arrived,0.19392878186258178,11.399999999999997
RCBF,0.6,0.15,bias,3,1.5,0.12,arrived,0.0828600500751816,10.799999999999997
SRCBF,0.6,0.15,bias,3,1.5,0.12,arrived,0.14843665193649624,10.799999999999997
RCBF,0.6,0.15,bias,4,1.5,0.12,arrived,0.16482405731063277,11.399999999999997
SRCBF,0.6,0.15,bias,4,1.5,0.12,arrived,0.2569217463169404,11.999999999999996
RCBF,0.6,0.15,bias,5,1.5,0.12,arrived,0.1185335985159941,7.799999999999998
SRCBF,0.6,0.15,bias,5,1.5,0.12,arrived,0.22049229797727543,8.399999999999999
RCBF,0.6,0.15,bias,6,1.5,0.12,arrived,0.13338720065560505,11.399999999999997
SRCBF,0.6,0.15,bias,6,1.5,0.12,arrived,0.21851586848583193,11.999999999999996
RCBF,0.6,0.15,bias,7,1.5,0.12,arrived,0.06842094794641118,7.199999999999998
SRCBF,0.6,0.15,bias,7,1.5,0.12,arrived,0.14980799349650198,7.799999999999998
RCBF,0.6,0.15,bias,8,1.5,0.12,arrived,0.0270985605619124,7.799999999999998
SRCBF,0.6,0.15,bias,8,1.5,0.12,arrived,0.07859294742692402,7.799999999999998
RCBF,0.6,0.15,bias,9,1.5,0.12,arrived,0.11868921301958102,10.199999999999998
SRCBF,0.6,0.15,bias,9,1.5,0.12,arrived,0.20442107517294916,10.799999999999997
RCBF,0.6,0.15,bias,10,1.5,0.12,arrived,0.08327359018742386,9.599999999999998
SRCBF,0.6,0.15,bias,10,1.5,0.12,arrived,0.15515081720681334,10.199999999999998
RCBF,0.6,0.15,bias,11,1.5,0.12,arrived,0.16459294102520505,10.799999999999997
SRCBF,0.6,0.15,bias,11,1.5,0.12,arrived,0.25628883610737363,11.399999999999997
RCBF,0.6,0.15,bias,12,1.5,0.12,arrived,0.046745252564747375,7.199999999999998
SRCBF,0.6,0.15,bias,12,1.5,0.12,arrived,0.11560001383734453,7.799999999999998
RCBF,0.6,0.15,bias,13,1.5,0.12,arrived,0.08961914485678713,7.799999999999998
SRCBF,0.6,0.15,bias,13,1.5,0.12,arrived,0.18029334328197322,7.799999999999998
RCBF,0.6,0.15,bias,14,1.5,0.12,arrived,0.1411670052600601,11.999999999999996
SRCBF,0.6,0.15,bias,14,1.5,0.12,arrived,0.22913299670212228,11.999999999999996
RCBF,0.6,0.15,bias,15,1.5,0.12,arrived,0.1160961983425921,7.799999999999998
SRCBF,0.6,0.15,bias,15,1.5,0.12,arrived,0.21813727429613206,8.399999999999999
RCBF,0.6,0.15,bias,16,1.5,0.12,arrived,0.14157863163531403,14.399999999999995
SRCBF,0.6,0.15,bias,16,1.5,0.12,arrived,0.21458780605820804,14.999999999999995
RCBF,0.6,0.15,bias,17,1.5,0.12,arrived,0.05332560244954243,9.599999999999998
SRCBF,0.6,0.15,bias,17,1.5,0.12,arrived,0.10753620312242618,9.599999999999998
RCBF,0.6,0.15,bias,18,1.5,0.12,arrived,0.16569298327519155,8.999999999999998
SRCBF,0.6,0.15,bias,18,1.5,0.12,arrived,0.2794588143536558,8.999999999999998
RCBF,0.6,0.15,bias,19,1.5,0.12,arrived,0.05526040858785708,7.199999999999998
SRCBF,0.6,0.15,bias,19,1.5,0.12,arrived,0.12949885732974986,7.799999999999998
RCBF,0.6,0.15,inward,0,1.5,0.12,arrived,0.010983535612475004,9.599999999999998
SRCBF,0.6,0.15,inward,0,1.5,0.12,arrived,0.0404604094924077,10.199999999999998
RCBF,0.6,0.15,inward,1,1.5,0.12,arrived,0.012336075505543387,9.599999999999998
SRCBF,0.6,0.15,inward,1,1.5,0.12,arrived,0.04340937160357072,9.599999999999998
RCBF,0.6,0.15,inward,2,1.5,0.12,arrived,0.015256346080725125,9.599999999999998
SRCBF,0.6,0.15,inward,2,1.5,0.12,arrived,0.04964949737529534,9.599999999999998
RCBF,0.6,0.15,inward,3,1.5,0.12,arrived,0.017468766541473557,9.599999999999998
SRCBF,0.6,0.15,inward,3,1.5,0.12,arrived,0.054292247024715135,9.599999999999998
RCBF,0.6,0.15,inward,4,1.5,0.12,arrived,0.008005859463002807,10.199999999999998
SRCBF,0.6,0.15,inward,4,1.5,0.12,arrived,0.03374285406597688,10.199999999999998
RCBF,0.6,0.15,inward,5,1.5,0.12,arrived,0.009288843043252615,9.599999999999998
SRCBF,0.6,0.15,inward,5,1.5,0.12,arrived,0.03668687957685335,10.199999999999998
RCBF,0.6,0.15,inward,6,1.5,0.12,arrived,0.01204514403535517,9.599999999999998
SRCBF,0.6,0.15,inward,6,1.5,0.12,arrived,0.042778814932378784,9.599999999999998
RCBF,0.6,0.15,inward,7,1.5,0.12,arrived,0.011108543369122259,9.599999999999998
SRCBF,0.6,0.15,inward,7,1.5,0.12,arrived,0.040734964784090555,10.199999999999998
RCBF,0.6,0.15,inward,8,1.5,0.12,arrived,0.014466945831093203,9.599999999999998
SRCBF,0.6,0.15,inward,8,1.5,0.12,arrived,0.0479767992368173,9.599999999999998
RCBF,0.6,0.15,inward,9,1.5,0.12,arrived,0.008669915131210515,9.599999999999998
SRCBF,0.6,0.15,inward,9,1.5,0.12,arrived,0.03527853833047978,10.199999999999998
RCBF,0.6,0.15,inward,10,1.5,0.12,arrived,0.007890761605085839,10.199999999999998
SRCBF,0.6,0.15,inward,10,1.5,0.12,arrived,0.033473598505200375,10.199999999999998
RCBF,0.6,0.15,inward,11,1.5,0.12,arrived,0.016917781661259235,9.599999999999998
SRCBF,0.6,0.15,inward,11,1.5,0.12,arrived,0.053141757537125134,9.599999999999998
RCBF,0.6,0.15,inward,12,1.5,0.12,arrived,0.01538837019307282,9.599999999999998
SRCBF,0.6,0.15,inward,12,1.5,0.12,arrived,0.04992835957896913,9.599999999999998
RCBF,0.6,0.15,inward,13,1.5,0.12,arrived,0.008720773004293414,9.599999999999998
SRCBF,0.6,0.15,inward,13,1.5,0.12,arrived,0.035395027959375325,10.199999999999998
RCBF,0.6,0.15,inward,14,1.5,0.12,arrived,0.009039721107174659,9.599999999999998
SRCBF,0.6,0.15,inward,14,1.5,0.12,arrived,0.036122365896674835,10.199999999999998
RCBF,0.6,0.15,inward,15,1.5,0.12,arrived,0.010405202517481782,9.599999999999998
SRCBF,0.6,0.15,inward,15,1.5,0.12,arrived,0.03918408616789171,10.199999999999998
RCBF,0.6,0.15,inward,16,1.5,0.12,arrived,0.01173134697577749,9.599999999999998
SRCBF,0.6,0.15,inward,16,1.5,0.12,arrived,0.04209650566807521,9.599999999999998
RCBF,0.6,0.15,inward,17,1.5,0.12,arrived,0.008906075206473463,9.599999999999998
SRCBF,0.6,0.15,inward,17,1.5,0.12,arrived,0.03581825191972654,10.199999999999998
RCBF,0.6,0.15,inward,18,1.5,0.12,arrived,0.01361484764370302,9.599999999999998
SRCBF,0.6,0.15,inward,18,1.5,0.12,arrived,0.04616022960277566,9.599999999999998
RCBF,0.6,0.15,inward,19,1.5,0.12,arrived,0.013370963217722243,9.599999999999998
SRCBF,0.6,0.15,inward,19,1.5,0.12,arrived,0.045638006418861066,9.599999999999998
RCBF,0.6,0.45,bias,0,1.5,0.12,arrived,0.07302706595934139,8.999999999999998
SRCBF,0.6,0.45,bias,0,1.5,0.12,arrived,0.1217308410783785,8.999999999999998
RCBF,0.6,0.45,bias,1,1.5,0.12,arrived,0.10293581773694183,6.599999999999999
SRCBF,0.6,0.45,bias,1,1.5,0.12,arrived,0.20682713589094348,6.599999999999999
RCBF,0.6,0.45,bias,2,1.5,0.12,arrived,0.08629426186311462,8.999999999999998
SRCBF,0.6,0.45,bias,2,1.5,0.12,arrived,0.14181724330773815,8.999999999999998
RCBF,0.6,0.45,bias,3,1.5,0.12,arrived,0.06068533072991722,8.399999999999999
SRCBF,0.6,0.45,bias,3,1.5,0.12,arrived,0.11172752459860746,8.399999999999999
RCBF,0.6,0.45,bias,4,1.5,0.12,arrived,0.1813667267675252,9.599999999999998
SRCBF,0.6,0.45,bias,4,1.5,0.12,arrived,0.2902741809088225,9.599999999999998
RCBF,0.6,0.45,bias,5,1.5,0.12,arrived,0.17741926646968653,7.199999999999998
SRCBF,0.6,0.45,bias,5,1.5,0.12,arrived,0.3088900843474427,7.199999999999998
RCBF,0.6,0.45,bias,6,1.5,0.12,arrived,0.10719947667830076,9.599999999999998
SRCBF,0.6,0.45,bias,6,1.5,0.12,arrived,0.17038355963790308,9.599999999999998
RCBF,0.6,0.45,bias,7,1.5,0.12,arrived,0.13364130378137196,6.599999999999999
SRCBF,0.6,0.45,bias,7,1.5,0.12,arrived,0.24754289919233208,6.599999999999999
RCBF,0.6,0.45,bias,8,1.5,0.12,arrived,0.08444445516595167,6.599999999999999
SRCBF,0.6,0.45,bias,8,1.5,0.12,arrived,0.18280337629154186,6.599999999999999
RCBF,0.6,0.45,bias,9,1.5,0.12,arrived,0.08042371431940964,8.999999999999998
SRCBF,0.6,0.45,bias,9,1.5,0.12,arrived,0.13043808052129113,9.599999999999998
RCBF,0.6,0.45,bias,10,1.5,0.12,arrived,0.048557773675282134,8.399999999999999
SRCBF,0.6,0.45,bias,10,1.5,0.12,arrived,0.09120887065887784,8.399999999999999
RCBF,0.6,0.45,bias,11,1.5,0.12,arrived,0.17963465698283276,8.999999999999998
SRCBF,0.6,0.45,bias,11,1.5,0.12,arrived,0.2857440110583309,9.599999999999998
RCBF,0.6,0.45,bias,12,1.5,0.12,arrived,0.11056155197417039,6.599999999999999
SRCBF,0.6,0.45,bias,12,1.5,0.12,arrived,0.21667108596718254,6.599999999999999
RCBF,0.6,0.45,bias,13,1.5,0.12,arrived,0.15304549793111943,6.599999999999999
SRCBF,0.6,0.45,bias,13,1.5,0.12,arrived,0.2744929695160754,7.199999999999998
RCBF,0.6,0.45,bias,14,1.5,0.12,arrived,0.1160279964042551,9.599999999999998
SRCBF,0.6,0.45,bias,14,1.5,0.12,arrived,0.18279576960328636,10.199999999999998
RCBF,0.6,0.45,bias,15,1.5,0.12,arrived,0.17586503838208756,7.199999999999998
SRCBF,0.6,0.45,bias,15,1.5,0.12,arrived,0.30645314992668293,7.199999999999998
RCBF,0.6,0.45,bias,16,1.5,0.12,arrived,0.1500805296437563,9.599999999999998
SRCBF,0.6,0.45,bias,16,1.5,0.12,arrived,0.23447475986812472,9.599999999999998
RCBF,0.6,0.45,bias,17,1.5,0.12,arrived,0.03744283786244906,7.799999999999998
SRCBF,0.6,0.45,bias,17,1.5,0.12,arrived,0.08449809495574978,7.799999999999998
RCBF,0.6,0.45,bias,18,1.5,0.12,arrived,0.21178241350517002,7.799999999999998
SRCBF,0.6,0.45,bias,18,1.5,0.12,arrived,0.35299404147079927,8.399999999999999
RCBF,0.6,0.45,bias,19,1.5,0.12,arrived,0.12016861683689029,6.599999999999999
SRCBF,0.6,0.45,bias,19,1.5,0.12,arrived,0.22936257034505902,6.599999999999999
RCBF,0.6,0.45,inward,0,1.5,0.12,arrived,0.0491990111795626,8.399999999999999
SRCBF,0.6,0.45,inward,0,1.5,0.12,arrived,0.11775640991142333,8.399999999999999
RCBF,0.6,0.45,inward,1,1.5,0.12,arrived,0.050603448273300655,8.399999999999999
SRCBF,0.6,0.45,inward,1,1.5,0.12,arrived,0.12025820942665022,8.399999999999999
RCBF,0.6,0.45,inward,2,1.5,0.12,arrived,0.053426159020919184,8.399999999999999
SRCBF,0.6,0.45,inward,2,1.5,0.12,arrived,0.12524283436994788,8.399999999999999
RCBF,0.6,0.45,inward,3,1.5,0.12,arrived,0.05541911424811896,8.399999999999999
SRCBF,0.6,0.45,inward,3,1.5,0.12,arrived,0.12872772897553741,8.399999999999999
RCBF,0.6,0.45,inward,4,1.5,0.12,arrived,0.04579299617575938,8.399999999999999
SRCBF,0.6,0.45,inward,4,1.5,0.12,arrived,0.11162735073717212,8.399999999999999
RCBF,0.6,0.45,inward,5,1.5,0.12,arrived,0.0473233465365821,8.399999999999999
SRCBF,0.6,0.45,inward,5,1.5,0.12,arrived,0.11439217132612611,8.399999999999999
RCBF,0.6,0.45,inward,6,1.5,0.12,arrived,0.05030733211763738,8.399999999999999
SRCBF,0.6,0.45,inward,6,1.5,0.12,arrived,0.11973193442098384,8.399999999999999
RCBF,0.6,0.45,inward,7,1.5,0.12,arrived,0.04933192884677251,8.399999999999999
SRCBF,0.6,0.45,inward,7,1.5,0.12,arrived,0.11799381017578225,8.399999999999999
RCBF,0.6,0.45,inward,8,1.5,0.12,arrived,0.052687275852870696,8.399999999999999
SRCBF,0.6,0.45,inward,8,1.5,0.12,arrived,0.12394360769184443,8.399999999999999
RCBF,0.6,0.45,inward,9,1.5,0.12,arrived,0.04659877598842821,8.399999999999999
SRCBF,0.6,0.45,inward,9,1.5,0.12,arrived,0.11308538440720617,8.399999999999999
RCBF,0.6,0.45,inward,10,1.5,0.12,arrived,0.0456500434267737,8.399999999999999
SRCBF,0.6,0.45,inward,10,1.5,0.12,arrived,0.11136815103645492,8.399999999999999
RCBF,0.6,0.45,inward,11,1.5,0.12,arrived,0.054932590031516404,8.399999999999999
SRCBF,0.6,0.45,inward,11,1.5,0.12,arrived,0.12787959552737382,8.399999999999999
RCBF,0.6,0.45,inward,12,1.5,0.12,arrived,0.0535481958134556,8.399999999999999
SRCBF,0.6,0.45,inward,12,1.5,0.12,arrived,0.12545704278387304,8.399999999999999
RCBF,0.6,0.45,inward,13,1.5,0.12,arrived,0.04665923036410646,8.399999999999999
SRCBF,0.6,0.45,inward,13,1.5,0.12,arrived,0.11319457085208129,8.399999999999999
RCBF,0.6,0.45,inward,14,1.5,0.12,arrived,0.0470345620959971,8.399999999999999
SRCBF,0.6,0.45,inward,14,1.5,0.12,arrived,0.11387182386094352,8.399999999999999
RCBF,0.6,0.45,inward,15,1.5,0.12,arrived,0.04857496626958302,8.399999999999999
SRCBF,0.6,0.45,inward,15,1.5,0.12,arrived,0.11664005528724586,8.399999999999999
RCBF,0.6,0.45,inward,16,1.5,0.12,arrived,0.049984405755288064,8.399999999999999
SRCBF,0.6,0.45,inward,16,1.5,0.12,arrived,0.11915727430747591,8.399999999999999
RCBF,0.6,0.45,inward,17,1.5,0.12,arrived,0.04687807554933621,8.399999999999999
SRCBF,0.6,0.45,inward,17,1.5,0.12,arrived,0.11358958988951817,8.399999999999999
RCBF,0.6,0.45,inward,18,1.5,0.12,arrived,0.05187071761100659,8.399999999999999
SRCBF,0.6,0.45,inward,18,1.5,0.12,arrived,0.12250322422181215,8.399999999999999
RCBF,0.6,0.45,inward,19,1.5,0.12,arrived,0.05163308600990091,8.399999999999999
SRCBF,0.6,0.45,inward,19,1.5,0.12,arrived,0.12208314248614371,8.399999999999999
RCBF,0.8,0.15,bias,0,1.5,0.12,violation,-0.009768466654161978,2.4000000000000004
SRCBF,0.8,0.15,bias,0,1.5,0.12,arrived,0.21034338795258622,11.200000000000001
RCBF,0.8,0.15,bias,1,1.5,0.12,violation,-0.057414110364226834,2.4000000000000004
SRCBF,0.8,0.15,bias,1,1.5,0.12,arrived,0.11171073098614892,7.999999999999999
RCBF,0.8,0.15,bias,2,1.5,0.12,violation,-0.004907980648011345,2.4000000000000004
SRCBF,0.8,0.15,bias,2,1.5,0.12,arrived,0.21571549960378977,12.000000000000002
RCBF,0.8,0.15,bias,3,1.5,0.12,violation,-0.028041895092567937,2.4000000000000004
SRCBF,0.8,0.15,bias,3,1.5,0.12,arrived,0.16471507912506467,11.200000000000001
RCBF,0.8,0.15,bias,4,1.5,0.12,arrived,0.09604543563017909,11.200000000000001
SRCBF,0.8,0.15,bias,4,1.5,0.12,arrived,0.29173493805384276,12.000000000000002
RCBF,0.8,0.15,bias,5,1.5,0.12,arrived,0.004181063437248667,7.999999999999999
SRCBF,0.8,0.15,bias,5,1.5,0.12,arrived,0.2455040552135781,8.799999999999999
RCBF,0.8,0.15,bias,6,1.5,0.12,arrived,0.009763986243774059,11.200000000000001
SRCBF,0.8,0.15,bias,6,1.5,0.12,arrived,0.24392543077862405,12.000000000000002
RCBF,0.8,0.15,bias,7,1.5,0.12,violation,-0.03384296240573459,2.4000000000000004
SRCBF,0.8,0.15,bias,7,1.5,0.12,arrived,0.16476076353234026,7.999999999999999
RCBF,0.8,0.15,bias,8,1.5,0.12,violation,-0.06916644307941189,2.4000000000000004
SRCBF,0.8,0.15,bias,8,1.5,0.12,arrived,0.07998193244340335,7.999999999999999
RCBF,0.8,0.15,bias,9,1.5,0.12,violation,-0.0018242539804822488,2.4000000000000004
SRCBF,0.8,0.15,bias,9,1.5,0.12,arrived,0.22846071927998057,11.200000000000001
RCBF,0.8,0.15,bias,10,1.5,0.12,violation,-0.028412323289212393,2.4000000000000004
SRCBF,0.8,0.15,bias,10,1.5,0.12,arrived,0.16810551016775765,10.4
RCBF,0.8,0.15,bias,11,1.5,0.12,arrived,0.10717383016852178,10.4
SRCBF,0.8,0.15,bias,11,1.5,0.12,arrived,0.2925787132518127,11.200000000000001
RCBF,0.8,0.15,bias,12,1.5,0.12,violation,-0.052097210534343796,2.4000000000000004
SRCBF,0.8,0.15,bias,12,1.5,0.12,arrived,0.12802587479286087,7.199999999999999
RCBF,0.8,0.15,bias,13,1.5,0.12,violation,-0.017441265175305865,2.4000000000000004
SRCBF,0.8,0.15,bias,13,1.5,0.12,arrived,0.19894326867394319,7.999999999999999
RCBF,0.8,0.15,bias,14,1.5,0.12,arrived,0.015926686043444827,11.200000000000001
SRCBF,0.8,0.15,bias,14,1.5,0.12,arrived,0.25640552969338315,12.000000000000002
RCBF,0.8,0.15,bias,15,1.5,0.12,arrived,0.0029388839203005057,7.999999999999999
SRCBF,0.8,0.15,bias,15,1.5,0.12,arrived,0.24198561448908262,7.999999999999999
RCBF,0.8,0.15,bias,16,1.5,0.12,arrived,0.062317770624121915,14.400000000000004
SRCBF,0.8,0.15,bias,16,1.5,0.12,arrived,0.24796984593766225,15.200000000000005
RCBF,0.8,0.15,bias,17,1.5,0.12,violation,-0.048686170608084334,2.4000000000000004
SRCBF,0.8,0.15,bias,17,1.5,0.12,arrived,0.11735269545861104,10.4
RCBF,0.8,0.15,bias,18,1.5,0.12,arrived,0.034843516552696574,7.999999999999999
SRCBF,0.8,0.15,bias,18,1.5,0.12,arrived,0.3142644807195303,8.799999999999999
RCBF,0.8,0.15,bias,19,1.5,0.12,violation,-0.04471148640216749,2.4000000000000004
SRCBF,0.8,0.15,bias,19,1.5,0.12,arrived,0.14285543280730506,7.999999999999999
RCBF,0.8,0.15,inward,0,1.5,0.12,violation,-0.07768903525917936,2.4000000000000004
SRCBF,0.8,0.15,inward,0,1.5,0.12,arrived,0.04390175293673404,9.6
RCBF,0.8,0.15,inward,1,1.5,0.12,violation,-0.0772222781642421,2.4000000000000004
SRCBF,0.8,0.15,inward,1,1.5,0.12,arrived,0.0464572794199124,9.6
RCBF,0.8,0.15,inward,2,1.5,0.12,violation,-0.076248025725565,2.4000000000000004
SRCBF,0.8,0.15,inward,2,1.5,0.12,arrived,0.051680484518889847,9.6
RCBF,0.8,0.15,inward,3,1.5,0.12,violation,-0.07553365191057593,2.4000000000000004
SRCBF,0.8,0.15,inward,3,1.5,0.12,arrived,0.055484673829223286,9.6
RCBF,0.8,0.15,inward,4,1.5,0.12,violation,-0.07876620067837092,2.4000000000000004
SRCBF,0.8,0.15,inward,4,1.5,0.12,arrived,0.03761556354631179,9.6
RCBF,0.8,0.15,inward,5,1.5,0.12,violation,-0.07829220653479596,2.4000000000000004
SRCBF,0.8,0.15,inward,5,1.5,0.12,arrived,0.040479654237900564,9.6
RCBF,0.8,0.15,inward,6,1.5,0.12,violation,-0.07732172777454627,2.4000000000000004
SRCBF,0.8,0.15,inward,6,1.5,0.12,arrived,0.04591721520745662,9.6
RCBF,0.8,0.15,inward,7,1.5,0.12,violation,-0.07764540163397982,2.4000000000000004
SRCBF,0.8,0.15,inward,7,1.5,0.12,arrived,0.044143215291837845,9.6
RCBF,0.8,0.15,inward,8,1.5,0.12,violation,-0.07650748556268372,2.4000000000000004
SRCBF,0.8,0.15,inward,8,1.5,0.12,arrived,0.05029699080041383,9.6
RCBF,0.8,0.15,inward,9,1.5,0.12,violation,-0.07851871954561374,2.4000000000000004
SRCBF,0.8,0.15,inward,9,1.5,0.12,arrived,0.039136928856220554,9.6
RCBF,0.8,0.15,inward,10,1.5,0.12,violation,-0.07880961091475414,2.4000000000000004
SRCBF,0.8,0.15,inward,10,1.5,0.12,arrived,0.037341522081137835,9.6
RCBF,0.8,0.15,inward,11,1.5,0.12,violation,-0.07570993117836267,2.4000000000000004
SRCBF,0.8,0.15,inward,11,1.5,0.12,arrived,0.054545568348662754,9.6
RCBF,0.8,0.15,inward,12,1.5,0.12,violation,-0.07620488298964068,2.4000000000000004
SRCBF,0.8,0.15,inward,12,1.5,0.12,arrived,0.051910300426111666,9.6
RCBF,0.8,0.15,inward,13,1.5,0.12,violation,-0.07849996296748063,2.4000000000000004
SRCBF,0.8,0.15,inward,13,1.5,0.12,arrived,0.03924972893006573,9.6
RCBF,0.8,0.15,inward,14,1.5,0.12,violation,-0.0783829301477188,2.4000000000000004
SRCBF,0.8,0.15,inward,14,1.5,0.12,arrived,0.03994673330533571,9.6
RCBF,0.8,0.15,inward,15,1.5,0.12,violation,-0.07789234282913937,2.4000000000000004
SRCBF,0.8,0.15,inward,15,1.5,0.12,arrived,0.04276755720410019,9.6
RCBF,0.8,0.15,inward,16,1.5,0.12,violation,-0.07742955636495252,2.4000000000000004
SRCBF,0.8,0.15,inward,16,1.5,0.12,arrived,0.04532923812334455,9.6
RCBF,0.8,0.15,inward,17,1.5,0.12,violation,-0.07843184603039866,2.4000000000000004
SRCBF,0.8,0.15,inward,17,1.5,0.12,arrived,0.03965678900417524,9.6
RCBF,0.8,0.15,inward,18,1.5,0.12,violation,-0.07679063080330817,2.4000000000000004
SRCBF,0.8,0.15,inward,18,1.5,0.12,arrived,0.04878266731259595,9.6
RCBF,0.8,0.15,inward,19,1.5,0.12,violation,-0.07687230318524085,2.4000000000000004
SRCBF,0.8,0.15,inward,19,1.5,0.12,arrived,0.04834454728402082,9.6
RCBF,0.8,0.45,bias,0,1.5,0.12,violation,-0.03443616846981945,2.4000000000000004
SRCBF,0.8,0.45,bias,0,1.5,0.12,arrived,0.14139263501559018,9.6
RCBF,0.8,0.45,bias,1,1.5,0.12,arrived,0.003612083451224768,6.3999999999999995
SRCBF,0.8,0.45,bias,1,1.5,0.12,arrived,0.22043635542082307,6.3999999999999995
RCBF,0.8,0.45,bias,2,1.5,0.12,violation,-0.02696063383908809,2.4000000000000004
SRCBF,0.8,0.45,bias,2,1.5,0.12,arrived,0.16502044481174138,9.6
RCBF,0.8,0.45,bias,3,1.5,0.12,violation,-0.049161948744127826,2.4000000000000004
SRCBF,0.8,0.45,bias,3,1.5,0.12,arrived,0.13279775258987403,8.799999999999999
RCBF,0.8,0.45,bias,4,1.5,0.12,arrived,0.17755864364752227,8.799999999999999
SRCBF,0.8,0.45,bias,4,1.5,0.12,arrived,0.334466099678711,9.6
RCBF,0.8,0.45,bias,5,1.5,0.12,arrived,0.06453687242298667,7.199999999999999
SRCBF,0.8,0.45,bias,5,1.5,0.12,arrived,0.34023270359208224,7.199999999999999
RCBF,0.8,0.45,bias,6,1.5,0.12,violation,-0.001705400892545561,2.4000000000000004
SRCBF,0.8,0.45,bias,6,1.5,0.12,arrived,0.19988462037329147,9.6
RCBF,0.8,0.45,bias,7,1.5,0.12,arrived,0.03206586161644143,6.3999999999999995
SRCBF,0.8,0.45,bias,7,1.5,0.12,arrived,0.26740063953138127,7.199999999999999
RCBF,0.8,0.45,bias,8,1.5,0.12,violation,-0.015615807775243629,2.4000000000000004
SRCBF,0.8,0.45,bias,8,1.5,0.12,arrived,0.1937120680184371,6.3999999999999995
RCBF,0.8,0.45,bias,9,1.5,0.12,violation,-0.026645461286292416,2.4000000000000004
SRCBF,0.8,0.45,bias,9,1.5,0.12,arrived,0.1531076881613933,9.6
RCBF,0.8,0.45,bias,10,1.5,0.12,violation,-0.05301887303054986,2.4000000000000004
SRCBF,0.8,0.45,bias,10,1.5,0.12,arrived,0.1039085041754566,8.799999999999999
RCBF,0.8,0.45,bias,11,1.5,0.12,arrived,0.18285310722724613,8.799999999999999
SRCBF,0.8,0.45,bias,11,1.5,0.12,arrived,0.3319226351588733,9.6
RCBF,0.8,0.45,bias,12,1.5,0.12,arrived,0.010277078117030491,6.3999999999999995
SRCBF,0.8,0.45,bias,12,1.5,0.12,arrived,0.23234571177410568,6.3999999999999995
RCBF,0.8,0.45,bias,13,1.5,0.12,arrived,0.047732684144076165,6.3999999999999995
SRCBF,0.8,0.45,bias,13,1.5,0.12,arrived,0.2988266523180272,7.199999999999999
RCBF,0.8,0.45,bias,14,1.5,0.12,arrived,0.019370433792156416,9.6
SRCBF,0.8,0.45,bias,14,1.5,0.12,arrived,0.21420768017740222,9.6
RCBF,0.8,0.45,bias,15,1.5,0.12,arrived,0.06396601355070097,7.199999999999999
SRCBF,0.8,0.45,bias,15,1.5,0.12,arrived,0.33740381454756774,7.199999999999999
RCBF,0.8,0.45,bias,16,1.5,0.12,arrived,0.12648454919505348,8.799999999999999
SRCBF,0.8,0.45,bias,16,1.5,0.12,arrived,0.27275360021855133,9.6
RCBF,0.8,0.45,bias,17,1.5,0.12,violation,-0.06460060426726322,2.4000000000000004
SRCBF,0.8,0.45,bias,17,1.5,0.12,arrived,0.09386757601432838,7.999999999999999
RCBF,0.8,0.45,bias,18,1.5,0.12,arrived,0.15856721744518287,7.199999999999999
SRCBF,0.8,0.45,bias,18,1.5,0.12,arrived,0.4019267603052288,7.999999999999999
RCBF,0.8,0.45,bias,19,1.5,0.12,arrived,0.019765987718669664,6.3999999999999995
SRCBF,0.8,0.45,bias,19,1.5,0.12,arrived,0.24661748000334738,6.3999999999999995
RCBF,0.8,0.45,inward,0,1.5,0.12,violation,-0.04835082808257318,2.4000000000000004
SRCBF,0.8,0.45,inward,0,1.5,0.12,arrived,0.1399942177417689,7.999999999999999
RCBF,0.8,0.45,inward,1,1.5,0.12,violation,-0.04742338218674902,2.4000000000000004
SRCBF,0.8,0.45,inward,1,1.5,0.12,arrived,0.1427163593397751,7.999999999999999
RCBF,0.8,0.45,inward,2,1.5,0.12,violation,-0.0456263874705265,2.4000000000000004
SRCBF,0.8,0.45,inward,2,1.5,0.12,arrived,0.14814930688614047,7.999999999999999
RCBF,0.8,0.45,inward,3,1.5,0.12,violation,-0.0444125883457227,2.4000000000000004
SRCBF,0.8,0.45,inward,3,1.5,0.12,arrived,0.15196585830931542,7.999999999999999
RCBF,0.8,0.45,inward,4,1.5,0.12,violation,-0.05069050841541556,2.4000000000000004
SRCBF,0.8,0.45,inward,4,1.5,0.12,arrived,0.13330995953683988,7.999999999999999
RCBF,0.8,0.45,inward,5,1.5,0.12,violation,-0.049623515653744676,2.4000000000000004
SRCBF,0.8,0.45,inward,5,1.5,0.12,arrived,0.13633036319735914,7.999999999999999
RCBF,0.8,0.45,inward,6,1.5,0.12,violation,-0.04761709944309911,2.4000000000000004
SRCBF,0.8,0.45,inward,6,1.5,0.12,arrived,0.14214368263246946,7.999999999999999
RCBF,0.8,0.45,inward,7,1.5,0.12,violation,-0.048262113974009035,2.4000000000000004
SRCBF,0.8,0.45,inward,7,1.5,0.12,arrived,0.140252536878134,7.999999999999999
RCBF,0.8,0.45,inward,8,1.5,0.12,violation,-0.046088038949392285,2.4000000000000004
SRCBF,0.8,0.45,inward,8,1.5,0.12,arrived,0.14673099603793882,7.999999999999999
RCBF,0.8,0.45,inward,9,1.5,0.12,violation,-0.0501255088151471,2.4000000000000004
SRCBF,0.8,0.45,inward,9,1.5,0.12,arrived,0.13490425581597842,7.999999999999999
RCBF,0.8,0.45,inward,10,1.5,0.12,violation,-0.05079148484030793,2.4000000000000004
SRCBF,0.8,0.45,inward,10,1.5,0.12,arrived,0.13302612017210502,7.999999999999999
RCBF,0.8,0.45,inward,11,1.5,0.12,violation,-0.04470464279845854,2.4000000000000004
SRCBF,0.8,0.45,inward,11,1.5,0.12,arrived,0.15103510485527116,7.999999999999999
RCBF,0.8,0.45,inward,12,1.5,0.12,violation,-0.045550741099579684,2.4000000000000004
SRCBF,0.8,0.45,inward,12,1.5,0.12,arrived,0.14838335502929734,7.999999999999999
RCBF,0.8,0.45,inward,13,1.5,0.12,violation,-0.05008340534760369,2.4000000000000004
SRCBF,0.8,0.45,inward,13,1.5,0.12,arrived,0.13502350306741728,7.999999999999999
RCBF,0.8,0.45,inward,14,1.5,0.12,violation,-0.04982290050969029,2.4000000000000004
SRCBF,0.8,0.45,inward,14,1.5,0.12,arrived,0.1357627753441747,7.999999999999999
RCBF,0.8,0.45,inward,15,1.5,0.12,violation,-0.04876995272721418,2.4000000000000004
SRCBF,0.8,0.45,inward,15,1.5,0.12,arrived,0.13877924447199363,7.999999999999999
RCBF,0.8,0.45,inward,16,1.5,0.12,violation,-0.04782947160367468,2.4000000000000004
SRCBF,0.8,0.45,inward,16,1.5,0.12,arrived,0.1415184198593169,7.999999999999999
RCBF,0.8,0.45,inward,17,1.5,0.12,violation,-0.04993132496733799,2.4000000000000004
SRCBF,0.8,0.45,inward,17,1.5,0.12,arrived,0.13545477367333003,7.999999999999999
RCBF,0.8,0.45,inward,18,1.5,0.12,violation,-0.04660545624036694,2.4000000000000004
SRCBF,0.8,0.45,inward,18,1.5,0.12,arrived,0.14516072437513727,7.999999999999999
RCBF,0.8,0.45,inward,19,1.5,0.12,violation,-0.046757451915717785,2.4000000000000004
SRCBF,0.8,0.45,inward,19,1.5,0.12,arrived,0.14470310283187215,7.999999999999999
RCBF,1.0,0.15,bias,0,1.5,0.12,arrived,0.03869012350764578,10.0
SRCBF,1.0,0.15,bias,0,1.5,0.12,arrived,0.23118677542719657,11.0
RCBF,1.0,0.15,bias,1,1.5,0.12,arrived,0.0008788190699510201,8.0
SRCBF,1.0,0.15,bias,1,1.5,0.12,arrived,0.11102767971809313,8.0
RCBF,1.0,0.15,bias,2,1.5,0.12,arrived,0.02874827432047755,11.0
SRCBF,1.0,0.15,bias,2,1.5,0.12,arrived,0.23726217003709738,11.0
RCBF,1.0,0.15,bias,3,1.5,0.12,arrived,0.0282356619733537,10.0
SRCBF,1.0,0.15,bias,3,1.5,0.12,arrived,0.17980075250109295,11.0
RCBF,1.0,0.15,bias,4,1.5,0.12,arrived,0.02343329161957941,11.0
SRCBF,1.0,0.15,bias,4,1.5,0.12,arrived,0.32600977692905864,12.0
RCBF,1.0,0.15,bias,5,1.5,0.12,arrived,0.11876281182148185,8.0
SRCBF,1.0,0.15,bias,5,1.5,0.12,arrived,0.25705080864156415,8.0
RCBF,1.0,0.15,bias,6,1.5,0.12,arrived,0.02686840982819294,11.0
SRCBF,1.0,0.15,bias,6,1.5,0.12,arrived,0.2695826554663785,12.0
RCBF,1.0,0.15,bias,7,1.5,0.12,arrived,0.04934217660164841,8.0
SRCBF,1.0,0.15,bias,7,1.5,0.12,arrived,0.16714953099717234,8.0
RCBF,1.0,0.15,bias,8,1.5,0.12,violation,-0.01690165364855012,2.0
SRCBF,1.0,0.15,bias,8,1.5,0.12,arrived,0.08225592761294354,8.0
RCBF,1.0,0.15,bias,9,1.5,0.12,arrived,0.04109084089039183,10.0
SRCBF,1.0,0.15,bias,9,1.5,0.12,arrived,0.25121426591499496,11.0
RCBF,1.0,0.15,bias,10,1.5,0.12,arrived,0.04654476337991331,9.0
SRCBF,1.0,0.15,bias,10,1.5,0.12,arrived,0.18419903681233052,10.0
RCBF,1.0,0.15,bias,11,1.5,0.12,arrived,0.020606664150379705,10.0
SRCBF,1.0,0.15,bias,11,1.5,0.12,arrived,0.32680352003391566,11.0
RCBF,1.0,0.15,bias,12,1.5,0.12,arrived,0.011973318649548648,7.0
SRCBF,1.0,0.15,bias,12,1.5,0.12,arrived,0.1253286176795846,8.0
RCBF,1.0,0.15,bias,13,1.5,0.12,arrived,0.0850938170650909,8.0
SRCBF,1.0,0.15,bias,13,1.5,0.12,arrived,0.20546832586877084,8.0
RCBF,1.0,0.15,bias,14,1.5,0.12,arrived,0.02756748412039023,11.0
SRCBF,1.0,0.15,bias,14,1.5,0.12,arrived,0.28375143920032686,12.0
RCBF,1.0,0.15,bias,15,1.5,0.12,arrived,0.1178149274918705,8.0
SRCBF,1.0,0.15,bias,15,1.5,0.12,arrived,0.2539390497872873,8.0
RCBF,1.0,0.15,bias,16,1.5,0.12,arrived,0.0172496636907713,14.0
SRCBF,1.0,0.15,bias,16,1.5,0.12,arrived,0.281523077526588,16.0
RCBF,1.0,0.15,bias,17,1.5,0.12,arrived,0.036694932913649,9.0
SRCBF,1.0,0.15,bias,17,1.5,0.12,arrived,0.12891978814592286,10.0
RCBF,1.0,0.15,bias,18,1.5,0.12,arrived,0.11095666407342064,8.0
SRCBF,1.0,0.15,bias,18,1.5,0.12,arrived,0.3352130920398766,9.0
RCBF,1.0,0.15,bias,19,1.5,0.12,arrived,0.026010282679434282,7.0
SRCBF,1.0,0.15,bias,19,1.5,0.12,arrived,0.14214457246720247,8.0
RCBF,1.0,0.15,inward,0,1.5,0.12,violation,-0.02966206580287456,2.0
SRCBF,1.0,0.15,inward,0,1.5,0.12,arrived,0.05013440507922551,9.0
RCBF,1.0,0.15,inward,1,1.5,0.12,violation,-0.02762489333875484,2.0
SRCBF,1.0,0.15,inward,1,1.5,0.12,arrived,0.053007771613311716,9.0
RCBF,1.0,0.15,inward,2,1.5,0.12,violation,-0.022940467511345708,2.0
SRCBF,1.0,0.15,inward,2,1.5,0.12,arrived,0.058441401648724356,9.0
RCBF,1.0,0.15,inward,3,1.5,0.12,violation,-0.01916387338782677,2.0
SRCBF,1.0,0.15,inward,3,1.5,0.12,arrived,0.062153336817983074,9.0
RCBF,1.0,0.15,inward,4,1.5,0.12,violation,-0.033774754377777993,2.0
SRCBF,1.0,0.15,inward,4,1.5,0.12,arrived,0.0405093421568945,10.0
RCBF,1.0,0.15,inward,5,1.5,0.12,violation,-0.032073586516549124,2.0
SRCBF,1.0,0.15,inward,5,1.5,0.12,arrived,0.04596541115970687,9.0
RCBF,1.0,0.15,inward,6,1.5,0.12,violation,-0.028070764101157497,2.0
SRCBF,1.0,0.15,inward,6,1.5,0.12,arrived,0.05241477005686501,9.0
RCBF,1.0,0.15,inward,7,1.5,0.12,violation,-0.02947770588601295,2.0
SRCBF,1.0,0.15,inward,7,1.5,0.12,arrived,0.05041365864912439,9.0
RCBF,1.0,0.15,inward,8,1.5,0.12,violation,-0.02424226011279107,2.0
SRCBF,1.0,0.15,inward,8,1.5,0.12,arrived,0.05704750419190063,9.0
RCBF,1.0,0.15,inward,9,1.5,0.12,violation,-0.03290918034940782,2.0
SRCBF,1.0,0.15,inward,9,1.5,0.12,arrived,0.04345210210469741,9.0
RCBF,1.0,0.15,inward,10,1.5,0.12,violation,-0.03392126042404331,2.0
SRCBF,1.0,0.15,inward,10,1.5,0.12,arrived,0.039997799499326026,10.0
RCBF,1.0,0.15,inward,11,1.5,0.12,violation,-0.020121452216923963,2.0
SRCBF,1.0,0.15,inward,11,1.5,0.12,arrived,0.06125103559630107,9.0
RCBF,1.0,0.15,inward,12,1.5,0.12,violation,-0.02272032644708688,2.0
SRCBF,1.0,0.15,inward,12,1.5,0.12,arrived,0.058670370848601605,9.0
RCBF,1.0,0.15,inward,13,1.5,0.12,violation,-0.032841528169983425,2.0
SRCBF,1.0,0.15,inward,13,1.5,0.12,arrived,0.04367688111736934,9.0
RCBF,1.0,0.15,inward,14,1.5,0.12,violation,-0.032413084417906024,2.0
SRCBF,1.0,0.15,inward,14,1.5,0.12,arrived,0.04508463429429521,9.0
RCBF,1.0,0.15,inward,15,1.5,0.12,violation,-0.030503897666827484,2.0
SRCBF,1.0,0.15,inward,15,1.5,0.12,arrived,0.04879825259719073,9.0
RCBF,1.0,0.15,inward,16,1.5,0.12,violation,-0.028547067913685886,2.0
SRCBF,1.0,0.15,inward,16,1.5,0.12,arrived,0.051760910691551754,9.0
RCBF,1.0,0.15,inward,17,1.5,0.12,violation,-0.03259347668265744,2.0
SRCBF,1.0,0.15,inward,17,1.5,0.12,arrived,0.04449515797015813,9.0
RCBF,1.0,0.15,inward,18,1.5,0.12,violation,-0.025618701988660675,2.0
SRCBF,1.0,0.15,inward,18,1.5,0.12,arrived,0.055487562427426806,9.0
RCBF,1.0,0.15,inward,19,1.5,0.12,violation,-0.02600696235348665,2.0
SRCBF,1.0,0.15,inward,19,1.5,0.12,arrived,0.05502871523716257,9.0
RCBF,1.0,0.45,bias,0,1.5,0.12,violation,-0.0038360260551073555,3.0
SRCBF,1.0,0.45,bias,0,1.5,0.12,arrived,0.15962304445640552,9.0
RCBF,1.0,0.45,bias,1,1.5,0.12,arrived,0.10391690783811114,7.0
SRCBF,1.0,0.45,bias,1,1.5,0.12,arrived,0.2503334703986153,7.0
RCBF,1.0,0.45,bias,2,1.5,0.12,violation,-0.007982147663645245,3.0
SRCBF,1.0,0.45,bias,2,1.5,0.12,arrived,0.1866330509202484,9.0
RCBF,1.0,0.45,bias,3,1.5,0.12,violation,-0.0056547256092608356,3.0
SRCBF,1.0,0.45,bias,3,1.5,0.12,arrived,0.14835920234223576,9.0
RCBF,1.0,0.45,bias,4,1.5,0.12,arrived,0.03643192118239158,8.0
SRCBF,1.0,0.45,bias,4,1.5,0.12,arrived,0.3754631266554238,9.0
RCBF,1.0,0.45,bias,5,1.5,0.12,arrived,0.19479819228111472,7.0
SRCBF,1.0,0.45,bias,5,1.5,0.12,arrived,0.37569201115199147,7.0
RCBF,1.0,0.45,bias,6,1.5,0.12,violation,-0.00401846932398553,3.0
SRCBF,1.0,0.45,bias,6,1.5,0.12,arrived,0.22593194192652466,10.0
RCBF,1.0,0.45,bias,7,1.5,0.12,arrived,0.1459094014340654,7.0
SRCBF,1.0,0.45,bias,7,1.5,0.12,arrived,0.2990207400750575,7.0
RCBF,1.0,0.45,bias,8,1.5,0.12,arrived,0.08238409805884395,7.0
SRCBF,1.0,0.45,bias,8,1.5,0.12,arrived,0.22148474045420685,7.0
RCBF,1.0,0.45,bias,9,1.5,0.12,violation,-0.0018500062124856553,3.0
SRCBF,1.0,0.45,bias,9,1.5,0.12,arrived,0.1729756141578045,10.0
RCBF,1.0,0.45,bias,10,1.5,0.12,arrived,0.002802443044992997,8.0
SRCBF,1.0,0.45,bias,10,1.5,0.12,arrived,0.11552296561666786,9.0
RCBF,1.0,0.45,bias,11,1.5,0.12,arrived,0.026771160700421848,8.0
SRCBF,1.0,0.45,bias,11,1.5,0.12,arrived,0.3743783590393823,9.0
RCBF,1.0,0.45,bias,12,1.5,0.12,arrived,0.11663370964681485,6.0
SRCBF,1.0,0.45,bias,12,1.5,0.12,arrived,0.2622242404520425,7.0
RCBF,1.0,0.45,bias,13,1.5,0.12,arrived,0.17103317648878946,7.0
SRCBF,1.0,0.45,bias,13,1.5,0.12,arrived,0.33217404450161814,7.0
RCBF,1.0,0.45,bias,14,1.5,0.12,violation,-6.528225421964517e-05,3.0
SRCBF,1.0,0.45,bias,14,1.5,0.12,arrived,0.24180312102692092,10.0
RCBF,1.0,0.45,bias,15,1.5,0.12,arrived,0.19466590293433295,7.0
SRCBF,1.0,0.45,bias,15,1.5,0.12,arrived,0.37239212812403344,7.0
RCBF,1.0,0.45,bias,16,1.5,0.12,arrived,0.007606398519985791,9.0
SRCBF,1.0,0.45,bias,16,1.5,0.12,arrived,0.3084696221327119,9.0
RCBF,1.0,0.45,bias,17,1.5,0.12,arrived,0.013303343353782027,8.0
SRCBF,1.0,0.45,bias,17,1.5,0.12,arrived,0.1052242160177771,8.0
RCBF,1.0,0.45,bias,18,1.5,0.12,arrived,0.17152015654430197,7.0
SRCBF,1.0,0.45,bias,18,1.5,0.12,arrived,0.4377359984889815,8.0
RCBF,1.0,0.45,bias,19,1.5,0.12,arrived,0.12832524233106468,7.0
SRCBF,1.0,0.45,bias,19,1.5,0.12,arrived,0.2772164004217754,7.0
RCBF,1.0,0.45,inward,0,1.5,0.12,arrived,0.045156506646413686,7.0
SRCBF,1.0,0.45,inward,0,1.5,0.12,arrived,0.1422824525298022,8.0
RCBF,1.0,0.45,inward,1,1.5,0.12,arrived,0.04836010723037221,7.0
SRCBF,1.0,0.45,inward,1,1.5,0.12,arrived,0.14586419249408622,8.0
RCBF,1.0,0.45,inward,2,1.5,0.12,arrived,0.05459287608398544,7.0
SRCBF,1.0,0.45,inward,2,1.5,0.12,arrived,0.1530469894441805,8.0
RCBF,1.0,0.45,inward,3,1.5,0.12,arrived,0.05881608032647945,7.0
SRCBF,1.0,0.45,inward,3,1.5,0.12,arrived,0.15810537730533536,7.0
RCBF,1.0,0.45,inward,4,1.5,0.12,arrived,0.03712755539361745,7.0
SRCBF,1.0,0.45,inward,4,1.5,0.12,arrived,0.13357417974121977,8.0
RCBF,1.0,0.45,inward,5,1.5,0.12,arrived,0.04077883353046352,7.0
SRCBF,1.0,0.45,inward,5,1.5,0.12,arrived,0.13749072280005692,8.0
RCBF,1.0,0.45,inward,6,1.5,0.12,arrived,0.04769012009354523,7.0
SRCBF,1.0,0.45,inward,6,1.5,0.12,arrived,0.14510944480163146,8.0
RCBF,1.0,0.45,inward,7,1.5,0.12,arrived,0.045462485831024635,7.0
SRCBF,1.0,0.45,inward,7,1.5,0.12,arrived,0.1426216584558041,8.0
RCBF,1.0,0.45,inward,8,1.5,0.12,arrived,0.05298898352279502,7.0
SRCBF,1.0,0.45,inward,8,1.5,0.12,arrived,0.1511688632339191,8.0
RCBF,1.0,0.45,inward,9,1.5,0.12,arrived,0.039058719573291545,7.0
SRCBF,1.0,0.45,inward,9,1.5,0.12,arrived,0.1356371526224499,8.0
RCBF,1.0,0.45,inward,10,1.5,0.12,arrived,0.03678297908821648,7.0
SRCBF,1.0,0.45,inward,10,1.5,0.12,arrived,0.1332080068574515,8.0
RCBF,1.0,0.45,inward,11,1.5,0.12,arrived,0.05779929091833602,7.0
SRCBF,1.0,0.45,inward,11,1.5,0.12,arrived,0.15687151560173707,7.0
RCBF,1.0,0.45,inward,12,1.5,0.12,arrived,0.0548558352546773,7.0
SRCBF,1.0,0.45,inward,12,1.5,0.12,arrived,0.15335704603309563,8.0
RCBF,1.0,0.45,inward,13,1.5,0.12,arrived,0.03920283737562158,7.0
SRCBF,1.0,0.45,inward,13,1.5,0.12,arrived,0.13579185868492116,8.0
RCBF,1.0,0.45,inward,14,1.5,0.12,arrived,0.04009515626260263,7.0
SRCBF,1.0,0.45,inward,14,1.5,0.12,arrived,0.13675213365610583,8.0
RCBF,1.0,0.45,inward,15,1.5,0.12,arrived,0.04371233093255544,7.0
SRCBF,1.0,0.45,inward,15,1.5,0.12,arrived,0.1406892590470583,8.0
RCBF,1.0,0.45,inward,16,1.5,0.12,arrived,0.04695611109863018,7.0
SRCBF,1.0,0.45,inward,16,1.5,0.12,arrived,0.1442860956733515,8.0
RCBF,1.0,0.45,inward,17,1.5,0.12,arrived,0.03972363511842025,7.0
SRCBF,1.0,0.45,inward,17,1.5,0.12,arrived,0.13635181346890124,8.0
RCBF,1.0,0.45,inward,18,1.5,0.12,arrived,0.051193382204864135,7.0
SRCBF,1.0,0.45,inward,18,1.5,0.12,arrived,0.14909158872337802,8.0
RCBF,1.0,0.45,inward,19,1.5,0.12,arrived,0.05066636586616291,7.0
SRCBF,1.0,0.45,inward,19,1.5,0.12,arrived,0.14848673211186447,8.0
RCBF,0.05,0.15,bias,0,2.0,0.12,arrived,0.09385568136854805,10.350000000000012
SRCBF,0.05,0.15,bias,0,2.0,0.12,arrived,0.09942413258489013,10.400000000000013
RCBF,0.05,0.15,bias,1,2.0,0.12,arrived,0.0448444795858175,7.149999999999983
SRCBF,0.05,0.15,bias,1,2.0,0.12,arrived,0.048526467985384625,7.199999999999982
RCBF,0.05,0.15,bias,2,2.0,0.12,arrived,0.09627101617476241,11.050000000000022
SRCBF,0.05,0.15,bias,2,2.0,0.12,arrived,0.10183677182935036,11.100000000000023
RCBF,0.05,0.15,bias,3,2.0,0.12,arrived,0.07366838550661825,10.450000000000014
SRCBF,0.05,0.15,bias,3,2.0,0.12,arrived,0.07820036296753285,10.500000000000014
RCBF,0.05,0.15,bias,4,2.0,0.12,arrived,0.08262825435349763,11.300000000000026
SRCBF,0.05,0.15,bias,4,2.0,0.12,arrived,0.08735244691538391,11.350000000000026
RCBF,0.05,0.15,bias,5,2.0,0.12,arrived,0.10401051776589731,7.99999999999998
SRCBF,0.05,0.15,bias,5,2.0,0.12,arrived,0.11037754086748497,8.04999999999998
RCBF,0.05,0.15,bias,6,2.0,0.12,arrived,0.10817870331558466,11.60000000000003
SRCBF,0.05,0.15,bias,6,2.0,0.12,arrived,0.11421068435733561,11.65000000000003
RCBF,0.05,0.15,bias,7,2.0,0.12,arrived,0.06839154120842406,7.299999999999982
SRCBF,0.05,0.15,bias,7,2.0,0.12,arrived,0.07315925380173127,7.299999999999982
RCBF,0.05,0.15,bias,8,2.0,0.12,arrived,0.031168413235967418,7.199999999999982
SRCBF,0.05,0.15,bias,8,2.0,0.12,arrived,0.03407100525501838,7.199999999999982
RCBF,0.05,0.15,bias,9,2.0,0.12,arrived,0.10158629039643774,10.400000000000013
SRCBF,0.05,0.15,bias,9,2.0,0.12,arrived,0.10750707954259153,10.450000000000014
RCBF,0.05,0.15,bias,10,2.0,0.12,arrived,0.07642196304943483,9.45
SRCBF,0.05,0.15,bias,10,2.0,0.12,arrived,0.08128133656355552,9.45
RCBF,0.05,0.15,bias,11,2.0,0.12,arrived,0.07823959299498373,10.95000000000002
SRCBF,0.05,0.15,bias,11,2.0,0.12,arrived,0.08267660624935647,10.95000000000002
RCBF,0.05,0.15,bias,12,2.0,0.12,arrived,0.050185549136094854,7.049999999999983
SRCBF,0.05,0.15,bias,12,2.0,0.12,arrived,0.054151551448790025,7.099999999999983
RCBF,0.05,0.15,bias,13,2.0,0.12,arrived,0.08427816419035938,7.599999999999981
SRCBF,0.05,0.15,bias,13,2.0,0.12,arrived,0.08981428607103481,7.599999999999981
RCBF,0.05,0.15,bias,14,2.0,0.12,arrived,0.11326878582475741,11.65000000000003
SRCBF,0.05,0.15,bias,14,2.0,0.12,arrived,0.11949650373192933,11.700000000000031
RCBF,0.05,0.15,bias,15,2.0,0.12,arrived,0.10245325103552982,7.89999999999998
SRCBF,0.05,0.15,bias,15,2.0,0.12,arrived,0.10873449672744862,7.94999999999998
RCBF,0.05,0.15,bias,16,2.0,0.12,arrived,0.05304539043983325,13.300000000000054
SRCBF,0.05,0.15,bias,16,2.0,0.12,arrived,0.056422161173565355,13.350000000000055
RCBF,0.05,0.15,bias,17,2.0,0.12,arrived,0.05297119003967088,9.199999999999996
SRCBF,0.05,0.15,bias,17,2.0,0.12,arrived,0.056645203972681246,9.199999999999996
RCBF,0.05,0.15,bias,18,2.0,0.12,arrived,0.12942657355765996,8.949999999999992
SRCBF,0.05,0.15,bias,18,2.0,0.12,arrived,0.1365639343299494,8.949999999999992
RCBF,0.05,0.15,bias,19,2.0,0.12,arrived,0.05765094644686464,7.149999999999983
SRCBF,0.05,0.15,bias,19,2.0,0.12,arrived,0.06197096054969897,7.149999999999983
RCBF,0.05,0.15,inward,0,2.0,0.12,arrived,0.008044448791914127,9.950000000000006
SRCBF,0.05,0.15,inward,0,2.0,0.12,arrived,0.009021078632951318,10.000000000000007
RCBF,0.05,0.15,inward,1,2.0,0.12,arrived,0.008581660616966191,9.900000000000006
SRCBF,0.05,0.15,inward,1,2.0,0.12,arrived,0.009595932087151038,9.900000000000006
RCBF,0.05,0.15,inward,2,2.0,0.12,arrived,0.009627854575733452,9.750000000000004
SRCBF,0.05,0.15,inward,2,2.0,0.12,arrived,0.010726866969302251,9.800000000000004
RCBF,0.05,0.15,inward,3,2.0,0.12,arrived,0.010347295917259913,9.700000000000003
SRCBF,0.05,0.15,inward,3,2.0,0.12,arrived,0.011491372179180503,9.700000000000003
RCBF,0.05,0.15,inward,4,2.0,0.12,arrived,0.006694458049307017,10.15000000000001
SRCBF,0.05,0.15,inward,4,2.0,0.12,arrived,0.007544458090388839,10.20000000000001
RCBF,0.05,0.15,inward,5,2.0,0.12,arrived,0.0073071803837951865,10.100000000000009
SRCBF,0.05,0.15,inward,5,2.0,0.12,arrived,0.008216591889139702,10.100000000000009
RCBF,0.05,0.15,inward,6,2.0,0.12,arrived,0.008468222036633555,9.900000000000006
SRCBF,0.05,0.15,inward,6,2.0,0.12,arrived,0.00947470736174516,9.950000000000006
RCBF,0.05,0.15,inward,7,2.0,0.12,arrived,0.008095161884952518,9.950000000000006
SRCBF,0.05,0.15,inward,7,2.0,0.12,arrived,0.009075427560757965,10.000000000000007
RCBF,0.05,0.15,inward,8,2.0,0.12,arrived,0.009358773017571043,9.800000000000004
SRCBF,0.05,0.15,inward,8,2.0,0.12,arrived,0.01043994517233715,9.800000000000004
RCBF,0.05,0.15,inward,9,2.0,0.12,arrived,0.007020591553533628,10.100000000000009
SRCBF,0.05,0.15,inward,9,2.0,0.12,arrived,0.007904843973564502,10.15000000000001
RCBF,0.05,0.15,inward,10,2.0,0.12,arrived,0.006635409861790786,10.20000000000001
SRCBF,0.05,0.15,inward,10,2.0,0.12,arrived,0.007480891508860776,10.20000000000001
RCBF,0.05,0.15,inward,11,2.0,0.12,arrived,0.01017281072474252,9.700000000000003
SRCBF,0.05,0.15,inward,11,2.0,0.12,arrived,0.011306320002967163,9.700000000000003
RCBF,0.05,0.15,inward,12,2.0,0.12,arrived,0.009672210487606026,9.750000000000004
SRCBF,0.05,0.15,inward,12,2.0,0.12,arrived,0.010774113339482083,9.800000000000004
RCBF,0.05,0.15,inward,13,2.0,0.12,arrived,0.0070443969668883,10.100000000000009
SRCBF,0.05,0.15,inward,13,2.0,0.12,arrived,0.007932002465128818,10.15000000000001
RCBF,0.05,0.15,inward,14,2.0,0.12,arrived,0.007192640419492524,10.100000000000009
SRCBF,0.05,0.15,inward,14,2.0,0.12,arrived,0.008093484616855995,10.100000000000009
RCBF,0.05,0.15,inward,15,2.0,0.12,arrived,0.00780695736834236,10.000000000000007
SRCBF,0.05,0.15,inward,15,2.0,0.12,arrived,0.008753083102775894,10.000000000000007
RCBF,0.05,0.15,inward,16,2.0,0.12,arrived,0.008344578012706938,9.950000000000006
SRCBF,0.05,0.15,inward,16,2.0,0.12,arrived,0.009342476877656991,9.950000000000006
RCBF,0.05,0.15,inward,17,2.0,0.12,arrived,0.007130742916905519,10.100000000000009
SRCBF,0.05,0.15,inward,17,2.0,0.12,arrived,0.008026922433425288,10.100000000000009
RCBF,0.05,0.15,inward,18,2.0,0.12,arrived,0.009060763648761738,9.850000000000005
SRCBF,0.05,0.15,inward,18,2.0,0.12,arrived,0.010113447890167104,9.850000000000005
RCBF,0.05,0.15,inward,19,2.0,0.12,arrived,0.008973999643884567,9.850000000000005
SRCBF,0.05,0.15,inward,19,2.0,0.12,arrived,0.01001664779066258,9.850000000000005
RCBF,0.05,0.45,bias,0,2.0,0.12,arrived,0.0205368223130723,8.79999999999999
SRCBF,0.05,0.45,bias,0,2.0,0.12,arrived,0.021885847358855903,8.84999999999999
RCBF,0.05,0.45,bias,1,2.0,0.12,arrived,0.0844982788615789,6.349999999999985
SRCBF,0.05,0.45,bias,1,2.0,0.12,arrived,0.09007869696164705,6.399999999999985
RCBF,0.05,0.45,bias,2,2.0,0.12,arrived,0.024453573974425602,8.999999999999993
SRCBF,0.05,0.45,bias,2,2.0,0.12,arrived,0.026604960030302327,8.999999999999993
RCBF,0.05,0.45,bias,3,2.0,0.12,arrived,0.01909594852351104,8.14999999999998
SRCBF,0.05,0.45,bias,3,2.0,0.12,arrived,0.02064839599052215,8.14999999999998
RCBF,0.05,0.45,bias,4,2.0,0.12,arrived,0.0914437417357602,9.750000000000004
SRCBF,0.05,0.45,bias,4,2.0,0.12,arrived,0.09732799573728512,9.750000000000004
RCBF,0.05,0.45,bias,5,2.0,0.12,arrived,0.13331192287725302,7.299999999999982
SRCBF,0.05,0.45,bias,5,2.0,0.12,arrived,0.14079231958251925,7.299999999999982
RCBF,0.05,0.45,bias,6,2.0,0.12,arrived,0.03295564480179336,9.5
SRCBF,0.05,0.45,bias,6,2.0,0.12,arrived,0.03585006064188101,9.55
RCBF,0.05,0.45,bias,7,2.0,0.12,arrived,0.10618103001077539,6.549999999999985
SRCBF,0.05,0.45,bias,7,2.0,0.12,arrived,0.11265287244648892,6.5999999999999845
RCBF,0.05,0.45,bias,8,2.0,0.12,arrived,0.07026397112312743,6.299999999999986
SRCBF,0.05,0.45,bias,8,2.0,0.12,arrived,0.07517384061775267,6.349999999999985
RCBF,0.05,0.45,bias,9,2.0,0.12,arrived,0.02214684403581313,9.149999999999995
SRCBF,0.05,0.45,bias,9,2.0,0.12,arrived,0.02405780935397539,9.199999999999996
RCBF,0.05,0.45,bias,10,2.0,0.12,arrived,0.016511580737201714,8.14999999999998
SRCBF,0.05,0.45,bias,10,2.0,0.12,arrived,0.017942094256313657,8.14999999999998
RCBF,0.05,0.45,bias,11,2.0,0.12,arrived,0.08830061399467759,9.600000000000001
SRCBF,0.05,0.45,bias,11,2.0,0.12,arrived,0.09392814872558275,9.650000000000002
RCBF,0.05,0.45,bias,12,2.0,0.12,arrived,0.08903673189640893,6.349999999999985
SRCBF,0.05,0.45,bias,12,2.0,0.12,arrived,0.09478599928334286,6.349999999999985
RCBF,0.05,0.45,bias,13,2.0,0.12,arrived,0.1195582855024051,6.849999999999984
SRCBF,0.05,0.45,bias,13,2.0,0.12,arrived,0.1264661051775604,6.849999999999984
RCBF,0.05,0.45,bias,14,2.0,0.12,arrived,0.03744210035453066,9.750000000000004
SRCBF,0.05,0.45,bias,14,2.0,0.12,arrived,0.040328719179160144,9.750000000000004
RCBF,0.05,0.45,bias,15,2.0,0.12,arrived,0.13239166288127913,7.199999999999982
SRCBF,0.05,0.45,bias,15,2.0,0.12,arrived,0.13997745509601245,7.199999999999982
RCBF,0.05,0.45,bias,16,2.0,0.12,arrived,0.060437632482759684,9.800000000000004
SRCBF,0.05,0.45,bias,16,2.0,0.12,arrived,0.06463167199174302,9.800000000000004
RCBF,0.05,0.45,bias,17,2.0,0.12,arrived,0.017108770164984133,7.4499999999999815
SRCBF,0.05,0.45,bias,17,2.0,0.12,arrived,0.0189037370963564,7.499999999999981
RCBF,0.05,0.45,bias,18,2.0,0.12,arrived,0.14618290154144642,8.249999999999982
SRCBF,0.05,0.45,bias,18,2.0,0.12,arrived,0.1542070460060193,8.249999999999982
RCBF,0.05,0.45,bias,19,2.0,0.12,arrived,0.09635574920770529,6.399999999999985
SRCBF,0.05,0.45,bias,19,2.0,0.12,arrived,0.10236584643098601,6.449999999999985
RCBF,0.05,0.45,inward,0,2.0,0.12,arrived,0.019750939636162923,8.84999999999999
SRCBF,0.05,0.45,inward,0,2.0,0.12,arrived,0.021933284511105988,8.84999999999999
RCBF,0.05,0.45,inward,1,2.0,0.12,arrived,0.020512988747653615,8.79999999999999
SRCBF,0.05,0.45,inward,1,2.0,0.12,arrived,0.02246337052419467,8.84999999999999
RCBF,0.05,0.45,inward,2,2.0,0.12,arrived,0.02133585836844909,8.74999999999999
SRCBF,0.05,0.45,inward,2,2.0,0.12,arrived,0.02329861804712463,8.79999999999999
RCBF,0.05,0.45,inward,3,2.0,0.12,arrived,0.021924179253700826,8.74999999999999
SRCBF,0.05,0.45,inward,3,2.0,0.12,arrived,0.024420938176504925,8.74999999999999
RCBF,0.05,0.45,inward,4,2.0,0.12,arrived,0.018801635977339415,8.899999999999991
SRCBF,0.05,0.45,inward,4,2.0,0.12,arrived,0.02081313487937697,8.899999999999991
RCBF,0.05,0.45,inward,5,2.0,0.12,arrived,0.019480696164920985,8.84999999999999
SRCBF,0.05,0.45,inward,5,2.0,0.12,arrived,0.021306558934424236,8.899999999999991
RCBF,0.05,0.45,inward,6,2.0,0.12,arrived,0.020408376726619104,8.79999999999999
SRCBF,0.05,0.45,inward,6,2.0,0.12,arrived,0.0222539241898837,8.84999999999999
RCBF,0.05,0.45,inward,7,2.0,0.12,arrived,0.01980963251281609,8.84999999999999
SRCBF,0.05,0.45,inward,7,2.0,0.12,arrived,0.021954181448529564,8.84999999999999
RCBF,0.05,0.45,inward,8,2.0,0.12,arrived,0.020848840515559686,8.79999999999999
SRCBF,0.05,0.45,inward,8,2.0,0.12,arrived,0.023182101227944285,8.79999999999999
RCBF,0.05,0.45,inward,9,2.0,0.12,arrived,0.01917069549522843,8.84999999999999
SRCBF,0.05,0.45,inward,9,2.0,0.12,arrived,0.020940281780769454,8.899999999999991
RCBF,0.05,0.45,inward,10,2.0,0.12,arrived,0.018781113750838463,8.899999999999991
SRCBF,0.05,0.45,inward,10,2.0,0.12,arrived,0.020790269738269473,8.899999999999991
RCBF,0.05,0.45,inward,11,2.0,0.12,arrived,0.021849462989626978,8.74999999999999
SRCBF,0.05,0.45,inward,11,2.0,0.12,arrived,0.0242214320862163,8.74999999999999
RCBF,0.05,0.45,inward,12,2.0,0.12,arrived,0.02140372375868127,8.74999999999999
SRCBF,0.05,0.45,inward,12,2.0,0.12,arrived,0.02335741711494077,8.79999999999999
RCBF,0.05,0.45,inward,13,2.0,0.12,arrived,0.01920909336978127,8.84999999999999
SRCBF,0.05,0.45,inward,13,2.0,0.12,arrived,0.020949703706031997,8.899999999999991
RCBF,0.05,0.45,inward,14,2.0,0.12,arrived,0.019419700711339694,8.84999999999999
SRCBF,0.05,0.45,inward,14,2.0,0.12,arrived,0.021091355949781954,8.899999999999991
RCBF,0.05,0.45,inward,15,2.0,0.12,arrived,0.019662641201042108,8.84999999999999
SRCBF,0.05,0.45,inward,15,2.0,0.12,arrived,0.021834332931318756,8.84999999999999
RCBF,0.05,0.45,inward,16,2.0,0.12,arrived,0.020240554360405838,8.79999999999999
SRCBF,0.05,0.45,inward,16,2.0,0.12,arrived,0.02205586690718142,8.84999999999999
RCBF,0.05,0.45,inward,17,2.0,0.12,arrived,0.019337681792828354,8.84999999999999
SRCBF,0.05,0.45,inward,17,2.0,0.12,arrived,0.020983676090886583,8.899999999999991
RCBF,0.05,0.45,inward,18,2.0,0.12,arrived,0.02070534102623267,8.79999999999999
SRCBF,0.05,0.45,inward,18,2.0,0.12,arrived,0.023051020627666174,8.79999999999999
RCBF,0.05,0.45,inward,19,2.0,0.12,arrived,0.020669806845635352,8.79999999999999
SRCBF,0.05,0.45,inward,19,2.0,0.12,arrived,0.023004876168896793,8.79999999999999
RCBF,0.1,0.15,bias,0,2.0,0.12,arrived,0.09282657582389231,10.29999999999998
SRCBF,0.1,0.15,bias,0,2.0,0.12,arrived,0.10415364144817174,10.399999999999979
RCBF,0.1,0.15,bias,1,2.0,0.12,arrived,0.04472695501259183,7.19999999999999
SRCBF,0.1,0.15,bias,1,2.0,0.12,arrived,0.05252647683453415,7.19999999999999
RCBF,0.1,0.15,bias,2,2.0,0.12,arrived,0.0952676199941852,11.099999999999977
SRCBF,0.1,0.15,bias,2,2.0,0.12,arrived,0.10660809110095693,11.099999999999977
RCBF,0.1,0.15,bias,3,2.0,0.12,arrived,0.07246724438630214,10.499999999999979
SRCBF,0.1,0.15,bias,3,2.0,0.12,arrived,0.08167996805320021,10.499999999999979
RCBF,0.1,0.15,bias,4,2.0,0.12,arrived,0.09104276774905484,11.299999999999976
SRCBF,0.1,0.15,bias,4,2.0,0.12,arrived,0.10107908739790006,11.399999999999975
RCBF,0.1,0.15,bias,5,2.0,0.12,arrived,0.1047093136709466,7.999999999999988
SRCBF,0.1,0.15,bias,5,2.0,0.12,arrived,0.11807054557578522,7.999999999999988
RCBF,0.1,0.15,bias,6,2.0,0.12,arrived,0.10744160346312459,11.599999999999975
SRCBF,0.1,0.15,bias,6,2.0,0.12,arrived,0.11969593472144602,11.699999999999974
RCBF,0.1,0.15,bias,7,2.0,0.12,arrived,0.06843654580426439,7.29999999999999
SRCBF,0.1,0.15,bias,7,2.0,0.12,arrived,0.0784778634387846,7.29999999999999
RCBF,0.1,0.15,bias,8,2.0,0.12,arrived,0.031188528932427517,7.19999999999999
SRCBF,0.1,0.15,bias,8,2.0,0.12,arrived,0.03741655874874683,7.19999999999999
RCBF,0.1,0.15,bias,9,2.0,0.12,arrived,0.10068475646223984,10.399999999999979
SRCBF,0.1,0.15,bias,9,2.0,0.12,arrived,0.11280785162439122,10.499999999999979
RCBF,0.1,0.15,bias,10,2.0,0.12,arrived,0.07515557561800779,9.399999999999983
SRCBF,0.1,0.15,bias,10,2.0,0.12,arrived,0.08513216484467567,9.499999999999982
RCBF,0.1,0.15,bias,11,2.0,0.12,arrived,0.08593773015880135,10.899999999999977
SRCBF,0.1,0.15,bias,11,2.0,0.12,arrived,0.09652992401286598,10.999999999999977
RCBF,0.1,0.15,bias,12,2.0,0.12,arrived,0.0503946308273604,7.099999999999991
SRCBF,0.1,0.15,bias,12,2.0,0.12,arrived,0.0586499743331399,7.099999999999991
RCBF,0.1,0.15,bias,13,2.0,0.12,arrived,0.08453901685569887,7.599999999999989
SRCBF,0.1,0.15,bias,13,2.0,0.12,arrived,0.09587808514616347,7.599999999999989
RCBF,0.1,0.15,bias,14,2.0,0.12,arrived,0.1126856715724559,11.699999999999974
SRCBF,0.1,0.15,bias,14,2.0,0.12,arrived,0.12537657318167217,11.699999999999974
RCBF,0.1,0.15,bias,15,2.0,0.12,arrived,0.10319857118455122,7.899999999999988
SRCBF,0.1,0.15,bias,15,2.0,0.12,arrived,0.11634726374013804,7.899999999999988
RCBF,0.1,0.15,bias,16,2.0,0.12,arrived,0.061863966693370354,13.299999999999969
SRCBF,0.1,0.15,bias,16,2.0,0.12,arrived,0.06961297148256251,13.399999999999968
RCBF,0.1,0.15,bias,17,2.0,0.12,arrived,0.05167736848711846,9.199999999999983
SRCBF,0.1,0.15,bias,17,2.0,0.12,arrived,0.059108086449999986,9.299999999999983
RCBF,0.1,0.15,bias,18,2.0,0.12,arrived,0.1323261945120202,8.899999999999984
SRCBF,0.1,0.15,bias,18,2.0,0.12,arrived,0.1474940025306245,8.999999999999984
RCBF,0.1,0.15,bias,19,2.0,0.12,arrived,0.057727220023826686,7.19999999999999
SRCBF,0.1,0.15,bias,19,2.0,0.12,arrived,0.0667566234983622,7.19999999999999
RCBF,0.1,0.15,inward,0,2.0,0.12,arrived,0.010099952840999404,9.89999999999998
SRCBF,0.1,0.15,inward,0,2.0,0.12,arrived,0.012664309885508818,9.99999999999998
RCBF,0.1,0.15,inward,1,2.0,0.12,arrived,0.010843858820933416,9.89999999999998
SRCBF,0.1,0.15,inward,1,2.0,0.12,arrived,0.013532617419020898,9.89999999999998
RCBF,0.1,0.15,inward,2,2.0,0.12,arrived,0.012310842515207532,9.699999999999982
SRCBF,0.1,0.15,inward,2,2.0,0.12,arrived,0.01527120066707044,9.799999999999981
RCBF,0.1,0.15,inward,3,2.0,0.12,arrived,0.013307536679158183,9.699999999999982
SRCBF,0.1,0.15,inward,3,2.0,0.12,arrived,0.016426627844863262,9.699999999999982
RCBF,0.1,0.15,inward,4,2.0,0.12,arrived,0.008287371164591661,10.09999999999998
SRCBF,0.1,0.15,inward,4,2.0,0.12,arrived,0.010498844086738957,10.19999999999998
RCBF,0.1,0.15,inward,5,2.0,0.12,arrived,0.00913905180550334,10.09999999999998
SRCBF,0.1,0.15,inward,5,2.0,0.12,arrived,0.011506967362722387,10.09999999999998
RCBF,0.1,0.15,inward,6,2.0,0.12,arrived,0.01068548650484058,9.89999999999998
SRCBF,0.1,0.15,inward,6,2.0,0.12,arrived,0.013348076174072743,9.89999999999998
RCBF,0.1,0.15,inward,7,2.0,0.12,arrived,0.010169535258247375,9.89999999999998
SRCBF,0.1,0.15,inward,7,2.0,0.12,arrived,0.012745687722284016,9.99999999999998
RCBF,0.1,0.15,inward,8,2.0,0.12,arrived,0.011947010836781735,9.799999999999981
SRCBF,0.1,0.15,inward,8,2.0,0.12,arrived,0.014847783065151221,9.799999999999981
RCBF,0.1,0.15,inward,9,2.0,0.12,arrived,0.008735615000677988,10.09999999999998
SRCBF,0.1,0.15,inward,9,2.0,0.12,arrived,0.011025166424009636,10.09999999999998
RCBF,0.1,0.15,inward,10,2.0,0.12,arrived,0.008208936996599192,10.19999999999998
SRCBF,0.1,0.15,inward,10,2.0,0.12,arrived,0.010406602838148649,10.19999999999998
RCBF,0.1,0.15,inward,11,2.0,0.12,arrived,0.013062404063546529,9.699999999999982
SRCBF,0.1,0.15,inward,11,2.0,0.12,arrived,0.01614307311598817,9.699999999999982
RCBF,0.1,0.15,inward,12,2.0,0.12,arrived,0.012371260131258444,9.699999999999982
SRCBF,0.1,0.15,inward,12,2.0,0.12,arrived,0.015341428760558218,9.799999999999981
RCBF,0.1,0.15,inward,13,2.0,0.12,arrived,0.008769648361518834,10.09999999999998
SRCBF,0.1,0.15,inward,13,2.0,0.12,arrived,0.011065070761686613,10.09999999999998
RCBF,0.1,0.15,inward,14,2.0,0.12,arrived,0.008982139775912779,10.09999999999998
SRCBF,0.1,0.15,inward,14,2.0,0.12,arrived,0.011314036684837325,10.09999999999998
RCBF,0.1,0.15,inward,15,2.0,0.12,arrived,0.009775772940118221,9.99999999999998
SRCBF,0.1,0.15,inward,15,2.0,0.12,arrived,0.012284742939180693,9.99999999999998
RCBF,0.1,0.15,inward,16,2.0,0.12,arrived,0.01051366903433637,9.89999999999998
SRCBF,0.1,0.15,inward,16,2.0,0.12,arrived,0.013147675020676153,9.89999999999998
RCBF,0.1,0.15,inward,17,2.0,0.12,arrived,0.008893298936381244,10.09999999999998
SRCBF,0.1,0.15,inward,17,2.0,0.12,arrived,0.01120998422492614,10.09999999999998
RCBF,0.1,0.15,inward,18,2.0,0.12,arrived,0.011529657502791335,9.799999999999981
SRCBF,0.1,0.15,inward,18,2.0,0.12,arrived,0.014329755176347714,9.799999999999981
RCBF,0.1,0.15,inward,19,2.0,0.12,arrived,0.011400141933905261,9.799999999999981
SRCBF,0.1,0.15,inward,19,2.0,0.12,arrived,0.014179460220056561,9.89999999999998
RCBF,0.1,0.45,bias,0,2.0,0.12,arrived,0.029556819053882855,8.799999999999985
SRCBF,0.1,0.45,bias,0,2.0,0.12,arrived,0.03363265535501114,8.899999999999984
RCBF,0.1,0.45,bias,1,2.0,0.12,arrived,0.08799202358488822,6.399999999999993
SRCBF,0.1,0.45,bias,1,2.0,0.12,arrived,0.1001722750431221,6.399999999999993
RCBF,0.1,0.45,bias,2,2.0,0.12,arrived,0.033245037737209215,8.999999999999984
SRCBF,0.1,0.45,bias,2,2.0,0.12,arrived,0.03851608335520895,8.999999999999984
RCBF,0.1,0.45,bias,3,2.0,0.12,arrived,0.027534302254343834,8.099999999999987
SRCBF,0.1,0.45,bias,3,2.0,0.12,arrived,0.031704808657491146,8.199999999999987
RCBF,0.1,0.45,bias,4,2.0,0.12,arrived,0.0981496726140636,9.699999999999982
SRCBF,0.1,0.45,bias,4,2.0,0.12,arrived,0.1109510643513466,9.699999999999982
RCBF,0.1,0.45,bias,5,2.0,0.12,arrived,0.13923843628790156,7.29999999999999
SRCBF,0.1,0.45,bias,5,2.0,0.12,arrived,0.15492872516924494,7.29999999999999
RCBF,0.1,0.45,bias,6,2.0,0.12,arrived,0.042395970777414416,9.499999999999982
SRCBF,0.1,0.45,bias,6,2.0,0.12,arrived,0.04741759777390886,9.499999999999982
RCBF,0.1,0.45,bias,7,2.0,0.12,arrived,0.11037543850449405,6.5999999999999925
SRCBF,0.1,0.45,bias,7,2.0,0.12,arrived,0.12403369908239747,6.5999999999999925
RCBF,0.1,0.45,bias,8,2.0,0.12,arrived,0.07370289811059672,6.299999999999994
SRCBF,0.1,0.45,bias,8,2.0,0.12,arrived,0.08443570260795286,6.299999999999994
RCBF,0.1,0.45,bias,9,2.0,0.12,arrived,0.03173088694372683,9.199999999999983
SRCBF,0.1,0.45,bias,9,2.0,0.12,arrived,0.03561080037902864,9.199999999999983
RCBF,0.1,0.45,bias,10,2.0,0.12,arrived,0.02307894455737014,8.099999999999987
SRCBF,0.1,0.45,bias,10,2.0,0.12,arrived,0.026752337834101803,8.199999999999987
RCBF,0.1,0.45,bias,11,2.0,0.12,arrived,0.09493259464368886,9.599999999999982
SRCBF,0.1,0.45,bias,11,2.0,0.12,arrived,0.10719478034167917,9.599999999999982
RCBF,0.1,0.45,bias,12,2.0,0.12,arrived,0.09288392855020833,6.299999999999994
SRCBF,0.1,0.45,bias,12,2.0,0.12,arrived,0.10543640031390455,6.399999999999993
RCBF,0.1,0.45,bias,13,2.0,0.12,arrived,0.12415508583280466,6.799999999999992
SRCBF,0.1,0.45,bias,13,2.0,0.12,arrived,0.13894233388485,6.8999999999999915
RCBF,0.1,0.45,bias,14,2.0,0.12,arrived,0.04628517095795415,9.699999999999982
SRCBF,0.1,0.45,bias,14,2.0,0.12,arrived,0.05244813093294931,9.799999999999981
RCBF,0.1,0.45,bias,15,2.0,0.12,arrived,0.1381785055180571,7.19999999999999
SRCBF,0.1,0.45,bias,15,2.0,0.12,arrived,0.15386367325984562,7.19999999999999
RCBF,0.1,0.45,bias,16,2.0,0.12,arrived,0.0685298751493183,9.799999999999981
SRCBF,0.1,0.45,bias,16,2.0,0.12,arrived,0.0769006888148801,9.799999999999981
RCBF,0.1,0.45,bias,17,2.0,0.12,arrived,0.021831698515836218,7.499999999999989
SRCBF,0.1,0.45,bias,17,2.0,0.12,arrived,0.02610191496394565,7.499999999999989
RCBF,0.1,0.45,bias,18,2.0,0.12,arrived,0.15211058537247424,8.199999999999987
SRCBF,0.1,0.45,bias,18,2.0,0.12,arrived,0.1685789597103622,8.199999999999987
RCBF,0.1,0.45,bias,19,2.0,0.12,arrived,0.10026212512523236,6.399999999999993
SRCBF,0.1,0.45,bias,19,2.0,0.12,arrived,0.11333925249434074,6.399999999999993
RCBF,0.1,0.45,inward,0,2.0,0.12,arrived,0.028729567702643344,8.799999999999985
SRCBF,0.1,0.45,inward,0,2.0,0.12,arrived,0.03328463785204461,8.799999999999985
RCBF,0.1,0.45,inward,1,2.0,0.12,arrived,0.02915131186431852,8.799999999999985
SRCBF,0.1,0.45,inward,1,2.0,0.12,arrived,0.03366900381903404,8.799999999999985
RCBF,0.1,0.45,inward,2,2.0,0.12,arrived,0.02987850255672686,8.699999999999985
SRCBF,0.1,0.45,inward,2,2.0,0.12,arrived,0.03501127663523296,8.699999999999985
RCBF,0.1,0.45,inward,3,2.0,0.12,arrived,0.030349802751212906,8.699999999999985
SRCBF,0.1,0.45,inward,3,2.0,0.12,arrived,0.035587465369140814,8.699999999999985
RCBF,0.1,0.45,inward,4,2.0,0.12,arrived,0.027715422619461694,8.799999999999985
SRCBF,0.1,0.45,inward,4,2.0,0.12,arrived,0.032253498741243725,8.899999999999984
RCBF,0.1,0.45,inward,5,2.0,0.12,arrived,0.028201867553435345,8.799999999999985
SRCBF,0.1,0.45,inward,5,2.0,0.12,arrived,0.032734818761379514,8.799999999999985
RCBF,0.1,0.45,inward,6,2.0,0.12,arrived,0.0290707268428837,8.799999999999985
SRCBF,0.1,0.45,inward,6,2.0,0.12,arrived,0.03358984028629064,8.799999999999985
RCBF,0.1,0.45,inward,7,2.0,0.12,arrived,0.02879923464584,8.799999999999985
SRCBF,0.1,0.45,inward,7,2.0,0.12,arrived,0.03332199301784411,8.799999999999985
RCBF,0.1,0.45,inward,8,2.0,0.12,arrived,0.02969512470353719,8.699999999999985
SRCBF,0.1,0.45,inward,8,2.0,0.12,arrived,0.034789459566115455,8.799999999999985
RCBF,0.1,0.45,inward,9,2.0,0.12,arrived,0.027975007717896738,8.799999999999985
SRCBF,0.1,0.45,inward,9,2.0,0.12,arrived,0.032510707045640075,8.799999999999985
RCBF,0.1,0.45,inward,10,2.0,0.12,arrived,0.027668554202686102,8.799999999999985
SRCBF,0.1,0.45,inward,10,2.0,0.12,arrived,0.03220697308045828,8.899999999999984
RCBF,0.1,0.45,inward,11,2.0,0.12,arrived,0.030237804394951273,8.699999999999985
SRCBF,0.1,0.45,inward,11,2.0,0.12,arrived,0.035449701126247235,8.699999999999985
RCBF,0.1,0.45,inward,12,2.0,0.12,arrived,0.029908330083692536,8.699999999999985
SRCBF,0.1,0.45,inward,12,2.0,0.12,arrived,0.03504747654385432,8.699999999999985
RCBF,0.1,0.45,inward,13,2.0,0.12,arrived,0.027994171394123968,8.799999999999985
SRCBF,0.1,0.45,inward,13,2.0,0.12,arrived,0.032529662916695234,8.799999999999985
RCBF,0.1,0.45,inward,14,2.0,0.12,arrived,0.028112186505923953,8.799999999999985
SRCBF,0.1,0.45,inward,14,2.0,0.12,arrived,0.032646299496048026,8.799999999999985
RCBF,0.1,0.45,inward,15,2.0,0.12,arrived,0.028578833046517205,8.799999999999985
SRCBF,0.1,0.45,inward,15,2.0,0.12,arrived,0.03310645464479833,8.799999999999985
RCBF,0.1,0.45,inward,16,2.0,0.12,arrived,0.02898187830639154,8.799999999999985
SRCBF,0.1,0.45,inward,16,2.0,0.12,arrived,0.03350237662826605,8.799999999999985
RCBF,0.1,0.45,inward,17,2.0,0.12,arrived,0.028063183674670977,8.799999999999985
SRCBF,0.1,0.45,inward,17,2.0,0.12,arrived,0.032597889744503505,8.799999999999985
RCBF,0.1,0.45,inward,18,2.0,0.12,arrived,0.02948680033412665,8.699999999999985
SRCBF,0.1,0.45,inward,18,2.0,0.12,arrived,0.034538944149022144,8.799999999999985
RCBF,0.1,0.45,inward,19,2.0,0.12,arrived,0.02942503312268341,8.699999999999985
SRCBF,0.1,0.45,inward,19,2.0,0.12,arrived,0.03446495649939185,8.799999999999985
RCBF,0.2,0.15,bias,0,2.0,0.12,arrived,0.09011460523125925,10.399999999999995
SRCBF,0.2,0.15,bias,0,2.0,0.12,arrived,0.11356842201822848,10.399999999999995
RCBF,0.2,0.15,bias,1,2.0,0.12,arrived,0.042248687845883426,7.200000000000004
SRCBF,0.2,0.15,bias,1,2.0,0.12,arrived,0.05857401825845743,7.200000000000004
RCBF,0.2,0.15,bias,2,2.0,0.12,arrived,0.09299016406266036,10.999999999999993
SRCBF,0.2,0.15,bias,2,2.0,0.12,arrived,0.11624698756580432,11.199999999999992
RCBF,0.2,0.15,bias,3,2.0,0.12,arrived,0.06976981108305091,10.399999999999995
SRCBF,0.2,0.15,bias,3,2.0,0.12,arrived,0.08872856809162322,10.599999999999994
RCBF,0.2,0.15,bias,4,2.0,0.12,arrived,0.10642832079915887,11.199999999999992
SRCBF,0.2,0.15,bias,4,2.0,0.12,arrived,0.1289147746393895,11.399999999999991
RCBF,0.2,0.15,bias,5,2.0,0.12,arrived,0.10281836992302229,8.000000000000004
SRCBF,0.2,0.15,bias,5,2.0,0.12,arrived,0.13165546230767955,8.000000000000004
RCBF,0.2,0.15,bias,6,2.0,0.12,arrived,0.10561019564487573,11.59999999999999
SRCBF,0.2,0.15,bias,6,2.0,0.12,arrived,0.1309402213801698,11.79999999999999
RCBF,0.2,0.15,bias,7,2.0,0.12,arrived,0.06593940568086287,7.400000000000004
SRCBF,0.2,0.15,bias,7,2.0,0.12,arrived,0.08751698726761192,7.400000000000004
RCBF,0.2,0.15,bias,8,2.0,0.12,arrived,0.029360073050216262,7.200000000000004
SRCBF,0.2,0.15,bias,8,2.0,0.12,arrived,0.042321908191221835,7.400000000000004
RCBF,0.2,0.15,bias,9,2.0,0.12,arrived,0.09821152576164283,10.399999999999995
SRCBF,0.2,0.15,bias,9,2.0,0.12,arrived,0.12321375833241577,10.599999999999994
RCBF,0.2,0.15,bias,10,2.0,0.12,arrived,0.07196112496662266,9.399999999999999
SRCBF,0.2,0.15,bias,10,2.0,0.12,arrived,0.09267662095131168,9.599999999999998
RCBF,0.2,0.15,bias,11,2.0,0.12,arrived,0.10279217541934871,10.799999999999994
SRCBF,0.2,0.15,bias,11,2.0,0.12,arrived,0.12425599168138013,10.999999999999993
RCBF,0.2,0.15,bias,12,2.0,0.12,arrived,0.04790771909234681,7.200000000000004
SRCBF,0.2,0.15,bias,12,2.0,0.12,arrived,0.06597942873545015,7.200000000000004
RCBF,0.2,0.15,bias,13,2.0,0.12,arrived,0.0820237959803316,7.600000000000004
SRCBF,0.2,0.15,bias,13,2.0,0.12,arrived,0.10697137963485392,7.600000000000004
RCBF,0.2,0.15,bias,14,2.0,0.12,arrived,0.11104500536428186,11.59999999999999
SRCBF,0.2,0.15,bias,14,2.0,0.12,arrived,0.13741665275045878,11.79999999999999
RCBF,0.2,0.15,bias,15,2.0,0.12,arrived,0.10124037801074826,7.800000000000004
SRCBF,0.2,0.15,bias,15,2.0,0.12,arrived,0.13007010616153591,8.000000000000004
RCBF,0.2,0.15,bias,16,2.0,0.12,arrived,0.07759489702492128,13.399999999999984
SRCBF,0.2,0.15,bias,16,2.0,0.12,arrived,0.0956019366293902,13.599999999999984
RCBF,0.2,0.15,bias,17,2.0,0.12,arrived,0.048494663156287254,9.2
SRCBF,0.2,0.15,bias,17,2.0,0.12,arrived,0.06383111167773647,9.399999999999999
RCBF,0.2,0.15,bias,18,2.0,0.12,arrived,0.13329509287436314,8.8
SRCBF,0.2,0.15,bias,18,2.0,0.12,arrived,0.16607759535446232,9.0
RCBF,0.2,0.15,bias,19,2.0,0.12,arrived,0.055231718852440714,7.200000000000004
SRCBF,0.2,0.15,bias,19,2.0,0.12,arrived,0.07487609785076021,7.200000000000004
RCBF,0.2,0.15,inward,0,2.0,0.12,arrived,0.010921058429982367,9.799999999999997
SRCBF,0.2,0.15,inward,0,2.0,0.12,arrived,0.01724088370568233,9.999999999999996
RCBF,0.2,0.15,inward,1,2.0,0.12,arrived,0.01178756788018287,9.799999999999997
SRCBF,0.2,0.15,inward,1,2.0,0.12,arrived,0.018542595955515773,9.799999999999997
RCBF,0.2,0.15,inward,2,2.0,0.12,arrived,0.013435804325322542,9.599999999999998
SRCBF,0.2,0.15,inward,2,2.0,0.12,arrived,0.020817931308554916,9.799999999999997
RCBF,0.2,0.15,inward,3,2.0,0.12,arrived,0.014655584479117967,9.599999999999998
SRCBF,0.2,0.15,inward,3,2.0,0.12,arrived,0.02248847827214473,9.599999999999998
RCBF,0.2,0.15,inward,4,2.0,0.12,arrived,0.008651538904433043,9.999999999999996
SRCBF,0.2,0.15,inward,4,2.0,0.12,arrived,0.014078944317197917,10.199999999999996
RCBF,0.2,0.15,inward,5,2.0,0.12,arrived,0.00964004322058698,9.999999999999996
SRCBF,0.2,0.15,inward,5,2.0,0.12,arrived,0.01546232360887001,9.999999999999996
RCBF,0.2,0.15,inward,6,2.0,0.12,arrived,0.01162027899164042,9.799999999999997
SRCBF,0.2,0.15,inward,6,2.0,0.12,arrived,0.01831044984020036,9.799999999999997
RCBF,0.2,0.15,inward,7,2.0,0.12,arrived,0.011014551310857712,9.799999999999997
SRCBF,0.2,0.15,inward,7,2.0,0.12,arrived,0.017370117043071787,9.999999999999996
RCBF,0.2,0.15,inward,8,2.0,0.12,arrived,0.012995111255493574,9.799999999999997
SRCBF,0.2,0.15,inward,8,2.0,0.12,arrived,0.020211637163691676,9.799999999999997
RCBF,0.2,0.15,inward,9,2.0,0.12,arrived,0.009165390151044561,9.999999999999996
SRCBF,0.2,0.15,inward,9,2.0,0.12,arrived,0.01479935313131242,10.199999999999996
RCBF,0.2,0.15,inward,10,2.0,0.12,arrived,0.00856195300261653,10.199999999999996
SRCBF,0.2,0.15,inward,10,2.0,0.12,arrived,0.013953040806616634,10.199999999999996
RCBF,0.2,0.15,inward,11,2.0,0.12,arrived,0.014353745963586517,9.599999999999998
SRCBF,0.2,0.15,inward,11,2.0,0.12,arrived,0.022076122696961353,9.599999999999998
RCBF,0.2,0.15,inward,12,2.0,0.12,arrived,0.013509205589082862,9.599999999999998
SRCBF,0.2,0.15,inward,12,2.0,0.12,arrived,0.020918771774021683,9.799999999999997
RCBF,0.2,0.15,inward,13,2.0,0.12,arrived,0.009204542740386956,9.999999999999996
SRCBF,0.2,0.15,inward,13,2.0,0.12,arrived,0.014854126786534527,10.199999999999996
RCBF,0.2,0.15,inward,14,2.0,0.12,arrived,0.009449463681596826,9.999999999999996
SRCBF,0.2,0.15,inward,14,2.0,0.12,arrived,0.015196406014188146,9.999999999999996
RCBF,0.2,0.15,inward,15,2.0,0.12,arrived,0.010486790215090691,9.999999999999996
SRCBF,0.2,0.15,inward,15,2.0,0.12,arrived,0.016639608998087807,9.999999999999996
RCBF,0.2,0.15,inward,16,2.0,0.12,arrived,0.011439070174290467,9.799999999999997
SRCBF,0.2,0.15,inward,16,2.0,0.12,arrived,0.018010209389636156,9.999999999999996
RCBF,0.2,0.15,inward,17,2.0,0.12,arrived,0.009346965213604563,9.999999999999996
SRCBF,0.2,0.15,inward,17,2.0,0.12,arrived,0.015053238286337867,9.999999999999996
RCBF,0.2,0.15,inward,18,2.0,0.12,arrived,0.0125156462001349,9.799999999999997
SRCBF,0.2,0.15,inward,18,2.0,0.12,arrived,0.019550306984084442,9.799999999999997
RCBF,0.2,0.15,inward,19,2.0,0.12,arrived,0.012377626630638017,9.799999999999997
SRCBF,0.2,0.15,inward,19,2.0,0.12,arrived,0.019359602955040467,9.799999999999997
RCBF,0.2,0.45,bias,0,2.0,0.12,arrived,0.04223518042322849,8.8
SRCBF,0.2,0.45,bias,0,2.0,0.12,arrived,0.05330969533554686,9.0
RCBF,0.2,0.45,bias,1,2.0,0.12,arrived,0.08954349000045325,6.400000000000003
SRCBF,0.2,0.45,bias,1,2.0,0.12,arrived,0.11701585680329685,6.400000000000003
RCBF,0.2,0.45,bias,2,2.0,0.12,arrived,0.048638029509115555,9.0
SRCBF,0.2,0.45,bias,2,2.0,0.12,arrived,0.06069343241834779,9.0
RCBF,0.2,0.45,bias,3,2.0,0.12,arrived,0.036913243908534565,8.200000000000003
SRCBF,0.2,0.45,bias,3,2.0,0.12,arrived,0.04811425026464666,8.200000000000003
RCBF,0.2,0.45,bias,4,2.0,0.12,arrived,0.11054992283514864,9.599999999999998
SRCBF,0.2,0.45,bias,4,2.0,0.12,arrived,0.13974805032115634,9.599999999999998
RCBF,0.2,0.45,bias,5,2.0,0.12,arrived,0.14475739522330566,7.200000000000004
SRCBF,0.2,0.45,bias,5,2.0,0.12,arrived,0.17965479709551402,7.200000000000004
RCBF,0.2,0.45,bias,6,2.0,0.12,arrived,0.05746889566097391,9.399999999999999
SRCBF,0.2,0.45,bias,6,2.0,0.12,arrived,0.07035885181130996,9.599999999999998
RCBF,0.2,0.45,bias,7,2.0,0.12,arrived,0.11318541026385032,6.600000000000003
SRCBF,0.2,0.45,bias,7,2.0,0.12,arrived,0.1437416650606984,6.600000000000003
RCBF,0.2,0.45,bias,8,2.0,0.12,arrived,0.07529869134570899,6.400000000000003
SRCBF,0.2,0.45,bias,8,2.0,0.12,arrived,0.09964235501410557,6.400000000000003
RCBF,0.2,0.45,bias,9,2.0,0.12,arrived,0.045728122715505415,9.2
SRCBF,0.2,0.45,bias,9,2.0,0.12,arrived,0.05696885313542255,9.2
RCBF,0.2,0.45,bias,10,2.0,0.12,arrived,0.029907853643832527,8.200000000000003
SRCBF,0.2,0.45,bias,10,2.0,0.12,arrived,0.039357595789038635,8.200000000000003
RCBF,0.2,0.45,bias,11,2.0,0.12,arrived,0.10915029117954445,9.399999999999999
SRCBF,0.2,0.45,bias,11,2.0,0.12,arrived,0.1334126393199856,9.599999999999998
RCBF,0.2,0.45,bias,12,2.0,0.12,arrived,0.09502358435310054,6.400000000000003
SRCBF,0.2,0.45,bias,12,2.0,0.12,arrived,0.1233841554538373,6.400000000000003
RCBF,0.2,0.45,bias,13,2.0,0.12,arrived,0.12840347654901585,6.800000000000003
SRCBF,0.2,0.45,bias,13,2.0,0.12,arrived,0.16001492646236304,6.800000000000003
RCBF,0.2,0.45,bias,14,2.0,0.12,arrived,0.06057188682637349,9.599999999999998
SRCBF,0.2,0.45,bias,14,2.0,0.12,arrived,0.07716830067872915,9.799999999999997
RCBF,0.2,0.45,bias,15,2.0,0.12,arrived,0.1437861255721512,7.200000000000004
SRCBF,0.2,0.45,bias,15,2.0,0.12,arrived,0.17826346688953276,7.200000000000004
RCBF,0.2,0.45,bias,16,2.0,0.12,arrived,0.08319357803881633,9.599999999999998
SRCBF,0.2,0.45,bias,16,2.0,0.12,arrived,0.10175067069928867,9.799999999999997
RCBF,0.2,0.45,bias,17,2.0,0.12,arrived,0.026118315571399542,7.600000000000004
SRCBF,0.2,0.45,bias,17,2.0,0.12,arrived,0.03662786995985923,7.600000000000004
RCBF,0.2,0.45,bias,18,2.0,0.12,arrived,0.1617251288461683,8.200000000000003
SRCBF,0.2,0.45,bias,18,2.0,0.12,arrived,0.19852665971442762,8.200000000000003
RCBF,0.2,0.45,bias,19,2.0,0.12,arrived,0.10259714419091193,6.400000000000003
SRCBF,0.2,0.45,bias,19,2.0,0.12,arrived,0.13201578772345202,6.400000000000003
RCBF,0.2,0.45,inward,0,2.0,0.12,arrived,0.037077439488301556,8.600000000000001
SRCBF,0.2,0.45,inward,0,2.0,0.12,arrived,0.0513373200579047,8.8
RCBF,0.2,0.45,inward,1,2.0,0.12,arrived,0.037892391157804406,8.600000000000001
SRCBF,0.2,0.45,inward,1,2.0,0.12,arrived,0.05232684243426744,8.600000000000001
RCBF,0.2,0.45,inward,2,2.0,0.12,arrived,0.039486247160604115,8.600000000000001
SRCBF,0.2,0.45,inward,2,2.0,0.12,arrived,0.05424438659923847,8.600000000000001
RCBF,0.2,0.45,inward,3,2.0,0.12,arrived,0.04057675877457978,8.600000000000001
SRCBF,0.2,0.45,inward,3,2.0,0.12,arrived,0.05554277615923142,8.600000000000001
RCBF,0.2,0.45,inward,4,2.0,0.12,arrived,0.03503927876739299,8.8
SRCBF,0.2,0.45,inward,4,2.0,0.12,arrived,0.04883594133254343,8.8
RCBF,0.2,0.45,inward,5,2.0,0.12,arrived,0.035965946530760795,8.8
SRCBF,0.2,0.45,inward,5,2.0,0.12,arrived,0.04997791052475431,8.8
RCBF,0.2,0.45,inward,6,2.0,0.12,arrived,0.03772178689691719,8.600000000000001
SRCBF,0.2,0.45,inward,6,2.0,0.12,arrived,0.05212019920147748,8.8
RCBF,0.2,0.45,inward,7,2.0,0.12,arrived,0.037155198884177065,8.600000000000001
SRCBF,0.2,0.45,inward,7,2.0,0.12,arrived,0.051431999933136296,8.8
RCBF,0.2,0.45,inward,8,2.0,0.12,arrived,0.039074665039042,8.600000000000001
SRCBF,0.2,0.45,inward,8,2.0,0.12,arrived,0.05375147290310078,8.600000000000001
RCBF,0.2,0.45,inward,9,2.0,0.12,arrived,0.03552943111877149,8.8
SRCBF,0.2,0.45,inward,9,2.0,0.12,arrived,0.04944094707013591,8.8
RCBF,0.2,0.45,inward,10,2.0,0.12,arrived,0.03495180109413587,8.8
SRCBF,0.2,0.45,inward,10,2.0,0.12,arrived,0.04872773685631948,8.8
RCBF,0.2,0.45,inward,11,2.0,0.12,arrived,0.040313165276999574,8.600000000000001
SRCBF,0.2,0.45,inward,11,2.0,0.12,arrived,0.05522994986912266,8.600000000000001
RCBF,0.2,0.45,inward,12,2.0,0.12,arrived,0.03955384469293988,8.600000000000001
SRCBF,0.2,0.45,inward,12,2.0,0.12,arrived,0.05432519147093151,8.600000000000001
RCBF,0.2,0.45,inward,13,2.0,0.12,arrived,0.03556600483211314,8.8
SRCBF,0.2,0.45,inward,13,2.0,0.12,arrived,0.04948600340320575,8.8
RCBF,0.2,0.45,inward,14,2.0,0.12,arrived,0.03579244884886201,8.8
SRCBF,0.2,0.45,inward,14,2.0,0.12,arrived,0.04976469633716618,8.8
RCBF,0.2,0.45,inward,15,2.0,0.12,arrived,0.03671058716785558,8.600000000000001
SRCBF,0.2,0.45,inward,15,2.0,0.12,arrived,0.05088989212465156,8.8
RCBF,0.2,0.45,inward,16,2.0,0.12,arrived,0.03753499293756579,8.600000000000001
SRCBF,0.2,0.45,inward,16,2.0,0.12,arrived,0.05189363865504848,8.8
RCBF,0.2,0.45,inward,17,2.0,0.12,arrived,0.035698168493396465,8.8
SRCBF,0.2,0.45,inward,17,2.0,0.12,arrived,0.049648718719066065,8.8
RCBF,0.2,0.45,inward,18,2.0,0.12,arrived,0.03861518701012767,8.600000000000001
SRCBF,0.2,0.45,inward,18,2.0,0.12,arrived,0.05319934238755075,8.600000000000001
RCBF,0.2,0.45,inward,19,2.0,0.12,arrived,0.03848055383493898,8.600000000000001
SRCBF,0.2,0.45,inward,19,2.0,0.12,arrived,0.05303719033117538,8.600000000000001
RCBF,0.3,0.15,bias,0,2.0,0.12,arrived,0.08683697804918533,10.200000000000003
SRCBF,0.3,0.15,bias,0,2.0,0.12,arrived,0.12292877536772429,10.500000000000004
RCBF,0.3,0.15,bias,1,2.0,0.12,arrived,0.036884932006384874,7.1999999999999975
SRCBF,0.3,0.15,bias,1,2.0,0.12,arrived,0.06419818961614854,7.499999999999997
RCBF,0.3,0.15,bias,2,2.0,0.12,arrived,0.09025051641598714,11.100000000000005
SRCBF,0.3,0.15,bias,2,2.0,0.12,arrived,0.1260776482967806,11.400000000000006
RCBF,0.3,0.15,bias,3,2.0,0.12,arrived,0.0669907118642703,10.500000000000004
SRCBF,0.3,0.15,bias,3,2.0,0.12,arrived,0.09588910720602528,10.800000000000004
RCBF,0.3,0.15,bias,4,2.0,0.12,arrived,0.11943995855657974,11.100000000000005
SRCBF,0.3,0.15,bias,4,2.0,0.12,arrived,0.15822893051584264,11.400000000000006
RCBF,0.3,0.15,bias,5,2.0,0.12,arrived,0.09889193258969653,8.099999999999998
SRCBF,0.3,0.15,bias,5,2.0,0.12,arrived,0.14429392493858673,8.099999999999998
RCBF,0.3,0.15,bias,6,2.0,0.12,arrived,0.10344655863025276,11.400000000000006
SRCBF,0.3,0.15,bias,6,2.0,0.12,arrived,0.14275623648336466,11.700000000000006
RCBF,0.3,0.15,bias,7,2.0,0.12,arrived,0.06073643059926814,7.1999999999999975
SRCBF,0.3,0.15,bias,7,2.0,0.12,arrived,0.09586990424168851,7.499999999999997
RCBF,0.3,0.15,bias,8,2.0,0.12,arrived,0.024643980787074304,7.1999999999999975
SRCBF,0.3,0.15,bias,8,2.0,0.12,arrived,0.04598828765106755,7.499999999999997
RCBF,0.3,0.15,bias,9,2.0,0.12,arrived,0.0949385701420411,10.200000000000003
SRCBF,0.3,0.15,bias,9,2.0,0.12,arrived,0.13353848606074914,10.500000000000004
RCBF,0.3,0.15,bias,10,2.0,0.12,arrived,0.06794550194810145,9.600000000000001
SRCBF,0.3,0.15,bias,10,2.0,0.12,arrived,0.09974452826050828,9.600000000000001
RCBF,0.3,0.15,bias,11,2.0,0.12,arrived,0.11408732105275554,10.800000000000004
SRCBF,0.3,0.15,bias,11,2.0,0.12,arrived,0.1511014027731563,11.100000000000005
RCBF,0.3,0.15,bias,12,2.0,0.12,arrived,0.04256325102954339,7.1999999999999975
SRCBF,0.3,0.15,bias,12,2.0,0.12,arrived,0.0728901224302656,7.1999999999999975
RCBF,0.3,0.15,bias,13,2.0,0.12,arrived,0.07726292294638692,7.499999999999997
SRCBF,0.3,0.15,bias,13,2.0,0.12,arrived,0.11677777447577975,7.799999999999997
RCBF,0.3,0.15,bias,14,2.0,0.12,arrived,0.10906154768889786,11.700000000000006
SRCBF,0.3,0.15,bias,14,2.0,0.12,arrived,0.14982869107909114,12.000000000000007
RCBF,0.3,0.15,bias,15,2.0,0.12,arrived,0.09739670095503894,7.799999999999997
SRCBF,0.3,0.15,bias,15,2.0,0.12,arrived,0.14224154447495974,8.099999999999998
RCBF,0.3,0.15,bias,16,2.0,0.12,arrived,0.08859554855497054,13.50000000000001
SRCBF,0.3,0.15,bias,16,2.0,0.12,arrived,0.1208159544745745,13.800000000000011
RCBF,0.3,0.15,bias,17,2.0,0.12,arrived,0.044815434275236155,9.3
SRCBF,0.3,0.15,bias,17,2.0,0.12,arrived,0.06853338601180625,9.3
RCBF,0.3,0.15,bias,18,2.0,0.12,arrived,0.13115098520555657,8.7
SRCBF,0.3,0.15,bias,18,2.0,0.12,arrived,0.18281267219829933,9.0
RCBF,0.3,0.15,bias,19,2.0,0.12,arrived,0.04985539874185463,7.1999999999999975
SRCBF,0.3,0.15,bias,19,2.0,0.12,arrived,0.08224911173991789,7.1999999999999975
RCBF,0.3,0.15,inward,0,2.0,0.12,arrived,0.009459805619668638,9.900000000000002
SRCBF,0.3,0.15,inward,0,2.0,0.12,arrived,0.020514179042106617,9.900000000000002
RCBF,0.3,0.15,inward,1,2.0,0.12,arrived,0.010250863192369342,9.600000000000001
SRCBF,0.3,0.15,inward,1,2.0,0.12,arrived,0.02185098471378777,9.900000000000002
RCBF,0.3,0.15,inward,2,2.0,0.12,arrived,0.011931100773130532,9.600000000000001
SRCBF,0.3,0.15,inward,2,2.0,0.12,arrived,0.024641252004254377,9.600000000000001
RCBF,0.3,0.15,inward,3,2.0,0.12,arrived,0.013188915041098426,9.600000000000001
SRCBF,0.3,0.15,inward,3,2.0,0.12,arrived,0.02669639452101591,9.600000000000001
RCBF,0.3,0.15,inward,4,2.0,0.12,arrived,0.00765819509501775,9.900000000000002
SRCBF,0.3,0.15,inward,4,2.0,0.12,arrived,0.01659880984741069,10.200000000000003
RCBF,0.3,0.15,inward,5,2.0,0.12,arrived,0.008448494946661778,9.900000000000002
SRCBF,0.3,0.15,inward,5,2.0,0.12,arrived,0.018479274674081503,9.900000000000002
RCBF,0.3,0.15,inward,6,2.0,0.12,arrived,0.010081599235029826,9.900000000000002
SRCBF,0.3,0.15,inward,6,2.0,0.12,arrived,0.021566398641178375,9.900000000000002
RCBF,0.3,0.15,inward,7,2.0,0.12,arrived,0.00953340489671961,9.900000000000002
SRCBF,0.3,0.15,inward,7,2.0,0.12,arrived,0.020639324796125846,9.900000000000002
RCBF,0.3,0.15,inward,8,2.0,0.12,arrived,0.011479652252960437,9.600000000000001
SRCBF,0.3,0.15,inward,8,2.0,0.12,arrived,0.02389713469539334,9.600000000000001
RCBF,0.3,0.15,inward,9,2.0,0.12,arrived,0.008070744671554442,9.900000000000002
SRCBF,0.3,0.15,inward,9,2.0,0.12,arrived,0.01757672010424205,10.200000000000003
RCBF,0.3,0.15,inward,10,2.0,0.12,arrived,0.007585761368915089,10.200000000000003
SRCBF,0.3,0.15,inward,10,2.0,0.12,arrived,0.016428238683457885,10.200000000000003
RCBF,0.3,0.15,inward,11,2.0,0.12,arrived,0.012876535531887945,9.600000000000001
SRCBF,0.3,0.15,inward,11,2.0,0.12,arrived,0.026188317735842737,9.600000000000001
RCBF,0.3,0.15,inward,12,2.0,0.12,arrived,0.012006447738513115,9.600000000000001
SRCBF,0.3,0.15,inward,12,2.0,0.12,arrived,0.02476509058494425,9.600000000000001
RCBF,0.3,0.15,inward,13,2.0,0.12,arrived,0.008102006789569072,9.900000000000002
SRCBF,0.3,0.15,inward,13,2.0,0.12,arrived,0.017651197440536337,10.200000000000003
RCBF,0.3,0.15,inward,14,2.0,0.12,arrived,0.008297126784279074,9.900000000000002
SRCBF,0.3,0.15,inward,14,2.0,0.12,arrived,0.01811697882294938,10.200000000000003
RCBF,0.3,0.15,inward,15,2.0,0.12,arrived,0.009117742393016548,9.900000000000002
SRCBF,0.3,0.15,inward,15,2.0,0.12,arrived,0.01993020372619647,9.900000000000002
RCBF,0.3,0.15,inward,16,2.0,0.12,arrived,0.00989852328779317,9.900000000000002
SRCBF,0.3,0.15,inward,16,2.0,0.12,arrived,0.021257738779058455,9.900000000000002
RCBF,0.3,0.15,inward,17,2.0,0.12,arrived,0.008215557787833339,9.900000000000002
SRCBF,0.3,0.15,inward,17,2.0,0.12,arrived,0.01792207555063796,10.200000000000003
RCBF,0.3,0.15,inward,18,2.0,0.12,arrived,0.010990297991688824,9.600000000000001
SRCBF,0.3,0.15,inward,18,2.0,0.12,arrived,0.02308615367558775,9.900000000000002
RCBF,0.3,0.15,inward,19,2.0,0.12,arrived,0.010849784363971882,9.600000000000001
SRCBF,0.3,0.15,inward,19,2.0,0.12,arrived,0.022852382032418683,9.900000000000002
RCBF,0.3,0.45,bias,0,2.0,0.12,arrived,0.04769808841311818,8.7
SRCBF,0.3,0.45,bias,0,2.0,0.12,arrived,0.06707718158376741,9.0
RCBF,0.3,0.45,bias,1,2.0,0.12,arrived,0.08794641196339115,6.299999999999998
SRCBF,0.3,0.45,bias,1,2.0,0.12,arrived,0.13013272741974724,6.599999999999998
RCBF,0.3,0.45,bias,2,2.0,0.12,arrived,0.05593758102918911,9.0
SRCBF,0.3,0.45,bias,2,2.0,0.12,arrived,0.07779523362896779,9.0
RCBF,0.3,0.45,bias,3,2.0,0.12,arrived,0.04073930890718236,8.099999999999998
SRCBF,0.3,0.45,bias,3,2.0,0.12,arrived,0.06009284852522323,8.099999999999998
RCBF,0.3,0.45,bias,4,2.0,0.12,arrived,0.12181266145494174,9.600000000000001
SRCBF,0.3,0.45,bias,4,2.0,0.12,arrived,0.1673438765697478,9.600000000000001
RCBF,0.3,0.45,bias,5,2.0,0.12,arrived,0.14476581032693625,7.1999999999999975
SRCBF,0.3,0.45,bias,5,2.0,0.12,arrived,0.20032904917581895,7.1999999999999975
RCBF,0.3,0.45,bias,6,2.0,0.12,arrived,0.06903295204791804,9.3
SRCBF,0.3,0.45,bias,6,2.0,0.12,arrived,0.09371985919827153,9.600000000000001
RCBF,0.3,0.45,bias,7,2.0,0.12,arrived,0.11224610102164179,6.599999999999998
SRCBF,0.3,0.45,bias,7,2.0,0.12,arrived,0.15949459315068837,6.599999999999998
RCBF,0.3,0.45,bias,8,2.0,0.12,arrived,0.07355468992735004,6.299999999999998
SRCBF,0.3,0.45,bias,8,2.0,0.12,arrived,0.11139770079363243,6.299999999999998
RCBF,0.3,0.45,bias,9,2.0,0.12,arrived,0.05239024181296459,9.0
SRCBF,0.3,0.45,bias,9,2.0,0.12,arrived,0.07257011598511254,9.3
RCBF,0.3,0.45,bias,10,2.0,0.12,arrived,0.03270827244758423,8.099999999999998
SRCBF,0.3,0.45,bias,10,2.0,0.12,arrived,0.04887576642162572,8.399999999999999
RCBF,0.3,0.45,bias,11,2.0,0.12,arrived,0.1208343294662172,9.3
SRCBF,0.3,0.45,bias,11,2.0,0.12,arrived,0.15961905031563395,9.600000000000001
RCBF,0.3,0.45,bias,12,2.0,0.12,arrived,0.09388508863083789,6.299999999999998
SRCBF,0.3,0.45,bias,12,2.0,0.12,arrived,0.1373466746335973,6.299999999999998
RCBF,0.3,0.45,bias,13,2.0,0.12,arrived,0.12797698250892342,6.899999999999998
SRCBF,0.3,0.45,bias,13,2.0,0.12,arrived,0.17735742976746993,6.899999999999998
RCBF,0.3,0.45,bias,14,2.0,0.12,arrived,0.07349353816979909,9.600000000000001
SRCBF,0.3,0.45,bias,14,2.0,0.12,arrived,0.09975312224230037,9.900000000000002
RCBF,0.3,0.45,bias,15,2.0,0.12,arrived,0.14395741687065655,7.1999999999999975
SRCBF,0.3,0.45,bias,15,2.0,0.12,arrived,0.19886408278163836,7.1999999999999975
RCBF,0.3,0.45,bias,16,2.0,0.12,arrived,0.09285557336661998,9.600000000000001
SRCBF,0.3,0.45,bias,16,2.0,0.12,arrived,0.12904478645487827,9.900000000000002
RCBF,0.3,0.45,bias,17,2.0,0.12,arrived,0.02676586199852371,7.499999999999997
SRCBF,0.3,0.45,bias,17,2.0,0.12,arrived,0.04427350478798675,7.499999999999997
RCBF,0.3,0.45,bias,18,2.0,0.12,arrived,0.16702361853560488,8.099999999999998
SRCBF,0.3,0.45,bias,18,2.0,0.12,arrived,0.2261043864084551,8.099999999999998
RCBF,0.3,0.45,bias,19,2.0,0.12,arrived,0.10146799659502048,6.299999999999998
SRCBF,0.3,0.45,bias,19,2.0,0.12,arrived,0.14670150490021794,6.599999999999998
RCBF,0.3,0.45,inward,0,2.0,0.12,arrived,0.037587833986774455,8.7
SRCBF,0.3,0.45,inward,0,2.0,0.12,arrived,0.06306062489875464,8.7
RCBF,0.3,0.45,inward,1,2.0,0.12,arrived,0.038594664377904486,8.399999999999999
SRCBF,0.3,0.45,inward,1,2.0,0.12,arrived,0.06439822542548534,8.7
RCBF,0.3,0.45,inward,2,2.0,0.12,arrived,0.040600043882604964,8.399999999999999
SRCBF,0.3,0.45,inward,2,2.0,0.12,arrived,0.06703615725184331,8.7
RCBF,0.3,0.45,inward,3,2.0,0.12,arrived,0.04200149005419873,8.399999999999999
SRCBF,0.3,0.45,inward,3,2.0,0.12,arrived,0.06885866824815157,8.399999999999999
RCBF,0.3,0.45,inward,4,2.0,0.12,arrived,0.03512080979926868,8.7
SRCBF,0.3,0.45,inward,4,2.0,0.12,arrived,0.05974617098487123,8.7
RCBF,0.3,0.45,inward,5,2.0,0.12,arrived,0.03623370578404295,8.7
SRCBF,0.3,0.45,inward,5,2.0,0.12,arrived,0.06124783305071413,8.7
RCBF,0.3,0.45,inward,6,2.0,0.12,arrived,0.03838288447461957,8.399999999999999
SRCBF,0.3,0.45,inward,6,2.0,0.12,arrived,0.06411759914803561,8.7
RCBF,0.3,0.45,inward,7,2.0,0.12,arrived,0.03768338136323446,8.7
SRCBF,0.3,0.45,inward,7,2.0,0.12,arrived,0.06318793856914928,8.7
RCBF,0.3,0.45,inward,8,2.0,0.12,arrived,0.04007744020997306,8.399999999999999
SRCBF,0.3,0.45,inward,8,2.0,0.12,arrived,0.06635209846559187,8.7
RCBF,0.3,0.45,inward,9,2.0,0.12,arrived,0.0357076907624958,8.7
SRCBF,0.3,0.45,inward,9,2.0,0.12,arrived,0.06053939312752221,8.7
RCBF,0.3,0.45,inward,10,2.0,0.12,arrived,0.035016481569603575,8.7
SRCBF,0.3,0.45,inward,10,2.0,0.12,arrived,0.05960485203387589,8.7
RCBF,0.3,0.45,inward,11,2.0,0.12,arrived,0.04166045645652383,8.399999999999999
SRCBF,0.3,0.45,inward,11,2.0,0.12,arrived,0.06841677525426326,8.7
RCBF,0.3,0.45,inward,12,2.0,0.12,arrived,0.040686201099108144,8.399999999999999
SRCBF,0.3,0.45,inward,12,2.0,0.12,arrived,0.06714870157962327,8.7
RCBF,0.3,0.45,inward,13,2.0,0.12,arrived,0.03575164090131133,8.7
SRCBF,0.3,0.45,inward,13,2.0,0.12,arrived,0.06059867649636064,8.7
RCBF,0.3,0.45,inward,14,2.0,0.12,arrived,0.03602425246194807,8.7
SRCBF,0.3,0.45,inward,14,2.0,0.12,arrived,0.06096602522321792,8.7
RCBF,0.3,0.45,inward,15,2.0,0.12,arrived,0.03713851366103815,8.7
SRCBF,0.3,0.45,inward,15,2.0,0.12,arrived,0.06246086433883802,8.7
RCBF,0.3,0.45,inward,16,2.0,0.12,arrived,0.038151623801339074,8.399999999999999
SRCBF,0.3,0.45,inward,16,2.0,0.12,arrived,0.06381071525476956,8.7
RCBF,0.3,0.45,inward,17,2.0,0.12,arrived,0.03591064595067783,8.7
SRCBF,0.3,0.45,inward,17,2.0,0.12,arrived,0.06081301616641566,8.7
RCBF,0.3,0.45,inward,18,2.0,0.12,arrived,0.03949797974051994,8.399999999999999
SRCBF,0.3,0.45,inward,18,2.0,0.12,arrived,0.06559081850317805,8.7
RCBF,0.3,0.45,inward,19,2.0,0.12,arrived,0.03932896752784454,8.399999999999999
SRCBF,0.3,0.45,inward,19,2.0,0.12,arrived,0.06536822208582149,8.7
RCBF,0.4,0.15,bias,0,2.0,0.12,arrived,0.08266854235590171,10.400000000000004
SRCBF,0.4,0.15,bias,0,2.0,0.12,arrived,0.13320874228982027,10.400000000000004
RCBF,0.4,0.15,bias,1,2.0,0.12,arrived,0.03122967254096154,7.200000000000002
SRCBF,0.4,0.15,bias,1,2.0,0.12,arrived,0.06777350111570335,7.600000000000002
RCBF,0.4,0.15,bias,2,2.0,0.12,arrived,0.08742951323360659,10.800000000000004
SRCBF,0.4,0.15,bias,2,2.0,0.12,arrived,0.13659632546081135,11.200000000000005
RCBF,0.4,0.15,bias,3,2.0,0.12,arrived,0.06339608207012715,10.400000000000004
SRCBF,0.4,0.15,bias,3,2.0,0.12,arrived,0.10350295110341678,10.800000000000004
RCBF,0.4,0.15,bias,4,2.0,0.12,arrived,0.12305644992985931,11.200000000000005
SRCBF,0.4,0.15,bias,4,2.0,0.12,arrived,0.18139241109934479,11.600000000000005
RCBF,0.4,0.15,bias,5,2.0,0.12,arrived,0.08953603801186305,8.000000000000002
SRCBF,0.4,0.15,bias,5,2.0,0.12,arrived,0.15476843320040823,8.000000000000002
RCBF,0.4,0.15,bias,6,2.0,0.12,arrived,0.100993992594271,11.600000000000005
SRCBF,0.4,0.15,bias,6,2.0,0.12,arrived,0.154859581403203,12.000000000000005
RCBF,0.4,0.15,bias,7,2.0,0.12,arrived,0.05227428189816152,7.200000000000002
SRCBF,0.4,0.15,bias,7,2.0,0.12,arrived,0.10152033862755072,7.600000000000002
RCBF,0.4,0.15,bias,8,2.0,0.12,arrived,0.020578261370892137,7.200000000000002
SRCBF,0.4,0.15,bias,8,2.0,0.12,arrived,0.04977120277676128,7.600000000000002
RCBF,0.4,0.15,bias,9,2.0,0.12,arrived,0.09094541636076947,10.400000000000004
SRCBF,0.4,0.15,bias,9,2.0,0.12,arrived,0.14489794495371544,10.400000000000004
RCBF,0.4,0.15,bias,10,2.0,0.12,arrived,0.06204700593069978,9.600000000000003
SRCBF,0.4,0.15,bias,10,2.0,0.12,arrived,0.10706802141559302,9.600000000000003
RCBF,0.4,0.15,bias,11,2.0,0.12,arrived,0.1214318316663503,10.800000000000004
SRCBF,0.4,0.15,bias,11,2.0,0.12,arrived,0.1791340125343095,11.200000000000005
RCBF,0.4,0.15,bias,12,2.0,0.12,arrived,0.03589952440005695,7.200000000000002
SRCBF,0.4,0.15,bias,12,2.0,0.12,arrived,0.07618481362544849,7.200000000000002
RCBF,0.4,0.15,bias,13,2.0,0.12,arrived,0.06790640736160714,7.600000000000002
SRCBF,0.4,0.15,bias,13,2.0,0.12,arrived,0.12449651054295896,7.600000000000002
RCBF,0.4,0.15,bias,14,2.0,0.12,arrived,0.10675711251055231,11.600000000000005
SRCBF,0.4,0.15,bias,14,2.0,0.12,arrived,0.16279793107605833,12.000000000000005
RCBF,0.4,0.15,bias,15,2.0,0.12,arrived,0.08725475863709808,8.000000000000002
SRCBF,0.4,0.15,bias,15,2.0,0.12,arrived,0.15271393596699,8.000000000000002
RCBF,0.4,0.15,bias,16,2.0,0.12,arrived,0.09893383916583476,13.600000000000007
SRCBF,0.4,0.15,bias,16,2.0,0.12,arrived,0.14398449713663142,14.000000000000007
RCBF,0.4,0.15,bias,17,2.0,0.12,arrived,0.04022886129069325,9.200000000000003
SRCBF,0.4,0.15,bias,17,2.0,0.12,arrived,0.0733588990583216,9.600000000000003
RCBF,0.4,0.15,bias,18,2.0,0.12,arrived,0.12701771859054578,8.800000000000002
SRCBF,0.4,0.15,bias,18,2.0,0.12,arrived,0.2001744608157412,8.800000000000002
RCBF,0.4,0.15,bias,19,2.0,0.12,arrived,0.04239486588257446,7.200000000000002
SRCBF,0.4,0.15,bias,19,2.0,0.12,arrived,0.08641954700744003,7.200000000000002
RCBF,0.4,0.15,inward,0,2.0,0.12,arrived,0.007181171486015936,9.600000000000003
SRCBF,0.4,0.15,inward,0,2.0,0.12,arrived,0.02276548518794841,10.000000000000004
RCBF,0.4,0.15,inward,1,2.0,0.12,arrived,0.007882808248734219,9.600000000000003
SRCBF,0.4,0.15,inward,1,2.0,0.12,arrived,0.02427153422536532,10.000000000000004
RCBF,0.4,0.15,inward,2,2.0,0.12,arrived,0.00939020270879154,9.600000000000003
SRCBF,0.4,0.15,inward,2,2.0,0.12,arrived,0.027404630896188165,9.600000000000003
RCBF,0.4,0.15,inward,3,2.0,0.12,arrived,0.010530767162190147,9.600000000000003
SRCBF,0.4,0.15,inward,3,2.0,0.12,arrived,0.029711532334326884,9.600000000000003
RCBF,0.4,0.15,inward,4,2.0,0.12,arrived,0.005612156387148182,10.000000000000004
SRCBF,0.4,0.15,inward,4,2.0,0.12,arrived,0.018620323416131512,10.000000000000004
RCBF,0.4,0.15,inward,5,2.0,0.12,arrived,0.006294356912829202,10.000000000000004
SRCBF,0.4,0.15,inward,5,2.0,0.12,arrived,0.0207940040553104,10.000000000000004
RCBF,0.4,0.15,inward,6,2.0,0.12,arrived,0.007732181247327774,9.600000000000003
SRCBF,0.4,0.15,inward,6,2.0,0.12,arrived,0.02395135993032993,10.000000000000004
RCBF,0.4,0.15,inward,7,2.0,0.12,arrived,0.007246189084006316,9.600000000000003
SRCBF,0.4,0.15,inward,7,2.0,0.12,arrived,0.02290673196253723,10.000000000000004
RCBF,0.4,0.15,inward,8,2.0,0.12,arrived,0.008983213834345305,9.600000000000003
SRCBF,0.4,0.15,inward,8,2.0,0.12,arrived,0.026569651315438425,9.600000000000003
RCBF,0.4,0.15,inward,9,2.0,0.12,arrived,0.005966863887371665,10.000000000000004
SRCBF,0.4,0.15,inward,9,2.0,0.12,arrived,0.01982921092645662,10.000000000000004
RCBF,0.4,0.15,inward,10,2.0,0.12,arrived,0.005550238975085775,10.000000000000004
SRCBF,0.4,0.15,inward,10,2.0,0.12,arrived,0.01840975242918741,10.000000000000004
RCBF,0.4,0.15,inward,11,2.0,0.12,arrived,0.010246645678978705,9.600000000000003
SRCBF,0.4,0.15,inward,11,2.0,0.12,arrived,0.029140960323873033,9.600000000000003
RCBF,0.4,0.15,inward,12,2.0,0.12,arrived,0.009458257748170551,9.600000000000003
SRCBF,0.4,0.15,inward,12,2.0,0.12,arrived,0.027543588192727064,9.600000000000003
RCBF,0.4,0.15,inward,13,2.0,0.12,arrived,0.005993874793414844,10.000000000000004
SRCBF,0.4,0.15,inward,13,2.0,0.12,arrived,0.01992138702968549,10.000000000000004
RCBF,0.4,0.15,inward,14,2.0,0.12,arrived,0.006162844092769015,10.000000000000004
SRCBF,0.4,0.15,inward,14,2.0,0.12,arrived,0.020492942366838185,10.000000000000004
RCBF,0.4,0.15,inward,15,2.0,0.12,arrived,0.006879781243930738,10.000000000000004
SRCBF,0.4,0.15,inward,15,2.0,0.12,arrived,0.022105459113703763,10.000000000000004
RCBF,0.4,0.15,inward,16,2.0,0.12,arrived,0.0075695554141116395,9.600000000000003
SRCBF,0.4,0.15,inward,16,2.0,0.12,arrived,0.02360386290387173,10.000000000000004
RCBF,0.4,0.15,inward,17,2.0,0.12,arrived,0.0060921285995214625,10.000000000000004
SRCBF,0.4,0.15,inward,17,2.0,0.12,arrived,0.02025675628785817,10.000000000000004
RCBF,0.4,0.15,inward,18,2.0,0.12,arrived,0.008543621850128025,9.600000000000003
SRCBF,0.4,0.15,inward,18,2.0,0.12,arrived,0.025659380359668416,9.600000000000003
RCBF,0.4,0.15,inward,19,2.0,0.12,arrived,0.008417717788689827,9.600000000000003
SRCBF,0.4,0.15,inward,19,2.0,0.12,arrived,0.0253968831942335,9.600000000000003
RCBF,0.4,0.45,bias,0,2.0,0.12,arrived,0.05039100669699337,8.800000000000002
SRCBF,0.4,0.45,bias,0,2.0,0.12,arrived,0.07836147172102204,8.800000000000002
RCBF,0.4,0.45,bias,1,2.0,0.12,arrived,0.07635693784866704,6.400000000000001
SRCBF,0.4,0.45,bias,1,2.0,0.12,arrived,0.14468561225272492,6.400000000000001
RCBF,0.4,0.45,bias,2,2.0,0.12,arrived,0.059518180573136625,8.800000000000002
SRCBF,0.4,0.45,bias,2,2.0,0.12,arrived,0.0915848638010981,9.200000000000003
RCBF,0.4,0.45,bias,3,2.0,0.12,arrived,0.04175885619876529,8.000000000000002
SRCBF,0.4,0.45,bias,3,2.0,0.12,arrived,0.07018389077368314,8.400000000000002
RCBF,0.4,0.45,bias,4,2.0,0.12,arrived,0.13285486941971247,9.200000000000003
SRCBF,0.4,0.45,bias,4,2.0,0.12,arrived,0.19258605146587315,9.600000000000003
RCBF,0.4,0.45,bias,5,2.0,0.12,arrived,0.1408970344481988,7.200000000000002
SRCBF,0.4,0.45,bias,5,2.0,0.12,arrived,0.22131535651461087,7.200000000000002
RCBF,0.4,0.45,bias,6,2.0,0.12,arrived,0.07436900017859294,9.200000000000003
SRCBF,0.4,0.45,bias,6,2.0,0.12,arrived,0.11137677606705954,9.600000000000003
RCBF,0.4,0.45,bias,7,2.0,0.12,arrived,0.10225206202074921,6.400000000000001
SRCBF,0.4,0.45,bias,7,2.0,0.12,arrived,0.17696095086129138,6.800000000000002
RCBF,0.4,0.45,bias,8,2.0,0.12,arrived,0.06216042526395138,6.400000000000001
SRCBF,0.4,0.45,bias,8,2.0,0.12,arrived,0.12562997017054023,6.400000000000001
RCBF,0.4,0.45,bias,9,2.0,0.12,arrived,0.05582769950017019,9.200000000000003
SRCBF,0.4,0.45,bias,9,2.0,0.12,arrived,0.08526446928938192,9.200000000000003
RCBF,0.4,0.45,bias,10,2.0,0.12,arrived,0.033087445207166666,8.000000000000002
SRCBF,0.4,0.45,bias,10,2.0,0.12,arrived,0.05631985329460454,8.400000000000002
RCBF,0.4,0.45,bias,11,2.0,0.12,arrived,0.12801444775570547,9.200000000000003
SRCBF,0.4,0.45,bias,11,2.0,0.12,arrived,0.1905611795514366,9.600000000000003
RCBF,0.4,0.45,bias,12,2.0,0.12,arrived,0.08264352205436931,6.400000000000001
SRCBF,0.4,0.45,bias,12,2.0,0.12,arrived,0.15262357486349998,6.400000000000001
RCBF,0.4,0.45,bias,13,2.0,0.12,arrived,0.11922398646842314,6.800000000000002
SRCBF,0.4,0.45,bias,13,2.0,0.12,arrived,0.19806762862492966,6.800000000000002
RCBF,0.4,0.45,bias,14,2.0,0.12,arrived,0.08060695990962297,9.600000000000003
SRCBF,0.4,0.45,bias,14,2.0,0.12,arrived,0.11958237400335203,9.600000000000003
RCBF,0.4,0.45,bias,15,2.0,0.12,arrived,0.13955888954933637,7.200000000000002
SRCBF,0.4,0.45,bias,15,2.0,0.12,arrived,0.22026699434039565,7.200000000000002
RCBF,0.4,0.45,bias,16,2.0,0.12,arrived,0.10390357279129114,9.600000000000003
SRCBF,0.4,0.45,bias,16,2.0,0.12,arrived,0.15418912195315637,9.600000000000003
RCBF,0.4,0.45,bias,17,2.0,0.12,arrived,0.024880208041259788,7.600000000000002
SRCBF,0.4,0.45,bias,17,2.0,0.12,arrived,0.0509869590439298,7.600000000000002
RCBF,0.4,0.45,bias,18,2.0,0.12,arrived,0.16445845211571708,8.000000000000002
SRCBF,0.4,0.45,bias,18,2.0,0.12,arrived,0.24940191421204716,8.000000000000002
RCBF,0.4,0.45,bias,19,2.0,0.12,arrived,0.09071607889634503,6.400000000000001
SRCBF,0.4,0.45,bias,19,2.0,0.12,arrived,0.16264181555963897,6.400000000000001
RCBF,0.4,0.45,inward,0,2.0,0.12,arrived,0.033752074488708095,8.400000000000002
SRCBF,0.4,0.45,inward,0,2.0,0.12,arrived,0.07263740542724184,8.400000000000002
RCBF,0.4,0.45,inward,1,2.0,0.12,arrived,0.03463569616414275,8.400000000000002
SRCBF,0.4,0.45,inward,1,2.0,0.12,arrived,0.07421529752478762,8.400000000000002
RCBF,0.4,0.45,inward,2,2.0,0.12,arrived,0.0364079565506471,8.400000000000002
SRCBF,0.4,0.45,inward,2,2.0,0.12,arrived,0.07736015771391869,8.400000000000002
RCBF,0.4,0.45,inward,3,2.0,0.12,arrived,0.03765678155748997,8.400000000000002
SRCBF,0.4,0.45,inward,3,2.0,0.12,arrived,0.07956014684493762,8.400000000000002
RCBF,0.4,0.45,inward,4,2.0,0.12,arrived,0.03160266686412594,8.400000000000002
SRCBF,0.4,0.45,inward,4,2.0,0.12,arrived,0.06877220370886294,8.800000000000002
RCBF,0.4,0.45,inward,5,2.0,0.12,arrived,0.03256967136609601,8.400000000000002
SRCBF,0.4,0.45,inward,5,2.0,0.12,arrived,0.07051580445400141,8.400000000000002
RCBF,0.4,0.45,inward,6,2.0,0.12,arrived,0.03444950184725881,8.400000000000002
SRCBF,0.4,0.45,inward,6,2.0,0.12,arrived,0.07388335391594991,8.400000000000002
RCBF,0.4,0.45,inward,7,2.0,0.12,arrived,0.03383576070839589,8.400000000000002
SRCBF,0.4,0.45,inward,7,2.0,0.12,arrived,0.07278712524887965,8.400000000000002
RCBF,0.4,0.45,inward,8,2.0,0.12,arrived,0.03594447047239524,8.400000000000002
SRCBF,0.4,0.45,inward,8,2.0,0.12,arrived,0.07654028099456456,8.400000000000002
RCBF,0.4,0.45,inward,9,2.0,0.12,arrived,0.03211210519183183,8.400000000000002
SRCBF,0.4,0.45,inward,9,2.0,0.12,arrived,0.06969170952841508,8.800000000000002
RCBF,0.4,0.45,inward,10,2.0,0.12,arrived,0.03151221931836523,8.400000000000002
SRCBF,0.4,0.45,inward,10,2.0,0.12,arrived,0.06860873459160466,8.800000000000002
RCBF,0.4,0.45,inward,11,2.0,0.12,arrived,0.03735208208120455,8.400000000000002
SRCBF,0.4,0.45,inward,11,2.0,0.12,arrived,0.0790245981298986,8.400000000000002
RCBF,0.4,0.45,inward,12,2.0,0.12,arrived,0.03648448099012869,8.400000000000002
SRCBF,0.4,0.45,inward,12,2.0,0.12,arrived,0.07749534863690011,8.400000000000002
RCBF,0.4,0.45,inward,13,2.0,0.12,arrived,0.032150300719699154,8.400000000000002
SRCBF,0.4,0.45,inward,13,2.0,0.12,arrived,0.06976056612378323,8.800000000000002
RCBF,0.4,0.45,inward,14,2.0,0.12,arrived,0.03238736161175948,8.400000000000002
SRCBF,0.4,0.45,inward,14,2.0,0.12,arrived,0.07018766112344255,8.800000000000002
RCBF,0.4,0.45,inward,15,2.0,0.12,arrived,0.03335899349315674,8.400000000000002
SRCBF,0.4,0.45,inward,15,2.0,0.12,arrived,0.0719333785135543,8.400000000000002
RCBF,0.4,0.45,inward,16,2.0,0.12,arrived,0.03424638342408981,8.400000000000002
SRCBF,0.4,0.45,inward,16,2.0,0.12,arrived,0.07352090555906277,8.400000000000002
RCBF,0.4,0.45,inward,17,2.0,0.12,arrived,0.03228854000641879,8.400000000000002
SRCBF,0.4,0.45,inward,17,2.0,0.12,arrived,0.07000967694963078,8.800000000000002
RCBF,0.4,0.45,inward,18,2.0,0.12,arrived,0.035431921339096895,8.400000000000002
SRCBF,0.4,0.45,inward,18,2.0,0.12,arrived,0.07563148843343193,8.400000000000002
RCBF,0.4,0.45,inward,19,2.0,0.12,arrived,0.03528269077886992,8.400000000000002
SRCBF,0.4,0.45,inward,19,2.0,0.12,arrived,0.07536647100121363,8.400000000000002
RCBF,0.5,0.15,bias,0,2.0,0.12,arrived,0.07376762269595938,10.0
SRCBF,0.5,0.15,bias,0,2.0,0.12,arrived,0.1430073345849424,10.5
RCBF,0.5,0.15,bias,1,2.0,0.12,arrived,0.011719959835931437,7.5
SRCBF,0.5,0.15,bias,1,2.0,0.12,arrived,0.0733490391883509,7.5
RCBF,0.5,0.15,bias,2,2.0,0.12,arrived,0.08025580601066784,11.0
SRCBF,0.5,0.15,bias,2,2.0,0.12,arrived,0.147146100819469,11.5
RCBF,0.5,0.15,bias,3,2.0,0.12,arrived,0.056820187550154166,10.5
SRCBF,0.5,0.15,bias,3,2.0,0.12,arrived,0.11088633901501466,11.0
RCBF,0.5,0.15,bias,4,2.0,0.12,arrived,0.12111026146880166,11.0
SRCBF,0.5,0.15,bias,4,2.0,0.12,arrived,0.1985430788616267,11.5
RCBF,0.5,0.15,bias,5,2.0,0.12,arrived,0.08034213067605567,8.0
SRCBF,0.5,0.15,bias,5,2.0,0.12,arrived,0.1688327669173093,8.0
RCBF,0.5,0.15,bias,6,2.0,0.12,arrived,0.09515194823449413,11.5
SRCBF,0.5,0.15,bias,6,2.0,0.12,arrived,0.16745604432627947,12.0
RCBF,0.5,0.15,bias,7,2.0,0.12,arrived,0.04246249696155513,7.5
SRCBF,0.5,0.15,bias,7,2.0,0.12,arrived,0.11152329095221192,7.5
RCBF,0.5,0.15,bias,8,2.0,0.12,arrived,0.005088721589615153,7.5
SRCBF,0.5,0.15,bias,8,2.0,0.12,arrived,0.05174076706918329,7.5
RCBF,0.5,0.15,bias,9,2.0,0.12,arrived,0.0813966074438528,10.5
SRCBF,0.5,0.15,bias,9,2.0,0.12,arrived,0.15580787420154218,10.5
RCBF,0.5,0.15,bias,10,2.0,0.12,arrived,0.05387945626462787,9.5
SRCBF,0.5,0.15,bias,10,2.0,0.12,arrived,0.11518793805007954,10.0
RCBF,0.5,0.15,bias,11,2.0,0.12,arrived,0.12086624545191182,10.5
SRCBF,0.5,0.15,bias,11,2.0,0.12,arrived,0.1976584477235379,11.0
RCBF,0.5,0.15,bias,12,2.0,0.12,arrived,0.014420397296580068,7.0
SRCBF,0.5,0.15,bias,12,2.0,0.12,arrived,0.08420274524048132,7.5
RCBF,0.5,0.15,bias,13,2.0,0.12,arrived,0.06084946806618796,7.5
SRCBF,0.5,0.15,bias,13,2.0,0.12,arrived,0.13601113126320707,8.0
RCBF,0.5,0.15,bias,14,2.0,0.12,arrived,0.1010986497379397,11.5
SRCBF,0.5,0.15,bias,14,2.0,0.12,arrived,0.1761695810690247,12.0
RCBF,0.5,0.15,bias,15,2.0,0.12,arrived,0.07909817290091425,8.0
SRCBF,0.5,0.15,bias,15,2.0,0.12,arrived,0.16640990070876738,8.0
RCBF,0.5,0.15,bias,16,2.0,0.12,arrived,0.10372526467464671,13.5
SRCBF,0.5,0.15,bias,16,2.0,0.12,arrived,0.16470883786117985,14.5
RCBF,0.5,0.15,bias,17,2.0,0.12,arrived,0.033884796467587686,9.5
SRCBF,0.5,0.15,bias,17,2.0,0.12,arrived,0.07884188650761403,9.5
RCBF,0.5,0.15,bias,18,2.0,0.12,arrived,0.10999575180206833,8.5
SRCBF,0.5,0.15,bias,18,2.0,0.12,arrived,0.21490819435095943,9.0
RCBF,0.5,0.15,bias,19,2.0,0.12,arrived,0.023844844032227086,7.0
SRCBF,0.5,0.15,bias,19,2.0,0.12,arrived,0.09570148687493751,7.5
RCBF,0.5,0.15,inward,0,2.0,0.12,arrived,0.0014095209197249048,9.5
SRCBF,0.5,0.15,inward,0,2.0,0.12,arrived,0.02518359334438769,10.0
RCBF,0.5,0.15,inward,1,2.0,0.12,arrived,0.0016160964887702578,9.5
SRCBF,0.5,0.15,inward,1,2.0,0.12,arrived,0.027563614058987995,10.0
RCBF,0.5,0.15,inward,2,2.0,0.12,arrived,0.0020681086528313575,9.5
SRCBF,0.5,0.15,inward,2,2.0,0.12,arrived,0.031436693557507334,9.5
RCBF,0.5,0.15,inward,3,2.0,0.12,arrived,0.0024160786140799972,9.5
SRCBF,0.5,0.15,inward,3,2.0,0.12,arrived,0.03375483215415431,9.5
RCBF,0.5,0.15,inward,4,2.0,0.12,arrived,0.000961019359844717,10.0
SRCBF,0.5,0.15,inward,4,2.0,0.12,arrived,0.019846066519973782,10.0
RCBF,0.5,0.15,inward,5,2.0,0.12,arrived,0.0011531816785065319,10.0
SRCBF,0.5,0.15,inward,5,2.0,0.12,arrived,0.02216489278918754,10.0
RCBF,0.5,0.15,inward,6,2.0,0.12,arrived,0.0015715139496004227,9.5
SRCBF,0.5,0.15,inward,6,2.0,0.12,arrived,0.02705365343192434,10.0
RCBF,0.5,0.15,inward,7,2.0,0.12,arrived,0.0014285398849510633,9.5
SRCBF,0.5,0.15,inward,7,2.0,0.12,arrived,0.02540457882815539,10.0
RCBF,0.5,0.15,inward,8,2.0,0.12,arrived,0.0019451100903481455,9.5
SRCBF,0.5,0.15,inward,8,2.0,0.12,arrived,0.03057908958306288,9.5
RCBF,0.5,0.15,inward,9,2.0,0.12,arrived,0.0010602693474757174,10.0
SRCBF,0.5,0.15,inward,9,2.0,0.12,arrived,0.021050413827254255,10.0
RCBF,0.5,0.15,inward,10,2.0,0.12,arrived,0.0009438641336921849,10.0
SRCBF,0.5,0.15,inward,10,2.0,0.12,arrived,0.01963630978105546,10.0
RCBF,0.5,0.15,inward,11,2.0,0.12,arrived,0.002328968732620118,9.5
SRCBF,0.5,0.15,inward,11,2.0,0.12,arrived,0.03318727217182682,9.5
RCBF,0.5,0.15,inward,12,2.0,0.12,arrived,0.002088738796877987,9.5
SRCBF,0.5,0.15,inward,12,2.0,0.12,arrived,0.0315783063755557,9.5
RCBF,0.5,0.15,inward,13,2.0,0.12,arrived,0.0010678894168397735,10.0
SRCBF,0.5,0.15,inward,13,2.0,0.12,arrived,0.021142267937329207,10.0
RCBF,0.5,0.15,inward,14,2.0,0.12,arrived,0.0011157375454418084,10.0
SRCBF,0.5,0.15,inward,14,2.0,0.12,arrived,0.021717170824767873,10.0
RCBF,0.5,0.15,inward,15,2.0,0.12,arrived,0.0013217281269531922,9.5
SRCBF,0.5,0.15,inward,15,2.0,0.12,arrived,0.024158360941882506,10.0
RCBF,0.5,0.15,inward,16,2.0,0.12,arrived,0.0015235184180358852,9.5
SRCBF,0.5,0.15,inward,16,2.0,0.12,arrived,0.026502421549867372,10.0
RCBF,0.5,0.15,inward,17,2.0,0.12,arrived,0.001095675649494643,10.0
SRCBF,0.5,0.15,inward,17,2.0,0.12,arrived,0.021476511441641755,10.0
RCBF,0.5,0.15,inward,18,2.0,0.12,arrived,0.0018130190962013515,9.5
SRCBF,0.5,0.15,inward,18,2.0,0.12,arrived,0.02962920030772609,9.5
RCBF,0.5,0.15,inward,19,2.0,0.12,arrived,0.0017753412817848035,9.5
SRCBF,0.5,0.15,inward,19,2.0,0.12,arrived,0.02935193213519438,9.5
RCBF,0.5,0.45,bias,0,2.0,0.12,arrived,0.052184813049414136,9.0
SRCBF,0.5,0.45,bias,0,2.0,0.12,arrived,0.08898316461241018,9.0
RCBF,0.5,0.45,bias,1,2.0,0.12,arrived,0.07773994224207015,6.5
SRCBF,0.5,0.45,bias,1,2.0,0.12,arrived,0.1518572688729306,6.5
RCBF,0.5,0.45,bias,2,2.0,0.12,arrived,0.06172997056809559,9.0
SRCBF,0.5,0.45,bias,2,2.0,0.12,arrived,0.10424704121611406,9.0
RCBF,0.5,0.45,bias,3,2.0,0.12,arrived,0.04194627638738335,8.0
SRCBF,0.5,0.45,bias,3,2.0,0.12,arrived,0.07919117327469127,8.5
RCBF,0.5,0.45,bias,4,2.0,0.12,arrived,0.12760172709032558,9.5
SRCBF,0.5,0.45,bias,4,2.0,0.12,arrived,0.2209670983720915,9.5
RCBF,0.5,0.45,bias,5,2.0,0.12,arrived,0.1260497848602442,7.0
SRCBF,0.5,0.45,bias,5,2.0,0.12,arrived,0.23621237534792194,7.5
RCBF,0.5,0.45,bias,6,2.0,0.12,arrived,0.0776128422734067,9.5
SRCBF,0.5,0.45,bias,6,2.0,0.12,arrived,0.1271875995491062,9.5
RCBF,0.5,0.45,bias,7,2.0,0.12,arrived,0.09983448563209985,6.5
SRCBF,0.5,0.45,bias,7,2.0,0.12,arrived,0.18649461760344033,6.5
RCBF,0.5,0.45,bias,8,2.0,0.12,arrived,0.06260261390015509,6.5
SRCBF,0.5,0.45,bias,8,2.0,0.12,arrived,0.13097390877965243,6.5
RCBF,0.5,0.45,bias,9,2.0,0.12,arrived,0.0579629336339853,9.0
SRCBF,0.5,0.45,bias,9,2.0,0.12,arrived,0.0963162021481887,9.5
RCBF,0.5,0.45,bias,10,2.0,0.12,arrived,0.03356708176006595,8.0
SRCBF,0.5,0.45,bias,10,2.0,0.12,arrived,0.06359592259654612,8.5
RCBF,0.5,0.45,bias,11,2.0,0.12,arrived,0.12985436611191814,9.0
SRCBF,0.5,0.45,bias,11,2.0,0.12,arrived,0.21636896904638903,9.5
RCBF,0.5,0.45,bias,12,2.0,0.12,arrived,0.08323021246414397,6.5
SRCBF,0.5,0.45,bias,12,2.0,0.12,arrived,0.16044216420133828,6.5
RCBF,0.5,0.45,bias,13,2.0,0.12,arrived,0.11207076144843509,7.0
SRCBF,0.5,0.45,bias,13,2.0,0.12,arrived,0.2085447706744359,7.0
RCBF,0.5,0.45,bias,14,2.0,0.12,arrived,0.0838989135113053,9.5
SRCBF,0.5,0.45,bias,14,2.0,0.12,arrived,0.13652856943428104,10.0
RCBF,0.5,0.45,bias,15,2.0,0.12,arrived,0.1254050211653326,7.0
SRCBF,0.5,0.45,bias,15,2.0,0.12,arrived,0.23441967046481915,7.0
RCBF,0.5,0.45,bias,16,2.0,0.12,arrived,0.10936641039121908,9.5
SRCBF,0.5,0.45,bias,16,2.0,0.12,arrived,0.1770877136621435,9.5
RCBF,0.5,0.45,bias,17,2.0,0.12,arrived,0.021888390715996464,7.5
SRCBF,0.5,0.45,bias,17,2.0,0.12,arrived,0.05870151660464529,8.0
RCBF,0.5,0.45,bias,18,2.0,0.12,arrived,0.14279383598230333,8.0
SRCBF,0.5,0.45,bias,18,2.0,0.12,arrived,0.2748052326956889,8.0
RCBF,0.5,0.45,bias,19,2.0,0.12,arrived,0.09044160634759457,6.5
SRCBF,0.5,0.45,bias,19,2.0,0.12,arrived,0.17126227821819184,6.5
RCBF,0.5,0.45,inward,0,2.0,0.12,arrived,0.029465605733917433,8.5
SRCBF,0.5,0.45,inward,0,2.0,0.12,arrived,0.08378924937676824,8.5
RCBF,0.5,0.45,inward,1,2.0,0.12,arrived,0.030398801949073184,8.5
SRCBF,0.5,0.45,inward,1,2.0,0.12,arrived,0.08585846789470053,8.5
RCBF,0.5,0.45,inward,2,2.0,0.12,arrived,0.03223467525219659,8.0
SRCBF,0.5,0.45,inward,2,2.0,0.12,arrived,0.08995412358018995,8.5
RCBF,0.5,0.45,inward,3,2.0,0.12,arrived,0.033498979992810596,8.0
SRCBF,0.5,0.45,inward,3,2.0,0.12,arrived,0.09279513810316486,8.5
RCBF,0.5,0.45,inward,4,2.0,0.12,arrived,0.027147962882953736,8.5
SRCBF,0.5,0.45,inward,4,2.0,0.12,arrived,0.07868414598889517,8.5
RCBF,0.5,0.45,inward,5,2.0,0.12,arrived,0.028198827572292418,8.5
SRCBF,0.5,0.45,inward,5,2.0,0.12,arrived,0.08099313215925408,8.5
RCBF,0.5,0.45,inward,6,2.0,0.12,arrived,0.03020313629782656,8.5
SRCBF,0.5,0.45,inward,6,2.0,0.12,arrived,0.08542392608921145,8.5
RCBF,0.5,0.45,inward,7,2.0,0.12,arrived,0.029554487138539587,8.5
SRCBF,0.5,0.45,inward,7,2.0,0.12,arrived,0.08398597854049306,8.5
RCBF,0.5,0.45,inward,8,2.0,0.12,arrived,0.03175923234769429,8.0
SRCBF,0.5,0.45,inward,8,2.0,0.12,arrived,0.08889017126303322,8.5
RCBF,0.5,0.45,inward,9,2.0,0.12,arrived,0.0277032122069909,8.5
SRCBF,0.5,0.45,inward,9,2.0,0.12,arrived,0.07990299836902404,8.5
RCBF,0.5,0.45,inward,10,2.0,0.12,arrived,0.027049007942604786,8.5
SRCBF,0.5,0.45,inward,10,2.0,0.12,arrived,0.07846719170343208,8.5
RCBF,0.5,0.45,inward,11,2.0,0.12,arrived,0.03319276787074976,8.0
SRCBF,0.5,0.45,inward,11,2.0,0.12,arrived,0.09210544853526992,8.5
RCBF,0.5,0.45,inward,12,2.0,0.12,arrived,0.03231285199595879,8.0
SRCBF,0.5,0.45,inward,12,2.0,0.12,arrived,0.09012929511532042,8.5
RCBF,0.5,0.45,inward,13,2.0,0.12,arrived,0.027744696894859033,8.5
SRCBF,0.5,0.45,inward,13,2.0,0.12,arrived,0.07999416631487455,8.5
RCBF,0.5,0.45,inward,14,2.0,0.12,arrived,0.02800171283063746,8.5
SRCBF,0.5,0.45,inward,14,2.0,0.12,arrived,0.08055931637482128,8.5
RCBF,0.5,0.45,inward,15,2.0,0.12,arrived,0.029046738108747916,8.5
SRCBF,0.5,0.45,inward,15,2.0,0.12,arrived,0.08286310655528961,8.5
RCBF,0.5,0.45,inward,16,2.0,0.12,arrived,0.02998908967642311,8.5
SRCBF,0.5,0.45,inward,16,2.0,0.12,arrived,0.08494898201158452,8.5
RCBF,0.5,0.45,inward,17,2.0,0.12,arrived,0.027894669089808977,8.5
SRCBF,0.5,0.45,inward,17,2.0,0.12,arrived,0.08032387072130676,8.5
RCBF,0.5,0.45,inward,18,2.0,0.12,arrived,0.03122958450504587,8.5
SRCBF,0.5,0.45,inward,18,2.0,0.12,arrived,0.08770765806295033,8.5
RCBF,0.5,0.45,inward,19,2.0,0.12,arrived,0.031074614957616653,8.5
SRCBF,0.5,0.45,inward,19,2.0,0.12,arrived,0.08736220276148621,8.5
RCBF,0.6,0.15,bias,0,2.0,0.12,arrived,0.0013901678282822738,10.199999999999998
SRCBF,0.6,0.15,bias,0,2.0,0.12,arrived,0.15355625574152676,10.799999999999997
RCBF,0.6,0.15,bias,1,2.0,0.12,violation,-0.01931681825810405,2.4
SRCBF,0.6,0.15,bias,1,2.0,0.12,arrived,0.07605706937880441,7.799999999999998
RCBF,0.6,0.15,bias,2,2.0,0.12,arrived,0.002433182831428904,10.799999999999997
SRCBF,0.6,0.15,bias,2,2.0,0.12,arrived,0.15813531634177524,11.399999999999997
RCBF,0.6,0.15,bias,3,2.0,0.12,violation,-0.009323685064409282,2.4
SRCBF,0.6,0.15,bias,3,2.0,0.12,arrived,0.11851618682844434,10.799999999999997
RCBF,0.6,0.15,bias,4,2.0,0.12,arrived,0.09598378792516293,10.799999999999997
SRCBF,0.6,0.15,bias,4,2.0,0.12,arrived,0.2158983729779953,11.399999999999997
RCBF,0.6,0.15,bias,5,2.0,0.12,arrived,0.017683327011608352,7.799999999999998
SRCBF,0.6,0.15,bias,5,2.0,0.12,arrived,0.17659505872368098,8.399999999999999
RCBF,0.6,0.15,bias,6,2.0,0.12,arrived,0.009636983838498647,11.399999999999997
SRCBF,0.6,0.15,bias,6,2.0,0.12,arrived,0.1805211021823644,11.999999999999996
RCBF,0.6,0.15,bias,7,2.0,0.12,violation,-0.003739094048382019,2.4
SRCBF,0.6,0.15,bias,7,2.0,0.12,arrived,0.11546184679064131,7.799999999999998
RCBF,0.6,0.15,bias,8,2.0,0.12,violation,-0.02779499272879138,2.4
SRCBF,0.6,0.15,bias,8,2.0,0.12,arrived,0.05271835000910008,7.799999999999998
RCBF,0.6,0.15,bias,9,2.0,0.12,arrived,0.0057186841420214796,10.199999999999998
SRCBF,0.6,0.15,bias,9,2.0,0.12,arrived,0.16757754478340048,10.799999999999997
RCBF,0.6,0.15,bias,10,2.0,0.12,violation,-0.006960231650696036,2.4
SRCBF,0.6,0.15,bias,10,2.0,0.12,arrived,0.12038275733340587,9.599999999999998
RCBF,0.6,0.15,bias,11,2.0,0.12,arrived,0.10718793308363617,10.799999999999997
SRCBF,0.6,0.15,bias,11,2.0,0.12,arrived,0.21548673495098414,11.399999999999997
RCBF,0.6,0.15,bias,12,2.0,0.12,violation,-0.015646676270881565,2.4
SRCBF,0.6,0.15,bias,12,2.0,0.12,arrived,0.08771822173593125,7.199999999999998
RCBF,0.6,0.15,bias,13,2.0,0.12,arrived,0.005885153652131714,7.799999999999998
SRCBF,0.6,0.15,bias,13,2.0,0.12,arrived,0.14116585309823348,7.799999999999998
RCBF,0.6,0.15,bias,14,2.0,0.12,arrived,0.01288883875951119,11.399999999999997
SRCBF,0.6,0.15,bias,14,2.0,0.12,arrived,0.19013470930874832,11.999999999999996
RCBF,0.6,0.15,bias,15,2.0,0.12,arrived,0.017325140872605282,7.799999999999998
SRCBF,0.6,0.15,bias,15,2.0,0.12,arrived,0.17350897438759494,8.399999999999999
RCBF,0.6,0.15,bias,16,2.0,0.12,arrived,0.06244597830549936,13.799999999999995
SRCBF,0.6,0.15,bias,16,2.0,0.12,arrived,0.1824250456036134,14.399999999999995
RCBF,0.6,0.15,bias,17,2.0,0.12,violation,-0.0183692304275741,2.4
SRCBF,0.6,0.15,bias,17,2.0,0.12,arrived,0.08246996816252272,9.599999999999998
RCBF,0.6,0.15,bias,18,2.0,0.12,arrived,0.030760519097414507,8.399999999999999
SRCBF,0.6,0.15,bias,18,2.0,0.12,arrived,0.23170925258194086,8.999999999999998
RCBF,0.6,0.15,bias,19,2.0,0.12,violation,-0.010665611306965084,2.4
SRCBF,0.6,0.15,bias,19,2.0,0.12,arrived,0.09891554182719176,7.199999999999998
RCBF,0.6,0.15,inward,0,2.0,0.12,violation,-0.03437267275315625,2.4
SRCBF,0.6,0.15,inward,0,2.0,0.12,arrived,0.026758154222152886,9.599999999999998
RCBF,0.6,0.15,inward,1,2.0,0.12,violation,-0.03412655439022205,2.4
SRCBF,0.6,0.15,inward,1,2.0,0.12,arrived,0.028460451315856505,9.599999999999998
RCBF,0.6,0.15,inward,2,2.0,0.12,violation,-0.033638352213140266,2.4
SRCBF,0.6,0.15,inward,2,2.0,0.12,arrived,0.03190433994545405,9.599999999999998
RCBF,0.6,0.15,inward,3,2.0,0.12,violation,-0.03330127935027716,2.4
SRCBF,0.6,0.15,inward,3,2.0,0.12,arrived,0.034395094909498214,9.599999999999998
RCBF,0.6,0.15,inward,4,2.0,0.12,violation,-0.0349739022753246,2.4
SRCBF,0.6,0.15,inward,4,2.0,0.12,arrived,0.02171107164365682,10.199999999999998
RCBF,0.6,0.15,inward,5,2.0,0.12,violation,-0.034703316655188,2.4
SRCBF,0.6,0.15,inward,5,2.0,0.12,arrived,0.024450893868142254,10.199999999999998
RCBF,0.6,0.15,inward,6,2.0,0.12,violation,-0.03417830829577073,2.4
SRCBF,0.6,0.15,inward,6,2.0,0.12,arrived,0.02810189339969793,9.599999999999998
RCBF,0.6,0.15,inward,7,2.0,0.12,violation,-0.03434931447745171,2.4
SRCBF,0.6,0.15,inward,7,2.0,0.12,arrived,0.026919654547161387,9.599999999999998
RCBF,0.6,0.15,inward,8,2.0,0.12,violation,-0.033765100954758265,2.4
SRCBF,0.6,0.15,inward,8,2.0,0.12,arrived,0.03099557952806553,9.599999999999998
RCBF,0.6,0.15,inward,9,2.0,0.12,violation,-0.03483138647786088,2.4
SRCBF,0.6,0.15,inward,9,2.0,0.12,arrived,0.023271588030677193,10.199999999999998
RCBF,0.6,0.15,inward,10,2.0,0.12,violation,-0.034999189285604304,2.4
SRCBF,0.6,0.15,inward,10,2.0,0.12,arrived,0.021439814934358425,10.199999999999998
RCBF,0.6,0.15,inward,11,2.0,0.12,violation,-0.03338284736308583,2.4
SRCBF,0.6,0.15,inward,11,2.0,0.12,arrived,0.03378108027812521,9.599999999999998
RCBF,0.6,0.15,inward,12,2.0,0.12,violation,-0.033617501988486564,2.4
SRCBF,0.6,0.15,inward,12,2.0,0.12,arrived,0.03205511491627311,9.599999999999998
RCBF,0.6,0.15,inward,13,2.0,0.12,violation,-0.03482069695831602,2.4
SRCBF,0.6,0.15,inward,13,2.0,0.12,arrived,0.023390794484068778,10.199999999999998
RCBF,0.6,0.15,inward,14,2.0,0.12,violation,-0.03475434596686622,2.4
SRCBF,0.6,0.15,inward,14,2.0,0.12,arrived,0.024088023154451577,10.199999999999998
RCBF,0.6,0.15,inward,15,2.0,0.12,violation,-0.03448248775682616,2.4
SRCBF,0.6,0.15,inward,15,2.0,0.12,arrived,0.02599744825266026,9.599999999999998
RCBF,0.6,0.15,inward,16,2.0,0.12,violation,-0.03423483809516337,2.4
SRCBF,0.6,0.15,inward,16,2.0,0.12,arrived,0.027710840920225133,9.599999999999998
RCBF,0.6,0.15,inward,17,2.0,0.12,violation,-0.03478200615811089,2.4
SRCBF,0.6,0.15,inward,17,2.0,0.12,arrived,0.023824764230963025,10.199999999999998
RCBF,0.6,0.15,inward,18,2.0,0.12,violation,-0.03390610136844019,2.4
SRCBF,0.6,0.15,inward,18,2.0,0.12,arrived,0.029998360163298154,9.599999999999998
RCBF,0.6,0.15,inward,19,2.0,0.12,violation,-0.03394729920283279,2.4
SRCBF,0.6,0.15,inward,19,2.0,0.12,arrived,0.029709271039272234,9.599999999999998
RCBF,0.6,0.45,bias,0,2.0,0.12,violation,-0.01999258054401798,2.4
SRCBF,0.6,0.45,bias,0,2.0,0.12,arrived,0.10031619280681181,8.999999999999998
RCBF,0.6,0.45,bias,1,2.0,0.12,arrived,0.02083417301816526,6.599999999999999
SRCBF,0.6,0.45,bias,1,2.0,0.12,arrived,0.15587491335327863,6.599999999999999
RCBF,0.6,0.45,bias,2,2.0,0.12,violation,-0.017603079272860755,2.4
SRCBF,0.6,0.45,bias,2,2.0,0.12,arrived,0.11753871375748681,8.999999999999998
RCBF,0.6,0.45,bias,3,2.0,0.12,violation,-0.029180767279211817,2.4
SRCBF,0.6,0.45,bias,3,2.0,0.12,arrived,0.08854689104912816,8.399999999999999
RCBF,0.6,0.45,bias,4,2.0,0.12,arrived,0.1289771047104198,8.999999999999998
SRCBF,0.6,0.45,bias,4,2.0,0.12,arrived,0.2430393278895806,9.599999999999998
RCBF,0.6,0.45,bias,5,2.0,0.12,arrived,0.054362280610770086,7.199999999999998
SRCBF,0.6,0.45,bias,5,2.0,0.12,arrived,0.2554122774346397,7.199999999999998
RCBF,0.6,0.45,bias,6,2.0,0.12,violation,-0.00030126159102472627,2.4
SRCBF,0.6,0.45,bias,6,2.0,0.12,arrived,0.1417988098554489,9.599999999999998
RCBF,0.6,0.45,bias,7,2.0,0.12,arrived,0.038641966535700734,6.599999999999999
SRCBF,0.6,0.45,bias,7,2.0,0.12,arrived,0.19531927042916308,6.599999999999999
RCBF,0.6,0.45,bias,8,2.0,0.12,arrived,0.007287345240392873,6.599999999999999
SRCBF,0.6,0.45,bias,8,2.0,0.12,arrived,0.13381442081013073,6.599999999999999
RCBF,0.6,0.45,bias,9,2.0,0.12,violation,-0.015306617369876707,2.4
SRCBF,0.6,0.45,bias,9,2.0,0.12,arrived,0.10737677825727532,9.599999999999998
RCBF,0.6,0.45,bias,10,2.0,0.12,violation,-0.028133789309979007,2.4
SRCBF,0.6,0.45,bias,10,2.0,0.12,arrived,0.06977495994884919,8.399999999999999
RCBF,0.6,0.45,bias,11,2.0,0.12,arrived,0.12333912935708136,8.999999999999998
SRCBF,0.6,0.45,bias,11,2.0,0.12,arrived,0.24021454184935376,9.599999999999998
RCBF,0.6,0.45,bias,12,2.0,0.12,arrived,0.02458475242325253,6.599999999999999
SRCBF,0.6,0.45,bias,12,2.0,0.12,arrived,0.16619090839939454,6.599999999999999
RCBF,0.6,0.45,bias,13,2.0,0.12,arrived,0.047232786816144845,6.599999999999999
SRCBF,0.6,0.45,bias,13,2.0,0.12,arrived,0.22128073767082768,7.199999999999998
RCBF,0.6,0.45,bias,14,2.0,0.12,arrived,0.020580025036295635,9.599999999999998
SRCBF,0.6,0.45,bias,14,2.0,0.12,arrived,0.15187836531920174,9.599999999999998
RCBF,0.6,0.45,bias,15,2.0,0.12,arrived,0.054306903174265675,7.199999999999998
SRCBF,0.6,0.45,bias,15,2.0,0.12,arrived,0.25321575576985866,7.199999999999998
RCBF,0.6,0.45,bias,16,2.0,0.12,arrived,0.10966879695626297,9.599999999999998
SRCBF,0.6,0.45,bias,16,2.0,0.12,arrived,0.19754840139812457,9.599999999999998
RCBF,0.6,0.45,bias,17,2.0,0.12,violation,-0.03352827702584382,2.4
SRCBF,0.6,0.45,bias,17,2.0,0.12,arrived,0.061459433365852356,7.799999999999998
RCBF,0.6,0.45,bias,18,2.0,0.12,arrived,0.14841563925359058,7.799999999999998
SRCBF,0.6,0.45,bias,18,2.0,0.12,arrived,0.3008618883747327,7.799999999999998
RCBF,0.6,0.45,bias,19,2.0,0.12,arrived,0.030959240290839074,6.599999999999999
SRCBF,0.6,0.45,bias,19,2.0,0.12,arrived,0.17806637481087317,6.599999999999999
RCBF,0.6,0.45,inward,0,2.0,0.12,violation,-0.017989889398045356,2.4
SRCBF,0.6,0.45,inward,0,2.0,0.12,arrived,0.09082833804982826,8.399999999999999
RCBF,0.6,0.45,inward,1,2.0,0.12,violation,-0.017690062557252806,2.4
SRCBF,0.6,0.45,inward,1,2.0,0.12,arrived,0.09256349221635318,8.399999999999999
RCBF,0.6,0.45,inward,2,2.0,0.12,violation,-0.01717464778851674,2.4
SRCBF,0.6,0.45,inward,2,2.0,0.12,arrived,0.09601098023731269,8.399999999999999
RCBF,0.6,0.45,inward,3,2.0,0.12,violation,-0.016881890654461218,2.4
SRCBF,0.6,0.45,inward,3,2.0,0.12,arrived,0.09842049813092069,8.399999999999999
RCBF,0.6,0.45,inward,4,2.0,0.12,violation,-0.01883521587273529,2.4
SRCBF,0.6,0.45,inward,4,2.0,0.12,arrived,0.08654529433912128,8.399999999999999
RCBF,0.6,0.45,inward,5,2.0,0.12,violation,-0.018434783764212037,2.4
SRCBF,0.6,0.45,inward,5,2.0,0.12,arrived,0.08848460797842184,8.399999999999999
RCBF,0.6,0.45,inward,6,2.0,0.12,violation,-0.01775089569771804,2.4
SRCBF,0.6,0.45,inward,6,2.0,0.12,arrived,0.09219889069781273,8.399999999999999
RCBF,0.6,0.45,inward,7,2.0,0.12,violation,-0.017960288144048042,2.4
SRCBF,0.6,0.45,inward,7,2.0,0.12,arrived,0.09099322192601655,8.399999999999999
RCBF,0.6,0.45,inward,8,2.0,0.12,violation,-0.017298228889498946,2.4
SRCBF,0.6,0.45,inward,8,2.0,0.12,arrived,0.0951129800349233,8.399999999999999
RCBF,0.6,0.45,inward,9,2.0,0.12,violation,-0.018620191739785907,2.4
SRCBF,0.6,0.45,inward,9,2.0,0.12,arrived,0.0875697561911033,8.399999999999999
RCBF,0.6,0.45,inward,10,2.0,0.12,violation,-0.018874333774251406,2.4
SRCBF,0.6,0.45,inward,10,2.0,0.12,arrived,0.08636271512125915,8.399999999999999
RCBF,0.6,0.45,inward,11,2.0,0.12,violation,-0.01694786341976995,2.4
SRCBF,0.6,0.45,inward,11,2.0,0.12,arrived,0.09783380840289302,8.399999999999999
RCBF,0.6,0.45,inward,12,2.0,0.12,violation,-0.01715501567231048,2.4
SRCBF,0.6,0.45,inward,12,2.0,0.12,arrived,0.09615903275868165,8.399999999999999
RCBF,0.6,0.45,inward,13,2.0,0.12,violation,-0.01860443439235604,2.4
SRCBF,0.6,0.45,inward,13,2.0,0.12,arrived,0.08764630918558158,8.399999999999999
RCBF,0.6,0.45,inward,14,2.0,0.12,violation,-0.01850777720480301,2.4
SRCBF,0.6,0.45,inward,14,2.0,0.12,arrived,0.08812067253164979,8.399999999999999
RCBF,0.6,0.45,inward,15,2.0,0.12,violation,-0.018132279971864285,2.4
SRCBF,0.6,0.45,inward,15,2.0,0.12,arrived,0.09005219070607884,8.399999999999999
RCBF,0.6,0.45,inward,16,2.0,0.12,violation,-0.017818690379926783,2.4
SRCBF,0.6,0.45,inward,16,2.0,0.12,arrived,0.0918005449423891,8.399999999999999
RCBF,0.6,0.45,inward,17,2.0,0.12,violation,-0.018547830804116594,2.4
SRCBF,0.6,0.45,inward,17,2.0,0.12,arrived,0.08792308674444227,8.399999999999999
RCBF,0.6,0.45,inward,18,2.0,0.12,violation,-0.017444179732438947,2.4
SRCBF,0.6,0.45,inward,18,2.0,0.12,arrived,0.09411712847585907,8.399999999999999
RCBF,0.6,0.45,inward,19,2.0,0.12,violation,-0.017488495641009627,2.4
SRCBF,0.6,0.45,inward,19,2.0,0.12,arrived,0.09382658421246037,8.399999999999999
RCBF,0.8,0.15,bias,0,2.0,0.12,violation,-0.155130558965359,2.4000000000000004
SRCBF,0.8,0.15,bias,0,2.0,0.12,arrived,0.17433073575936953,10.4
RCBF,0.8,0.15,bias,1,2.0,0.12,violation,-0.22534292007807355,2.4000000000000004
SRCBF,0.8,0.15,bias,1,2.0,0.12,arrived,0.08917893102224883,7.999999999999999
RCBF,0.8,0.15,bias,2,2.0,0.12,violation,-0.11074193150578238,2.4000000000000004
SRCBF,0.8,0.15,bias,2,2.0,0.12,arrived,0.18326103960037665,11.200000000000001
RCBF,0.8,0.15,bias,3,2.0,0.12,violation,-0.22123690289688946,2.4000000000000004
SRCBF,0.8,0.15,bias,3,2.0,0.12,arrived,0.13677129093301632,11.200000000000001
RCBF,0.8,0.15,bias,4,2.0,0.12,arrived,0.09604543563017909,10.4
SRCBF,0.8,0.15,bias,4,2.0,0.12,arrived,0.2518117258318915,11.200000000000001
RCBF,0.8,0.15,bias,5,2.0,0.12,violation,-0.1939731760961385,2.4000000000000004
SRCBF,0.8,0.15,bias,5,2.0,0.12,arrived,0.2033706232702619,7.999999999999999
RCBF,0.8,0.15,bias,6,2.0,0.12,violation,-0.03815037714207148,2.4000000000000004
SRCBF,0.8,0.15,bias,6,2.0,0.12,arrived,0.2093057326789316,12.000000000000002
RCBF,0.8,0.15,bias,7,2.0,0.12,violation,-0.2126602072274203,2.4000000000000004
SRCBF,0.8,0.15,bias,7,2.0,0.12,arrived,0.13167260565190442,7.999999999999999
RCBF,0.8,0.15,bias,8,2.0,0.12,violation,-0.2343748641775476,2.4000000000000004
SRCBF,0.8,0.15,bias,8,2.0,0.12,arrived,0.062304578806081645,7.999999999999999
RCBF,0.8,0.15,bias,9,2.0,0.12,violation,-0.12186032603717678,2.4000000000000004
SRCBF,0.8,0.15,bias,9,2.0,0.12,arrived,0.1902385003343302,10.4
RCBF,0.8,0.15,bias,10,2.0,0.12,violation,-0.24678683250149303,2.4000000000000004
SRCBF,0.8,0.15,bias,10,2.0,0.12,arrived,0.13673216102669994,9.6
RCBF,0.8,0.15,bias,11,2.0,0.12,arrived,0.10717383016852178,10.4
SRCBF,0.8,0.15,bias,11,2.0,0.12,arrived,0.2521895341983562,11.200000000000001
RCBF,0.8,0.15,bias,12,2.0,0.12,violation,-0.2216089252811717,2.4000000000000004
SRCBF,0.8,0.15,bias,12,2.0,0.12,arrived,0.09991947132237,7.199999999999999
RCBF,0.8,0.15,bias,13,2.0,0.12,violation,-0.20890106235070682,2.4000000000000004
SRCBF,0.8,0.15,bias,13,2.0,0.12,arrived,0.16198618003556464,7.999999999999999
RCBF,0.8,0.15,bias,14,2.0,0.12,violation,-0.011365193688535502,2.4000000000000004
SRCBF,0.8,0.15,bias,14,2.0,0.12,arrived,0.22030239281052566,12.000000000000002
RCBF,0.8,0.15,bias,15,2.0,0.12,violation,-0.20111025303304986,2.4000000000000004
SRCBF,0.8,0.15,bias,15,2.0,0.12,arrived,0.2000017611397722,7.999999999999999
RCBF,0.8,0.15,bias,16,2.0,0.12,arrived,0.062317770624121915,13.600000000000003
SRCBF,0.8,0.15,bias,16,2.0,0.12,arrived,0.21732751087759228,15.200000000000005
RCBF,0.8,0.15,bias,17,2.0,0.12,violation,-0.24703395996545463,2.4000000000000004
SRCBF,0.8,0.15,bias,17,2.0,0.12,arrived,0.09223130728246909,9.6
RCBF,0.8,0.15,bias,18,2.0,0.12,violation,-0.030797008791406677,2.4000000000000004
SRCBF,0.8,0.15,bias,18,2.0,0.12,arrived,0.27008750857994235,8.799999999999999
RCBF,0.8,0.15,bias,19,2.0,0.12,violation,-0.21733285856499107,2.4000000000000004
SRCBF,0.8,0.15,bias,19,2.0,0.12,arrived,0.11258110137461241,7.199999999999999
RCBF,0.8,0.15,inward,0,2.0,0.12,violation,-0.24200521761311078,2.4000000000000004
SRCBF,0.8,0.15,inward,0,2.0,0.12,arrived,0.028419743227519945,9.6
RCBF,0.8,0.15,inward,1,2.0,0.12,violation,-0.2419059765349132,2.4000000000000004
SRCBF,0.8,0.15,inward,1,2.0,0.12,arrived,0.030627607209608332,9.6
RCBF,0.8,0.15,inward,2,2.0,0.12,violation,-0.24182064045041207,2.4000000000000004
SRCBF,0.8,0.15,inward,2,2.0,0.12,arrived,0.0353311770936362,9.6
RCBF,0.8,0.15,inward,3,2.0,0.12,violation,-0.24185271454271096,2.4000000000000004
SRCBF,0.8,0.15,inward,3,2.0,0.12,arrived,0.038863934562921254,9.6
RCBF,0.8,0.15,inward,4,2.0,0.12,violation,-0.24240324620490883,2.4000000000000004
SRCBF,0.8,0.15,inward,4,2.0,0.12,arrived,0.0234095779798551,9.6
RCBF,0.8,0.15,inward,5,2.0,0.12,violation,-0.24219670249689362,2.4000000000000004
SRCBF,0.8,0.15,inward,5,2.0,0.12,arrived,0.025603964517462607,9.6
RCBF,0.8,0.15,inward,6,2.0,0.12,violation,-0.24192376370728463,2.4000000000000004
SRCBF,0.8,0.15,inward,6,2.0,0.12,arrived,0.030154816265727025,9.6
RCBF,0.8,0.15,inward,7,2.0,0.12,violation,-0.2419942090954269,2.4000000000000004
SRCBF,0.8,0.15,inward,7,2.0,0.12,arrived,0.028624971700555002,9.6
RCBF,0.8,0.15,inward,8,2.0,0.12,violation,-0.241828223937407,2.4000000000000004
SRCBF,0.8,0.15,inward,8,2.0,0.12,arrived,0.034065623964125935,9.6
RCBF,0.8,0.15,inward,9,2.0,0.12,violation,-0.24228882573922916,2.4000000000000004
SRCBF,0.8,0.15,inward,9,2.0,0.12,arrived,0.024554368120034975,9.6
RCBF,0.8,0.15,inward,10,2.0,0.12,violation,-0.24242486858714762,2.4000000000000004
SRCBF,0.8,0.15,inward,10,2.0,0.12,arrived,0.02320875181411841,9.6
RCBF,0.8,0.15,inward,11,2.0,0.12,violation,-0.24183778176621007,2.4000000000000004
SRCBF,0.8,0.15,inward,11,2.0,0.12,arrived,0.037985658497827646,9.6
RCBF,0.8,0.15,inward,12,2.0,0.12,violation,-0.2418203981793824,2.4000000000000004
SRCBF,0.8,0.15,inward,12,2.0,0.12,arrived,0.03554252354379672,9.6
RCBF,0.8,0.15,inward,13,2.0,0.12,violation,-0.2422807505776291,2.4000000000000004
SRCBF,0.8,0.15,inward,13,2.0,0.12,arrived,0.024641183050756132,9.6
RCBF,0.8,0.15,inward,14,2.0,0.12,violation,-0.24223220125417877,2.4000000000000004
SRCBF,0.8,0.15,inward,14,2.0,0.12,arrived,0.025183230254630762,9.6
RCBF,0.8,0.15,inward,15,2.0,0.12,violation,-0.24206142631023697,2.4000000000000004
SRCBF,0.8,0.15,inward,15,2.0,0.12,arrived,0.027466444937039425,9.6
RCBF,0.8,0.15,inward,16,2.0,0.12,violation,-0.2419450716817101,2.4000000000000004
SRCBF,0.8,0.15,inward,16,2.0,0.12,arrived,0.02964366942111596,9.6
RCBF,0.8,0.15,inward,17,2.0,0.12,violation,-0.2422521111476913,2.4000000000000004
SRCBF,0.8,0.15,inward,17,2.0,0.12,arrived,0.02495658867034467,9.6
RCBF,0.8,0.15,inward,18,2.0,0.12,violation,-0.24184878997966897,2.4000000000000004
SRCBF,0.8,0.15,inward,18,2.0,0.12,arrived,0.0326952779316978,9.6
RCBF,0.8,0.15,inward,19,2.0,0.12,violation,-0.2418571737501619,2.4000000000000004
SRCBF,0.8,0.15,inward,19,2.0,0.12,arrived,0.03230208247204003,9.6
RCBF,0.8,0.45,bias,0,2.0,0.12,violation,-0.1334233171931838,2.4000000000000004
SRCBF,0.8,0.45,bias,0,2.0,0.12,arrived,0.11961708384645764,9.6
RCBF,0.8,0.45,bias,1,2.0,0.12,violation,-0.17467455691373646,2.4000000000000004
SRCBF,0.8,0.45,bias,1,2.0,0.12,arrived,0.17903285853377748,6.3999999999999995
RCBF,0.8,0.45,bias,2,2.0,0.12,violation,-0.0715549246641668,2.4000000000000004
SRCBF,0.8,0.45,bias,2,2.0,0.12,arrived,0.1407215936786732,9.6
RCBF,0.8,0.45,bias,3,2.0,0.12,violation,-0.17168927556710034,2.4000000000000004
SRCBF,0.8,0.45,bias,3,2.0,0.12,arrived,0.10673866674223365,8.799999999999999
RCBF,0.8,0.45,bias,4,2.0,0.12,arrived,0.12674330155353553,8.799999999999999
SRCBF,0.8,0.45,bias,4,2.0,0.12,arrived,0.28643008987107565,9.6
RCBF,0.8,0.45,bias,5,2.0,0.12,arrived,0.015222044196378404,7.199999999999999
SRCBF,0.8,0.45,bias,5,2.0,0.12,arrived,0.2866491145479573,7.199999999999999
RCBF,0.8,0.45,bias,6,2.0,0.12,violation,-0.001705400892545561,2.4000000000000004
SRCBF,0.8,0.45,bias,6,2.0,0.12,arrived,0.17043668370155873,9.6
RCBF,0.8,0.45,bias,7,2.0,0.12,violation,-0.10991749298074804,2.4000000000000004
SRCBF,0.8,0.45,bias,7,2.0,0.12,arrived,0.22175309236504348,6.3999999999999995
RCBF,0.8,0.45,bias,8,2.0,0.12,violation,-0.19125751309931782,2.4000000000000004
SRCBF,0.8,0.45,bias,8,2.0,0.12,arrived,0.15442320101273033,6.3999999999999995
RCBF,0.8,0.45,bias,9,2.0,0.12,violation,-0.1089996800392391,2.4000000000000004
SRCBF,0.8,0.45,bias,9,2.0,0.12,arrived,0.12905165171370225,9.6
RCBF,0.8,0.45,bias,10,2.0,0.12,violation,-0.24609295444931567,2.4000000000000004
SRCBF,0.8,0.45,bias,10,2.0,0.12,arrived,0.0864439960015635,8.799999999999999
RCBF,0.8,0.45,bias,11,2.0,0.12,arrived,0.11353220134658304,8.799999999999999
SRCBF,0.8,0.45,bias,11,2.0,0.12,arrived,0.28495254033175366,8.799999999999999
RCBF,0.8,0.45,bias,12,2.0,0.12,violation,-0.15758984450635194,2.4000000000000004
SRCBF,0.8,0.45,bias,12,2.0,0.12,arrived,0.18967038608411102,6.3999999999999995
RCBF,0.8,0.45,bias,13,2.0,0.12,violation,-0.06193275083499583,2.4000000000000004
SRCBF,0.8,0.45,bias,13,2.0,0.12,arrived,0.25000786730225677,7.199999999999999
RCBF,0.8,0.45,bias,14,2.0,0.12,arrived,0.019370433792156416,9.6
SRCBF,0.8,0.45,bias,14,2.0,0.12,arrived,0.18274677569199316,9.6
RCBF,0.8,0.45,bias,15,2.0,0.12,arrived,0.012209181771766997,7.199999999999999
SRCBF,0.8,0.45,bias,15,2.0,0.12,arrived,0.28415725185610863,7.199999999999999
RCBF,0.8,0.45,bias,16,2.0,0.12,arrived,0.11162074924008403,8.799999999999999
SRCBF,0.8,0.45,bias,16,2.0,0.12,arrived,0.23629651070904445,9.6
RCBF,0.8,0.45,bias,17,2.0,0.12,violation,-0.27021272676215513,2.4000000000000004
SRCBF,0.8,0.45,bias,17,2.0,0.12,arrived,0.07133881893814997,7.999999999999999
RCBF,0.8,0.45,bias,18,2.0,0.12,arrived,0.15093185426296152,7.199999999999999
SRCBF,0.8,0.45,bias,18,2.0,0.12,arrived,0.34046526588808446,7.999999999999999
RCBF,0.8,0.45,bias,19,2.0,0.12,violation,-0.1389843809579263,2.4000000000000004
SRCBF,0.8,0.45,bias,19,2.0,0.12,arrived,0.2028114290540135,6.3999999999999995
RCBF,0.8,0.45,inward,0,2.0,0.12,violation,-0.2231923621725287,2.4000000000000004
SRCBF,0.8,0.45,inward,0,2.0,0.12,arrived,0.10743546251044467,7.999999999999999
RCBF,0.8,0.45,inward,1,2.0,0.12,violation,-0.2232865485107327,2.4000000000000004
SRCBF,0.8,0.45,inward,1,2.0,0.12,arrived,0.10966669132128748,7.999999999999999
RCBF,0.8,0.45,inward,2,2.0,0.12,violation,-0.22363882747449004,2.4000000000000004
SRCBF,0.8,0.45,inward,2,2.0,0.12,arrived,0.1141365205412439,7.999999999999999
RCBF,0.8,0.45,inward,3,2.0,0.12,violation,-0.22401783445089485,2.4000000000000004
SRCBF,0.8,0.45,inward,3,2.0,0.12,arrived,0.11728667560458261,7.999999999999999
RCBF,0.8,0.45,inward,4,2.0,0.12,violation,-0.22319095393972943,2.4000000000000004
SRCBF,0.8,0.45,inward,4,2.0,0.12,arrived,0.10198817928201864,7.999999999999999
RCBF,0.8,0.45,inward,5,2.0,0.12,violation,-0.22315149218234176,2.4000000000000004
SRCBF,0.8,0.45,inward,5,2.0,0.12,arrived,0.1044434355157442,7.999999999999999
RCBF,0.8,0.45,inward,6,2.0,0.12,violation,-0.22326218718291102,2.4000000000000004
SRCBF,0.8,0.45,inward,6,2.0,0.12,arrived,0.1091967700612807,7.999999999999999
RCBF,0.8,0.45,inward,7,2.0,0.12,violation,-0.22319895321700034,2.4000000000000004
SRCBF,0.8,0.45,inward,7,2.0,0.12,arrived,0.10764691649580238,7.999999999999999
RCBF,0.8,0.45,inward,8,2.0,0.12,violation,-0.2235256723129594,2.4000000000000004
SRCBF,0.8,0.45,inward,8,2.0,0.12,arrived,0.11296779034787263,7.999999999999999
RCBF,0.8,0.45,inward,9,2.0,0.12,violation,-0.22316195896919078,2.4000000000000004
SRCBF,0.8,0.45,inward,9,2.0,0.12,arrived,0.10328278203496633,7.999999999999999
RCBF,0.8,0.45,inward,10,2.0,0.12,violation,-0.2231980173032534,2.4000000000000004
SRCBF,0.8,0.45,inward,10,2.0,0.12,arrived,0.10175803803208816,7.999999999999999
RCBF,0.8,0.45,inward,11,2.0,0.12,violation,-0.22391538413523437,2.4000000000000004
SRCBF,0.8,0.45,inward,11,2.0,0.12,arrived,0.11651781342863876,7.999999999999999
RCBF,0.8,0.45,inward,12,2.0,0.12,violation,-0.22365894200598457,2.4000000000000004
SRCBF,0.8,0.45,inward,12,2.0,0.12,arrived,0.11432949304294426,7.999999999999999
RCBF,0.8,0.45,inward,13,2.0,0.12,violation,-0.2231605221840447,2.4000000000000004
SRCBF,0.8,0.45,inward,13,2.0,0.12,arrived,0.10337974047434906,7.999999999999999
RCBF,0.8,0.45,inward,14,2.0,0.12,violation,-0.22315389955034393,2.4000000000000004
SRCBF,0.8,0.45,inward,14,2.0,0.12,arrived,0.10398121278070449,7.999999999999999
RCBF,0.8,0.45,inward,15,2.0,0.12,violation,-0.22316793596378104,2.4000000000000004
SRCBF,0.8,0.45,inward,15,2.0,0.12,arrived,0.1064417611748183,7.999999999999999
RCBF,0.8,0.45,inward,16,2.0,0.12,violation,-0.22323835911555923,2.4000000000000004
SRCBF,0.8,0.45,inward,16,2.0,0.12,arrived,0.10868400606167239,7.999999999999999
RCBF,0.8,0.45,inward,17,2.0,0.12,violation,-0.22315618005883808,2.4000000000000004
SRCBF,0.8,0.45,inward,17,2.0,0.12,arrived,0.10373054379333102,7.999999999999999
RCBF,0.8,0.45,inward,18,2.0,0.12,violation,-0.22341787467222007,2.4000000000000004
SRCBF,0.8,0.45,inward,18,2.0,0.12,arrived,0.11167527931553589,7.999999999999999
RCBF,0.8,0.45,inward,19,2.0,0.12,violation,-0.22338991219277493,2.4000000000000004
SRCBF,0.8,0.45,inward,19,2.0,0.12,arrived,0.11129891277209936,7.999999999999999
RCBF,1.0,0.15,bias,0,2.0,0.12,violation,-0.07606786769092144,3.0
SRCBF,1.0,0.15,bias,0,2.0,0.12,arrived,0.1925760345115023,10.0
RCBF,1.0,0.15,bias,1,2.0,0.12,arrived,0.0008788190699510201,8.0
SRCBF,1.0,0.15,bias,1,2.0,0.12,arrived,0.08511612912261957,8.0
RCBF,1.0,0.15,bias,2,2.0,0.12,violation,-0.1064112878944744,3.0
SRCBF,1.0,0.15,bias,2,2.0,0.12,arrived,0.20537973422632017,11.0
RCBF,1.0,0.15,bias,3,2.0,0.12,violation,-0.061300600626731705,3.0
SRCBF,1.0,0.15,bias,3,2.0,0.12,arrived,0.15186368720126864,11.0
RCBF,1.0,0.15,bias,4,2.0,0.12,violation,-0.19689300260930953,3.0
SRCBF,1.0,0.15,bias,4,2.0,0.12,arrived,0.2894428137660445,11.0
RCBF,1.0,0.15,bias,5,2.0,0.12,arrived,0.052051113727878295,8.0
SRCBF,1.0,0.15,bias,5,2.0,0.12,arrived,0.22222368789152225,8.0
RCBF,1.0,0.15,bias,6,2.0,0.12,violation,-0.1387966715108706,3.0
SRCBF,1.0,0.15,bias,6,2.0,0.12,arrived,0.23723952371946422,12.0
RCBF,1.0,0.15,bias,7,2.0,0.12,arrived,0.043778437374891066,7.0
SRCBF,1.0,0.15,bias,7,2.0,0.12,arrived,0.14042666496482337,8.0
RCBF,1.0,0.15,bias,8,2.0,0.12,violation,-0.01690165364855012,2.0
SRCBF,1.0,0.15,bias,8,2.0,0.12,arrived,0.056622008599352514,8.0
RCBF,1.0,0.15,bias,9,2.0,0.12,violation,-0.08672808676588861,3.0
SRCBF,1.0,0.15,bias,9,2.0,0.12,arrived,0.21044356435415956,10.0
RCBF,1.0,0.15,bias,10,2.0,0.12,violation,-0.023769396627920658,3.0
SRCBF,1.0,0.15,bias,10,2.0,0.12,arrived,0.1476214385493717,10.0
RCBF,1.0,0.15,bias,11,2.0,0.12,violation,-0.20305703702759903,3.0
SRCBF,1.0,0.15,bias,11,2.0,0.12,arrived,0.2905758517258601,11.0
RCBF,1.0,0.15,bias,12,2.0,0.12,arrived,0.011973318649548648,7.0
SRCBF,1.0,0.15,bias,12,2.0,0.12,arrived,0.100082816460906,8.0
RCBF,1.0,0.15,bias,13,2.0,0.12,arrived,0.061241770824279396,8.0
SRCBF,1.0,0.15,bias,13,2.0,0.12,arrived,0.17579926228749176,8.0
RCBF,1.0,0.15,bias,14,2.0,0.12,violation,-0.1490588470752222,3.0
SRCBF,1.0,0.15,bias,14,2.0,0.12,arrived,0.25026939445032803,12.0
RCBF,1.0,0.15,bias,15,2.0,0.12,arrived,0.05832836414977183,8.0
SRCBF,1.0,0.15,bias,15,2.0,0.12,arrived,0.21890392586512908,8.0
RCBF,1.0,0.15,bias,16,2.0,0.12,violation,-0.1921243698880094,3.0
SRCBF,1.0,0.15,bias,16,2.0,0.12,arrived,0.25301555222880934,15.0
RCBF,1.0,0.15,bias,17,2.0,0.12,violation,-0.0007758279840955895,3.0
SRCBF,1.0,0.15,bias,17,2.0,0.12,arrived,0.09955618882712292,10.0
RCBF,1.0,0.15,bias,18,2.0,0.12,violation,-0.028165443837412707,3.0
SRCBF,1.0,0.15,bias,18,2.0,0.12,arrived,0.29349248759659474,8.0
RCBF,1.0,0.15,bias,19,2.0,0.12,arrived,0.02513598751382362,7.0
SRCBF,1.0,0.15,bias,19,2.0,0.12,arrived,0.11644979983338988,8.0
RCBF,1.0,0.15,inward,0,2.0,0.12,violation,-0.02966206580287456,2.0
SRCBF,1.0,0.15,inward,0,2.0,0.12,arrived,0.029017865859497394,9.0
RCBF,1.0,0.15,inward,1,2.0,0.12,violation,-0.02762489333875484,2.0
SRCBF,1.0,0.15,inward,1,2.0,0.12,arrived,0.031033032963659113,9.0
RCBF,1.0,0.15,inward,2,2.0,0.12,violation,-0.022940467511345708,2.0
SRCBF,1.0,0.15,inward,2,2.0,0.12,arrived,0.035305218046946085,9.0
RCBF,1.0,0.15,inward,3,2.0,0.12,violation,-0.01916387338782677,2.0
SRCBF,1.0,0.15,inward,3,2.0,0.12,arrived,0.03851362120979396,9.0
RCBF,1.0,0.15,inward,4,2.0,0.12,violation,-0.033774754377777993,2.0
SRCBF,1.0,0.15,inward,4,2.0,0.12,arrived,0.024367693085807107,9.0
RCBF,1.0,0.15,inward,5,2.0,0.12,violation,-0.032073586516549124,2.0
SRCBF,1.0,0.15,inward,5,2.0,0.12,arrived,0.026423713635931323,9.0
RCBF,1.0,0.15,inward,6,2.0,0.12,violation,-0.028070764101157497,2.0
SRCBF,1.0,0.15,inward,6,2.0,0.12,arrived,0.030602396766518547,9.0
RCBF,1.0,0.15,inward,7,2.0,0.12,violation,-0.02947770588601295,2.0
SRCBF,1.0,0.15,inward,7,2.0,0.12,arrived,0.0292057013829623,9.0
RCBF,1.0,0.15,inward,8,2.0,0.12,violation,-0.02424226011279107,2.0
SRCBF,1.0,0.15,inward,8,2.0,0.12,arrived,0.034156755769185754,9.0
RCBF,1.0,0.15,inward,9,2.0,0.12,violation,-0.03290918034940782,2.0
SRCBF,1.0,0.15,inward,9,2.0,0.12,arrived,0.025445292647657602,9.0
RCBF,1.0,0.15,inward,10,2.0,0.12,violation,-0.03392126042404331,2.0
SRCBF,1.0,0.15,inward,10,2.0,0.12,arrived,0.02417730428204501,9.0
RCBF,1.0,0.15,inward,11,2.0,0.12,violation,-0.020121452216923963,2.0
SRCBF,1.0,0.15,inward,11,2.0,0.12,arrived,0.03771532395853461,9.0
RCBF,1.0,0.15,inward,12,2.0,0.12,violation,-0.02272032644708688,2.0
SRCBF,1.0,0.15,inward,12,2.0,0.12,arrived,0.03549701745205902,9.0
RCBF,1.0,0.15,inward,13,2.0,0.12,violation,-0.032841528169983425,2.0
SRCBF,1.0,0.15,inward,13,2.0,0.12,arrived,0.02552653454930154,9.0
RCBF,1.0,0.15,inward,14,2.0,0.12,violation,-0.032413084417906024,2.0
SRCBF,1.0,0.15,inward,14,2.0,0.12,arrived,0.026032462472342144,9.0
RCBF,1.0,0.15,inward,15,2.0,0.12,violation,-0.030503897666827484,2.0
SRCBF,1.0,0.15,inward,15,2.0,0.12,arrived,0.028143502834058642,9.0
RCBF,1.0,0.15,inward,16,2.0,0.12,violation,-0.028547067913685886,2.0
SRCBF,1.0,0.15,inward,16,2.0,0.12,arrived,0.030136346002247127,9.0
RCBF,1.0,0.15,inward,17,2.0,0.12,violation,-0.03259347668265744,2.0
SRCBF,1.0,0.15,inward,17,2.0,0.12,arrived,0.025821191838544366,9.0
RCBF,1.0,0.15,inward,18,2.0,0.12,violation,-0.025618701988660675,2.0
SRCBF,1.0,0.15,inward,18,2.0,0.12,arrived,0.032912787441640834,9.0
RCBF,1.0,0.15,inward,19,2.0,0.12,violation,-0.02600696235348665,2.0
SRCBF,1.0,0.15,inward,19,2.0,0.12,arrived,0.03255566083762251,9.0
RCBF,1.0,0.45,bias,0,2.0,0.12,violation,-0.1280946530545607,3.0
SRCBF,1.0,0.45,bias,0,2.0,0.12,arrived,0.140055567850361,9.0
RCBF,1.0,0.45,bias,1,2.0,0.12,arrived,0.08068674564824274,6.0
SRCBF,1.0,0.45,bias,1,2.0,0.12,arrived,0.19090481526754277,7.0
RCBF,1.0,0.45,bias,2,2.0,0.12,violation,-0.15648803830796898,3.0
SRCBF,1.0,0.45,bias,2,2.0,0.12,arrived,0.1652318709067928,9.0
RCBF,1.0,0.45,bias,3,2.0,0.12,violation,-0.1110681827392408,3.0
SRCBF,1.0,0.45,bias,3,2.0,0.12,arrived,0.12167476285453893,8.0
RCBF,1.0,0.45,bias,4,2.0,0.12,violation,-0.19436973533207302,3.0
SRCBF,1.0,0.45,bias,4,2.0,0.12,arrived,0.3295578909955057,9.0
RCBF,1.0,0.45,bias,5,2.0,0.12,arrived,0.09636411745260032,7.0
SRCBF,1.0,0.45,bias,5,2.0,0.12,arrived,0.30574565494084527,7.0
RCBF,1.0,0.45,bias,6,2.0,0.12,violation,-0.18113212261266054,3.0
SRCBF,1.0,0.45,bias,6,2.0,0.12,arrived,0.19956578881771725,9.0
RCBF,1.0,0.45,bias,7,2.0,0.12,arrived,0.1036794185758404,6.0
SRCBF,1.0,0.45,bias,7,2.0,0.12,arrived,0.23381389927027785,7.0
RCBF,1.0,0.45,bias,8,2.0,0.12,arrived,0.06446344380372737,6.0
SRCBF,1.0,0.45,bias,8,2.0,0.12,arrived,0.16703605469991367,7.0
RCBF,1.0,0.45,bias,9,2.0,0.12,violation,-0.13696729180111678,3.0
SRCBF,1.0,0.45,bias,9,2.0,0.12,arrived,0.15089539084269044,9.0
RCBF,1.0,0.45,bias,10,2.0,0.12,violation,-0.07415660596878015,3.0
SRCBF,1.0,0.45,bias,10,2.0,0.12,arrived,0.09905841597597487,9.0
RCBF,1.0,0.45,bias,11,2.0,0.12,violation,-0.20059312310708077,3.0
SRCBF,1.0,0.45,bias,11,2.0,0.12,arrived,0.3297918514972511,9.0
RCBF,1.0,0.45,bias,12,2.0,0.12,arrived,0.08737257088314432,6.0
SRCBF,1.0,0.45,bias,12,2.0,0.12,arrived,0.20041870152935815,7.0
RCBF,1.0,0.45,bias,13,2.0,0.12,arrived,0.10918375968122862,7.0
SRCBF,1.0,0.45,bias,13,2.0,0.12,arrived,0.2648349478319807,7.0
RCBF,1.0,0.45,bias,14,2.0,0.12,violation,-0.186035709270287,3.0
SRCBF,1.0,0.45,bias,14,2.0,0.12,arrived,0.21350349400370305,10.0
RCBF,1.0,0.45,bias,15,2.0,0.12,arrived,0.09990594173051126,7.0
SRCBF,1.0,0.45,bias,15,2.0,0.12,arrived,0.30218308742816746,7.0
RCBF,1.0,0.45,bias,16,2.0,0.12,violation,-0.21369882926533523,3.0
SRCBF,1.0,0.45,bias,16,2.0,0.12,arrived,0.27650769400702746,9.0
RCBF,1.0,0.45,bias,17,2.0,0.12,violation,-0.035932765247252973,3.0
SRCBF,1.0,0.45,bias,17,2.0,0.12,arrived,0.07777518882044598,8.0
RCBF,1.0,0.45,bias,18,2.0,0.12,arrived,0.0035406653221664586,7.0
SRCBF,1.0,0.45,bias,18,2.0,0.12,arrived,0.3887596464049832,8.0
RCBF,1.0,0.45,bias,19,2.0,0.12,arrived,0.0948615859176799,6.0
SRCBF,1.0,0.45,bias,19,2.0,0.12,arrived,0.21386263466040467,7.0
RCBF,1.0,0.45,inward,0,2.0,0.12,arrived,0.03366809246945135,7.0
SRCBF,1.0,0.45,inward,0,2.0,0.12,arrived,0.12253908184368367,8.0
RCBF,1.0,0.45,inward,1,2.0,0.12,arrived,0.035105809178428204,7.0
SRCBF,1.0,0.45,inward,1,2.0,0.12,arrived,0.12527633446724828,7.0
RCBF,1.0,0.45,inward,2,2.0,0.12,arrived,0.03745804785950835,7.0
SRCBF,1.0,0.45,inward,2,2.0,0.12,arrived,0.13018422961890586,7.0
RCBF,1.0,0.45,inward,3,2.0,0.12,arrived,0.03868547337141881,7.0
SRCBF,1.0,0.45,inward,3,2.0,0.12,arrived,0.13352822082993832,7.0
RCBF,1.0,0.45,inward,4,2.0,0.12,arrived,0.02944522387142634,7.0
SRCBF,1.0,0.45,inward,4,2.0,0.12,arrived,0.11326621657634428,8.0
RCBF,1.0,0.45,inward,5,2.0,0.12,arrived,0.03147148660905408,7.0
SRCBF,1.0,0.45,inward,5,2.0,0.12,arrived,0.11744028714287258,8.0
RCBF,1.0,0.45,inward,6,2.0,0.12,arrived,0.03481743842655427,7.0
SRCBF,1.0,0.45,inward,6,2.0,0.12,arrived,0.12474777279069171,7.0
RCBF,1.0,0.45,inward,7,2.0,0.12,arrived,0.0338117592982039,7.0
SRCBF,1.0,0.45,inward,7,2.0,0.12,arrived,0.12289967151450343,7.0
RCBF,1.0,0.45,inward,8,2.0,0.12,arrived,0.03691175760554788,7.0
SRCBF,1.0,0.45,inward,8,2.0,0.12,arrived,0.12892068182395588,7.0
RCBF,1.0,0.45,inward,9,2.0,0.12,arrived,0.030538331671657537,7.0
SRCBF,1.0,0.45,inward,9,2.0,0.12,arrived,0.11546553837823614,8.0
RCBF,1.0,0.45,inward,10,2.0,0.12,arrived,0.02924520621115334,7.0
SRCBF,1.0,0.45,inward,10,2.0,0.12,arrived,0.11287568456702912,8.0
RCBF,1.0,0.45,inward,11,2.0,0.12,arrived,0.03841898708528557,7.0
SRCBF,1.0,0.45,inward,11,2.0,0.12,arrived,0.13271990054440885,7.0
RCBF,1.0,0.45,inward,12,2.0,0.12,arrived,0.03754353080404471,7.0
SRCBF,1.0,0.45,inward,12,2.0,0.12,arrived,0.13039160967462238,7.0
RCBF,1.0,0.45,inward,13,2.0,0.12,arrived,0.030617991781877407,7.0
SRCBF,1.0,0.45,inward,13,2.0,0.12,arrived,0.11563040744244191,8.0
RCBF,1.0,0.45,inward,14,2.0,0.12,arrived,0.031105219058337297,7.0
SRCBF,1.0,0.45,inward,14,2.0,0.12,arrived,0.11665356667869264,8.0
RCBF,1.0,0.45,inward,15,2.0,0.12,arrived,0.03297235262945808,7.0
SRCBF,1.0,0.45,inward,15,2.0,0.12,arrived,0.12084481621682241,8.0
RCBF,1.0,0.45,inward,16,2.0,0.12,arrived,0.034493964481115524,7.0
SRCBF,1.0,0.45,inward,16,2.0,0.12,arrived,0.12416805442176293,7.0
RCBF,1.0,0.45,inward,17,2.0,0.12,arrived,0.030903617593676436,7.0
SRCBF,1.0,0.45,inward,17,2.0,0.12,arrived,0.1162270730134699,8.0
RCBF,1.0,0.45,inward,18,2.0,0.12,arrived,0.036250725577404275,7.0
SRCBF,1.0,0.45,inward,18,2.0,0.12,arrived,0.12750755874043496,7.0
RCBF,1.0,0.45,inward,19,2.0,0.12,arrived,0.036047059379156976,7.0
SRCBF,1.0,0.45,inward,19,2.0,0.12,arrived,0.12709282083683104,7.0
RCBF,0.05,0.15,bias,0,3.0,0.12,arrived,0.05873953876225413,10.15000000000001
SRCBF,0.05,0.15,bias,0,3.0,0.12,arrived,0.0639645489006393,10.20000000000001
RCBF,0.05,0.15,bias,1,3.0,0.12,arrived,0.0232683684585987,7.049999999999983
SRCBF,0.05,0.15,bias,1,3.0,0.12,arrived,0.026285487706703248,7.049999999999983
RCBF,0.05,0.15,bias,2,3.0,0.12,arrived,0.061052284003295765,10.85000000000002
SRCBF,0.05,0.15,bias,2,3.0,0.12,arrived,0.06631380286362165,10.90000000000002
RCBF,0.05,0.15,bias,3,3.0,0.12,arrived,0.04548056410410595,10.25000000000001
SRCBF,0.05,0.15,bias,3,3.0,0.12,arrived,0.04962208147299041,10.300000000000011
RCBF,0.05,0.15,bias,4,3.0,0.12,arrived,0.05190937574928611,11.100000000000023
SRCBF,0.05,0.15,bias,4,3.0,0.12,arrived,0.05664856364899362,11.100000000000023
RCBF,0.05,0.15,bias,5,3.0,0.12,arrived,0.06377480004850189,7.84999999999998
SRCBF,0.05,0.15,bias,5,3.0,0.12,arrived,0.06977700715135071,7.89999999999998
RCBF,0.05,0.15,bias,6,3.0,0.12,arrived,0.06964799789431708,11.350000000000026
SRCBF,0.05,0.15,bias,6,3.0,0.12,arrived,0.07545054711948662,11.400000000000027
RCBF,0.05,0.15,bias,7,3.0,0.12,arrived,0.03884207865324241,7.199999999999982
SRCBF,0.05,0.15,bias,7,3.0,0.12,arrived,0.04313666998153809,7.199999999999982
RCBF,0.05,0.15,bias,8,3.0,0.12,arrived,0.014689703703761214,7.099999999999983
SRCBF,0.05,0.15,bias,8,3.0,0.12,arrived,0.016905647796195633,7.099999999999983
RCBF,0.05,0.15,bias,9,3.0,0.12,arrived,0.0640348225961993,10.20000000000001
SRCBF,0.05,0.15,bias,9,3.0,0.12,arrived,0.06963069876437078,10.25000000000001
RCBF,0.05,0.15,bias,10,3.0,0.12,arrived,0.046271279634537255,9.249999999999996
SRCBF,0.05,0.15,bias,10,3.0,0.12,arrived,0.050676055218827565,9.299999999999997
RCBF,0.05,0.15,bias,11,3.0,0.12,arrived,0.0488231556199743,10.700000000000017
SRCBF,0.05,0.15,bias,11,3.0,0.12,arrived,0.053185924757621406,10.750000000000018
RCBF,0.05,0.15,bias,12,3.0,0.12,arrived,0.02663417964927861,6.999999999999983
SRCBF,0.05,0.15,bias,12,3.0,0.12,arrived,0.029936141445018216,6.999999999999983
RCBF,0.05,0.15,bias,13,3.0,0.12,arrived,0.04987323331868576,7.4499999999999815
SRCBF,0.05,0.15,bias,13,3.0,0.12,arrived,0.05491258401258148,7.499999999999981
RCBF,0.05,0.15,bias,14,3.0,0.12,arrived,0.07326256065158443,11.400000000000027
SRCBF,0.05,0.15,bias,14,3.0,0.12,arrived,0.07929941426919263,11.450000000000028
RCBF,0.05,0.15,bias,15,3.0,0.12,arrived,0.06261984443311241,7.7499999999999805
SRCBF,0.05,0.15,bias,15,3.0,0.12,arrived,0.06855735829457965,7.79999999999998
RCBF,0.05,0.15,bias,16,3.0,0.12,arrived,0.03188647008121481,12.900000000000048
SRCBF,0.05,0.15,bias,16,3.0,0.12,arrived,0.03498223601643635,12.950000000000049
RCBF,0.05,0.15,bias,17,3.0,0.12,arrived,0.03084839527702221,9.049999999999994
SRCBF,0.05,0.15,bias,17,3.0,0.12,arrived,0.0340047493038631,9.049999999999994
RCBF,0.05,0.15,bias,18,3.0,0.12,arrived,0.08289100919912007,8.79999999999999
SRCBF,0.05,0.15,bias,18,3.0,0.12,arrived,0.08997051125897138,8.79999999999999
RCBF,0.05,0.15,bias,19,3.0,0.12,arrived,0.031586688336986746,7.049999999999983
SRCBF,0.05,0.15,bias,19,3.0,0.12,arrived,0.03528872938669769,7.049999999999983
RCBF,0.05,0.15,inward,0,3.0,0.12,arrived,0.003052178890951107,9.900000000000006
SRCBF,0.05,0.15,inward,0,3.0,0.12,arrived,0.003653801663500711,9.900000000000006
RCBF,0.05,0.15,inward,1,3.0,0.12,arrived,0.0033084695544494114,9.800000000000004
SRCBF,0.05,0.15,inward,1,3.0,0.12,arrived,0.003955700688015096,9.850000000000005
RCBF,0.05,0.15,inward,2,3.0,0.12,arrived,0.0038292274999769393,9.700000000000003
SRCBF,0.05,0.15,inward,2,3.0,0.12,arrived,0.004552201615397045,9.700000000000003
RCBF,0.05,0.15,inward,3,3.0,0.12,arrived,0.004196705986292515,9.600000000000001
SRCBF,0.05,0.15,inward,3,3.0,0.12,arrived,0.00496879541292039,9.600000000000001
RCBF,0.05,0.15,inward,4,3.0,0.12,arrived,0.0024262991976659043,10.100000000000009
SRCBF,0.05,0.15,inward,4,3.0,0.12,arrived,0.0029276811843804706,10.100000000000009
RCBF,0.05,0.15,inward,5,3.0,0.12,arrived,0.002704607228296796,10.000000000000007
SRCBF,0.05,0.15,inward,5,3.0,0.12,arrived,0.0032579772600969115,10.000000000000007
RCBF,0.05,0.15,inward,6,3.0,0.12,arrived,0.0032537938801376898,9.850000000000005
SRCBF,0.05,0.15,inward,6,3.0,0.12,arrived,0.003894558417307792,9.850000000000005
RCBF,0.05,0.15,inward,7,3.0,0.12,arrived,0.0030760927164547036,9.900000000000006
SRCBF,0.05,0.15,inward,7,3.0,0.12,arrived,0.003682405839278813,9.900000000000006
RCBF,0.05,0.15,inward,8,3.0,0.12,arrived,0.0036954119822448783,9.700000000000003
SRCBF,0.05,0.15,inward,8,3.0,0.12,arrived,0.004393863520825825,9.750000000000004
RCBF,0.05,0.15,inward,9,3.0,0.12,arrived,0.0025730844893174787,10.050000000000008
SRCBF,0.05,0.15,inward,9,3.0,0.12,arrived,0.003099759039928318,10.050000000000008
RCBF,0.05,0.15,inward,10,3.0,0.12,arrived,0.002399453627894954,10.100000000000009
SRCBF,0.05,0.15,inward,10,3.0,0.12,arrived,0.002897608924134598,10.100000000000009
RCBF,0.05,0.15,inward,11,3.0,0.12,arrived,0.0041062197872154815,9.600000000000001
SRCBF,0.05,0.15,inward,11,3.0,0.12,arrived,0.0048681754513302256,9.650000000000002
RCBF,0.05,0.15,inward,12,3.0,0.12,arrived,0.003851467800523256,9.700000000000003
SRCBF,0.05,0.15,inward,12,3.0,0.12,arrived,0.0045784761903399085,9.700000000000003
RCBF,0.05,0.15,inward,13,3.0,0.12,arrived,0.0025839453790598155,10.050000000000008
SRCBF,0.05,0.15,inward,13,3.0,0.12,arrived,0.0031128384212721905,10.050000000000008
RCBF,0.05,0.15,inward,14,3.0,0.12,arrived,0.0026518389074509097,10.000000000000007
SRCBF,0.05,0.15,inward,14,3.0,0.12,arrived,0.003194543219639856,10.000000000000007
RCBF,0.05,0.15,inward,15,3.0,0.12,arrived,0.002938287292249986,9.900000000000006
SRCBF,0.05,0.15,inward,15,3.0,0.12,arrived,0.003520574941438981,9.950000000000006
RCBF,0.05,0.15,inward,16,3.0,0.12,arrived,0.0031945444117614796,9.850000000000005
SRCBF,0.05,0.15,inward,16,3.0,0.12,arrived,0.0038239017275109033,9.850000000000005
RCBF,0.05,0.15,inward,17,3.0,0.12,arrived,0.0026234360051132777,10.000000000000007
SRCBF,0.05,0.15,inward,17,3.0,0.12,arrived,0.0031603744528709843,10.050000000000008
RCBF,0.05,0.15,inward,18,3.0,0.12,arrived,0.003545899175076417,9.750000000000004
SRCBF,0.05,0.15,inward,18,3.0,0.12,arrived,0.004220549952962727,9.750000000000004
RCBF,0.05,0.15,inward,19,3.0,0.12,arrived,0.0035009785057622533,9.750000000000004
SRCBF,0.05,0.15,inward,19,3.0,0.12,arrived,0.0041704815811913765,9.800000000000004
RCBF,0.05,0.45,bias,0,3.0,0.12,arrived,0.01126628727482526,8.699999999999989
SRCBF,0.05,0.45,bias,0,3.0,0.12,arrived,0.012537352304040739,8.74999999999999
RCBF,0.05,0.45,bias,1,3.0,0.12,arrived,0.049518756507587525,6.299999999999986
SRCBF,0.05,0.45,bias,1,3.0,0.12,arrived,0.054630190584534555,6.299999999999986
RCBF,0.05,0.45,bias,2,3.0,0.12,arrived,0.013359158144563121,8.899999999999991
SRCBF,0.05,0.45,bias,2,3.0,0.12,arrived,0.014777399916945488,8.899999999999991
RCBF,0.05,0.45,bias,3,3.0,0.12,arrived,0.010351220138632433,8.04999999999998
SRCBF,0.05,0.45,bias,3,3.0,0.12,arrived,0.011472947375723797,8.04999999999998
RCBF,0.05,0.45,bias,4,3.0,0.12,arrived,0.056787820971830105,9.600000000000001
SRCBF,0.05,0.45,bias,4,3.0,0.12,arrived,0.06181243803372549,9.650000000000002
RCBF,0.05,0.45,bias,5,3.0,0.12,arrived,0.08515723846900214,7.199999999999982
SRCBF,0.05,0.45,bias,5,3.0,0.12,arrived,0.09244005536749211,7.199999999999982
RCBF,0.05,0.45,bias,6,3.0,0.12,arrived,0.01853401942034827,9.399999999999999
SRCBF,0.05,0.45,bias,6,3.0,0.12,arrived,0.020480878054016327,9.399999999999999
RCBF,0.05,0.45,bias,7,3.0,0.12,arrived,0.0650383672824767,6.449999999999985
SRCBF,0.05,0.45,bias,7,3.0,0.12,arrived,0.07118830118311026,6.499999999999985
RCBF,0.05,0.45,bias,8,3.0,0.12,arrived,0.03952273620315594,6.249999999999986
SRCBF,0.05,0.45,bias,8,3.0,0.12,arrived,0.04398966278095162,6.249999999999986
RCBF,0.05,0.45,bias,9,3.0,0.12,arrived,0.01241671829095714,9.049999999999994
SRCBF,0.05,0.45,bias,9,3.0,0.12,arrived,0.01346650036864483,9.049999999999994
RCBF,0.05,0.45,bias,10,3.0,0.12,arrived,0.00888511426237415,8.04999999999998
SRCBF,0.05,0.45,bias,10,3.0,0.12,arrived,0.009862705093540036,8.04999999999998
RCBF,0.05,0.45,bias,11,3.0,0.12,arrived,0.053942599989941886,9.5
SRCBF,0.05,0.45,bias,11,3.0,0.12,arrived,0.05885304130665481,9.5
RCBF,0.05,0.45,bias,12,3.0,0.12,arrived,0.05275111753555517,6.249999999999986
SRCBF,0.05,0.45,bias,12,3.0,0.12,arrived,0.058101329370179866,6.299999999999986
RCBF,0.05,0.45,bias,13,3.0,0.12,arrived,0.07482302806928576,6.749999999999984
SRCBF,0.05,0.45,bias,13,3.0,0.12,arrived,0.08154315240297527,6.749999999999984
RCBF,0.05,0.45,bias,14,3.0,0.12,arrived,0.02127406001510368,9.600000000000001
SRCBF,0.05,0.45,bias,14,3.0,0.12,arrived,0.023474337484161723,9.600000000000001
RCBF,0.05,0.45,bias,15,3.0,0.12,arrived,0.08438490801823628,7.099999999999983
SRCBF,0.05,0.45,bias,15,3.0,0.12,arrived,0.09164974581488938,7.099999999999983
RCBF,0.05,0.45,bias,16,3.0,0.12,arrived,0.03585472718478022,9.650000000000002
SRCBF,0.05,0.45,bias,16,3.0,0.12,arrived,0.03919749356107782,9.700000000000003
RCBF,0.05,0.45,bias,17,3.0,0.12,arrived,0.007741947682341155,7.399999999999982
SRCBF,0.05,0.45,bias,17,3.0,0.12,arrived,0.008897604421289174,7.399999999999982
RCBF,0.05,0.45,bias,18,3.0,0.12,arrived,0.0930972797642794,8.14999999999998
SRCBF,0.05,0.45,bias,18,3.0,0.12,arrived,0.1012437917878728,8.14999999999998
RCBF,0.05,0.45,bias,19,3.0,0.12,arrived,0.05793488295654137,6.349999999999985
SRCBF,0.05,0.45,bias,19,3.0,0.12,arrived,0.06365818219191266,6.349999999999985
RCBF,0.05,0.45,inward,0,3.0,0.12,arrived,0.009928070916086829,8.74999999999999
SRCBF,0.05,0.45,inward,0,3.0,0.12,arrived,0.011103919878633017,8.74999999999999
RCBF,0.05,0.45,inward,1,3.0,0.12,arrived,0.010026690590680842,8.74999999999999
SRCBF,0.05,0.45,inward,1,3.0,0.12,arrived,0.011219143655031405,8.74999999999999
RCBF,0.05,0.45,inward,2,3.0,0.12,arrived,0.010270930277999635,8.699999999999989
SRCBF,0.05,0.45,inward,2,3.0,0.12,arrived,0.011572984594151459,8.699999999999989
RCBF,0.05,0.45,inward,3,3.0,0.12,arrived,0.010506110423694426,8.699999999999989
SRCBF,0.05,0.45,inward,3,3.0,0.12,arrived,0.011737070927654747,8.699999999999989
RCBF,0.05,0.45,inward,4,3.0,0.12,arrived,0.009595836741882802,8.79999999999999
SRCBF,0.05,0.45,inward,4,3.0,0.12,arrived,0.010757433342220235,8.79999999999999
RCBF,0.05,0.45,inward,5,3.0,0.12,arrived,0.009769634684590578,8.79999999999999
SRCBF,0.05,0.45,inward,5,3.0,0.12,arrived,0.010887147622385518,8.79999999999999
RCBF,0.05,0.45,inward,6,3.0,0.12,arrived,0.010006366253226484,8.74999999999999
SRCBF,0.05,0.45,inward,6,3.0,0.12,arrived,0.0111953385173158,8.74999999999999
RCBF,0.05,0.45,inward,7,3.0,0.12,arrived,0.009937648871794269,8.74999999999999
SRCBF,0.05,0.45,inward,7,3.0,0.12,arrived,0.01111507960022895,8.74999999999999
RCBF,0.05,0.45,inward,8,3.0,0.12,arrived,0.010219153878325282,8.699999999999989
SRCBF,0.05,0.45,inward,8,3.0,0.12,arrived,0.011509874663333974,8.699999999999989
RCBF,0.05,0.45,inward,9,3.0,0.12,arrived,0.00968902934757121,8.79999999999999
SRCBF,0.05,0.45,inward,9,3.0,0.12,arrived,0.010826811678835702,8.79999999999999
RCBF,0.05,0.45,inward,10,3.0,0.12,arrived,0.009577716963514615,8.79999999999999
SRCBF,0.05,0.45,inward,10,3.0,0.12,arrived,0.010744706262402759,8.84999999999999
RCBF,0.05,0.45,inward,11,3.0,0.12,arrived,0.010372619085126766,8.699999999999989
SRCBF,0.05,0.45,inward,11,3.0,0.12,arrived,0.01169781606163256,8.699999999999989
RCBF,0.05,0.45,inward,12,3.0,0.12,arrived,0.0102793595355275,8.699999999999989
SRCBF,0.05,0.45,inward,12,3.0,0.12,arrived,0.01158328676339171,8.699999999999989
RCBF,0.05,0.45,inward,13,3.0,0.12,arrived,0.009695849068153128,8.79999999999999
SRCBF,0.05,0.45,inward,13,3.0,0.12,arrived,0.010831919225251507,8.79999999999999
RCBF,0.05,0.45,inward,14,3.0,0.12,arrived,0.00973780340816821,8.79999999999999
SRCBF,0.05,0.45,inward,14,3.0,0.12,arrived,0.010863329252278286,8.79999999999999
RCBF,0.05,0.45,inward,15,3.0,0.12,arrived,0.009882401952069575,8.74999999999999
SRCBF,0.05,0.45,inward,15,3.0,0.12,arrived,0.011006023659948738,8.79999999999999
RCBF,0.05,0.45,inward,16,3.0,0.12,arrived,0.009983918928934021,8.74999999999999
SRCBF,0.05,0.45,inward,16,3.0,0.12,arrived,0.011169083024838211,8.74999999999999
RCBF,0.05,0.45,inward,17,3.0,0.12,arrived,0.009720392000759248,8.79999999999999
SRCBF,0.05,0.45,inward,17,3.0,0.12,arrived,0.010850296155144545,8.79999999999999
RCBF,0.05,0.45,inward,18,3.0,0.12,arrived,0.010160425263308182,8.699999999999989
SRCBF,0.05,0.45,inward,18,3.0,0.12,arrived,0.01131968559131824,8.74999999999999
RCBF,0.05,0.45,inward,19,3.0,0.12,arrived,0.010142575084860384,8.74999999999999
SRCBF,0.05,0.45,inward,19,3.0,0.12,arrived,0.011300791418343725,8.74999999999999
RCBF,0.1,0.15,bias,0,3.0,0.12,arrived,0.05781637467326439,10.09999999999998
SRCBF,0.1,0.15,bias,0,3.0,0.12,arrived,0.06849470443007533,10.19999999999998
RCBF,0.1,0.15,bias,1,3.0,0.12,arrived,0.022819953107058644,7.099999999999991
SRCBF,0.1,0.15,bias,1,3.0,0.12,arrived,0.029127524840676156,7.099999999999991
RCBF,0.1,0.15,bias,2,3.0,0.12,arrived,0.060260928831760596,10.899999999999977
SRCBF,0.1,0.15,bias,2,3.0,0.12,arrived,0.07103315553195,10.899999999999977
RCBF,0.1,0.15,bias,3,3.0,0.12,arrived,0.04458419809468983,10.29999999999998
SRCBF,0.1,0.15,bias,3,3.0,0.12,arrived,0.053043543319716724,10.29999999999998
RCBF,0.1,0.15,bias,4,3.0,0.12,arrived,0.05793753626935583,11.099999999999977
SRCBF,0.1,0.15,bias,4,3.0,0.12,arrived,0.06802352464873529,11.099999999999977
RCBF,0.1,0.15,bias,5,3.0,0.12,arrived,0.06369727253790947,7.899999999999988
SRCBF,0.1,0.15,bias,5,3.0,0.12,arrived,0.07632116876299844,7.899999999999988
RCBF,0.1,0.15,bias,6,3.0,0.12,arrived,0.06904645984746782,11.399999999999975
SRCBF,0.1,0.15,bias,6,3.0,0.12,arrived,0.08090850615684575,11.399999999999975
RCBF,0.1,0.15,bias,7,3.0,0.12,arrived,0.038240300679699635,7.19999999999999
SRCBF,0.1,0.15,bias,7,3.0,0.12,arrived,0.04739207409861146,7.19999999999999
RCBF,0.1,0.15,bias,8,3.0,0.12,arrived,0.014345059429022089,7.099999999999991
SRCBF,0.1,0.15,bias,8,3.0,0.12,arrived,0.019054208798235384,7.099999999999991
RCBF,0.1,0.15,bias,9,3.0,0.12,arrived,0.06316289899429428,10.19999999999998
SRCBF,0.1,0.15,bias,9,3.0,0.12,arrived,0.07470496939639437,10.29999999999998
RCBF,0.1,0.15,bias,10,3.0,0.12,arrived,0.04518444669206656,9.299999999999983
SRCBF,0.1,0.15,bias,10,3.0,0.12,arrived,0.054240714693266634,9.299999999999983
RCBF,0.1,0.15,bias,11,3.0,0.12,arrived,0.055061329885828236,10.699999999999978
SRCBF,0.1,0.15,bias,11,3.0,0.12,arrived,0.06510213406351706,10.799999999999978
RCBF,0.1,0.15,bias,12,3.0,0.12,arrived,0.02618137587345226,6.999999999999991
SRCBF,0.1,0.15,bias,12,3.0,0.12,arrived,0.033231770991518195,6.999999999999991
RCBF,0.1,0.15,bias,13,3.0,0.12,arrived,0.049384235109896535,7.499999999999989
SRCBF,0.1,0.15,bias,13,3.0,0.12,arrived,0.06003166667127835,7.499999999999989
RCBF,0.1,0.15,bias,14,3.0,0.12,arrived,0.07272954310480506,11.399999999999975
SRCBF,0.1,0.15,bias,14,3.0,0.12,arrived,0.08512318838673627,11.499999999999975
RCBF,0.1,0.15,bias,15,3.0,0.12,arrived,0.06252159871506735,7.799999999999988
SRCBF,0.1,0.15,bias,15,3.0,0.12,arrived,0.07500323125352093,7.799999999999988
RCBF,0.1,0.15,bias,16,3.0,0.12,arrived,0.038678642632469895,12.99999999999997
SRCBF,0.1,0.15,bias,16,3.0,0.12,arrived,0.04566466058311336,13.09999999999997
RCBF,0.1,0.15,bias,17,3.0,0.12,arrived,0.029819543794938896,9.099999999999984
SRCBF,0.1,0.15,bias,17,3.0,0.12,arrived,0.03629467922437035,9.099999999999984
RCBF,0.1,0.15,bias,18,3.0,0.12,arrived,0.08398397234404309,8.799999999999985
SRCBF,0.1,0.15,bias,18,3.0,0.12,arrived,0.09903731574355823,8.799999999999985
RCBF,0.1,0.15,bias,19,3.0,0.12,arrived,0.03105430258155817,7.099999999999991
SRCBF,0.1,0.15,bias,19,3.0,0.12,arrived,0.038982213299866286,7.099999999999991
RCBF,0.1,0.15,inward,0,3.0,0.12,arrived,0.0038006360091531466,9.89999999999998
SRCBF,0.1,0.15,inward,0,3.0,0.12,arrived,0.005453511802826716,9.89999999999998
RCBF,0.1,0.15,inward,1,3.0,0.12,arrived,0.004154695461639268,9.799999999999981
SRCBF,0.1,0.15,inward,1,3.0,0.12,arrived,0.005898417575381898,9.799999999999981
RCBF,0.1,0.15,inward,2,3.0,0.12,arrived,0.004865732150644897,9.699999999999982
SRCBF,0.1,0.15,inward,2,3.0,0.12,arrived,0.0068363866272310725,9.699999999999982
RCBF,0.1,0.15,inward,3,3.0,0.12,arrived,0.005354768348202588,9.599999999999982
SRCBF,0.1,0.15,inward,3,3.0,0.12,arrived,0.007503855720384256,9.599999999999982
RCBF,0.1,0.15,inward,4,3.0,0.12,arrived,0.0029915556919095643,10.09999999999998
SRCBF,0.1,0.15,inward,4,3.0,0.12,arrived,0.004331924215881355,10.09999999999998
RCBF,0.1,0.15,inward,5,3.0,0.12,arrived,0.0033506313664707355,9.99999999999998
SRCBF,0.1,0.15,inward,5,3.0,0.12,arrived,0.004837444541098912,9.99999999999998
RCBF,0.1,0.15,inward,6,3.0,0.12,arrived,0.0040788975584118425,9.799999999999981
SRCBF,0.1,0.15,inward,6,3.0,0.12,arrived,0.005803311570736991,9.799999999999981
RCBF,0.1,0.15,inward,7,3.0,0.12,arrived,0.0038335416620447482,9.89999999999998
SRCBF,0.1,0.15,inward,7,3.0,0.12,arrived,0.005494933602306129,9.89999999999998
RCBF,0.1,0.15,inward,8,3.0,0.12,arrived,0.004689456012511473,9.699999999999982
SRCBF,0.1,0.15,inward,8,3.0,0.12,arrived,0.006585727850124123,9.699999999999982
RCBF,0.1,0.15,inward,9,3.0,0.12,arrived,0.0031843205823568477,9.99999999999998
SRCBF,0.1,0.15,inward,9,3.0,0.12,arrived,0.0045947538982333835,9.99999999999998
RCBF,0.1,0.15,inward,10,3.0,0.12,arrived,0.002955267022658692,10.09999999999998
SRCBF,0.1,0.15,inward,10,3.0,0.12,arrived,0.004286102681427595,10.09999999999998
RCBF,0.1,0.15,inward,11,3.0,0.12,arrived,0.005233637887531839,9.599999999999982
SRCBF,0.1,0.15,inward,11,3.0,0.12,arrived,0.007352703758275458,9.599999999999982
RCBF,0.1,0.15,inward,12,3.0,0.12,arrived,0.004895118156484357,9.699999999999982
SRCBF,0.1,0.15,inward,12,3.0,0.12,arrived,0.006878106215314372,9.699999999999982
RCBF,0.1,0.15,inward,13,3.0,0.12,arrived,0.003198029709960637,9.99999999999998
SRCBF,0.1,0.15,inward,13,3.0,0.12,arrived,0.004614777529012071,9.99999999999998
RCBF,0.1,0.15,inward,14,3.0,0.12,arrived,0.0032838261067025254,9.99999999999998
SRCBF,0.1,0.15,inward,14,3.0,0.12,arrived,0.004740018469608365,9.99999999999998
RCBF,0.1,0.15,inward,15,3.0,0.12,arrived,0.0036479011181017595,9.89999999999998
SRCBF,0.1,0.15,inward,15,3.0,0.12,arrived,0.005261034977526835,9.89999999999998
RCBF,0.1,0.15,inward,16,3.0,0.12,arrived,0.003996923646602091,9.799999999999981
SRCBF,0.1,0.15,inward,16,3.0,0.12,arrived,0.005700372626367467,9.799999999999981
RCBF,0.1,0.15,inward,17,3.0,0.12,arrived,0.0032479126762220423,9.99999999999998
SRCBF,0.1,0.15,inward,17,3.0,0.12,arrived,0.00468760978522087,9.99999999999998
RCBF,0.1,0.15,inward,18,3.0,0.12,arrived,0.004485602254177157,9.699999999999982
SRCBF,0.1,0.15,inward,18,3.0,0.12,arrived,0.006312795143842975,9.699999999999982
RCBF,0.1,0.15,inward,19,3.0,0.12,arrived,0.004422772274548237,9.699999999999982
SRCBF,0.1,0.15,inward,19,3.0,0.12,arrived,0.006234215465992565,9.799999999999981
RCBF,0.1,0.45,bias,0,3.0,0.12,arrived,0.018338346808610018,8.699999999999985
SRCBF,0.1,0.45,bias,0,3.0,0.12,arrived,0.02171536544269481,8.699999999999985
RCBF,0.1,0.45,bias,1,3.0,0.12,arrived,0.05120691163488289,6.299999999999994
SRCBF,0.1,0.45,bias,1,3.0,0.12,arrived,0.06248952025992627,6.299999999999994
RCBF,0.1,0.45,bias,2,3.0,0.12,arrived,0.02040197855558379,8.899999999999984
SRCBF,0.1,0.45,bias,2,3.0,0.12,arrived,0.024026912950406043,8.899999999999984
RCBF,0.1,0.45,bias,3,3.0,0.12,arrived,0.016037900748227973,8.099999999999987
SRCBF,0.1,0.45,bias,3,3.0,0.12,arrived,0.01931785460319768,8.099999999999987
RCBF,0.1,0.45,bias,4,3.0,0.12,arrived,0.06289796489335342,9.599999999999982
SRCBF,0.1,0.45,bias,4,3.0,0.12,arrived,0.07317980174669625,9.599999999999982
RCBF,0.1,0.45,bias,5,3.0,0.12,arrived,0.0886510197004281,7.19999999999999
SRCBF,0.1,0.45,bias,5,3.0,0.12,arrived,0.10441106853762183,7.19999999999999
RCBF,0.1,0.45,bias,6,3.0,0.12,arrived,0.025201330636469232,9.399999999999983
SRCBF,0.1,0.45,bias,6,3.0,0.12,arrived,0.03061767679561267,9.399999999999983
RCBF,0.1,0.45,bias,7,3.0,0.12,arrived,0.06738582744156851,6.499999999999993
SRCBF,0.1,0.45,bias,7,3.0,0.12,arrived,0.08054454884186246,6.499999999999993
RCBF,0.1,0.45,bias,8,3.0,0.12,arrived,0.04124308687655864,6.199999999999994
SRCBF,0.1,0.45,bias,8,3.0,0.12,arrived,0.05091981223092701,6.299999999999994
RCBF,0.1,0.45,bias,9,3.0,0.12,arrived,0.01936221308353947,8.999999999999984
SRCBF,0.1,0.45,bias,9,3.0,0.12,arrived,0.022932224682424174,9.099999999999984
RCBF,0.1,0.45,bias,10,3.0,0.12,arrived,0.013272890133278703,7.999999999999988
SRCBF,0.1,0.45,bias,10,3.0,0.12,arrived,0.016024877900369106,8.099999999999987
RCBF,0.1,0.45,bias,11,3.0,0.12,arrived,0.059916872247549824,9.399999999999983
SRCBF,0.1,0.45,bias,11,3.0,0.12,arrived,0.06984601254347433,9.499999999999982
RCBF,0.1,0.45,bias,12,3.0,0.12,arrived,0.05463796195529369,6.299999999999994
SRCBF,0.1,0.45,bias,12,3.0,0.12,arrived,0.06648501514904592,6.299999999999994
RCBF,0.1,0.45,bias,13,3.0,0.12,arrived,0.07728514293126076,6.699999999999992
SRCBF,0.1,0.45,bias,13,3.0,0.12,arrived,0.09195601500883466,6.799999999999992
RCBF,0.1,0.45,bias,14,3.0,0.12,arrived,0.027921254520690275,9.599999999999982
SRCBF,0.1,0.45,bias,14,3.0,0.12,arrived,0.03362344656324201,9.599999999999982
RCBF,0.1,0.45,bias,15,3.0,0.12,arrived,0.08787067626878187,7.099999999999991
SRCBF,0.1,0.45,bias,15,3.0,0.12,arrived,0.10360643193263253,7.099999999999991
RCBF,0.1,0.45,bias,16,3.0,0.12,arrived,0.04211636515848338,9.599999999999982
SRCBF,0.1,0.45,bias,16,3.0,0.12,arrived,0.05018544758384946,9.699999999999982
RCBF,0.1,0.45,bias,17,3.0,0.12,arrived,0.010665239288418782,7.39999999999999
SRCBF,0.1,0.45,bias,17,3.0,0.12,arrived,0.013691155895229068,7.39999999999999
RCBF,0.1,0.45,bias,18,3.0,0.12,arrived,0.09801974633358601,8.099999999999987
SRCBF,0.1,0.45,bias,18,3.0,0.12,arrived,0.11449986359674758,8.099999999999987
RCBF,0.1,0.45,bias,19,3.0,0.12,arrived,0.05991987242974428,6.299999999999994
SRCBF,0.1,0.45,bias,19,3.0,0.12,arrived,0.07242016961685005,6.399999999999993
RCBF,0.1,0.45,inward,0,3.0,0.12,arrived,0.01471140203062582,8.699999999999985
SRCBF,0.1,0.45,inward,0,3.0,0.12,arrived,0.018910912042018446,8.699999999999985
RCBF,0.1,0.45,inward,1,3.0,0.12,arrived,0.015059730182234055,8.699999999999985
SRCBF,0.1,0.45,inward,1,3.0,0.12,arrived,0.019284803652474758,8.699999999999985
RCBF,0.1,0.45,inward,2,3.0,0.12,arrived,0.01571307298973157,8.599999999999985
SRCBF,0.1,0.45,inward,2,3.0,0.12,arrived,0.020003544022518138,8.699999999999985
RCBF,0.1,0.45,inward,3,3.0,0.12,arrived,0.016148202651846355,8.599999999999985
SRCBF,0.1,0.45,inward,3,3.0,0.12,arrived,0.020485701688595537,8.599999999999985
RCBF,0.1,0.45,inward,4,3.0,0.12,arrived,0.013843162307482393,8.799999999999985
SRCBF,0.1,0.45,inward,4,3.0,0.12,arrived,0.01795711705504155,8.799999999999985
RCBF,0.1,0.45,inward,5,3.0,0.12,arrived,0.014237442696470204,8.699999999999985
SRCBF,0.1,0.45,inward,5,3.0,0.12,arrived,0.018394061282691943,8.799999999999985
RCBF,0.1,0.45,inward,6,3.0,0.12,arrived,0.014986748087075674,8.699999999999985
SRCBF,0.1,0.45,inward,6,3.0,0.12,arrived,0.01920688864225195,8.699999999999985
RCBF,0.1,0.45,inward,7,3.0,0.12,arrived,0.014744606548760086,8.699999999999985
SRCBF,0.1,0.45,inward,7,3.0,0.12,arrived,0.018946772884564922,8.699999999999985
RCBF,0.1,0.45,inward,8,3.0,0.12,arrived,0.015547803698815366,8.699999999999985
SRCBF,0.1,0.45,inward,8,3.0,0.12,arrived,0.01981953539343828,8.699999999999985
RCBF,0.1,0.45,inward,9,3.0,0.12,arrived,0.014051621715166163,8.699999999999985
SRCBF,0.1,0.45,inward,9,3.0,0.12,arrived,0.018188914977500747,8.799999999999985
RCBF,0.1,0.45,inward,10,3.0,0.12,arrived,0.013805979180532835,8.799999999999985
SRCBF,0.1,0.45,inward,10,3.0,0.12,arrived,0.0179155879444578,8.799999999999985
RCBF,0.1,0.45,inward,11,3.0,0.12,arrived,0.01604339045133052,8.599999999999985
SRCBF,0.1,0.45,inward,11,3.0,0.12,arrived,0.020369874415217426,8.599999999999985
RCBF,0.1,0.45,inward,12,3.0,0.12,arrived,0.01574016169115755,8.599999999999985
SRCBF,0.1,0.45,inward,12,3.0,0.12,arrived,0.020033658971489454,8.699999999999985
RCBF,0.1,0.45,inward,13,3.0,0.12,arrived,0.014067184438487756,8.699999999999985
SRCBF,0.1,0.45,inward,13,3.0,0.12,arrived,0.018206149887944556,8.799999999999985
RCBF,0.1,0.45,inward,14,3.0,0.12,arrived,0.01416356600422597,8.699999999999985
SRCBF,0.1,0.45,inward,14,3.0,0.12,arrived,0.01831266920621366,8.799999999999985
RCBF,0.1,0.45,inward,15,3.0,0.12,arrived,0.014554835142616684,8.699999999999985
SRCBF,0.1,0.45,inward,15,3.0,0.12,arrived,0.01874120184520489,8.699999999999985
RCBF,0.1,0.45,inward,16,3.0,0.12,arrived,0.01490687878573782,8.699999999999985
SRCBF,0.1,0.45,inward,16,3.0,0.12,arrived,0.019121363019447446,8.699999999999985
RCBF,0.1,0.45,inward,17,3.0,0.12,arrived,0.014123431921468255,8.699999999999985
SRCBF,0.1,0.45,inward,17,3.0,0.12,arrived,0.018268359401657608,8.799999999999985
RCBF,0.1,0.45,inward,18,3.0,0.12,arrived,0.015362622176672502,8.699999999999985
SRCBF,0.1,0.45,inward,18,3.0,0.12,arrived,0.019612802280250752,8.699999999999985
RCBF,0.1,0.45,inward,19,3.0,0.12,arrived,0.015308225251955965,8.699999999999985
SRCBF,0.1,0.45,inward,19,3.0,0.12,arrived,0.019551965165137353,8.699999999999985
RCBF,0.2,0.15,bias,0,3.0,0.12,arrived,0.05560019970452901,10.199999999999996
SRCBF,0.2,0.15,bias,0,3.0,0.12,arrived,0.07797391332687043,10.199999999999996
RCBF,0.2,0.15,bias,1,3.0,0.12,arrived,0.020053088435296185,7.200000000000004
SRCBF,0.2,0.15,bias,1,3.0,0.12,arrived,0.034132255279250345,7.200000000000004
RCBF,0.2,0.15,bias,2,3.0,0.12,arrived,0.05846314745768366,10.799999999999994
SRCBF,0.2,0.15,bias,2,3.0,0.12,arrived,0.08094106948386182,10.999999999999993
RCBF,0.2,0.15,bias,3,3.0,0.12,arrived,0.042507225979142804,10.199999999999996
SRCBF,0.2,0.15,bias,3,3.0,0.12,arrived,0.06020324963622181,10.399999999999995
RCBF,0.2,0.15,bias,4,3.0,0.12,arrived,0.06865111307514937,10.999999999999993
SRCBF,0.2,0.15,bias,4,3.0,0.12,arrived,0.09176049922562479,11.199999999999992
RCBF,0.2,0.15,bias,5,3.0,0.12,arrived,0.0605087554030872,7.800000000000004
SRCBF,0.2,0.15,bias,5,3.0,0.12,arrived,0.08878922675350975,8.000000000000004
RCBF,0.2,0.15,bias,6,3.0,0.12,arrived,0.06758570811419551,11.399999999999991
SRCBF,0.2,0.15,bias,6,3.0,0.12,arrived,0.09244136222780441,11.399999999999991
RCBF,0.2,0.15,bias,7,3.0,0.12,arrived,0.03555337178376061,7.200000000000004
SRCBF,0.2,0.15,bias,7,3.0,0.12,arrived,0.05500244687539879,7.200000000000004
RCBF,0.2,0.15,bias,8,3.0,0.12,arrived,0.012146142671486393,7.200000000000004
SRCBF,0.2,0.15,bias,8,3.0,0.12,arrived,0.022658411790138167,7.200000000000004
RCBF,0.2,0.15,bias,9,3.0,0.12,arrived,0.06104278165450172,10.199999999999996
SRCBF,0.2,0.15,bias,9,3.0,0.12,arrived,0.08511015074135242,10.399999999999995
RCBF,0.2,0.15,bias,10,3.0,0.12,arrived,0.04230430550428976,9.2
SRCBF,0.2,0.15,bias,10,3.0,0.12,arrived,0.06147002719260186,9.399999999999999
RCBF,0.2,0.15,bias,11,3.0,0.12,arrived,0.06662488111588794,10.599999999999994
SRCBF,0.2,0.15,bias,11,3.0,0.12,arrived,0.0887189656199261,10.799999999999994
RCBF,0.2,0.15,bias,12,3.0,0.12,arrived,0.02357700909898086,7.0000000000000036
SRCBF,0.2,0.15,bias,12,3.0,0.12,arrived,0.039345921133721484,7.0000000000000036
RCBF,0.2,0.15,bias,13,3.0,0.12,arrived,0.04642922762853685,7.400000000000004
SRCBF,0.2,0.15,bias,13,3.0,0.12,arrived,0.06961776624323746,7.600000000000004
RCBF,0.2,0.15,bias,14,3.0,0.12,arrived,0.07136063866245324,11.399999999999991
SRCBF,0.2,0.15,bias,14,3.0,0.12,arrived,0.09741281031450999,11.59999999999999
RCBF,0.2,0.15,bias,15,3.0,0.12,arrived,0.059455229926055675,7.800000000000004
SRCBF,0.2,0.15,bias,15,3.0,0.12,arrived,0.08751076429766236,7.800000000000004
RCBF,0.2,0.15,bias,16,3.0,0.12,arrived,0.050096441736220076,12.999999999999986
SRCBF,0.2,0.15,bias,16,3.0,0.12,arrived,0.06807326663148494,13.199999999999985
RCBF,0.2,0.15,bias,17,3.0,0.12,arrived,0.02745123276892769,9.0
SRCBF,0.2,0.15,bias,17,3.0,0.12,arrived,0.04081440572864847,9.2
RCBF,0.2,0.15,bias,18,3.0,0.12,arrived,0.08306508925532219,8.600000000000001
SRCBF,0.2,0.15,bias,18,3.0,0.12,arrived,0.11614087303406861,8.8
RCBF,0.2,0.15,bias,19,3.0,0.12,arrived,0.028406366543368256,7.0000000000000036
SRCBF,0.2,0.15,bias,19,3.0,0.12,arrived,0.04571160791827367,7.200000000000004
RCBF,0.2,0.15,inward,0,3.0,0.12,arrived,0.003741408823587311,9.799999999999997
SRCBF,0.2,0.15,inward,0,3.0,0.12,arrived,0.007937317223707607,9.799999999999997
RCBF,0.2,0.15,inward,1,3.0,0.12,arrived,0.004089645504852912,9.799999999999997
SRCBF,0.2,0.15,inward,1,3.0,0.12,arrived,0.008658899094975303,9.799999999999997
RCBF,0.2,0.15,inward,2,3.0,0.12,arrived,0.004833211910170054,9.599999999999998
SRCBF,0.2,0.15,inward,2,3.0,0.12,arrived,0.010192759317092515,9.599999999999998
RCBF,0.2,0.15,inward,3,3.0,0.12,arrived,0.005392279388677812,9.599999999999998
SRCBF,0.2,0.15,inward,3,3.0,0.12,arrived,0.011173098209613208,9.599999999999998
RCBF,0.2,0.15,inward,4,3.0,0.12,arrived,0.002831768815084623,9.999999999999996
SRCBF,0.2,0.15,inward,4,3.0,0.12,arrived,0.006314402337211811,9.999999999999996
RCBF,0.2,0.15,inward,5,3.0,0.12,arrived,0.003267546557514267,9.999999999999996
SRCBF,0.2,0.15,inward,5,3.0,0.12,arrived,0.007020631468426908,9.999999999999996
RCBF,0.2,0.15,inward,6,3.0,0.12,arrived,0.004015013544160562,9.799999999999997
SRCBF,0.2,0.15,inward,6,3.0,0.12,arrived,0.008504344714269196,9.799999999999997
RCBF,0.2,0.15,inward,7,3.0,0.12,arrived,0.0037737446569535704,9.799999999999997
SRCBF,0.2,0.15,inward,7,3.0,0.12,arrived,0.008004348706683984,9.799999999999997
RCBF,0.2,0.15,inward,8,3.0,0.12,arrived,0.004633008194422139,9.599999999999998
SRCBF,0.2,0.15,inward,8,3.0,0.12,arrived,0.009781087415328349,9.599999999999998
RCBF,0.2,0.15,inward,9,3.0,0.12,arrived,0.0030575702652285708,9.999999999999996
SRCBF,0.2,0.15,inward,9,3.0,0.12,arrived,0.006681510273363389,9.999999999999996
RCBF,0.2,0.15,inward,10,3.0,0.12,arrived,0.002792575473496095,9.999999999999996
SRCBF,0.2,0.15,inward,10,3.0,0.12,arrived,0.006250380083418827,9.999999999999996
RCBF,0.2,0.15,inward,11,3.0,0.12,arrived,0.005253278546430762,9.599999999999998
SRCBF,0.2,0.15,inward,11,3.0,0.12,arrived,0.010950256041082573,9.599999999999998
RCBF,0.2,0.15,inward,12,3.0,0.12,arrived,0.004866651586409643,9.599999999999998
SRCBF,0.2,0.15,inward,12,3.0,0.12,arrived,0.010261408448245302,9.599999999999998
RCBF,0.2,0.15,inward,13,3.0,0.12,arrived,0.0030748414006909197,9.999999999999996
SRCBF,0.2,0.15,inward,13,3.0,0.12,arrived,0.006709479457011058,9.999999999999996
RCBF,0.2,0.15,inward,14,3.0,0.12,arrived,0.0031830844101897737,9.999999999999996
SRCBF,0.2,0.15,inward,14,3.0,0.12,arrived,0.006884453697842741,9.999999999999996
RCBF,0.2,0.15,inward,15,3.0,0.12,arrived,0.0035913204671844667,9.799999999999997
SRCBF,0.2,0.15,inward,15,3.0,0.12,arrived,0.007626221036427849,9.799999999999997
RCBF,0.2,0.15,inward,16,3.0,0.12,arrived,0.0039343608854516265,9.799999999999997
SRCBF,0.2,0.15,inward,16,3.0,0.12,arrived,0.008337250811942032,9.799999999999997
RCBF,0.2,0.15,inward,17,3.0,0.12,arrived,0.0031377430699041087,9.999999999999996
SRCBF,0.2,0.15,inward,17,3.0,0.12,arrived,0.00681122438611681,9.999999999999996
RCBF,0.2,0.15,inward,18,3.0,0.12,arrived,0.004416319155032711,9.599999999999998
SRCBF,0.2,0.15,inward,18,3.0,0.12,arrived,0.009334328805898906,9.799999999999997
RCBF,0.2,0.15,inward,19,3.0,0.12,arrived,0.004354167800796893,9.599999999999998
SRCBF,0.2,0.15,inward,19,3.0,0.12,arrived,0.009205984737293393,9.799999999999997
RCBF,0.2,0.45,bias,0,3.0,0.12,arrived,0.026675378258342985,8.8
SRCBF,0.2,0.45,bias,0,3.0,0.12,arrived,0.03671470323611581,8.8
RCBF,0.2,0.45,bias,1,3.0,0.12,arrived,0.04999876876786047,6.200000000000003
SRCBF,0.2,0.45,bias,1,3.0,0.12,arrived,0.07632232660622984,6.400000000000003
RCBF,0.2,0.45,bias,2,3.0,0.12,arrived,0.03089811095388406,8.8
SRCBF,0.2,0.45,bias,2,3.0,0.12,arrived,0.042382512703183384,9.0
RCBF,0.2,0.45,bias,3,3.0,0.12,arrived,0.021915710626226215,8.000000000000004
SRCBF,0.2,0.45,bias,3,3.0,0.12,arrived,0.03139948347127519,8.200000000000003
RCBF,0.2,0.45,bias,4,3.0,0.12,arrived,0.07267043940635964,9.399999999999999
SRCBF,0.2,0.45,bias,4,3.0,0.12,arrived,0.10026521400740551,9.599999999999998
RCBF,0.2,0.45,bias,5,3.0,0.12,arrived,0.09011916749515181,7.200000000000004
SRCBF,0.2,0.45,bias,5,3.0,0.12,arrived,0.12656683336072583,7.200000000000004
RCBF,0.2,0.45,bias,6,3.0,0.12,arrived,0.03689854778751522,9.399999999999999
SRCBF,0.2,0.45,bias,6,3.0,0.12,arrived,0.049866571856732045,9.399999999999999
RCBF,0.2,0.45,bias,7,3.0,0.12,arrived,0.06729720046480359,6.400000000000003
SRCBF,0.2,0.45,bias,7,3.0,0.12,arrived,0.09741362795939612,6.600000000000003
RCBF,0.2,0.45,bias,8,3.0,0.12,arrived,0.04025792394814154,6.200000000000003
SRCBF,0.2,0.45,bias,8,3.0,0.12,arrived,0.06304033832628397,6.200000000000003
RCBF,0.2,0.45,bias,9,3.0,0.12,arrived,0.02916506686017717,9.0
SRCBF,0.2,0.45,bias,9,3.0,0.12,arrived,0.039982370539734635,9.2
RCBF,0.2,0.45,bias,10,3.0,0.12,arrived,0.017610375821430102,8.000000000000004
SRCBF,0.2,0.45,bias,10,3.0,0.12,arrived,0.025244034215876066,8.200000000000003
RCBF,0.2,0.45,bias,11,3.0,0.12,arrived,0.0713060071265742,9.399999999999999
SRCBF,0.2,0.45,bias,11,3.0,0.12,arrived,0.09450460637508973,9.399999999999999
RCBF,0.2,0.45,bias,12,3.0,0.12,arrived,0.0535903762648825,6.200000000000003
SRCBF,0.2,0.45,bias,12,3.0,0.12,arrived,0.08132625572729557,6.400000000000003
RCBF,0.2,0.45,bias,13,3.0,0.12,arrived,0.07851906579005119,6.800000000000003
SRCBF,0.2,0.45,bias,13,3.0,0.12,arrived,0.11057293011799374,6.800000000000003
RCBF,0.2,0.45,bias,14,3.0,0.12,arrived,0.038865123045157324,9.599999999999998
SRCBF,0.2,0.45,bias,14,3.0,0.12,arrived,0.05474535994666496,9.599999999999998
RCBF,0.2,0.45,bias,15,3.0,0.12,arrived,0.08937600411636248,7.0000000000000036
SRCBF,0.2,0.45,bias,15,3.0,0.12,arrived,0.12575354429060592,7.200000000000004
RCBF,0.2,0.45,bias,16,3.0,0.12,arrived,0.05403419770054496,9.599999999999998
SRCBF,0.2,0.45,bias,16,3.0,0.12,arrived,0.07143131015651649,9.599999999999998
RCBF,0.2,0.45,bias,17,3.0,0.12,arrived,0.01296389125488473,7.400000000000004
SRCBF,0.2,0.45,bias,17,3.0,0.12,arrived,0.020994894011255982,7.400000000000004
RCBF,0.2,0.45,bias,18,3.0,0.12,arrived,0.10467211735256632,8.000000000000004
SRCBF,0.2,0.45,bias,18,3.0,0.12,arrived,0.1422622829987772,8.000000000000004
RCBF,0.2,0.45,bias,19,3.0,0.12,arrived,0.05907104609589964,6.400000000000003
SRCBF,0.2,0.45,bias,19,3.0,0.12,arrived,0.08809023284969308,6.400000000000003
RCBF,0.2,0.45,inward,0,3.0,0.12,arrived,0.01745678892556579,8.600000000000001
SRCBF,0.2,0.45,inward,0,3.0,0.12,arrived,0.02972237639070141,8.600000000000001
RCBF,0.2,0.45,inward,1,3.0,0.12,arrived,0.017947241317703977,8.600000000000001
SRCBF,0.2,0.45,inward,1,3.0,0.12,arrived,0.030473092762425713,8.600000000000001
RCBF,0.2,0.45,inward,2,3.0,0.12,arrived,0.018923521680425326,8.600000000000001
SRCBF,0.2,0.45,inward,2,3.0,0.12,arrived,0.03196204355697008,8.600000000000001
RCBF,0.2,0.45,inward,3,3.0,0.12,arrived,0.019605253195169814,8.600000000000001
SRCBF,0.2,0.45,inward,3,3.0,0.12,arrived,0.03299771916823935,8.600000000000001
RCBF,0.2,0.45,inward,4,3.0,0.12,arrived,0.016254348260452245,8.600000000000001
SRCBF,0.2,0.45,inward,4,3.0,0.12,arrived,0.02797730468157633,8.600000000000001
RCBF,0.2,0.45,inward,5,3.0,0.12,arrived,0.016796890382316243,8.600000000000001
SRCBF,0.2,0.45,inward,5,3.0,0.12,arrived,0.02874481292492581,8.600000000000001
RCBF,0.2,0.45,inward,6,3.0,0.12,arrived,0.01784409327188452,8.600000000000001
SRCBF,0.2,0.45,inward,6,3.0,0.12,arrived,0.03031536234994081,8.600000000000001
RCBF,0.2,0.45,inward,7,3.0,0.12,arrived,0.01750334016006605,8.600000000000001
SRCBF,0.2,0.45,inward,7,3.0,0.12,arrived,0.029793710895852143,8.600000000000001
RCBF,0.2,0.45,inward,8,3.0,0.12,arrived,0.018669184108124903,8.600000000000001
SRCBF,0.2,0.45,inward,8,3.0,0.12,arrived,0.031574820652387925,8.600000000000001
RCBF,0.2,0.45,inward,9,3.0,0.12,arrived,0.01654047647930179,8.600000000000001
SRCBF,0.2,0.45,inward,9,3.0,0.12,arrived,0.02838253678728997,8.600000000000001
RCBF,0.2,0.45,inward,10,3.0,0.12,arrived,0.01620347939670863,8.600000000000001
SRCBF,0.2,0.45,inward,10,3.0,0.12,arrived,0.027905153406978078,8.8
RCBF,0.2,0.45,inward,11,3.0,0.12,arrived,0.019439402185101207,8.600000000000001
SRCBF,0.2,0.45,inward,11,3.0,0.12,arrived,0.03274605542086784,8.600000000000001
RCBF,0.2,0.45,inward,12,3.0,0.12,arrived,0.01896544624115737,8.600000000000001
SRCBF,0.2,0.45,inward,12,3.0,0.12,arrived,0.03202582825362654,8.600000000000001
RCBF,0.2,0.45,inward,13,3.0,0.12,arrived,0.016561902109832438,8.600000000000001
SRCBF,0.2,0.45,inward,13,3.0,0.12,arrived,0.028412839700892034,8.600000000000001
RCBF,0.2,0.45,inward,14,3.0,0.12,arrived,0.016694793898493376,8.600000000000001
SRCBF,0.2,0.45,inward,14,3.0,0.12,arrived,0.028600663961829587,8.600000000000001
RCBF,0.2,0.45,inward,15,3.0,0.12,arrived,0.017237856901334836,8.600000000000001
SRCBF,0.2,0.45,inward,15,3.0,0.12,arrived,0.029386658751966332,8.600000000000001
RCBF,0.2,0.45,inward,16,3.0,0.12,arrived,0.017731447585990212,8.600000000000001
SRCBF,0.2,0.45,inward,16,3.0,0.12,arrived,0.03014301511662687,8.600000000000001
RCBF,0.2,0.45,inward,17,3.0,0.12,arrived,0.01663941462817664,8.600000000000001
SRCBF,0.2,0.45,inward,17,3.0,0.12,arrived,0.028522419893508566,8.600000000000001
RCBF,0.2,0.45,inward,18,3.0,0.12,arrived,0.01838710639332186,8.600000000000001
SRCBF,0.2,0.45,inward,18,3.0,0.12,arrived,0.03114481449965867,8.600000000000001
RCBF,0.2,0.45,inward,19,3.0,0.12,arrived,0.018304819086508273,8.600000000000001
SRCBF,0.2,0.45,inward,19,3.0,0.12,arrived,0.031019263167217592,8.600000000000001
RCBF,0.3,0.15,bias,0,3.0,0.12,arrived,0.05220972797653578,10.200000000000003
SRCBF,0.3,0.15,bias,0,3.0,0.12,arrived,0.088059595445095,10.200000000000003
RCBF,0.3,0.15,bias,1,3.0,0.12,arrived,0.014975264085453466,7.1999999999999975
SRCBF,0.3,0.15,bias,1,3.0,0.12,arrived,0.03772002091062687,7.1999999999999975
RCBF,0.3,0.15,bias,2,3.0,0.12,arrived,0.05603140973277154,10.800000000000004
SRCBF,0.3,0.15,bias,2,3.0,0.12,arrived,0.09142785629648076,11.100000000000005
RCBF,0.3,0.15,bias,3,3.0,0.12,arrived,0.03976490738868044,10.200000000000003
SRCBF,0.3,0.15,bias,3,3.0,0.12,arrived,0.06789414313676889,10.500000000000004
RCBF,0.3,0.15,bias,4,3.0,0.12,arrived,0.07501952192492733,11.100000000000005
SRCBF,0.3,0.15,bias,4,3.0,0.12,arrived,0.12086432612848463,11.100000000000005
RCBF,0.3,0.15,bias,5,3.0,0.12,arrived,0.05299686987313246,7.799999999999997
SRCBF,0.3,0.15,bias,5,3.0,0.12,arrived,0.10032071421949718,8.099999999999998
RCBF,0.3,0.15,bias,6,3.0,0.12,arrived,0.06580936751771971,11.400000000000006
SRCBF,0.3,0.15,bias,6,3.0,0.12,arrived,0.10476387358982953,11.400000000000006
RCBF,0.3,0.15,bias,7,3.0,0.12,arrived,0.028963975928303354,7.1999999999999975
SRCBF,0.3,0.15,bias,7,3.0,0.12,arrived,0.06167362350883565,7.1999999999999975
RCBF,0.3,0.15,bias,8,3.0,0.12,arrived,0.008209956004389563,7.1999999999999975
SRCBF,0.3,0.15,bias,8,3.0,0.12,arrived,0.025365411143802974,7.1999999999999975
RCBF,0.3,0.15,bias,9,3.0,0.12,arrived,0.05758760571834065,10.200000000000003
SRCBF,0.3,0.15,bias,9,3.0,0.12,arrived,0.09625926179347088,10.500000000000004
RCBF,0.3,0.15,bias,10,3.0,0.12,arrived,0.03820806542094013,9.3
SRCBF,0.3,0.15,bias,10,3.0,0.12,arrived,0.0689434442182496,9.600000000000001
RCBF,0.3,0.15,bias,11,3.0,0.12,arrived,0.07535090642848552,10.500000000000004
SRCBF,0.3,0.15,bias,11,3.0,0.12,arrived,0.11548171579464117,10.800000000000004
RCBF,0.3,0.15,bias,12,3.0,0.12,arrived,0.017992606635003794,7.1999999999999975
SRCBF,0.3,0.15,bias,12,3.0,0.12,arrived,0.04343638658077442,7.1999999999999975
RCBF,0.3,0.15,bias,13,3.0,0.12,arrived,0.039294740543556306,7.499999999999997
SRCBF,0.3,0.15,bias,13,3.0,0.12,arrived,0.078405816927136,7.499999999999997
RCBF,0.3,0.15,bias,14,3.0,0.12,arrived,0.06970453649010322,11.400000000000006
SRCBF,0.3,0.15,bias,14,3.0,0.12,arrived,0.11043487950898512,11.700000000000006
RCBF,0.3,0.15,bias,15,3.0,0.12,arrived,0.05189970955176437,7.799999999999997
SRCBF,0.3,0.15,bias,15,3.0,0.12,arrived,0.0987957095057842,7.799999999999997
RCBF,0.3,0.15,bias,16,3.0,0.12,arrived,0.055952206920199976,13.20000000000001
SRCBF,0.3,0.15,bias,16,3.0,0.12,arrived,0.08978812736717001,13.50000000000001
RCBF,0.3,0.15,bias,17,3.0,0.12,arrived,0.024446508865277328,9.0
SRCBF,0.3,0.15,bias,17,3.0,0.12,arrived,0.04553924848837865,9.3
RCBF,0.3,0.15,bias,18,3.0,0.12,arrived,0.07986123061313,8.7
SRCBF,0.3,0.15,bias,18,3.0,0.12,arrived,0.13305824060049043,8.7
RCBF,0.3,0.15,bias,19,3.0,0.12,arrived,0.022358877807867605,7.1999999999999975
SRCBF,0.3,0.15,bias,19,3.0,0.12,arrived,0.050698445134913395,7.1999999999999975
RCBF,0.3,0.15,inward,0,3.0,0.12,arrived,0.0027218645656926777,9.900000000000002
SRCBF,0.3,0.15,inward,0,3.0,0.12,arrived,0.00981090051388589,9.900000000000002
RCBF,0.3,0.15,inward,1,3.0,0.12,arrived,0.002987703728004165,9.600000000000001
SRCBF,0.3,0.15,inward,1,3.0,0.12,arrived,0.01061028128439756,9.600000000000001
RCBF,0.3,0.15,inward,2,3.0,0.12,arrived,0.00354751331620895,9.600000000000001
SRCBF,0.3,0.15,inward,2,3.0,0.12,arrived,0.012304237634570003,9.600000000000001
RCBF,0.3,0.15,inward,3,3.0,0.12,arrived,0.003965834568127602,9.600000000000001
SRCBF,0.3,0.15,inward,3,3.0,0.12,arrived,0.01357023309824723,9.600000000000001
RCBF,0.3,0.15,inward,4,3.0,0.12,arrived,0.0019349104210449886,9.900000000000002
SRCBF,0.3,0.15,inward,4,3.0,0.12,arrived,0.007941402614753179,10.200000000000003
RCBF,0.3,0.15,inward,5,3.0,0.12,arrived,0.002289348234343125,9.900000000000002
SRCBF,0.3,0.15,inward,5,3.0,0.12,arrived,0.00878598275631548,9.900000000000002
RCBF,0.3,0.15,inward,6,3.0,0.12,arrived,0.0029310170023520987,9.600000000000001
SRCBF,0.3,0.15,inward,6,3.0,0.12,arrived,0.010439366026733454,9.900000000000002
RCBF,0.3,0.15,inward,7,3.0,0.12,arrived,0.002746710716000522,9.900000000000002
SRCBF,0.3,0.15,inward,7,3.0,0.12,arrived,0.00988534512792505,9.900000000000002
RCBF,0.3,0.15,inward,8,3.0,0.12,arrived,0.003397401234910613,9.600000000000001
SRCBF,0.3,0.15,inward,8,3.0,0.12,arrived,0.01184949152485193,9.600000000000001
RCBF,0.3,0.15,inward,9,3.0,0.12,arrived,0.002118240023487261,9.900000000000002
SRCBF,0.3,0.15,inward,9,3.0,0.12,arrived,0.008401919939525215,9.900000000000002
RCBF,0.3,0.15,inward,10,3.0,0.12,arrived,0.0019031640005600092,9.900000000000002
SRCBF,0.3,0.15,inward,10,3.0,0.12,arrived,0.007837339907568075,10.200000000000003
RCBF,0.3,0.15,inward,11,3.0,0.12,arrived,0.0038618736004668586,9.600000000000001
SRCBF,0.3,0.15,inward,11,3.0,0.12,arrived,0.013255936391982082,9.600000000000001
RCBF,0.3,0.15,inward,12,3.0,0.12,arrived,0.00357256124117844,9.600000000000001
SRCBF,0.3,0.15,inward,12,3.0,0.12,arrived,0.012380113426408546,9.600000000000001
RCBF,0.3,0.15,inward,13,3.0,0.12,arrived,0.0021322918701008886,9.900000000000002
SRCBF,0.3,0.15,inward,13,3.0,0.12,arrived,0.008433736453406171,9.900000000000002
RCBF,0.3,0.15,inward,14,3.0,0.12,arrived,0.0022204502875073917,9.900000000000002
SRCBF,0.3,0.15,inward,14,3.0,0.12,arrived,0.008632182720016868,9.900000000000002
RCBF,0.3,0.15,inward,15,3.0,0.12,arrived,0.0025984897926528694,9.900000000000002
SRCBF,0.3,0.15,inward,15,3.0,0.12,arrived,0.009464679541945631,9.900000000000002
RCBF,0.3,0.15,inward,16,3.0,0.12,arrived,0.002869598540249818,9.600000000000001
SRCBF,0.3,0.15,inward,16,3.0,0.12,arrived,0.010254430073672771,9.900000000000002
RCBF,0.3,0.15,inward,17,3.0,0.12,arrived,0.0021835029834048614,9.900000000000002
SRCBF,0.3,0.15,inward,17,3.0,0.12,arrived,0.008549250541982967,9.900000000000002
RCBF,0.3,0.15,inward,18,3.0,0.12,arrived,0.0032345229551676846,9.600000000000001
SRCBF,0.3,0.15,inward,18,3.0,0.12,arrived,0.011356274957702417,9.600000000000001
RCBF,0.3,0.15,inward,19,3.0,0.12,arrived,0.003187700604968202,9.600000000000001
SRCBF,0.3,0.15,inward,19,3.0,0.12,arrived,0.011214588025932115,9.600000000000001
RCBF,0.3,0.45,bias,0,3.0,0.12,arrived,0.03032614477096962,8.7
SRCBF,0.3,0.45,bias,0,3.0,0.12,arrived,0.048293415862394884,8.7
RCBF,0.3,0.45,bias,1,3.0,0.12,arrived,0.04441415376997937,6.299999999999998
SRCBF,0.3,0.45,bias,1,3.0,0.12,arrived,0.08941681611371832,6.299999999999998
RCBF,0.3,0.45,bias,2,3.0,0.12,arrived,0.03582052127777424,8.7
SRCBF,0.3,0.45,bias,2,3.0,0.12,arrived,0.056636185687776175,9.0
RCBF,0.3,0.45,bias,3,3.0,0.12,arrived,0.024484531626883133,8.099999999999998
SRCBF,0.3,0.45,bias,3,3.0,0.12,arrived,0.041403956543296316,8.099999999999998
RCBF,0.3,0.45,bias,4,3.0,0.12,arrived,0.08143355875043334,9.3
SRCBF,0.3,0.45,bias,4,3.0,0.12,arrived,0.1233269678201604,9.600000000000001
RCBF,0.3,0.45,bias,5,3.0,0.12,arrived,0.08570183168862378,7.1999999999999975
SRCBF,0.3,0.45,bias,5,3.0,0.12,arrived,0.1466364954466669,7.1999999999999975
RCBF,0.3,0.45,bias,6,3.0,0.12,arrived,0.0443331899177436,9.3
SRCBF,0.3,0.45,bias,6,3.0,0.12,arrived,0.06985456665625922,9.3
RCBF,0.3,0.45,bias,7,3.0,0.12,arrived,0.061275548278174274,6.299999999999998
SRCBF,0.3,0.45,bias,7,3.0,0.12,arrived,0.11399732992600353,6.599999999999998
RCBF,0.3,0.45,bias,8,3.0,0.12,arrived,0.03490414679029663,6.299999999999998
SRCBF,0.3,0.45,bias,8,3.0,0.12,arrived,0.07488253124536204,6.299999999999998
RCBF,0.3,0.45,bias,9,3.0,0.12,arrived,0.03350624949700831,9.0
SRCBF,0.3,0.45,bias,9,3.0,0.12,arrived,0.05301043102231717,9.0
RCBF,0.3,0.45,bias,10,3.0,0.12,arrived,0.01973006692543844,8.099999999999998
SRCBF,0.3,0.45,bias,10,3.0,0.12,arrived,0.03314701038014989,8.099999999999998
RCBF,0.3,0.45,bias,11,3.0,0.12,arrived,0.07686350905695882,9.3
SRCBF,0.3,0.45,bias,11,3.0,0.12,arrived,0.1223263611875729,9.3
RCBF,0.3,0.45,bias,12,3.0,0.12,arrived,0.04785438590960822,6.299999999999998
SRCBF,0.3,0.45,bias,12,3.0,0.12,arrived,0.09543609963076571,6.299999999999998
RCBF,0.3,0.45,bias,13,3.0,0.12,arrived,0.07220022974799112,6.599999999999998
SRCBF,0.3,0.45,bias,13,3.0,0.12,arrived,0.12992309813189917,6.899999999999998
RCBF,0.3,0.45,bias,14,3.0,0.12,arrived,0.04736172502522229,9.600000000000001
SRCBF,0.3,0.45,bias,14,3.0,0.12,arrived,0.07436361224358778,9.600000000000001
RCBF,0.3,0.45,bias,15,3.0,0.12,arrived,0.08482481653162499,6.899999999999998
SRCBF,0.3,0.45,bias,15,3.0,0.12,arrived,0.14580525559491297,7.1999999999999975
RCBF,0.3,0.45,bias,16,3.0,0.12,arrived,0.06125179940994241,9.600000000000001
SRCBF,0.3,0.45,bias,16,3.0,0.12,arrived,0.09404693462994096,9.600000000000001
RCBF,0.3,0.45,bias,17,3.0,0.12,arrived,0.01314948410460337,7.499999999999997
SRCBF,0.3,0.45,bias,17,3.0,0.12,arrived,0.027347847746784226,7.499999999999997
RCBF,0.3,0.45,bias,18,3.0,0.12,arrived,0.1035083556932076,7.799999999999997
SRCBF,0.3,0.45,bias,18,3.0,0.12,arrived,0.16896178661709615,8.099999999999998
RCBF,0.3,0.45,bias,19,3.0,0.12,arrived,0.053626482679601795,6.299999999999998
SRCBF,0.3,0.45,bias,19,3.0,0.12,arrived,0.10309730916026894,6.299999999999998
RCBF,0.3,0.45,inward,0,3.0,0.12,arrived,0.01477668961949008,8.399999999999999
SRCBF,0.3,0.45,inward,0,3.0,0.12,arrived,0.03835579419241886,8.7
RCBF,0.3,0.45,inward,1,3.0,0.12,arrived,0.015264162063008735,8.399999999999999
SRCBF,0.3,0.45,inward,1,3.0,0.12,arrived,0.039377677034278746,8.399999999999999
RCBF,0.3,0.45,inward,2,3.0,0.12,arrived,0.016237869516203318,8.399999999999999
SRCBF,0.3,0.45,inward,2,3.0,0.12,arrived,0.04141381190273452,8.399999999999999
RCBF,0.3,0.45,inward,3,3.0,0.12,arrived,0.01692034538999776,8.399999999999999
SRCBF,0.3,0.45,inward,3,3.0,0.12,arrived,0.042837394927304984,8.399999999999999
RCBF,0.3,0.45,inward,4,3.0,0.12,arrived,0.013586557267311838,8.7
SRCBF,0.3,0.45,inward,4,3.0,0.12,arrived,0.03585291277996283,8.7
RCBF,0.3,0.45,inward,5,3.0,0.12,arrived,0.014122649376635654,8.399999999999999
SRCBF,0.3,0.45,inward,5,3.0,0.12,arrived,0.03698180962107078,8.7
RCBF,0.3,0.45,inward,6,3.0,0.12,arrived,0.015161545165047974,8.399999999999999
SRCBF,0.3,0.45,inward,6,3.0,0.12,arrived,0.03916270993651061,8.399999999999999
RCBF,0.3,0.45,inward,7,3.0,0.12,arrived,0.014822908283990466,8.399999999999999
SRCBF,0.3,0.45,inward,7,3.0,0.12,arrived,0.03845275926114744,8.7
RCBF,0.3,0.45,inward,8,3.0,0.12,arrived,0.015983781348106407,8.399999999999999
SRCBF,0.3,0.45,inward,8,3.0,0.12,arrived,0.04088309111504207,8.399999999999999
RCBF,0.3,0.45,inward,9,3.0,0.12,arrived,0.013869097440303624,8.399999999999999
SRCBF,0.3,0.45,inward,9,3.0,0.12,arrived,0.03644819690711587,8.7
RCBF,0.3,0.45,inward,10,3.0,0.12,arrived,0.013536370263990571,8.7
SRCBF,0.3,0.45,inward,10,3.0,0.12,arrived,0.035747098727062276,8.7
RCBF,0.3,0.45,inward,11,3.0,0.12,arrived,0.016754127131120122,8.399999999999999
SRCBF,0.3,0.45,inward,11,3.0,0.12,arrived,0.042490924049789824,8.399999999999999
RCBF,0.3,0.45,inward,12,3.0,0.12,arrived,0.016279780852498926,8.399999999999999
SRCBF,0.3,0.45,inward,12,3.0,0.12,arrived,0.041501314403211476,8.399999999999999
RCBF,0.3,0.45,inward,13,3.0,0.12,arrived,0.013890271198322535,8.399999999999999
SRCBF,0.3,0.45,inward,13,3.0,0.12,arrived,0.03649277944380369,8.7
RCBF,0.3,0.45,inward,14,3.0,0.12,arrived,0.014021652691603492,8.399999999999999
SRCBF,0.3,0.45,inward,14,3.0,0.12,arrived,0.03676932340331518,8.7
RCBF,0.3,0.45,inward,15,3.0,0.12,arrived,0.014559463258020933,8.399999999999999
SRCBF,0.3,0.45,inward,15,3.0,0.12,arrived,0.037899836774715534,8.7
RCBF,0.3,0.45,inward,16,3.0,0.12,arrived,0.01504953740632431,8.399999999999999
SRCBF,0.3,0.45,inward,16,3.0,0.12,arrived,0.03892798176785106,8.399999999999999
RCBF,0.3,0.45,inward,17,3.0,0.12,arrived,0.013966891944379833,8.399999999999999
SRCBF,0.3,0.45,inward,17,3.0,0.12,arrived,0.03665407607116922,8.7
RCBF,0.3,0.45,inward,18,3.0,0.12,arrived,0.015702324055226202,8.399999999999999
SRCBF,0.3,0.45,inward,18,3.0,0.12,arrived,0.04029471554958208,8.399999999999999
RCBF,0.3,0.45,inward,19,3.0,0.12,arrived,0.015620286714225107,8.399999999999999
SRCBF,0.3,0.45,inward,19,3.0,0.12,arrived,0.04012311967686466,8.399999999999999
RCBF,0.4,0.15,bias,0,3.0,0.12,arrived,0.01210329027367063,10.000000000000004
SRCBF,0.4,0.15,bias,0,3.0,0.12,arrived,0.09810968165316813,10.400000000000004
RCBF,0.4,0.15,bias,1,3.0,0.12,violation,-0.0002108548725655579,2.0
SRCBF,0.4,0.15,bias,1,3.0,0.12,arrived,0.043359277002949836,7.200000000000002
RCBF,0.4,0.15,bias,2,3.0,0.12,arrived,0.009484601945726645,10.800000000000004
SRCBF,0.4,0.15,bias,2,3.0,0.12,arrived,0.10224323620564424,11.200000000000005
RCBF,0.4,0.15,bias,3,3.0,0.12,arrived,0.009097986183746132,10.400000000000004
SRCBF,0.4,0.15,bias,3,3.0,0.12,arrived,0.075359174285344,10.400000000000004
RCBF,0.4,0.15,bias,4,3.0,0.12,arrived,0.07840482740797317,10.800000000000004
SRCBF,0.4,0.15,bias,4,3.0,0.12,arrived,0.14178257163465313,11.200000000000005
RCBF,0.4,0.15,bias,5,3.0,0.12,arrived,0.02864915559009862,8.000000000000002
SRCBF,0.4,0.15,bias,5,3.0,0.12,arrived,0.11285446837282564,8.000000000000002
RCBF,0.4,0.15,bias,6,3.0,0.12,arrived,0.009293172928852678,11.200000000000005
SRCBF,0.4,0.15,bias,6,3.0,0.12,arrived,0.11807894913677819,11.600000000000005
RCBF,0.4,0.15,bias,7,3.0,0.12,arrived,0.024285306139704255,7.200000000000002
SRCBF,0.4,0.15,bias,7,3.0,0.12,arrived,0.07035598661677644,7.600000000000002
RCBF,0.4,0.15,bias,8,3.0,0.12,violation,-0.0171682044575292,2.0
SRCBF,0.4,0.15,bias,8,3.0,0.12,arrived,0.02838666771341547,7.200000000000002
RCBF,0.4,0.15,bias,9,3.0,0.12,arrived,0.012784303342209924,10.000000000000004
SRCBF,0.4,0.15,bias,9,3.0,0.12,arrived,0.10744172680972763,10.400000000000004
RCBF,0.4,0.15,bias,10,3.0,0.12,arrived,0.013927912278918209,9.200000000000003
SRCBF,0.4,0.15,bias,10,3.0,0.12,arrived,0.0766156417700743,9.600000000000003
RCBF,0.4,0.15,bias,11,3.0,0.12,arrived,0.07615371603592302,10.400000000000004
SRCBF,0.4,0.15,bias,11,3.0,0.12,arrived,0.14044691593149106,10.800000000000004
RCBF,0.4,0.15,bias,12,3.0,0.12,arrived,0.010417254570912471,7.200000000000002
SRCBF,0.4,0.15,bias,12,3.0,0.12,arrived,0.05069732830954676,7.200000000000002
RCBF,0.4,0.15,bias,13,3.0,0.12,arrived,0.026907655654012208,7.600000000000002
SRCBF,0.4,0.15,bias,13,3.0,0.12,arrived,0.08853540543878546,7.600000000000002
RCBF,0.4,0.15,bias,14,3.0,0.12,arrived,0.009649733338678357,11.200000000000005
SRCBF,0.4,0.15,bias,14,3.0,0.12,arrived,0.12463715050620672,11.600000000000005
RCBF,0.4,0.15,bias,15,3.0,0.12,arrived,0.029075157891266246,7.600000000000002
SRCBF,0.4,0.15,bias,15,3.0,0.12,arrived,0.11098387546071342,8.000000000000002
RCBF,0.4,0.15,bias,16,3.0,0.12,arrived,0.06257645863693995,13.200000000000006
SRCBF,0.4,0.15,bias,16,3.0,0.12,arrived,0.11324950238168452,13.600000000000007
RCBF,0.4,0.15,bias,17,3.0,0.12,arrived,0.01159702062164325,9.200000000000003
SRCBF,0.4,0.15,bias,17,3.0,0.12,arrived,0.050967929273757484,9.600000000000003
RCBF,0.4,0.15,bias,18,3.0,0.12,arrived,0.024592591136365693,8.400000000000002
SRCBF,0.4,0.15,bias,18,3.0,0.12,arrived,0.14879502993636462,8.800000000000002
RCBF,0.4,0.15,bias,19,3.0,0.12,arrived,0.019559769616992684,7.200000000000002
SRCBF,0.4,0.15,bias,19,3.0,0.12,arrived,0.058711403719344024,7.200000000000002
RCBF,0.4,0.15,inward,0,3.0,0.12,violation,-0.02972651636996837,2.0
SRCBF,0.4,0.15,inward,0,3.0,0.12,arrived,0.011962262622511877,10.000000000000004
RCBF,0.4,0.15,inward,1,3.0,0.12,violation,-0.027698331421482147,2.0
SRCBF,0.4,0.15,inward,1,3.0,0.12,arrived,0.013261587793961804,9.600000000000003
RCBF,0.4,0.15,inward,2,3.0,0.12,violation,-0.023033086634226208,2.0
SRCBF,0.4,0.15,inward,2,3.0,0.12,arrived,0.015298776028111583,9.600000000000003
RCBF,0.4,0.15,inward,3,3.0,0.12,violation,-0.01927079066616766,2.0
SRCBF,0.4,0.15,inward,3,3.0,0.12,arrived,0.01664331108098349,9.600000000000003
RCBF,0.4,0.15,inward,4,3.0,0.12,violation,-0.03381923752010285,2.0
SRCBF,0.4,0.15,inward,4,3.0,0.12,arrived,0.00907506623675125,10.000000000000004
RCBF,0.4,0.15,inward,5,3.0,0.12,violation,-0.03212669882831776,2.0
SRCBF,0.4,0.15,inward,5,3.0,0.12,arrived,0.010324241694527059,10.000000000000004
RCBF,0.4,0.15,inward,6,3.0,0.12,violation,-0.028142274060552475,2.0
SRCBF,0.4,0.15,inward,6,3.0,0.12,arrived,0.012982646979028845,9.600000000000003
RCBF,0.4,0.15,inward,7,3.0,0.12,violation,-0.02954298957525625,2.0
SRCBF,0.4,0.15,inward,7,3.0,0.12,arrived,0.012082629831981828,9.600000000000003
RCBF,0.4,0.15,inward,8,3.0,0.12,violation,-0.024329726952154185,2.0
SRCBF,0.4,0.15,inward,8,3.0,0.12,arrived,0.014807388039487557,9.600000000000003
RCBF,0.4,0.15,inward,9,3.0,0.12,violation,-0.03295813387868163,2.0
SRCBF,0.4,0.15,inward,9,3.0,0.12,arrived,0.009722747900244966,10.000000000000004
RCBF,0.4,0.15,inward,10,3.0,0.12,violation,-0.033964967996079065,2.0
SRCBF,0.4,0.15,inward,10,3.0,0.12,arrived,0.008962532701002557,10.000000000000004
RCBF,0.4,0.15,inward,11,3.0,0.12,violation,-0.020224829023991364,2.0
SRCBF,0.4,0.15,inward,11,3.0,0.12,arrived,0.016312136351667395,9.600000000000003
RCBF,0.4,0.15,inward,12,3.0,0.12,violation,-0.022813804760924206,2.0
SRCBF,0.4,0.15,inward,12,3.0,0.12,arrived,0.015380256492812161,9.600000000000003
RCBF,0.4,0.15,inward,13,3.0,0.12,violation,-0.03289082373612995,2.0
SRCBF,0.4,0.15,inward,13,3.0,0.12,arrived,0.009772248107674186,10.000000000000004
RCBF,0.4,0.15,inward,14,3.0,0.12,violation,-0.0324645238003205,2.0
SRCBF,0.4,0.15,inward,14,3.0,0.12,arrived,0.01008237085995678,10.000000000000004
RCBF,0.4,0.15,inward,15,3.0,0.12,violation,-0.03056448781908827,2.0
SRCBF,0.4,0.15,inward,15,3.0,0.12,arrived,0.01140461402927595,10.000000000000004
RCBF,0.4,0.15,inward,16,3.0,0.12,violation,-0.02861649500995178,2.0
SRCBF,0.4,0.15,inward,16,3.0,0.12,arrived,0.012681455531172614,9.600000000000003
RCBF,0.4,0.15,inward,17,3.0,0.12,violation,-0.03264401802348127,2.0
SRCBF,0.4,0.15,inward,17,3.0,0.12,arrived,0.009952487183050862,10.000000000000004
RCBF,0.4,0.15,inward,18,3.0,0.12,violation,-0.025700579427766046,2.0
SRCBF,0.4,0.15,inward,18,3.0,0.12,arrived,0.014267553779411135,9.600000000000003
RCBF,0.4,0.15,inward,19,3.0,0.12,violation,-0.026087234881638333,2.0
SRCBF,0.4,0.15,inward,19,3.0,0.12,arrived,0.014110925498623694,9.600000000000003
RCBF,0.4,0.45,bias,0,3.0,0.12,violation,-0.005682025827182802,2.4
SRCBF,0.4,0.45,bias,0,3.0,0.12,arrived,0.058941136761862745,8.800000000000002
RCBF,0.4,0.45,bias,1,3.0,0.12,arrived,0.032068007384169595,6.400000000000001
SRCBF,0.4,0.45,bias,1,3.0,0.12,arrived,0.09809235600476851,6.400000000000001
RCBF,0.4,0.45,bias,2,3.0,0.12,violation,-0.008377172978874525,2.4
SRCBF,0.4,0.45,bias,2,3.0,0.12,arrived,0.06957214149390256,8.800000000000002
RCBF,0.4,0.45,bias,3,3.0,0.12,violation,-0.009518679370811522,2.4
SRCBF,0.4,0.45,bias,3,3.0,0.12,arrived,0.05006125530276173,8.000000000000002
RCBF,0.4,0.45,bias,4,3.0,0.12,arrived,0.07034987083568978,9.200000000000003
SRCBF,0.4,0.45,bias,4,3.0,0.12,arrived,0.15313071512772602,9.600000000000003
RCBF,0.4,0.45,bias,5,3.0,0.12,arrived,0.03852832717496957,7.200000000000002
SRCBF,0.4,0.45,bias,5,3.0,0.12,arrived,0.16678119037986783,7.200000000000002
RCBF,0.4,0.45,bias,6,3.0,0.12,arrived,0.0010872780682580352,9.200000000000003
SRCBF,0.4,0.45,bias,6,3.0,0.12,arrived,0.08596902948620921,9.600000000000003
RCBF,0.4,0.45,bias,7,3.0,0.12,arrived,0.03880118357248408,6.400000000000001
SRCBF,0.4,0.45,bias,7,3.0,0.12,arrived,0.12417203519032616,6.400000000000001
RCBF,0.4,0.45,bias,8,3.0,0.12,arrived,0.02477456586581739,6.400000000000001
SRCBF,0.4,0.45,bias,8,3.0,0.12,arrived,0.08233979749228049,6.400000000000001
RCBF,0.4,0.45,bias,9,3.0,0.12,violation,-0.004054039640335905,2.4
SRCBF,0.4,0.45,bias,9,3.0,0.12,arrived,0.0645294451358076,9.200000000000003
RCBF,0.4,0.45,bias,10,3.0,0.12,violation,-0.0034848848040970326,2.4
SRCBF,0.4,0.45,bias,10,3.0,0.12,arrived,0.04024819285752168,8.400000000000002
RCBF,0.4,0.45,bias,11,3.0,0.12,arrived,0.06360624541629822,9.200000000000003
SRCBF,0.4,0.45,bias,11,3.0,0.12,arrived,0.14782304653195444,9.200000000000003
RCBF,0.4,0.45,bias,12,3.0,0.12,arrived,0.03266139305296645,6.400000000000001
SRCBF,0.4,0.45,bias,12,3.0,0.12,arrived,0.10434440700291225,6.400000000000001
RCBF,0.4,0.45,bias,13,3.0,0.12,arrived,0.04051788005398227,6.800000000000002
SRCBF,0.4,0.45,bias,13,3.0,0.12,arrived,0.14086813091333839,6.800000000000002
RCBF,0.4,0.45,bias,14,3.0,0.12,arrived,0.021774929182849068,9.600000000000003
SRCBF,0.4,0.45,bias,14,3.0,0.12,arrived,0.09296169961738732,9.600000000000003
RCBF,0.4,0.45,bias,15,3.0,0.12,arrived,0.03880926039071364,6.800000000000002
SRCBF,0.4,0.45,bias,15,3.0,0.12,arrived,0.165139018791451,7.200000000000002
RCBF,0.4,0.45,bias,16,3.0,0.12,arrived,0.06414369095917238,9.600000000000003
SRCBF,0.4,0.45,bias,16,3.0,0.12,arrived,0.11997995520392868,9.600000000000003
RCBF,0.4,0.45,bias,17,3.0,0.12,violation,-0.0030004985032217046,2.4
SRCBF,0.4,0.45,bias,17,3.0,0.12,arrived,0.03347186650301848,7.600000000000002
RCBF,0.4,0.45,bias,18,3.0,0.12,arrived,0.10341014079034139,8.000000000000002
SRCBF,0.4,0.45,bias,18,3.0,0.12,arrived,0.1924710687735538,8.000000000000002
RCBF,0.4,0.45,bias,19,3.0,0.12,arrived,0.03580085958513368,6.400000000000001
SRCBF,0.4,0.45,bias,19,3.0,0.12,arrived,0.11259103368940004,6.400000000000001
RCBF,0.4,0.45,inward,0,3.0,0.12,arrived,0.009071635613490114,8.400000000000002
SRCBF,0.4,0.45,inward,0,3.0,0.12,arrived,0.04764199346986753,8.400000000000002
RCBF,0.4,0.45,inward,1,3.0,0.12,arrived,0.008772486962871362,8.400000000000002
SRCBF,0.4,0.45,inward,1,3.0,0.12,arrived,0.04895235954135768,8.400000000000002
RCBF,0.4,0.45,inward,2,3.0,0.12,arrived,0.008061407705360901,8.400000000000002
SRCBF,0.4,0.45,inward,2,3.0,0.12,arrived,0.05155022644078833,8.400000000000002
RCBF,0.4,0.45,inward,3,3.0,0.12,arrived,0.007469439346108997,8.400000000000002
SRCBF,0.4,0.45,inward,3,3.0,0.12,arrived,0.053355483491939304,8.400000000000002
RCBF,0.4,0.45,inward,4,3.0,0.12,arrived,0.009648610047036765,8.400000000000002
SRCBF,0.4,0.45,inward,4,3.0,0.12,arrived,0.04441547664632273,8.400000000000002
RCBF,0.4,0.45,inward,5,3.0,0.12,arrived,0.009415265985872279,8.400000000000002
SRCBF,0.4,0.45,inward,5,3.0,0.12,arrived,0.04587365402169474,8.400000000000002
RCBF,0.4,0.45,inward,6,3.0,0.12,arrived,0.008838558682447095,8.400000000000002
SRCBF,0.4,0.45,inward,6,3.0,0.12,arrived,0.04867705824152724,8.400000000000002
RCBF,0.4,0.45,inward,7,3.0,0.12,arrived,0.009044864686603482,8.400000000000002
SRCBF,0.4,0.45,inward,7,3.0,0.12,arrived,0.04776651250432351,8.400000000000002
RCBF,0.4,0.45,inward,8,3.0,0.12,arrived,0.008261845383201294,8.400000000000002
SRCBF,0.4,0.45,inward,8,3.0,0.12,arrived,0.0508748322601561,8.400000000000002
RCBF,0.4,0.45,inward,9,3.0,0.12,arrived,0.00953099954204284,8.400000000000002
SRCBF,0.4,0.45,inward,9,3.0,0.12,arrived,0.04518497091528928,8.400000000000002
RCBF,0.4,0.45,inward,10,3.0,0.12,arrived,0.009668256383470575,8.400000000000002
SRCBF,0.4,0.45,inward,10,3.0,0.12,arrived,0.04427856411910769,8.400000000000002
RCBF,0.4,0.45,inward,11,3.0,0.12,arrived,0.007620915905398262,8.400000000000002
SRCBF,0.4,0.45,inward,11,3.0,0.12,arrived,0.052916999302337286,8.400000000000002
RCBF,0.4,0.45,inward,12,3.0,0.12,arrived,0.008027318118278393,8.400000000000002
SRCBF,0.4,0.45,inward,12,3.0,0.12,arrived,0.05166146015041673,8.400000000000002
RCBF,0.4,0.45,inward,13,3.0,0.12,arrived,0.009521704798170938,8.400000000000002
SRCBF,0.4,0.45,inward,13,3.0,0.12,arrived,0.04524254923695814,8.400000000000002
RCBF,0.4,0.45,inward,14,3.0,0.12,arrived,0.009462526085544876,8.400000000000002
SRCBF,0.4,0.45,inward,14,3.0,0.12,arrived,0.045599543655261976,8.400000000000002
RCBF,0.4,0.45,inward,15,3.0,0.12,arrived,0.009193034307427905,8.400000000000002
SRCBF,0.4,0.45,inward,15,3.0,0.12,arrived,0.04705597399624184,8.400000000000002
RCBF,0.4,0.45,inward,16,3.0,0.12,arrived,0.008908783196312275,8.400000000000002
SRCBF,0.4,0.45,inward,16,3.0,0.12,arrived,0.048376233427176896,8.400000000000002
RCBF,0.4,0.45,inward,17,3.0,0.12,arrived,0.00948750769793516,8.400000000000002
SRCBF,0.4,0.45,inward,17,3.0,0.12,arrived,0.04545080328728979,8.400000000000002
RCBF,0.4,0.45,inward,18,3.0,0.12,arrived,0.008471513147321086,8.400000000000002
SRCBF,0.4,0.45,inward,18,3.0,0.12,arrived,0.05012461084744135,8.400000000000002
RCBF,0.4,0.45,inward,19,3.0,0.12,arrived,0.008530206595085077,8.400000000000002
SRCBF,0.4,0.45,inward,19,3.0,0.12,arrived,0.049905530886497074,8.400000000000002
RCBF,0.5,0.15,bias,0,3.0,0.12,violation,-0.04217650618431701,2.5
SRCBF,0.5,0.15,bias,0,3.0,0.12,arrived,0.10782375296482094,10.5
RCBF,0.5,0.15,bias,1,3.0,0.12,violation,-3.597081036199601e-05,2.0
SRCBF,0.5,0.15,bias,1,3.0,0.12,arrived,0.04613882268844327,7.5
RCBF,0.5,0.15,bias,2,3.0,0.12,violation,-0.05575777561444384,2.5
SRCBF,0.5,0.15,bias,2,3.0,0.12,arrived,0.11439678210742987,11.0
RCBF,0.5,0.15,bias,3,3.0,0.12,violation,-0.03324556870921602,2.5
SRCBF,0.5,0.15,bias,3,3.0,0.12,arrived,0.08351844409294262,10.5
RCBF,0.5,0.15,bias,4,3.0,0.12,arrived,0.009101741716671885,11.0
SRCBF,0.5,0.15,bias,4,3.0,0.12,arrived,0.16003433285913193,11.5
RCBF,0.5,0.15,bias,5,3.0,0.12,arrived,0.0004730399044480249,8.0
SRCBF,0.5,0.15,bias,5,3.0,0.12,arrived,0.12030142465122773,8.0
RCBF,0.5,0.15,bias,6,3.0,0.12,violation,-0.07133944801094194,2.5
SRCBF,0.5,0.15,bias,6,3.0,0.12,arrived,0.13192368537658927,11.5
RCBF,0.5,0.15,bias,7,3.0,0.12,arrived,0.022662263977246244,7.5
SRCBF,0.5,0.15,bias,7,3.0,0.12,arrived,0.07354934352702469,7.5
RCBF,0.5,0.15,bias,8,3.0,0.12,violation,-0.017125126153527903,2.0
SRCBF,0.5,0.15,bias,8,3.0,0.12,arrived,0.03206816210968244,7.5
RCBF,0.5,0.15,bias,9,3.0,0.12,violation,-0.04796718328985805,2.5
SRCBF,0.5,0.15,bias,9,3.0,0.12,arrived,0.1186063099787994,10.5
RCBF,0.5,0.15,bias,10,3.0,0.12,violation,-0.017221642967800488,2.5
SRCBF,0.5,0.15,bias,10,3.0,0.12,arrived,0.08380166122252752,9.5
RCBF,0.5,0.15,bias,11,3.0,0.12,arrived,0.021029334499754082,10.5
SRCBF,0.5,0.15,bias,11,3.0,0.12,arrived,0.1593798998800916,11.0
RCBF,0.5,0.15,bias,12,3.0,0.12,arrived,0.010597712718190988,7.0
SRCBF,0.5,0.15,bias,12,3.0,0.12,arrived,0.052465702706174566,7.5
RCBF,0.5,0.15,bias,13,3.0,0.12,arrived,0.01497303339611733,7.5
SRCBF,0.5,0.15,bias,13,3.0,0.12,arrived,0.09349925217211053,7.5
RCBF,0.5,0.15,bias,14,3.0,0.12,violation,-0.07641622810718274,2.5
SRCBF,0.5,0.15,bias,14,3.0,0.12,arrived,0.13921399153344416,11.5
RCBF,0.5,0.15,bias,15,3.0,0.12,arrived,0.003128635870602081,7.5
SRCBF,0.5,0.15,bias,15,3.0,0.12,arrived,0.1182178600481597,8.0
RCBF,0.5,0.15,bias,16,3.0,0.12,violation,-0.0265892143368891,2.5
SRCBF,0.5,0.15,bias,16,3.0,0.12,arrived,0.13400676936890643,14.0
RCBF,0.5,0.15,bias,17,3.0,0.12,violation,-0.003726274660916018,2.5
SRCBF,0.5,0.15,bias,17,3.0,0.12,arrived,0.054966872947287526,9.5
RCBF,0.5,0.15,bias,18,3.0,0.12,violation,-0.04025499909204722,2.5
SRCBF,0.5,0.15,bias,18,3.0,0.12,arrived,0.16756989453850435,9.0
RCBF,0.5,0.15,bias,19,3.0,0.12,arrived,0.01968611740067716,7.0
SRCBF,0.5,0.15,bias,19,3.0,0.12,arrived,0.06085678140250783,7.5
RCBF,0.5,0.15,inward,0,3.0,0.12,violation,-0.02971860276752747,2.0
SRCBF,0.5,0.15,inward,0,3.0,0.12,arrived,0.012659502870021044,10.0
RCBF,0.5,0.15,inward,1,3.0,0.12,violation,-0.02768934099410081,2.0
SRCBF,0.5,0.15,inward,1,3.0,0.12,arrived,0.01384733865048049,9.5
RCBF,0.5,0.15,inward,2,3.0,0.12,violation,-0.023021826983392835,2.0
SRCBF,0.5,0.15,inward,2,3.0,0.12,arrived,0.016396602164465146,9.5
RCBF,0.5,0.15,inward,3,3.0,0.12,violation,-0.019257867846583676,2.0
SRCBF,0.5,0.15,inward,3,3.0,0.12,arrived,0.018322061604313378,9.5
RCBF,0.5,0.15,inward,4,3.0,0.12,violation,-0.03381374368990864,2.0
SRCBF,0.5,0.15,inward,4,3.0,0.12,arrived,0.01000352529532933,10.0
RCBF,0.5,0.15,inward,5,3.0,0.12,violation,-0.0321201548761314,2.0
SRCBF,0.5,0.15,inward,5,3.0,0.12,arrived,0.011157902807557907,10.0
RCBF,0.5,0.15,inward,6,3.0,0.12,violation,-0.028133513956727252,2.0
SRCBF,0.5,0.15,inward,6,3.0,0.12,arrived,0.01359238099889759,9.5
RCBF,0.5,0.15,inward,7,3.0,0.12,violation,-0.02953497581381037,2.0
SRCBF,0.5,0.15,inward,7,3.0,0.12,arrived,0.012769593250045896,9.5
RCBF,0.5,0.15,inward,8,3.0,0.12,violation,-0.024319072756828874,2.0
SRCBF,0.5,0.15,inward,8,3.0,0.12,arrived,0.015708772533307713,9.5
RCBF,0.5,0.15,inward,9,3.0,0.12,violation,-0.032952095230352474,2.0
SRCBF,0.5,0.15,inward,9,3.0,0.12,arrived,0.010603576433784512,10.0
RCBF,0.5,0.15,inward,10,3.0,0.12,violation,-0.03395956885608431,2.0
SRCBF,0.5,0.15,inward,10,3.0,0.12,arrived,0.009898832410143221,10.0
RCBF,0.5,0.15,inward,11,3.0,0.12,violation,-0.020212315610705467,2.0
SRCBF,0.5,0.15,inward,11,3.0,0.12,arrived,0.017842729472243635,9.5
RCBF,0.5,0.15,inward,12,3.0,0.12,violation,-0.022802444451105797,2.0
SRCBF,0.5,0.15,inward,12,3.0,0.12,arrived,0.016511580908044943,9.5
RCBF,0.5,0.15,inward,13,3.0,0.12,violation,-0.03288474347257697,2.0
SRCBF,0.5,0.15,inward,13,3.0,0.12,arrived,0.010649286906170174,10.0
RCBF,0.5,0.15,inward,14,3.0,0.12,violation,-0.03245818293178515,2.0
SRCBF,0.5,0.15,inward,14,3.0,0.12,arrived,0.010935273237536403,10.0
RCBF,0.5,0.15,inward,15,3.0,0.12,violation,-0.030557039197673275,2.0
SRCBF,0.5,0.15,inward,15,3.0,0.12,arrived,0.012149153955643421,10.0
RCBF,0.5,0.15,inward,16,3.0,0.12,violation,-0.028607984143763754,2.0
SRCBF,0.5,0.15,inward,16,3.0,0.12,arrived,0.013317081279054288,9.5
RCBF,0.5,0.15,inward,17,3.0,0.12,violation,-0.032637786273360336,2.0
SRCBF,0.5,0.15,inward,17,3.0,0.12,arrived,0.010815577004300914,10.0
RCBF,0.5,0.15,inward,18,3.0,0.12,violation,-0.02569058551852288,2.0
SRCBF,0.5,0.15,inward,18,3.0,0.12,arrived,0.014965437554984029,9.5
RCBF,0.5,0.15,inward,19,3.0,0.12,violation,-0.026077431210265845,2.0
SRCBF,0.5,0.15,inward,19,3.0,0.12,arrived,0.014752466741209891,9.5
RCBF,0.5,0.45,bias,0,3.0,0.12,violation,-0.06988779613898732,2.5
SRCBF,0.5,0.45,bias,0,3.0,0.12,arrived,0.06932619450564381,9.0
RCBF,0.5,0.45,bias,1,3.0,0.12,arrived,0.02293544336796649,6.5
SRCBF,0.5,0.45,bias,1,3.0,0.12,arrived,0.1086491727232779,6.5
RCBF,0.5,0.45,bias,2,3.0,0.12,violation,-0.08585478891077591,2.5
SRCBF,0.5,0.45,bias,2,3.0,0.12,arrived,0.08183755688779304,9.0
RCBF,0.5,0.45,bias,3,3.0,0.12,violation,-0.0653471734983554,2.5
SRCBF,0.5,0.45,bias,3,3.0,0.12,arrived,0.059814143873726966,8.0
RCBF,0.5,0.45,bias,4,3.0,0.12,arrived,0.08473444237701067,9.0
SRCBF,0.5,0.45,bias,4,3.0,0.12,arrived,0.17694578486423418,9.5
RCBF,0.5,0.45,bias,5,3.0,0.12,violation,-0.00919332678704754,2.5
SRCBF,0.5,0.45,bias,5,3.0,0.12,arrived,0.1829202228446405,7.0
RCBF,0.5,0.45,bias,6,3.0,0.12,violation,-0.08938187597770075,2.5
SRCBF,0.5,0.45,bias,6,3.0,0.12,arrived,0.10127910739371315,9.5
RCBF,0.5,0.45,bias,7,3.0,0.12,arrived,0.018796394655705373,6.5
SRCBF,0.5,0.45,bias,7,3.0,0.12,arrived,0.13813474478342846,6.5
RCBF,0.5,0.45,bias,8,3.0,0.12,arrived,0.01843543123278757,6.0
SRCBF,0.5,0.45,bias,8,3.0,0.12,arrived,0.09022915694445532,6.5
RCBF,0.5,0.45,bias,9,3.0,0.12,violation,-0.07323943333351957,2.5
SRCBF,0.5,0.45,bias,9,3.0,0.12,arrived,0.07610383197511927,9.0
RCBF,0.5,0.45,bias,10,3.0,0.12,violation,-0.04304907714991835,2.5
SRCBF,0.5,0.45,bias,10,3.0,0.12,arrived,0.047247409321329537,8.5
RCBF,0.5,0.45,bias,11,3.0,0.12,arrived,0.07246676048135248,9.0
SRCBF,0.5,0.45,bias,11,3.0,0.12,arrived,0.17397621906703975,9.5
RCBF,0.5,0.45,bias,12,3.0,0.12,arrived,0.01987765617434767,6.5
SRCBF,0.5,0.45,bias,12,3.0,0.12,arrived,0.11609303018258488,6.5
RCBF,0.5,0.45,bias,13,3.0,0.12,arrived,0.010385069609281983,6.5
SRCBF,0.5,0.45,bias,13,3.0,0.12,arrived,0.15652985658576624,7.0
RCBF,0.5,0.45,bias,14,3.0,0.12,violation,-0.06785977124901088,2.5
SRCBF,0.5,0.45,bias,14,3.0,0.12,arrived,0.10919738925642464,9.5
RCBF,0.5,0.45,bias,15,3.0,0.12,violation,-0.007311267032138691,2.5
SRCBF,0.5,0.45,bias,15,3.0,0.12,arrived,0.18144712708413013,7.0
RCBF,0.5,0.45,bias,16,3.0,0.12,arrived,0.04456254263599024,9.5
SRCBF,0.5,0.45,bias,16,3.0,0.12,arrived,0.14257935967028967,9.5
RCBF,0.5,0.45,bias,17,3.0,0.12,violation,-0.028020054978867837,2.5
SRCBF,0.5,0.45,bias,17,3.0,0.12,arrived,0.037306471851994205,7.5
RCBF,0.5,0.45,bias,18,3.0,0.12,arrived,0.09134923968770092,7.5
SRCBF,0.5,0.45,bias,18,3.0,0.12,arrived,0.22005054352658893,8.0
RCBF,0.5,0.45,bias,19,3.0,0.12,arrived,0.020660226338606313,6.5
SRCBF,0.5,0.45,bias,19,3.0,0.12,arrived,0.12537974796900353,6.5
RCBF,0.5,0.45,inward,0,3.0,0.12,arrived,0.004706622757720158,8.5
SRCBF,0.5,0.45,inward,0,3.0,0.12,arrived,0.052050910357389735,8.5
RCBF,0.5,0.45,inward,1,3.0,0.12,arrived,0.003213136155897134,8.0
SRCBF,0.5,0.45,inward,1,3.0,0.12,arrived,0.053338546174919954,8.5
RCBF,0.5,0.45,inward,2,3.0,0.12,violation,-0.00012956275391695637,2.5
SRCBF,0.5,0.45,inward,2,3.0,0.12,arrived,0.055920330058170764,8.5
RCBF,0.5,0.45,inward,3,3.0,0.12,violation,-0.002717331691357794,2.5
SRCBF,0.5,0.45,inward,3,3.0,0.12,arrived,0.05773889060244419,8.5
RCBF,0.5,0.45,inward,4,3.0,0.12,arrived,0.007865907296395802,8.5
SRCBF,0.5,0.45,inward,4,3.0,0.12,arrived,0.04891775847627944,8.5
RCBF,0.5,0.45,inward,5,3.0,0.12,arrived,0.006527209891517338,8.5
SRCBF,0.5,0.45,inward,5,3.0,0.12,arrived,0.05032750508181305,8.5
RCBF,0.5,0.45,inward,6,3.0,0.12,arrived,0.003537350878279777,8.0
SRCBF,0.5,0.45,inward,6,3.0,0.12,arrived,0.05306724017048925,8.5
RCBF,0.5,0.45,inward,7,3.0,0.12,arrived,0.00457007055220926,8.5
SRCBF,0.5,0.45,inward,7,3.0,0.12,arrived,0.05217287072207233,8.5
RCBF,0.5,0.45,inward,8,3.0,0.12,arrived,0.0007897111385450906,8.0
SRCBF,0.5,0.45,inward,8,3.0,0.12,arrived,0.05524524331851988,8.5
RCBF,0.5,0.45,inward,9,3.0,0.12,arrived,0.00717744945800225,8.5
SRCBF,0.5,0.45,inward,9,3.0,0.12,arrived,0.049660473960750795,8.5
RCBF,0.5,0.45,inward,10,3.0,0.12,arrived,0.007984234726540973,8.5
SRCBF,0.5,0.45,inward,10,3.0,0.12,arrived,0.048785887040323495,8.5
RCBF,0.5,0.45,inward,11,3.0,0.12,violation,-0.0020726785910627488,2.5
SRCBF,0.5,0.45,inward,11,3.0,0.12,arrived,0.05729523796877667,8.5
RCBF,0.5,0.45,inward,12,3.0,0.12,violation,-0.00028400379495241435,2.5
SRCBF,0.5,0.45,inward,12,3.0,0.12,arrived,0.056031783440794514,8.5
RCBF,0.5,0.45,inward,13,3.0,0.12,arrived,0.007124325585597391,8.5
SRCBF,0.5,0.45,inward,13,3.0,0.12,arrived,0.04971615685455755,8.5
RCBF,0.5,0.45,inward,14,3.0,0.12,arrived,0.006789907556487784,8.5
SRCBF,0.5,0.45,inward,14,3.0,0.12,arrived,0.05006174436857114,8.5
RCBF,0.5,0.45,inward,15,3.0,0.12,arrived,0.0053343754926513665,8.5
SRCBF,0.5,0.45,inward,15,3.0,0.12,arrived,0.05147802361049325,8.5
RCBF,0.5,0.45,inward,16,3.0,0.12,arrived,0.003885233296925805,8.5
SRCBF,0.5,0.45,inward,16,3.0,0.12,arrived,0.05277126086937323,8.5
RCBF,0.5,0.45,inward,17,3.0,0.12,arrived,0.0069302987695040175,8.5
SRCBF,0.5,0.45,inward,17,3.0,0.12,arrived,0.0499176840406651,8.5
RCBF,0.5,0.45,inward,18,3.0,0.12,arrived,0.0017690452950489544,8.0
SRCBF,0.5,0.45,inward,18,3.0,0.12,arrived,0.05449860363088377,8.5
RCBF,0.5,0.45,inward,19,3.0,0.12,arrived,0.0020468394377737287,8.0
SRCBF,0.5,0.45,inward,19,3.0,0.12,arrived,0.054281199285798665,8.5
RCBF,0.6,0.15,bias,0,3.0,0.12,violation,-0.15579555241721543,2.4
SRCBF,0.6,0.15,bias,0,3.0,0.12,arrived,0.1203331982322976,10.199999999999998
RCBF,0.6,0.15,bias,1,3.0,0.12,violation,-0.14588638854953173,2.4
SRCBF,0.6,0.15,bias,1,3.0,0.12,arrived,0.05085295471540008,7.199999999999998
RCBF,0.6,0.15,bias,2,3.0,0.12,violation,-0.11105638906721149,2.4
SRCBF,0.6,0.15,bias,2,3.0,0.12,arrived,0.12738237683939724,11.399999999999997
RCBF,0.6,0.15,bias,3,3.0,0.12,violation,-0.22160220138026065,2.4
SRCBF,0.6,0.15,bias,3,3.0,0.12,arrived,0.09327694357190519,10.799999999999997
RCBF,0.6,0.15,bias,4,3.0,0.12,arrived,0.07092199295400958,10.799999999999997
SRCBF,0.6,0.15,bias,4,3.0,0.12,arrived,0.1784478381763187,11.399999999999997
RCBF,0.6,0.15,bias,5,3.0,0.12,violation,-0.18980177622162697,2.4
SRCBF,0.6,0.15,bias,5,3.0,0.12,arrived,0.1371518601835401,8.399999999999999
RCBF,0.6,0.15,bias,6,3.0,0.12,violation,-0.03836034031581825,2.4
SRCBF,0.6,0.15,bias,6,3.0,0.12,arrived,0.1469975604461614,11.999999999999996
RCBF,0.6,0.15,bias,7,3.0,0.12,violation,-0.15323297413929893,2.4
SRCBF,0.6,0.15,bias,7,3.0,0.12,arrived,0.08184418634298463,7.199999999999998
RCBF,0.6,0.15,bias,8,3.0,0.12,violation,-0.14703643947789669,2.4
SRCBF,0.6,0.15,bias,8,3.0,0.12,arrived,0.03530535261430778,7.799999999999998
RCBF,0.6,0.15,bias,9,3.0,0.12,violation,-0.12257738231275539,2.4
SRCBF,0.6,0.15,bias,9,3.0,0.12,arrived,0.13190866804934964,10.799999999999997
RCBF,0.6,0.15,bias,10,3.0,0.12,violation,-0.21374438816615782,2.4
SRCBF,0.6,0.15,bias,10,3.0,0.12,arrived,0.09276295927829203,9.599999999999998
RCBF,0.6,0.15,bias,11,3.0,0.12,arrived,0.0627303029114723,10.199999999999998
SRCBF,0.6,0.15,bias,11,3.0,0.12,arrived,0.17816737782395187,10.799999999999997
RCBF,0.6,0.15,bias,12,3.0,0.12,violation,-0.146756893072985,2.4
SRCBF,0.6,0.15,bias,12,3.0,0.12,arrived,0.05794078198067609,7.199999999999998
RCBF,0.6,0.15,bias,13,3.0,0.12,violation,-0.1666397248355478,2.4
SRCBF,0.6,0.15,bias,13,3.0,0.12,arrived,0.10523780171527297,7.799999999999998
RCBF,0.6,0.15,bias,14,3.0,0.12,violation,-0.01158574545244262,2.4
SRCBF,0.6,0.15,bias,14,3.0,0.12,arrived,0.1551160381221467,11.999999999999996
RCBF,0.6,0.15,bias,15,3.0,0.12,violation,-0.18570829102245878,2.4
SRCBF,0.6,0.15,bias,15,3.0,0.12,arrived,0.13450228223507854,7.799999999999998
RCBF,0.6,0.15,bias,16,3.0,0.12,arrived,0.06244597830549936,13.199999999999996
SRCBF,0.6,0.15,bias,16,3.0,0.12,arrived,0.1528814291386572,14.399999999999995
RCBF,0.6,0.15,bias,17,3.0,0.12,violation,-0.18991323386243908,2.4
SRCBF,0.6,0.15,bias,17,3.0,0.12,arrived,0.06049526945698536,9.599999999999998
RCBF,0.6,0.15,bias,18,3.0,0.12,violation,-0.033302047948580826,2.4
SRCBF,0.6,0.15,bias,18,3.0,0.12,arrived,0.18807639189337466,8.999999999999998
RCBF,0.6,0.15,bias,19,3.0,0.12,violation,-0.14821120587323644,2.4
SRCBF,0.6,0.15,bias,19,3.0,0.12,arrived,0.06733360590744342,7.199999999999998
RCBF,0.6,0.15,inward,0,3.0,0.12,violation,-0.14892381622273354,2.4
SRCBF,0.6,0.15,inward,0,3.0,0.12,arrived,0.013810104729160888,9.599999999999998
RCBF,0.6,0.15,inward,1,3.0,0.12,violation,-0.14959373390350428,2.4
SRCBF,0.6,0.15,inward,1,3.0,0.12,arrived,0.015221761906732079,9.599999999999998
RCBF,0.6,0.15,inward,2,3.0,0.12,violation,-0.15123983484615966,2.4
SRCBF,0.6,0.15,inward,2,3.0,0.12,arrived,0.018260722836984655,9.599999999999998
RCBF,0.6,0.15,inward,3,3.0,0.12,violation,-0.15264190231545727,2.4
SRCBF,0.6,0.15,inward,3,3.0,0.12,arrived,0.020558906075079597,9.599999999999998
RCBF,0.6,0.15,inward,4,3.0,0.12,violation,-0.1477167209175695,2.4
SRCBF,0.6,0.15,inward,4,3.0,0.12,arrived,0.010680160783696158,10.199999999999998
RCBF,0.6,0.15,inward,5,3.0,0.12,violation,-0.14818527254527658,2.4
SRCBF,0.6,0.15,inward,5,3.0,0.12,arrived,0.012034114120931028,9.599999999999998
RCBF,0.6,0.15,inward,6,3.0,0.12,violation,-0.14944420885131426,2.4
SRCBF,0.6,0.15,inward,6,3.0,0.12,arrived,0.014918418562257396,9.599999999999998
RCBF,0.6,0.15,inward,7,3.0,0.12,violation,-0.1489829477877017,2.4
SRCBF,0.6,0.15,inward,7,3.0,0.12,arrived,0.013940744920349246,9.599999999999998
RCBF,0.6,0.15,inward,8,3.0,0.12,violation,-0.15077042326605827,2.4
SRCBF,0.6,0.15,inward,8,3.0,0.12,arrived,0.0174400509568039,9.599999999999998
RCBF,0.6,0.15,inward,9,3.0,0.12,violation,-0.1479482894930667,2.4
SRCBF,0.6,0.15,inward,9,3.0,0.12,arrived,0.011382319660876994,9.599999999999998
RCBF,0.6,0.15,inward,10,3.0,0.12,violation,-0.1476791774602345,2.4
SRCBF,0.6,0.15,inward,10,3.0,0.12,arrived,0.010558089698835316,10.199999999999998
RCBF,0.6,0.15,inward,11,3.0,0.12,violation,-0.1522813249535362,2.4
SRCBF,0.6,0.15,inward,11,3.0,0.12,arrived,0.01998676188072801,9.599999999999998
RCBF,0.6,0.15,inward,12,3.0,0.12,violation,-0.15131998860147444,2.4
SRCBF,0.6,0.15,inward,12,3.0,0.12,arrived,0.018397934982856357,9.599999999999998
RCBF,0.6,0.15,inward,13,3.0,0.12,violation,-0.14796702430329567,2.4
SRCBF,0.6,0.15,inward,13,3.0,0.12,arrived,0.011435964324562065,9.599999999999998
RCBF,0.6,0.15,inward,14,3.0,0.12,violation,-0.14808757180793164,2.4
SRCBF,0.6,0.15,inward,14,3.0,0.12,arrived,0.011772025318345425,9.599999999999998
RCBF,0.6,0.15,inward,15,3.0,0.12,violation,-0.148658180753392,2.4
SRCBF,0.6,0.15,inward,15,3.0,0.12,arrived,0.013205153959848892,9.599999999999998
RCBF,0.6,0.15,inward,16,3.0,0.12,violation,-0.1492861807191581,2.4
SRCBF,0.6,0.15,inward,16,3.0,0.12,arrived,0.01459106327059545,9.599999999999998
RCBF,0.6,0.15,inward,17,3.0,0.12,violation,-0.14803642684638163,2.4
SRCBF,0.6,0.15,inward,17,3.0,0.12,arrived,0.011631282584301905,9.599999999999998
RCBF,0.6,0.15,inward,18,3.0,0.12,violation,-0.1502834101967062,2.4
SRCBF,0.6,0.15,inward,18,3.0,0.12,arrived,0.01655361485409612,9.599999999999998
RCBF,0.6,0.15,inward,19,3.0,0.12,violation,-0.15014795037947037,2.4
SRCBF,0.6,0.15,inward,19,3.0,0.12,arrived,0.016299767221802375,9.599999999999998
RCBF,0.6,0.45,bias,0,3.0,0.12,violation,-0.1317258196030009,2.4
SRCBF,0.6,0.45,bias,0,3.0,0.12,arrived,0.07960396320725716,8.999999999999998
RCBF,0.6,0.45,bias,1,3.0,0.12,violation,-0.1501845015044767,2.4
SRCBF,0.6,0.45,bias,1,3.0,0.12,arrived,0.11973787160963922,6.599999999999999
RCBF,0.6,0.45,bias,2,3.0,0.12,violation,-0.06980645870638269,2.4
SRCBF,0.6,0.45,bias,2,3.0,0.12,arrived,0.09388331099299285,8.999999999999998
RCBF,0.6,0.45,bias,3,3.0,0.12,violation,-0.16950364783223704,2.4
SRCBF,0.6,0.45,bias,3,3.0,0.12,arrived,0.06901151388631144,8.399999999999999
RCBF,0.6,0.45,bias,4,3.0,0.12,arrived,0.026671649925354313,8.999999999999998
SRCBF,0.6,0.45,bias,4,3.0,0.12,arrived,0.19942430408113176,9.599999999999998
RCBF,0.6,0.45,bias,5,3.0,0.12,arrived,0.011295227565551902,7.199999999999998
SRCBF,0.6,0.45,bias,5,3.0,0.12,arrived,0.2020284301813975,7.199999999999998
RCBF,0.6,0.45,bias,6,3.0,0.12,violation,-0.00030126159102472627,2.4
SRCBF,0.6,0.45,bias,6,3.0,0.12,arrived,0.11667167444095372,9.599999999999998
RCBF,0.6,0.45,bias,7,3.0,0.12,violation,-0.11269252551905284,2.4
SRCBF,0.6,0.45,bias,7,3.0,0.12,arrived,0.15316843377699985,6.599999999999999
RCBF,0.6,0.45,bias,8,3.0,0.12,violation,-0.15530510360523408,2.4
SRCBF,0.6,0.45,bias,8,3.0,0.12,arrived,0.10001857798304381,6.599999999999999
RCBF,0.6,0.45,bias,9,3.0,0.12,violation,-0.10750577032273001,2.4
SRCBF,0.6,0.45,bias,9,3.0,0.12,arrived,0.08779999524613147,9.599999999999998
RCBF,0.6,0.45,bias,10,3.0,0.12,violation,-0.24426277158467435,2.4
SRCBF,0.6,0.45,bias,10,3.0,0.12,arrived,0.05549084407188576,8.399999999999999
RCBF,0.6,0.45,bias,11,3.0,0.12,arrived,0.004660288007749203,8.999999999999998
SRCBF,0.6,0.45,bias,11,3.0,0.12,arrived,0.19771991124760724,8.999999999999998
RCBF,0.6,0.45,bias,12,3.0,0.12,violation,-0.1540175135413151,2.4
SRCBF,0.6,0.45,bias,12,3.0,0.12,arrived,0.12820234988176304,6.599999999999999
RCBF,0.6,0.45,bias,13,3.0,0.12,violation,-0.06541609615597843,2.4
SRCBF,0.6,0.45,bias,13,3.0,0.12,arrived,0.17462030549651186,6.599999999999999
RCBF,0.6,0.45,bias,14,3.0,0.12,arrived,0.020580025036295635,9.599999999999998
SRCBF,0.6,0.45,bias,14,3.0,0.12,arrived,0.12612940820056562,9.599999999999998
RCBF,0.6,0.45,bias,15,3.0,0.12,arrived,0.008302837686542275,7.199999999999998
SRCBF,0.6,0.45,bias,15,3.0,0.12,arrived,0.2002724881259157,7.199999999999998
RCBF,0.6,0.45,bias,16,3.0,0.12,arrived,0.04022452843959645,8.999999999999998
SRCBF,0.6,0.45,bias,16,3.0,0.12,arrived,0.16243092173507168,9.599999999999998
RCBF,0.6,0.45,bias,17,3.0,0.12,violation,-0.21939396539150113,2.4
SRCBF,0.6,0.45,bias,17,3.0,0.12,arrived,0.043108468608017536,7.799999999999998
RCBF,0.6,0.45,bias,18,3.0,0.12,arrived,0.10723252778167602,7.799999999999998
SRCBF,0.6,0.45,bias,18,3.0,0.12,arrived,0.24093968055341763,7.799999999999998
RCBF,0.6,0.45,bias,19,3.0,0.12,violation,-0.1411111947881034,2.4
SRCBF,0.6,0.45,bias,19,3.0,0.12,arrived,0.13851579478101783,6.599999999999999
RCBF,0.6,0.45,inward,0,3.0,0.12,violation,-0.16828486770676487,2.4
SRCBF,0.6,0.45,inward,0,3.0,0.12,arrived,0.06160829516746069,8.399999999999999
RCBF,0.6,0.45,inward,1,3.0,0.12,violation,-0.17045178581301246,2.4
SRCBF,0.6,0.45,inward,1,3.0,0.12,arrived,0.0632583192071069,8.399999999999999
RCBF,0.6,0.45,inward,2,3.0,0.12,violation,-0.1750673654249283,2.4
SRCBF,0.6,0.45,inward,2,3.0,0.12,arrived,0.06658134506372748,8.399999999999999
RCBF,0.6,0.45,inward,3,3.0,0.12,violation,-0.17853485829977167,2.4
SRCBF,0.6,0.45,inward,3,3.0,0.12,arrived,0.06893367750052126,8.399999999999999
RCBF,0.6,0.45,inward,4,3.0,0.12,violation,-0.16339096178593815,2.4
SRCBF,0.6,0.45,inward,4,3.0,0.12,arrived,0.0576140125712129,8.399999999999999
RCBF,0.6,0.45,inward,5,3.0,0.12,violation,-0.16552614678110655,2.4
SRCBF,0.6,0.45,inward,5,3.0,0.12,arrived,0.05940755935455211,8.399999999999999
RCBF,0.6,0.45,inward,6,3.0,0.12,violation,-0.16998772209524748,2.4
SRCBF,0.6,0.45,inward,6,3.0,0.12,arrived,0.06291025170854203,8.399999999999999
RCBF,0.6,0.45,inward,7,3.0,0.12,violation,-0.16848624358438735,2.4
SRCBF,0.6,0.45,inward,7,3.0,0.12,arrived,0.061764369897911675,8.399999999999999
RCBF,0.6,0.45,inward,8,3.0,0.12,violation,-0.17382566329267757,2.4
SRCBF,0.6,0.45,inward,8,3.0,0.12,arrived,0.06571056105070539,8.399999999999999
RCBF,0.6,0.45,inward,9,3.0,0.12,violation,-0.16450217497855713,2.4
SRCBF,0.6,0.45,inward,9,3.0,0.12,arrived,0.058558176538031304,8.399999999999999
RCBF,0.6,0.45,inward,10,3.0,0.12,violation,-0.16319686331637184,2.4
SRCBF,0.6,0.45,inward,10,3.0,0.12,arrived,0.05744655015378275,8.399999999999999
RCBF,0.6,0.45,inward,11,3.0,0.12,violation,-0.17767244267665283,2.4
SRCBF,0.6,0.45,inward,11,3.0,0.12,arrived,0.06835891880825296,8.399999999999999
RCBF,0.6,0.45,inward,12,3.0,0.12,violation,-0.17527473335904586,2.4
SRCBF,0.6,0.45,inward,12,3.0,0.12,arrived,0.06672523463272528,8.399999999999999
RCBF,0.6,0.45,inward,13,3.0,0.12,violation,-0.16458671567941852,2.4
SRCBF,0.6,0.45,inward,13,3.0,0.12,arrived,0.05862903028993005,8.399999999999999
RCBF,0.6,0.45,inward,14,3.0,0.12,violation,-0.1651152329597142,2.4
SRCBF,0.6,0.45,inward,14,3.0,0.12,arrived,0.0590689840024371,8.399999999999999
RCBF,0.6,0.45,inward,15,3.0,0.12,violation,-0.16734979625508528,2.4
SRCBF,0.6,0.45,inward,15,3.0,0.12,arrived,0.060875752769991465,8.399999999999999
RCBF,0.6,0.45,inward,16,3.0,0.12,violation,-0.16948601361968074,2.4
SRCBF,0.6,0.45,inward,16,3.0,0.12,arrived,0.062530776806075,8.399999999999999
RCBF,0.6,0.45,inward,17,3.0,0.12,violation,-0.16489411626743122,2.4
SRCBF,0.6,0.45,inward,17,3.0,0.12,arrived,0.05888554250257816,8.399999999999999
RCBF,0.6,0.45,inward,18,3.0,0.12,violation,-0.17248105064688812,2.4
SRCBF,0.6,0.45,inward,18,3.0,0.12,arrived,0.0647490279344255,8.399999999999999
RCBF,0.6,0.45,inward,19,3.0,0.12,violation,-0.1720951998266388,2.4
SRCBF,0.6,0.45,inward,19,3.0,0.12,arrived,0.06446935720606306,8.399999999999999
RCBF,0.8,0.15,bias,0,3.0,0.12,violation,-0.155130558965359,2.4000000000000004
SRCBF,0.8,0.15,bias,0,3.0,0.12,arrived,0.14377174686441463,10.4
RCBF,0.8,0.15,bias,1,3.0,0.12,violation,-0.40555213664321127,2.4000000000000004
SRCBF,0.8,0.15,bias,1,3.0,0.12,arrived,0.059104193488912826,7.199999999999999
RCBF,0.8,0.15,bias,2,3.0,0.12,violation,-0.11074193150578238,2.4000000000000004
SRCBF,0.8,0.15,bias,2,3.0,0.12,arrived,0.15140219081107986,11.200000000000001
RCBF,0.8,0.15,bias,3,3.0,0.12,violation,-0.22123690289688946,2.4000000000000004
SRCBF,0.8,0.15,bias,3,3.0,0.12,arrived,0.11031935846407004,11.200000000000001
RCBF,0.8,0.15,bias,4,3.0,0.12,arrived,0.06384142418902206,10.4
SRCBF,0.8,0.15,bias,4,3.0,0.12,arrived,0.21855513348097189,11.200000000000001
RCBF,0.8,0.15,bias,5,3.0,0.12,violation,-0.1939731760961385,2.4000000000000004
SRCBF,0.8,0.15,bias,5,3.0,0.12,arrived,0.15588848395255095,7.999999999999999
RCBF,0.8,0.15,bias,6,3.0,0.12,violation,-0.03815037714207148,2.4000000000000004
SRCBF,0.8,0.15,bias,6,3.0,0.12,arrived,0.17613674831496473,12.000000000000002
RCBF,0.8,0.15,bias,7,3.0,0.12,violation,-0.3343892760453153,2.4000000000000004
SRCBF,0.8,0.15,bias,7,3.0,0.12,arrived,0.09337321620268269,7.999999999999999
RCBF,0.8,0.15,bias,8,3.0,0.12,violation,-0.43618681387988134,2.4000000000000004
SRCBF,0.8,0.15,bias,8,3.0,0.12,arrived,0.041995646605265335,7.999999999999999
RCBF,0.8,0.15,bias,9,3.0,0.12,violation,-0.12186032603717678,2.4000000000000004
SRCBF,0.8,0.15,bias,9,3.0,0.12,arrived,0.1579664644818355,10.4
RCBF,0.8,0.15,bias,10,3.0,0.12,violation,-0.2593513130241474,2.4000000000000004
SRCBF,0.8,0.15,bias,10,3.0,0.12,arrived,0.11216182783155593,9.6
RCBF,0.8,0.15,bias,11,3.0,0.12,arrived,0.044988803733167604,10.4
SRCBF,0.8,0.15,bias,11,3.0,0.12,arrived,0.21872783250428807,11.200000000000001
RCBF,0.8,0.15,bias,12,3.0,0.12,violation,-0.38605342185988484,2.4000000000000004
SRCBF,0.8,0.15,bias,12,3.0,0.12,arrived,0.0666479433032271,7.199999999999999
RCBF,0.8,0.15,bias,13,3.0,0.12,violation,-0.27848775035118734,2.4000000000000004
SRCBF,0.8,0.15,bias,13,3.0,0.12,arrived,0.11971376716567783,7.999999999999999
RCBF,0.8,0.15,bias,14,3.0,0.12,violation,-0.011365193688535502,2.4000000000000004
SRCBF,0.8,0.15,bias,14,3.0,0.12,arrived,0.18636841066809362,12.000000000000002
RCBF,0.8,0.15,bias,15,3.0,0.12,violation,-0.20111025303304986,2.4000000000000004
SRCBF,0.8,0.15,bias,15,3.0,0.12,arrived,0.15270894889094988,7.999999999999999
RCBF,0.8,0.15,bias,16,3.0,0.12,violation,-0.02105252561183235,7.199999999999999
SRCBF,0.8,0.15,bias,16,3.0,0.12,arrived,0.1907323141002234,14.400000000000004
RCBF,0.8,0.15,bias,17,3.0,0.12,violation,-0.3434953607854564,2.4000000000000004
SRCBF,0.8,0.15,bias,17,3.0,0.12,arrived,0.07216151587811737,9.6
RCBF,0.8,0.15,bias,18,3.0,0.12,violation,-0.030797008791406677,2.4000000000000004
SRCBF,0.8,0.15,bias,18,3.0,0.12,arrived,0.21648754445476803,8.799999999999999
RCBF,0.8,0.15,bias,19,3.0,0.12,violation,-0.3665598944158331,2.4000000000000004
SRCBF,0.8,0.15,bias,19,3.0,0.12,arrived,0.0771348270369413,7.199999999999999
RCBF,0.8,0.15,inward,0,3.0,0.12,violation,-0.4650848475204813,2.4000000000000004
SRCBF,0.8,0.15,inward,0,3.0,0.12,arrived,0.017808067600016186,9.6
RCBF,0.8,0.15,inward,1,3.0,0.12,violation,-0.46131922525177294,2.4000000000000004
SRCBF,0.8,0.15,inward,1,3.0,0.12,arrived,0.019940184906461655,9.6
RCBF,0.8,0.15,inward,2,3.0,0.12,violation,-0.45295447210689965,2.4000000000000004
SRCBF,0.8,0.15,inward,2,3.0,0.12,arrived,0.0245453175630993,9.6
RCBF,0.8,0.15,inward,3,3.0,0.12,violation,-0.44643687139806576,2.4000000000000004
SRCBF,0.8,0.15,inward,3,3.0,0.12,arrived,0.028036373086852473,8.799999999999999
RCBF,0.8,0.15,inward,4,3.0,0.12,violation,-0.4730532943872406,2.4000000000000004
SRCBF,0.8,0.15,inward,4,3.0,0.12,arrived,0.013114512347592422,9.6
RCBF,0.8,0.15,inward,5,3.0,0.12,violation,-0.4696826974018586,2.4000000000000004
SRCBF,0.8,0.15,inward,5,3.0,0.12,arrived,0.015136880762516736,9.6
RCBF,0.8,0.15,inward,6,3.0,0.12,violation,-0.46213562282017623,2.4000000000000004
SRCBF,0.8,0.15,inward,6,3.0,0.12,arrived,0.019481535712714937,9.6
RCBF,0.8,0.15,inward,7,3.0,0.12,violation,-0.4647401127543056,2.4000000000000004
SRCBF,0.8,0.15,inward,7,3.0,0.12,arrived,0.01800511414542938,9.6
RCBF,0.8,0.15,inward,8,3.0,0.12,violation,-0.4552441194802463,2.4000000000000004
SRCBF,0.8,0.15,inward,8,3.0,0.12,arrived,0.02330018608815776,9.6
RCBF,0.8,0.15,inward,9,3.0,0.12,violation,-0.471322205091327,2.4000000000000004
SRCBF,0.8,0.15,inward,9,3.0,0.12,arrived,0.014161302313482005,9.6
RCBF,0.8,0.15,inward,10,3.0,0.12,violation,-0.4733501123021255,2.4000000000000004
SRCBF,0.8,0.15,inward,10,3.0,0.12,arrived,0.012933064121665283,9.6
RCBF,0.8,0.15,inward,11,3.0,0.12,violation,-0.4480732803746966,2.4000000000000004
SRCBF,0.8,0.15,inward,11,3.0,0.12,arrived,0.02716675097136323,8.799999999999999
RCBF,0.8,0.15,inward,12,3.0,0.12,violation,-0.4525696230315506,2.4000000000000004
SRCBF,0.8,0.15,inward,12,3.0,0.12,arrived,0.024753584449481503,9.6
RCBF,0.8,0.15,inward,13,3.0,0.12,violation,-0.4711883906502172,2.4000000000000004
SRCBF,0.8,0.15,inward,13,3.0,0.12,arrived,0.014241468517911082,9.6
RCBF,0.8,0.15,inward,14,3.0,0.12,violation,-0.47034544045629095,2.4000000000000004
SRCBF,0.8,0.15,inward,14,3.0,0.12,arrived,0.014744210616226328,9.6
RCBF,0.8,0.15,inward,15,3.0,0.12,violation,-0.46667026231415226,2.4000000000000004
SRCBF,0.8,0.15,inward,15,3.0,0.12,arrived,0.016896479168746703,9.6
RCBF,0.8,0.15,inward,16,3.0,0.12,violation,-0.4630123539943164,2.4000000000000004
SRCBF,0.8,0.15,inward,16,3.0,0.12,arrived,0.01898685987405524,9.6
RCBF,0.8,0.15,inward,17,3.0,0.12,violation,-0.47069943047474255,2.4000000000000004
SRCBF,0.8,0.15,inward,17,3.0,0.12,arrived,0.014533552945778516,9.6
RCBF,0.8,0.15,inward,18,3.0,0.12,violation,-0.4576927051052891,2.4000000000000004
SRCBF,0.8,0.15,inward,18,3.0,0.12,arrived,0.02195641159207573,9.6
RCBF,0.8,0.15,inward,19,3.0,0.12,violation,-0.4583889434135036,2.4000000000000004
SRCBF,0.8,0.15,inward,19,3.0,0.12,arrived,0.021571845212600693,9.6
RCBF,0.8,0.45,bias,0,3.0,0.12,violation,-0.1334233171931838,2.4000000000000004
SRCBF,0.8,0.45,bias,0,3.0,0.12,arrived,0.1022014424823543,8.799999999999999
RCBF,0.8,0.45,bias,1,3.0,0.12,violation,-0.1844467617638358,2.4000000000000004
SRCBF,0.8,0.45,bias,1,3.0,0.12,arrived,0.13347601610872073,6.3999999999999995
RCBF,0.8,0.45,bias,2,3.0,0.12,violation,-0.0715549246641668,2.4000000000000004
SRCBF,0.8,0.45,bias,2,3.0,0.12,arrived,0.11988792463933073,8.799999999999999
RCBF,0.8,0.45,bias,3,3.0,0.12,violation,-0.17168927556710034,2.4000000000000004
SRCBF,0.8,0.45,bias,3,3.0,0.12,arrived,0.08520344557574389,7.999999999999999
RCBF,0.8,0.45,bias,4,3.0,0.12,violation,-0.0065916101759959655,3.2
SRCBF,0.8,0.45,bias,4,3.0,0.12,arrived,0.2449241009404992,8.799999999999999
RCBF,0.8,0.45,bias,5,3.0,0.12,arrived,0.015222044196378404,7.199999999999999
SRCBF,0.8,0.45,bias,5,3.0,0.12,arrived,0.22859329174251353,7.199999999999999
RCBF,0.8,0.45,bias,6,3.0,0.12,violation,-0.001705400892545561,2.4000000000000004
SRCBF,0.8,0.45,bias,6,3.0,0.12,arrived,0.14836119222563648,9.6
RCBF,0.8,0.45,bias,7,3.0,0.12,violation,-0.10991749298074804,2.4000000000000004
SRCBF,0.8,0.45,bias,7,3.0,0.12,arrived,0.17189200080240064,6.3999999999999995
RCBF,0.8,0.45,bias,8,3.0,0.12,violation,-0.22236778006628588,2.4000000000000004
SRCBF,0.8,0.45,bias,8,3.0,0.12,arrived,0.11093722610987644,6.3999999999999995
RCBF,0.8,0.45,bias,9,3.0,0.12,violation,-0.1089996800392391,2.4000000000000004
SRCBF,0.8,0.45,bias,9,3.0,0.12,arrived,0.11147049570866252,9.6
RCBF,0.8,0.45,bias,10,3.0,0.12,violation,-0.24609295444931567,2.4000000000000004
SRCBF,0.8,0.45,bias,10,3.0,0.12,arrived,0.06766539646435321,8.799999999999999
RCBF,0.8,0.45,bias,11,3.0,0.12,violation,-0.04081880345488442,3.2
SRCBF,0.8,0.45,bias,11,3.0,0.12,arrived,0.24355411179455233,8.799999999999999
RCBF,0.8,0.45,bias,12,3.0,0.12,violation,-0.15758984450635194,2.4000000000000004
SRCBF,0.8,0.45,bias,12,3.0,0.12,arrived,0.14283759720756073,6.3999999999999995
RCBF,0.8,0.45,bias,13,3.0,0.12,violation,-0.06193275083499583,2.4000000000000004
SRCBF,0.8,0.45,bias,13,3.0,0.12,arrived,0.1968588560750164,7.199999999999999
RCBF,0.8,0.45,bias,14,3.0,0.12,violation,-0.007014180381651247,4.0
SRCBF,0.8,0.45,bias,14,3.0,0.12,arrived,0.15878967804988653,9.6
RCBF,0.8,0.45,bias,15,3.0,0.12,arrived,0.012209181771766997,7.199999999999999
SRCBF,0.8,0.45,bias,15,3.0,0.12,arrived,0.22646401334303223,7.199999999999999
RCBF,0.8,0.45,bias,16,3.0,0.12,arrived,0.0225388536251937,8.799999999999999
SRCBF,0.8,0.45,bias,16,3.0,0.12,arrived,0.2028659221505833,9.6
RCBF,0.8,0.45,bias,17,3.0,0.12,violation,-0.30349318937787045,2.4000000000000004
SRCBF,0.8,0.45,bias,17,3.0,0.12,arrived,0.055514942184474836,7.999999999999999
RCBF,0.8,0.45,bias,18,3.0,0.12,arrived,0.10690621236135145,7.199999999999999
SRCBF,0.8,0.45,bias,18,3.0,0.12,arrived,0.2744482648081046,7.999999999999999
RCBF,0.8,0.45,bias,19,3.0,0.12,violation,-0.1389843809579263,2.4000000000000004
SRCBF,0.8,0.45,bias,19,3.0,0.12,arrived,0.15483854575555134,6.3999999999999995
RCBF,0.8,0.45,inward,0,3.0,0.12,violation,-0.30160848041338206,2.4000000000000004
SRCBF,0.8,0.45,inward,0,3.0,0.12,arrived,0.07097349166831268,7.999999999999999
RCBF,0.8,0.45,inward,1,3.0,0.12,violation,-0.29362077292055055,2.4000000000000004
SRCBF,0.8,0.45,inward,1,3.0,0.12,arrived,0.07271407159594279,7.999999999999999
RCBF,0.8,0.45,inward,2,3.0,0.12,violation,-0.27733810082590804,2.4000000000000004
SRCBF,0.8,0.45,inward,2,3.0,0.12,arrived,0.07621584530533687,7.999999999999999
RCBF,0.8,0.45,inward,3,3.0,0.12,violation,-0.26565099456759944,2.4000000000000004
SRCBF,0.8,0.45,inward,3,3.0,0.12,arrived,0.07869194656784773,7.999999999999999
RCBF,0.8,0.45,inward,4,3.0,0.12,violation,-0.32067761087041113,2.4000000000000004
SRCBF,0.8,0.45,inward,4,3.0,0.12,arrived,0.06675444238877104,7.999999999999999
RCBF,0.8,0.45,inward,5,3.0,0.12,violation,-0.3121620253887946,2.4000000000000004
SRCBF,0.8,0.45,inward,5,3.0,0.12,arrived,0.06864994838238103,7.999999999999999
RCBF,0.8,0.45,inward,6,3.0,0.12,violation,-0.29531110730430066,2.4000000000000004
SRCBF,0.8,0.45,inward,6,3.0,0.12,arrived,0.0723470049128414,7.999999999999999
RCBF,0.8,0.45,inward,7,3.0,0.12,violation,-0.3008556809208722,2.4000000000000004
SRCBF,0.8,0.45,inward,7,3.0,0.12,arrived,0.07113818595508548,7.999999999999999
RCBF,0.8,0.45,inward,8,3.0,0.12,violation,-0.28163040109825244,2.4000000000000004
SRCBF,0.8,0.45,inward,8,3.0,0.12,arrived,0.0752986719290688,7.999999999999999
RCBF,0.8,0.45,inward,9,3.0,0.12,violation,-0.31620443444884616,2.4000000000000004
SRCBF,0.8,0.45,inward,9,3.0,0.12,arrived,0.0677525011385558,7.999999999999999
RCBF,0.8,0.45,inward,10,3.0,0.12,violation,-0.3214687498087075,2.4000000000000004
SRCBF,0.8,0.45,inward,10,3.0,0.12,arrived,0.06657736762312205,7.999999999999999
RCBF,0.8,0.45,inward,11,3.0,0.12,violation,-0.26851906177432716,2.4000000000000004
SRCBF,0.8,0.45,inward,11,3.0,0.12,arrived,0.07808715326516302,7.999999999999999
RCBF,0.8,0.45,inward,12,3.0,0.12,violation,-0.27662707729753944,2.4000000000000004
SRCBF,0.8,0.45,inward,12,3.0,0.12,arrived,0.07636737023898343,7.999999999999999
RCBF,0.8,0.45,inward,13,3.0,0.12,violation,-0.3158678846930833,2.4000000000000004
SRCBF,0.8,0.45,inward,13,3.0,0.12,arrived,0.06782737925036231,7.999999999999999
RCBF,0.8,0.45,inward,14,3.0,0.12,violation,-0.3137754491523949,2.4000000000000004
SRCBF,0.8,0.45,inward,14,3.0,0.12,arrived,0.06829226033111668,7.999999999999999
RCBF,0.8,0.45,inward,15,3.0,0.12,violation,-0.3051340859106491,2.4000000000000004
SRCBF,0.8,0.45,inward,15,3.0,0.12,arrived,0.07020033756872324,7.999999999999999
RCBF,0.8,0.45,inward,16,3.0,0.12,violation,-0.29715070465795257,2.4000000000000004
SRCBF,0.8,0.45,inward,16,3.0,0.12,arrived,0.07194675424493402,7.999999999999999
RCBF,0.8,0.45,inward,17,3.0,0.12,violation,-0.3146484661359426,2.4000000000000004
SRCBF,0.8,0.45,inward,17,3.0,0.12,arrived,0.06809843793946391,7.999999999999999
RCBF,0.8,0.45,inward,18,3.0,0.12,violation,-0.2863489204949149,2.4000000000000004
SRCBF,0.8,0.45,inward,18,3.0,0.12,arrived,0.07428554747390659,7.999999999999999
RCBF,0.8,0.45,inward,19,3.0,0.12,violation,-0.2877172069473769,2.4000000000000004
SRCBF,0.8,0.45,inward,19,3.0,0.12,arrived,0.07399079740073777,7.999999999999999
RCBF,1.0,0.15,bias,0,3.0,0.12,violation,-0.3030260804210753,3.0
SRCBF,1.0,0.15,bias,0,3.0,0.12,arrived,0.1653805129405056,10.0
RCBF,1.0,0.15,bias,1,3.0,0.12,arrived,0.0008788190699510201,7.0
SRCBF,1.0,0.15,bias,1,3.0,0.12,arrived,0.06214934583186904,8.0
RCBF,1.0,0.15,bias,2,3.0,0.12,violation,-0.3745490375606664,3.0
SRCBF,1.0,0.15,bias,2,3.0,0.12,arrived,0.17773059369935207,11.0
RCBF,1.0,0.15,bias,3,3.0,0.12,violation,-0.23968406026598255,3.0
SRCBF,1.0,0.15,bias,3,3.0,0.12,arrived,0.12684761972830572,11.0
RCBF,1.0,0.15,bias,4,3.0,0.12,violation,-0.41659391167653836,3.0
SRCBF,1.0,0.15,bias,4,3.0,0.12,arrived,0.26257858086233754,11.0
RCBF,1.0,0.15,bias,5,3.0,0.12,violation,-0.0914395993018533,3.0
SRCBF,1.0,0.15,bias,5,3.0,0.12,arrived,0.16584353060888213,8.0
RCBF,1.0,0.15,bias,6,3.0,0.12,violation,-0.46690769002347793,3.0
SRCBF,1.0,0.15,bias,6,3.0,0.12,arrived,0.20935452684482536,12.0
RCBF,1.0,0.15,bias,7,3.0,0.12,arrived,0.022458817227495542,7.0
SRCBF,1.0,0.15,bias,7,3.0,0.12,arrived,0.09741721661973768,8.0
RCBF,1.0,0.15,bias,8,3.0,0.12,violation,-0.01690165364855012,2.0
SRCBF,1.0,0.15,bias,8,3.0,0.12,arrived,0.04329097529646864,8.0
RCBF,1.0,0.15,bias,9,3.0,0.12,violation,-0.33840681995653843,3.0
SRCBF,1.0,0.15,bias,9,3.0,0.12,arrived,0.1823502246826343,10.0
RCBF,1.0,0.15,bias,10,3.0,0.12,violation,-0.1633652106438147,3.0
SRCBF,1.0,0.15,bias,10,3.0,0.12,arrived,0.1243153466787732,10.0
RCBF,1.0,0.15,bias,11,3.0,0.12,violation,-0.39776427164459416,3.0
SRCBF,1.0,0.15,bias,11,3.0,0.12,arrived,0.263313184619532,11.0
RCBF,1.0,0.15,bias,12,3.0,0.12,arrived,0.01150977518874896,7.0
SRCBF,1.0,0.15,bias,12,3.0,0.12,arrived,0.06943005994058615,8.0
RCBF,1.0,0.15,bias,13,3.0,0.12,violation,-0.011014325991821616,3.0
SRCBF,1.0,0.15,bias,13,3.0,0.12,arrived,0.12600763589201858,8.0
RCBF,1.0,0.15,bias,14,3.0,0.12,violation,-0.4981165537897272,3.0
SRCBF,1.0,0.15,bias,14,3.0,0.12,arrived,0.22200076588823037,12.0
RCBF,1.0,0.15,bias,15,3.0,0.12,violation,-0.07754336510779747,3.0
SRCBF,1.0,0.15,bias,15,3.0,0.12,arrived,0.16159251755281068,8.0
RCBF,1.0,0.15,bias,16,3.0,0.12,violation,-0.47230493154800063,3.0
SRCBF,1.0,0.15,bias,16,3.0,0.12,arrived,0.23070669115437648,15.0
RCBF,1.0,0.15,bias,17,3.0,0.12,violation,-0.07556828733646459,3.0
SRCBF,1.0,0.15,bias,17,3.0,0.12,arrived,0.07907603450170997,10.0
RCBF,1.0,0.15,bias,18,3.0,0.12,violation,-0.2758829371009691,3.0
SRCBF,1.0,0.15,bias,18,3.0,0.12,arrived,0.2663771574688163,8.0
RCBF,1.0,0.15,bias,19,3.0,0.12,arrived,0.020313535752311207,7.0
SRCBF,1.0,0.15,bias,19,3.0,0.12,arrived,0.08031566436004078,8.0
RCBF,1.0,0.15,inward,0,3.0,0.12,violation,-0.02966206580287456,2.0
SRCBF,1.0,0.15,inward,0,3.0,0.12,arrived,0.016608790726883038,9.0
RCBF,1.0,0.15,inward,1,3.0,0.12,violation,-0.02762489333875484,2.0
SRCBF,1.0,0.15,inward,1,3.0,0.12,arrived,0.018673060839067057,9.0
RCBF,1.0,0.15,inward,2,3.0,0.12,violation,-0.022940467511345708,2.0
SRCBF,1.0,0.15,inward,2,3.0,0.12,arrived,0.023163189876438173,9.0
RCBF,1.0,0.15,inward,3,3.0,0.12,violation,-0.01916387338782677,2.0
SRCBF,1.0,0.15,inward,3,3.0,0.12,arrived,0.02659631364196513,9.0
RCBF,1.0,0.15,inward,4,3.0,0.12,violation,-0.033774754377777993,2.0
SRCBF,1.0,0.15,inward,4,3.0,0.12,arrived,0.012097086192437656,9.0
RCBF,1.0,0.15,inward,5,3.0,0.12,violation,-0.032073586516549124,2.0
SRCBF,1.0,0.15,inward,5,3.0,0.12,arrived,0.014035564289545222,9.0
RCBF,1.0,0.15,inward,6,3.0,0.12,violation,-0.028070764101157497,2.0
SRCBF,1.0,0.15,inward,6,3.0,0.12,arrived,0.018228231377981907,9.0
RCBF,1.0,0.15,inward,7,3.0,0.12,violation,-0.02947770588601295,2.0
SRCBF,1.0,0.15,inward,7,3.0,0.12,arrived,0.016799182189099926,9.0
RCBF,1.0,0.15,inward,8,3.0,0.12,violation,-0.02424226011279107,2.0
SRCBF,1.0,0.15,inward,8,3.0,0.12,arrived,0.021944863801920844,9.0
RCBF,1.0,0.15,inward,9,3.0,0.12,violation,-0.03290918034940782,2.0
SRCBF,1.0,0.15,inward,9,3.0,0.12,arrived,0.013099389170504683,9.0
RCBF,1.0,0.15,inward,10,3.0,0.12,violation,-0.03392126042404331,2.0
SRCBF,1.0,0.15,inward,10,3.0,0.12,arrived,0.011923586209824255,9.0
RCBF,1.0,0.15,inward,11,3.0,0.12,violation,-0.020121452216923963,2.0
SRCBF,1.0,0.15,inward,11,3.0,0.12,arrived,0.02573872811957767,9.0
RCBF,1.0,0.15,inward,12,3.0,0.12,violation,-0.02272032644708688,2.0
SRCBF,1.0,0.15,inward,12,3.0,0.12,arrived,0.023367286332499737,9.0
RCBF,1.0,0.15,inward,13,3.0,0.12,violation,-0.032841528169983425,2.0
SRCBF,1.0,0.15,inward,13,3.0,0.12,arrived,0.013176243266696308,9.0
RCBF,1.0,0.15,inward,14,3.0,0.12,violation,-0.032413084417906024,2.0
SRCBF,1.0,0.15,inward,14,3.0,0.12,arrived,0.013658518026016142,9.0
RCBF,1.0,0.15,inward,15,3.0,0.12,violation,-0.030503897666827484,2.0
SRCBF,1.0,0.15,inward,15,3.0,0.12,arrived,0.015729009864718813,9.0
RCBF,1.0,0.15,inward,16,3.0,0.12,violation,-0.028547067913685886,2.0
SRCBF,1.0,0.15,inward,16,3.0,0.12,arrived,0.01774893749833173,9.0
RCBF,1.0,0.15,inward,17,3.0,0.12,violation,-0.03259347668265744,2.0
SRCBF,1.0,0.15,inward,17,3.0,0.12,arrived,0.0134563729117132,9.0
RCBF,1.0,0.15,inward,18,3.0,0.12,violation,-0.025618701988660675,2.0
SRCBF,1.0,0.15,inward,18,3.0,0.12,arrived,0.020633597910346024,9.0
RCBF,1.0,0.15,inward,19,3.0,0.12,violation,-0.02600696235348665,2.0
SRCBF,1.0,0.15,inward,19,3.0,0.12,arrived,0.020259015065564157,9.0
RCBF,1.0,0.45,bias,0,3.0,0.12,violation,-0.3721375734314452,3.0
SRCBF,1.0,0.45,bias,0,3.0,0.12,arrived,0.12548489313292588,9.0
RCBF,1.0,0.45,bias,1,3.0,0.12,arrived,0.019086887479778603,6.0
SRCBF,1.0,0.45,bias,1,3.0,0.12,arrived,0.12107566091448996,7.0
RCBF,1.0,0.45,bias,2,3.0,0.12,violation,-0.4426721659958142,3.0
SRCBF,1.0,0.45,bias,2,3.0,0.12,arrived,0.14738890606334387,9.0
RCBF,1.0,0.45,bias,3,3.0,0.12,violation,-0.3162809913410609,3.0
SRCBF,1.0,0.45,bias,3,3.0,0.12,arrived,0.10311036220365344,8.0
RCBF,1.0,0.45,bias,4,3.0,0.12,violation,-0.2366293603351426,3.0
SRCBF,1.0,0.45,bias,4,3.0,0.12,arrived,0.29204589031328365,9.0
RCBF,1.0,0.45,bias,5,3.0,0.12,violation,-0.09116957087673516,3.0
SRCBF,1.0,0.45,bias,5,3.0,0.12,arrived,0.2784480070763755,7.0
RCBF,1.0,0.45,bias,6,3.0,0.12,violation,-0.5095928158167518,3.0
SRCBF,1.0,0.45,bias,6,3.0,0.12,arrived,0.18100976791995083,9.0
RCBF,1.0,0.45,bias,7,3.0,0.12,arrived,0.0003713715136617335,6.0
SRCBF,1.0,0.45,bias,7,3.0,0.12,arrived,0.1771503321060629,7.0
RCBF,1.0,0.45,bias,8,3.0,0.12,arrived,0.016739428343747864,6.0
SRCBF,1.0,0.45,bias,8,3.0,0.12,arrived,0.10032196274004324,7.0
RCBF,1.0,0.45,bias,9,3.0,0.12,violation,-0.40288341337611167,3.0
SRCBF,1.0,0.45,bias,9,3.0,0.12,arrived,0.13636466791536217,9.0
RCBF,1.0,0.45,bias,10,3.0,0.12,violation,-0.22668486943045596,3.0
SRCBF,1.0,0.45,bias,10,3.0,0.12,arrived,0.08174049303781405,9.0
RCBF,1.0,0.45,bias,11,3.0,0.12,violation,-0.20059312310708077,3.0
SRCBF,1.0,0.45,bias,11,3.0,0.12,arrived,0.2912529375552453,9.0
RCBF,1.0,0.45,bias,12,3.0,0.12,arrived,0.012593102750518281,6.0
SRCBF,1.0,0.45,bias,12,3.0,0.12,arrived,0.13859986956269665,7.0
RCBF,1.0,0.45,bias,13,3.0,0.12,violation,-0.029633615283983894,3.0
SRCBF,1.0,0.45,bias,13,3.0,0.12,arrived,0.2182120563504686,7.0
RCBF,1.0,0.45,bias,14,3.0,0.12,violation,-0.4898463126054913,3.0
SRCBF,1.0,0.45,bias,14,3.0,0.12,arrived,0.19347257311696286,9.0
RCBF,1.0,0.45,bias,15,3.0,0.12,violation,-0.0833259551685106,3.0
SRCBF,1.0,0.45,bias,15,3.0,0.12,arrived,0.2746190382102096,7.0
RCBF,1.0,0.45,bias,16,3.0,0.12,violation,-0.3396019787250538,3.0
SRCBF,1.0,0.45,bias,16,3.0,0.12,arrived,0.24645686860176008,9.0
RCBF,1.0,0.45,bias,17,3.0,0.12,violation,-0.13359586139505397,3.0
SRCBF,1.0,0.45,bias,17,3.0,0.12,arrived,0.06244891946482467,8.0
RCBF,1.0,0.45,bias,18,3.0,0.12,violation,-0.061154534635704305,3.0
SRCBF,1.0,0.45,bias,18,3.0,0.12,arrived,0.36471530525330076,7.0
RCBF,1.0,0.45,bias,19,3.0,0.12,arrived,0.010236966919488388,6.0
SRCBF,1.0,0.45,bias,19,3.0,0.12,arrived,0.15313970823424072,7.0
RCBF,1.0,0.45,inward,0,3.0,0.12,arrived,0.0032589013164235903,7.0
SRCBF,1.0,0.45,inward,0,3.0,0.12,arrived,0.07160704735927348,7.0
RCBF,1.0,0.45,inward,1,3.0,0.12,arrived,0.00040806664102033263,7.0
SRCBF,1.0,0.45,inward,1,3.0,0.12,arrived,0.0730246508364053,7.0
RCBF,1.0,0.45,inward,2,3.0,0.12,violation,-0.006343298896787863,3.0
SRCBF,1.0,0.45,inward,2,3.0,0.12,arrived,0.07587464359064267,7.0
RCBF,1.0,0.45,inward,3,3.0,0.12,violation,-0.011858109491724611,3.0
SRCBF,1.0,0.45,inward,3,3.0,0.12,arrived,0.07789176051132896,7.0
RCBF,1.0,0.45,inward,4,3.0,0.12,arrived,0.008609191119757442,7.0
SRCBF,1.0,0.45,inward,4,3.0,0.12,arrived,0.0681590538389828,7.0
RCBF,1.0,0.45,inward,5,3.0,0.12,arrived,0.006491559905404731,7.0
SRCBF,1.0,0.45,inward,5,3.0,0.12,arrived,0.06971099929446323,7.0
RCBF,1.0,0.45,inward,6,3.0,0.12,arrived,0.0010385369745805617,7.0
SRCBF,1.0,0.45,inward,6,3.0,0.12,arrived,0.07272581766366892,7.0
RCBF,1.0,0.45,inward,7,3.0,0.12,arrived,0.003004441609216424,7.0
SRCBF,1.0,0.45,inward,7,3.0,0.12,arrived,0.07174125595827252,7.0
RCBF,1.0,0.45,inward,8,3.0,0.12,violation,-0.004450916592242282,3.0
SRCBF,1.0,0.45,inward,8,3.0,0.12,arrived,0.07512810823022276,7.0
RCBF,1.0,0.45,inward,9,3.0,0.12,arrived,0.007554448105116851,7.0
SRCBF,1.0,0.45,inward,9,3.0,0.12,arrived,0.0689769337787478,7.0
RCBF,1.0,0.45,inward,10,3.0,0.12,arrived,0.008782007489377963,7.0
SRCBF,1.0,0.45,inward,10,3.0,0.12,arrived,0.06801375649789254,7.0
RCBF,1.0,0.45,inward,11,3.0,0.12,violation,-0.010458510843998847,3.0
SRCBF,1.0,0.45,inward,11,3.0,0.12,arrived,0.07739876611342555,7.0
RCBF,1.0,0.45,inward,12,3.0,0.12,violation,-0.006664010665442199,3.0
SRCBF,1.0,0.45,inward,12,3.0,0.12,arrived,0.07599800018487246,7.0
RCBF,1.0,0.45,inward,13,3.0,0.12,arrived,0.0074698632402795395,7.0
SRCBF,1.0,0.45,inward,13,3.0,0.12,arrived,0.06903822629483203,7.0
RCBF,1.0,0.45,inward,14,3.0,0.12,arrived,0.006927962844142432,7.0
SRCBF,1.0,0.45,inward,14,3.0,0.12,arrived,0.06941856894050558,7.0
RCBF,1.0,0.45,inward,15,3.0,0.12,arrived,0.004409450438893958,7.0
SRCBF,1.0,0.45,inward,15,3.0,0.12,arrived,0.07097672856734027,7.0
RCBF,1.0,0.45,inward,16,3.0,0.12,arrived,0.001708388351181367,7.0
SRCBF,1.0,0.45,inward,16,3.0,0.12,arrived,0.07239990588105338,7.0
RCBF,1.0,0.45,inward,17,3.0,0.12,arrived,0.007157391708735528,7.0
SRCBF,1.0,0.45,inward,17,3.0,0.12,arrived,0.0692600324032232,7.0
RCBF,1.0,0.45,inward,18,3.0,0.12,violation,-0.002460822306663446,3.0
SRCBF,1.0,0.45,inward,18,3.0,0.12,arrived,0.0743036285982519,7.0
RCBF,1.0,0.45,inward,19,3.0,0.12,violation,-0.0019021898425074513,3.0
SRCBF,1.0,0.45,inward,19,3.0,0.12,arrived,0.07406376627831723,7.0
RCBF,0.05,0.15,bias,0,4.0,0.12,arrived,0.04232899588006511,10.050000000000008
SRCBF,0.05,0.15,bias,0,4.0,0.12,arrived,0.04732837258996869,10.100000000000009
RCBF,0.05,0.15,bias,1,4.0,0.12,arrived,0.014478027267367466,6.999999999999983
SRCBF,0.05,0.15,bias,1,4.0,0.12,arrived,0.017038226173182958,7.049999999999983
RCBF,0.05,0.15,bias,2,4.0,0.12,arrived,0.04443532863491184,10.750000000000018
SRCBF,0.05,0.15,bias,2,4.0,0.12,arrived,0.049506947413528124,10.800000000000018
RCBF,0.05,0.15,bias,3,4.0,0.12,arrived,0.03258538784760601,10.15000000000001
SRCBF,0.05,0.15,bias,3,4.0,0.12,arrived,0.03649225675382728,10.20000000000001
RCBF,0.05,0.15,bias,4,4.0,0.12,arrived,0.03746172643740664,10.95000000000002
SRCBF,0.05,0.15,bias,4,4.0,0.12,arrived,0.04200085118274288,11.000000000000021
RCBF,0.05,0.15,bias,5,4.0,0.12,arrived,0.04497495642085392,7.79999999999998
SRCBF,0.05,0.15,bias,5,4.0,0.12,arrived,0.050670771640280554,7.84999999999998
RCBF,0.05,0.15,bias,6,4.0,0.12,arrived,0.0511643084118687,11.250000000000025
SRCBF,0.05,0.15,bias,6,4.0,0.12,arrived,0.0568329923806935,11.300000000000026
RCBF,0.05,0.15,bias,7,4.0,0.12,arrived,0.025889326655356704,7.149999999999983
SRCBF,0.05,0.15,bias,7,4.0,0.12,arrived,0.02973231791667441,7.149999999999983
RCBF,0.05,0.15,bias,8,4.0,0.12,arrived,0.008459553717612422,7.049999999999983
SRCBF,0.05,0.15,bias,8,4.0,0.12,arrived,0.010219760681070333,7.049999999999983
RCBF,0.05,0.15,bias,9,4.0,0.12,arrived,0.04633200666161297,10.100000000000009
SRCBF,0.05,0.15,bias,9,4.0,0.12,arrived,0.0517152152478878,10.15000000000001
RCBF,0.05,0.15,bias,10,4.0,0.12,arrived,0.032601982853048384,9.199999999999996
SRCBF,0.05,0.15,bias,10,4.0,0.12,arrived,0.036713201278882335,9.199999999999996
RCBF,0.05,0.15,bias,11,4.0,0.12,arrived,0.03513842867226924,10.650000000000016
SRCBF,0.05,0.15,bias,11,4.0,0.12,arrived,0.03914181792622862,10.650000000000016
RCBF,0.05,0.15,bias,12,4.0,0.12,arrived,0.01682437410937132,6.949999999999983
SRCBF,0.05,0.15,bias,12,4.0,0.12,arrived,0.019701082732770048,6.949999999999983
RCBF,0.05,0.15,bias,13,4.0,0.12,arrived,0.03427603059799955,7.399999999999982
SRCBF,0.05,0.15,bias,13,4.0,0.12,arrived,0.03894462442534574,7.4499999999999815
RCBF,0.05,0.15,bias,14,4.0,0.12,arrived,0.05395906837198661,11.300000000000026
SRCBF,0.05,0.15,bias,14,4.0,0.12,arrived,0.0598840229263945,11.350000000000026
RCBF,0.05,0.15,bias,15,4.0,0.12,arrived,0.04403385042587671,7.699999999999981
SRCBF,0.05,0.15,bias,15,4.0,0.12,arrived,0.049643516066479876,7.7499999999999805
RCBF,0.05,0.15,bias,16,4.0,0.12,arrived,0.022227707487259107,12.750000000000046
SRCBF,0.05,0.15,bias,16,4.0,0.12,arrived,0.025107829803163617,12.800000000000047
RCBF,0.05,0.15,bias,17,4.0,0.12,arrived,0.02127075134108458,8.949999999999992
SRCBF,0.05,0.15,bias,17,4.0,0.12,arrived,0.02412828001456535,8.999999999999993
RCBF,0.05,0.15,bias,18,4.0,0.12,arrived,0.060221359784704664,8.699999999999989
SRCBF,0.05,0.15,bias,18,4.0,0.12,arrived,0.06717682880699705,8.74999999999999
RCBF,0.05,0.15,bias,19,4.0,0.12,arrived,0.020470458426514737,6.999999999999983
SRCBF,0.05,0.15,bias,19,4.0,0.12,arrived,0.023742532103186442,6.999999999999983
RCBF,0.05,0.15,inward,0,4.0,0.12,arrived,0.0015057804940461494,9.850000000000005
SRCBF,0.05,0.15,inward,0,4.0,0.12,arrived,0.0019166703004673824,9.850000000000005
RCBF,0.05,0.15,inward,1,4.0,0.12,arrived,0.0016539085672535592,9.800000000000004
SRCBF,0.05,0.15,inward,1,4.0,0.12,arrived,0.0020956473645968865,9.800000000000004
RCBF,0.05,0.15,inward,2,4.0,0.12,arrived,0.0019510595673450926,9.650000000000002
SRCBF,0.05,0.15,inward,2,4.0,0.12,arrived,0.0024582257423303444,9.650000000000002
RCBF,0.05,0.15,inward,3,4.0,0.12,arrived,0.0021688778569585176,9.55
SRCBF,0.05,0.15,inward,3,4.0,0.12,arrived,0.002718055161168631,9.600000000000001
RCBF,0.05,0.15,inward,4,4.0,0.12,arrived,0.0011608439809864812,10.050000000000008
SRCBF,0.05,0.15,inward,4,4.0,0.12,arrived,0.001492395900064114,10.050000000000008
RCBF,0.05,0.15,inward,5,4.0,0.12,arrived,0.0013166654709417802,9.950000000000006
SRCBF,0.05,0.15,inward,5,4.0,0.12,arrived,0.0016824595575807288,9.950000000000006
RCBF,0.05,0.15,inward,6,4.0,0.12,arrived,0.0016221908268108098,9.800000000000004
SRCBF,0.05,0.15,inward,6,4.0,0.12,arrived,0.002059047256013802,9.800000000000004
RCBF,0.05,0.15,inward,7,4.0,0.12,arrived,0.0015195432917581853,9.850000000000005
SRCBF,0.05,0.15,inward,7,4.0,0.12,arrived,0.0019337726359032192,9.850000000000005
RCBF,0.05,0.15,inward,8,4.0,0.12,arrived,0.001872488109153414,9.700000000000003
SRCBF,0.05,0.15,inward,8,4.0,0.12,arrived,0.0023610557268488597,9.700000000000003
RCBF,0.05,0.15,inward,9,4.0,0.12,arrived,0.001241734656413862,10.000000000000007
SRCBF,0.05,0.15,inward,9,4.0,0.12,arrived,0.0015935714009046587,10.000000000000007
RCBF,0.05,0.15,inward,10,4.0,0.12,arrived,0.0011467713067447871,10.050000000000008
SRCBF,0.05,0.15,inward,10,4.0,0.12,arrived,0.0014747757066426725,10.050000000000008
RCBF,0.05,0.15,inward,11,4.0,0.12,arrived,0.0021149592927831584,9.600000000000001
SRCBF,0.05,0.15,inward,11,4.0,0.12,arrived,0.002655661935763054,9.600000000000001
RCBF,0.05,0.15,inward,12,4.0,0.12,arrived,0.0019641562490445574,9.650000000000002
SRCBF,0.05,0.15,inward,12,4.0,0.12,arrived,0.002474404563087229,9.650000000000002
RCBF,0.05,0.15,inward,13,4.0,0.12,arrived,0.0012479086259932215,10.000000000000007
SRCBF,0.05,0.15,inward,13,4.0,0.12,arrived,0.0016012861103643639,10.000000000000007
RCBF,0.05,0.15,inward,14,4.0,0.12,arrived,0.0012865590879909128,9.950000000000006
SRCBF,0.05,0.15,inward,14,4.0,0.12,arrived,0.001647654565626655,10.000000000000007
RCBF,0.05,0.15,inward,15,4.0,0.12,arrived,0.001441915457616516,9.900000000000006
SRCBF,0.05,0.15,inward,15,4.0,0.12,arrived,0.0018372392310258556,9.900000000000006
RCBF,0.05,0.15,inward,16,4.0,0.12,arrived,0.001587891655994822,9.800000000000004
SRCBF,0.05,0.15,inward,16,4.0,0.12,arrived,0.0020186266214714532,9.800000000000004
RCBF,0.05,0.15,inward,17,4.0,0.12,arrived,0.0012703781706844275,10.000000000000007
SRCBF,0.05,0.15,inward,17,4.0,0.12,arrived,0.0016289424101053607,10.000000000000007
RCBF,0.05,0.15,inward,18,4.0,0.12,arrived,0.0017871650853599208,9.700000000000003
SRCBF,0.05,0.15,inward,18,4.0,0.12,arrived,0.002255329646137283,9.750000000000004
RCBF,0.05,0.15,inward,19,4.0,0.12,arrived,0.0017626455653055872,9.750000000000004
SRCBF,0.05,0.15,inward,19,4.0,0.12,arrived,0.0022250015010245594,9.750000000000004
RCBF,0.05,0.45,bias,0,4.0,0.12,arrived,0.007821470574508882,8.649999999999988
SRCBF,0.05,0.45,bias,0,4.0,0.12,arrived,0.008866010791909629,8.699999999999989
RCBF,0.05,0.45,bias,1,4.0,0.12,arrived,0.03351025246617079,6.249999999999986
SRCBF,0.05,0.45,bias,1,4.0,0.12,arrived,0.03830666038329633,6.249999999999986
RCBF,0.05,0.45,bias,2,4.0,0.12,arrived,0.009027810017127824,8.84999999999999
SRCBF,0.05,0.45,bias,2,4.0,0.12,arrived,0.010304575295598362,8.84999999999999
RCBF,0.05,0.45,bias,3,4.0,0.12,arrived,0.007138511449274465,7.99999999999998
SRCBF,0.05,0.45,bias,3,4.0,0.12,arrived,0.008074823147626309,7.99999999999998
RCBF,0.05,0.45,bias,4,4.0,0.12,arrived,0.04086776220200028,9.55
SRCBF,0.05,0.45,bias,4,4.0,0.12,arrived,0.04571395214681229,9.55
RCBF,0.05,0.45,bias,5,4.0,0.12,arrived,0.06179929747482993,7.149999999999983
SRCBF,0.05,0.45,bias,5,4.0,0.12,arrived,0.06899007246815969,7.149999999999983
RCBF,0.05,0.45,bias,6,4.0,0.12,arrived,0.012464036755158725,9.299999999999997
SRCBF,0.05,0.45,bias,6,4.0,0.12,arrived,0.01434129185433164,9.349999999999998
RCBF,0.05,0.45,bias,7,4.0,0.12,arrived,0.04561767822148155,6.449999999999985
SRCBF,0.05,0.45,bias,7,4.0,0.12,arrived,0.051521421354836616,6.449999999999985
RCBF,0.05,0.45,bias,8,4.0,0.12,arrived,0.025900013987411707,6.199999999999986
SRCBF,0.05,0.45,bias,8,4.0,0.12,arrived,0.02995232641086687,6.199999999999986
RCBF,0.05,0.45,bias,9,4.0,0.12,arrived,0.008455460110984303,8.999999999999993
SRCBF,0.05,0.45,bias,9,4.0,0.12,arrived,0.00954092454059785,8.999999999999993
RCBF,0.05,0.45,bias,10,4.0,0.12,arrived,0.006119808447105579,7.99999999999998
SRCBF,0.05,0.45,bias,10,4.0,0.12,arrived,0.006922237003514797,7.99999999999998
RCBF,0.05,0.45,bias,11,4.0,0.12,arrived,0.03855939513211515,9.45
SRCBF,0.05,0.45,bias,11,4.0,0.12,arrived,0.043125252219489374,9.45
RCBF,0.05,0.45,bias,12,4.0,0.12,arrived,0.03603000611203899,6.249999999999986
SRCBF,0.05,0.45,bias,12,4.0,0.12,arrived,0.04103956389353769,6.249999999999986
RCBF,0.05,0.45,bias,13,4.0,0.12,arrived,0.05335801874516399,6.699999999999984
SRCBF,0.05,0.45,bias,13,4.0,0.12,arrived,0.05989981133723776,6.749999999999984
RCBF,0.05,0.45,bias,14,4.0,0.12,arrived,0.014356816788416715,9.55
SRCBF,0.05,0.45,bias,14,4.0,0.12,arrived,0.016541660975660566,9.55
RCBF,0.05,0.45,bias,15,4.0,0.12,arrived,0.06117351172365093,7.049999999999983
SRCBF,0.05,0.45,bias,15,4.0,0.12,arrived,0.06830372142090368,7.049999999999983
RCBF,0.05,0.45,bias,16,4.0,0.12,arrived,0.025099560652751096,9.600000000000001
SRCBF,0.05,0.45,bias,16,4.0,0.12,arrived,0.02828650745753858,9.650000000000002
RCBF,0.05,0.45,bias,17,4.0,0.12,arrived,0.0047070231095124315,7.349999999999982
SRCBF,0.05,0.45,bias,17,4.0,0.12,arrived,0.005528415525615116,7.349999999999982
RCBF,0.05,0.45,bias,18,4.0,0.12,arrived,0.06815211161380308,8.09999999999998
SRCBF,0.05,0.45,bias,18,4.0,0.12,arrived,0.0759002779878244,8.09999999999998
RCBF,0.05,0.45,bias,19,4.0,0.12,arrived,0.04006783815479198,6.299999999999986
SRCBF,0.05,0.45,bias,19,4.0,0.12,arrived,0.045471840920597084,6.299999999999986
RCBF,0.05,0.45,inward,0,4.0,0.12,arrived,0.006179758919539258,8.74999999999999
SRCBF,0.05,0.45,inward,0,4.0,0.12,arrived,0.007319786029409969,8.74999999999999
RCBF,0.05,0.45,inward,1,4.0,0.12,arrived,0.0063160800377894954,8.699999999999989
SRCBF,0.05,0.45,inward,1,4.0,0.12,arrived,0.007466864843583387,8.699999999999989
RCBF,0.05,0.45,inward,2,4.0,0.12,arrived,0.006578394217246375,8.649999999999988
SRCBF,0.05,0.45,inward,2,4.0,0.12,arrived,0.00773341513349346,8.699999999999989
RCBF,0.05,0.45,inward,3,4.0,0.12,arrived,0.00675464947861093,8.649999999999988
SRCBF,0.05,0.45,inward,3,4.0,0.12,arrived,0.00791309494446124,8.649999999999988
RCBF,0.05,0.45,inward,4,4.0,0.12,arrived,0.005827137517243952,8.79999999999999
SRCBF,0.05,0.45,inward,4,4.0,0.12,arrived,0.0069381802759096445,8.79999999999999
RCBF,0.05,0.45,inward,5,4.0,0.12,arrived,0.005986526653233848,8.74999999999999
SRCBF,0.05,0.45,inward,5,4.0,0.12,arrived,0.007113202084186088,8.74999999999999
RCBF,0.05,0.45,inward,6,4.0,0.12,arrived,0.006287666144812021,8.699999999999989
SRCBF,0.05,0.45,inward,6,4.0,0.12,arrived,0.0074376924601951,8.699999999999989
RCBF,0.05,0.45,inward,7,4.0,0.12,arrived,0.0061928308858777426,8.74999999999999
SRCBF,0.05,0.45,inward,7,4.0,0.12,arrived,0.007334102277390175,8.74999999999999
RCBF,0.05,0.45,inward,8,4.0,0.12,arrived,0.006511196569761291,8.699999999999989
SRCBF,0.05,0.45,inward,8,4.0,0.12,arrived,0.007665618427725729,8.699999999999989
RCBF,0.05,0.45,inward,9,4.0,0.12,arrived,0.005911597543568514,8.74999999999999
SRCBF,0.05,0.45,inward,9,4.0,0.12,arrived,0.0070310728837942316,8.79999999999999
RCBF,0.05,0.45,inward,10,4.0,0.12,arrived,0.005812027901243688,8.79999999999999
SRCBF,0.05,0.45,inward,10,4.0,0.12,arrived,0.006921526941469969,8.79999999999999
RCBF,0.05,0.45,inward,11,4.0,0.12,arrived,0.00671228189062667,8.649999999999988
SRCBF,0.05,0.45,inward,11,4.0,0.12,arrived,0.007869222739390724,8.649999999999988
RCBF,0.05,0.45,inward,12,4.0,0.12,arrived,0.006589395029969136,8.649999999999988
SRCBF,0.05,0.45,inward,12,4.0,0.12,arrived,0.007744481251409252,8.699999999999989
RCBF,0.05,0.45,inward,13,4.0,0.12,arrived,0.005917885963497516,8.74999999999999
SRCBF,0.05,0.45,inward,13,4.0,0.12,arrived,0.007037975757771431,8.79999999999999
RCBF,0.05,0.45,inward,14,4.0,0.12,arrived,0.005956777851827466,8.74999999999999
SRCBF,0.05,0.45,inward,14,4.0,0.12,arrived,0.007080626425893133,8.74999999999999
RCBF,0.05,0.45,inward,15,4.0,0.12,arrived,0.006115731877051833,8.74999999999999
SRCBF,0.05,0.45,inward,15,4.0,0.12,arrived,0.007252004998024808,8.74999999999999
RCBF,0.05,0.45,inward,16,4.0,0.12,arrived,0.0062564807221814345,8.699999999999989
SRCBF,0.05,0.45,inward,16,4.0,0.12,arrived,0.007403770707483326,8.74999999999999
RCBF,0.05,0.45,inward,17,4.0,0.12,arrived,0.005940594039296587,8.74999999999999
SRCBF,0.05,0.45,inward,17,4.0,0.12,arrived,0.007062887171364163,8.74999999999999
RCBF,0.05,0.45,inward,18,4.0,0.12,arrived,0.0064357367156525624,8.699999999999989
SRCBF,0.05,0.45,inward,18,4.0,0.12,arrived,0.007589082038928607,8.699999999999989
RCBF,0.05,0.45,inward,19,4.0,0.12,arrived,0.006413537087407328,8.699999999999989
SRCBF,0.05,0.45,inward,19,4.0,0.12,arrived,0.007566485693165426,8.699999999999989
RCBF,0.1,0.15,bias,0,4.0,0.12,arrived,0.0415396344082698,10.09999999999998
SRCBF,0.1,0.15,bias,0,4.0,0.12,arrived,0.05183409408502526,10.09999999999998
RCBF,0.1,0.15,bias,1,4.0,0.12,arrived,0.013859549261411974,6.999999999999991
SRCBF,0.1,0.15,bias,1,4.0,0.12,arrived,0.019309262286207995,7.099999999999991
RCBF,0.1,0.15,bias,2,4.0,0.12,arrived,0.04377562702359783,10.799999999999978
SRCBF,0.1,0.15,bias,2,4.0,0.12,arrived,0.05425437898046448,10.799999999999978
RCBF,0.1,0.15,bias,3,4.0,0.12,arrived,0.031861095658995975,10.19999999999998
SRCBF,0.1,0.15,bias,3,4.0,0.12,arrived,0.039912509666922946,10.19999999999998
RCBF,0.1,0.15,bias,4,4.0,0.12,arrived,0.041971665498206856,10.999999999999977
SRCBF,0.1,0.15,bias,4,4.0,0.12,arrived,0.052448327484489576,10.999999999999977
RCBF,0.1,0.15,bias,5,4.0,0.12,arrived,0.044381051394895454,7.799999999999988
SRCBF,0.1,0.15,bias,5,4.0,0.12,arrived,0.05658014117731225,7.799999999999988
RCBF,0.1,0.15,bias,6,4.0,0.12,arrived,0.05066895357881429,11.199999999999976
SRCBF,0.1,0.15,bias,6,4.0,0.12,arrived,0.06233879297976086,11.299999999999976
RCBF,0.1,0.15,bias,7,4.0,0.12,arrived,0.025209845657815366,7.099999999999991
SRCBF,0.1,0.15,bias,7,4.0,0.12,arrived,0.033478173718725746,7.19999999999999
RCBF,0.1,0.15,bias,8,4.0,0.12,arrived,0.008076230121727646,7.099999999999991
SRCBF,0.1,0.15,bias,8,4.0,0.12,arrived,0.011929738890140373,7.099999999999991
RCBF,0.1,0.15,bias,9,4.0,0.12,arrived,0.04555515740010796,10.09999999999998
SRCBF,0.1,0.15,bias,9,4.0,0.12,arrived,0.05675010902686106,10.19999999999998
RCBF,0.1,0.15,bias,10,4.0,0.12,arrived,0.03167059518094495,9.199999999999983
SRCBF,0.1,0.15,bias,10,4.0,0.12,arrived,0.04014996316057107,9.199999999999983
RCBF,0.1,0.15,bias,11,4.0,0.12,arrived,0.03983013571624194,10.599999999999978
SRCBF,0.1,0.15,bias,11,4.0,0.12,arrived,0.04997240432400496,10.699999999999978
RCBF,0.1,0.15,bias,12,4.0,0.12,arrived,0.016270113876336034,6.999999999999991
SRCBF,0.1,0.15,bias,12,4.0,0.12,arrived,0.022402011169750713,6.999999999999991
RCBF,0.1,0.15,bias,13,4.0,0.12,arrived,0.033546361835756655,7.39999999999999
SRCBF,0.1,0.15,bias,13,4.0,0.12,arrived,0.04358885530975798,7.499999999999989
RCBF,0.1,0.15,bias,14,4.0,0.12,arrived,0.0535073464459741,11.299999999999976
SRCBF,0.1,0.15,bias,14,4.0,0.12,arrived,0.06574599126727543,11.399999999999975
RCBF,0.1,0.15,bias,15,4.0,0.12,arrived,0.04347126196274975,7.699999999999989
SRCBF,0.1,0.15,bias,15,4.0,0.12,arrived,0.05549786578582849,7.699999999999989
RCBF,0.1,0.15,bias,16,4.0,0.12,arrived,0.026731766203947016,12.79999999999997
SRCBF,0.1,0.15,bias,16,4.0,0.12,arrived,0.033489776585441944,12.89999999999997
RCBF,0.1,0.15,bias,17,4.0,0.12,arrived,0.020437366332536677,8.999999999999984
SRCBF,0.1,0.15,bias,17,4.0,0.12,arrived,0.02634071870881005,8.999999999999984
RCBF,0.1,0.15,bias,18,4.0,0.12,arrived,0.06056853123211736,8.699999999999985
SRCBF,0.1,0.15,bias,18,4.0,0.12,arrived,0.07541584531298584,8.699999999999985
RCBF,0.1,0.15,bias,19,4.0,0.12,arrived,0.019880488719099754,6.999999999999991
SRCBF,0.1,0.15,bias,19,4.0,0.12,arrived,0.026875936663705247,6.999999999999991
RCBF,0.1,0.15,inward,0,4.0,0.12,arrived,0.0018487516017743344,9.799999999999981
SRCBF,0.1,0.15,inward,0,4.0,0.12,arrived,0.003001297606968656,9.799999999999981
RCBF,0.1,0.15,inward,1,4.0,0.12,arrived,0.0020339097721526755,9.799999999999981
SRCBF,0.1,0.15,inward,1,4.0,0.12,arrived,0.0032884130354082775,9.799999999999981
RCBF,0.1,0.15,inward,2,4.0,0.12,arrived,0.002430544990434602,9.599999999999982
SRCBF,0.1,0.15,inward,2,4.0,0.12,arrived,0.003899379396528846,9.599999999999982
RCBF,0.1,0.15,inward,3,4.0,0.12,arrived,0.0027286068292551313,9.499999999999982
SRCBF,0.1,0.15,inward,3,4.0,0.12,arrived,0.0042988718681635785,9.599999999999982
RCBF,0.1,0.15,inward,4,4.0,0.12,arrived,0.0013985058553172003,9.99999999999998
SRCBF,0.1,0.15,inward,4,4.0,0.12,arrived,0.002335675519127056,10.09999999999998
RCBF,0.1,0.15,inward,5,4.0,0.12,arrived,0.0016046959100647351,9.89999999999998
SRCBF,0.1,0.15,inward,5,4.0,0.12,arrived,0.0026374147089687217,9.99999999999998
RCBF,0.1,0.15,inward,6,4.0,0.12,arrived,0.0019941690617867325,9.799999999999981
SRCBF,0.1,0.15,inward,6,4.0,0.12,arrived,0.0032268832073008014,9.799999999999981
RCBF,0.1,0.15,inward,7,4.0,0.12,arrived,0.0018659098328702717,9.799999999999981
SRCBF,0.1,0.15,inward,7,4.0,0.12,arrived,0.0030279502567630567,9.799999999999981
RCBF,0.1,0.15,inward,8,4.0,0.12,arrived,0.002323708059410623,9.699999999999982
SRCBF,0.1,0.15,inward,8,4.0,0.12,arrived,0.003735483668297568,9.699999999999982
RCBF,0.1,0.15,inward,9,4.0,0.12,arrived,0.0015053841521234235,9.99999999999998
SRCBF,0.1,0.15,inward,9,4.0,0.12,arrived,0.002503201099915753,9.99999999999998
RCBF,0.1,0.15,inward,10,4.0,0.12,arrived,0.0013799461366260646,9.99999999999998
SRCBF,0.1,0.15,inward,10,4.0,0.12,arrived,0.002306426407971074,10.09999999999998
RCBF,0.1,0.15,inward,11,4.0,0.12,arrived,0.002654559445141813,9.599999999999982
SRCBF,0.1,0.15,inward,11,4.0,0.12,arrived,0.004199797268040206,9.599999999999982
RCBF,0.1,0.15,inward,12,4.0,0.12,arrived,0.002448387284803011,9.599999999999982
SRCBF,0.1,0.15,inward,12,4.0,0.12,arrived,0.003923348516970182,9.599999999999982
RCBF,0.1,0.15,inward,13,4.0,0.12,arrived,0.0015135556238210501,9.99999999999998
SRCBF,0.1,0.15,inward,13,4.0,0.12,arrived,0.002514259371104277,9.99999999999998
RCBF,0.1,0.15,inward,14,4.0,0.12,arrived,0.0015647571167271002,9.99999999999998
SRCBF,0.1,0.15,inward,14,4.0,0.12,arrived,0.0025834862313677265,9.99999999999998
RCBF,0.1,0.15,inward,15,4.0,0.12,arrived,0.0017692388697655437,9.89999999999998
SRCBF,0.1,0.15,inward,15,4.0,0.12,arrived,0.0028776679962544405,9.89999999999998
RCBF,0.1,0.15,inward,16,4.0,0.12,arrived,0.001951253401577313,9.799999999999981
SRCBF,0.1,0.15,inward,16,4.0,0.12,arrived,0.0031603792758665428,9.799999999999981
RCBF,0.1,0.15,inward,17,4.0,0.12,arrived,0.0015433119963680353,9.99999999999998
SRCBF,0.1,0.15,inward,17,4.0,0.12,arrived,0.002554504293509785,9.99999999999998
RCBF,0.1,0.15,inward,18,4.0,0.12,arrived,0.0022080791149651224,9.699999999999982
SRCBF,0.1,0.15,inward,18,4.0,0.12,arrived,0.0035574496824046786,9.699999999999982
RCBF,0.1,0.15,inward,19,4.0,0.12,arrived,0.002174923139686702,9.699999999999982
SRCBF,0.1,0.15,inward,19,4.0,0.12,arrived,0.0035063138453625964,9.699999999999982
RCBF,0.1,0.45,bias,0,4.0,0.12,arrived,0.013245298644323444,8.699999999999985
SRCBF,0.1,0.45,bias,0,4.0,0.12,arrived,0.016478994746696007,8.699999999999985
RCBF,0.1,0.45,bias,1,4.0,0.12,arrived,0.03426939836532694,6.299999999999994
SRCBF,0.1,0.45,bias,1,4.0,0.12,arrived,0.04491033874237271,6.299999999999994
RCBF,0.1,0.45,bias,2,4.0,0.12,arrived,0.01440538553199755,8.799999999999985
SRCBF,0.1,0.45,bias,2,4.0,0.12,arrived,0.01824346513247188,8.799999999999985
RCBF,0.1,0.45,bias,3,4.0,0.12,arrived,0.011354873971398005,7.999999999999988
SRCBF,0.1,0.45,bias,3,4.0,0.12,arrived,0.014262193476430207,7.999999999999988
RCBF,0.1,0.45,bias,4,4.0,0.12,arrived,0.04513197924821344,9.499999999999982
SRCBF,0.1,0.45,bias,4,4.0,0.12,arrived,0.05684367818848435,9.499999999999982
RCBF,0.1,0.45,bias,5,4.0,0.12,arrived,0.06386241916808244,7.099999999999991
SRCBF,0.1,0.45,bias,5,4.0,0.12,arrived,0.07959339329317561,7.099999999999991
RCBF,0.1,0.45,bias,6,4.0,0.12,arrived,0.01824656835610272,9.299999999999983
SRCBF,0.1,0.45,bias,6,4.0,0.12,arrived,0.022152498803610254,9.299999999999983
RCBF,0.1,0.45,bias,7,4.0,0.12,arrived,0.04689403691520855,6.399999999999993
SRCBF,0.1,0.45,bias,7,4.0,0.12,arrived,0.05971901491970544,6.499999999999993
RCBF,0.1,0.45,bias,8,4.0,0.12,arrived,0.02666749877814445,6.199999999999994
SRCBF,0.1,0.45,bias,8,4.0,0.12,arrived,0.03570400009776109,6.199999999999994
RCBF,0.1,0.45,bias,9,4.0,0.12,arrived,0.01382758537484785,8.999999999999984
SRCBF,0.1,0.45,bias,9,4.0,0.12,arrived,0.01730943217674008,8.999999999999984
RCBF,0.1,0.45,bias,10,4.0,0.12,arrived,0.009394211083239679,7.999999999999988
SRCBF,0.1,0.45,bias,10,4.0,0.12,arrived,0.011788455759700445,7.999999999999988
RCBF,0.1,0.45,bias,11,4.0,0.12,arrived,0.042919565291663075,9.399999999999983
SRCBF,0.1,0.45,bias,11,4.0,0.12,arrived,0.05406681688402226,9.399999999999983
RCBF,0.1,0.45,bias,12,4.0,0.12,arrived,0.03689367523321818,6.199999999999994
SRCBF,0.1,0.45,bias,12,4.0,0.12,arrived,0.048193349257784734,6.199999999999994
RCBF,0.1,0.45,bias,13,4.0,0.12,arrived,0.054690426908878265,6.699999999999992
SRCBF,0.1,0.45,bias,13,4.0,0.12,arrived,0.06913543183354154,6.699999999999992
RCBF,0.1,0.45,bias,14,4.0,0.12,arrived,0.020154241742309287,9.499999999999982
SRCBF,0.1,0.45,bias,14,4.0,0.12,arrived,0.02447748619978085,9.599999999999982
RCBF,0.1,0.45,bias,15,4.0,0.12,arrived,0.06325171189025436,6.999999999999991
SRCBF,0.1,0.45,bias,15,4.0,0.12,arrived,0.07893779778960419,7.099999999999991
RCBF,0.1,0.45,bias,16,4.0,0.12,arrived,0.03032652621262588,9.599999999999982
SRCBF,0.1,0.45,bias,16,4.0,0.12,arrived,0.03708630852590544,9.599999999999982
RCBF,0.1,0.45,bias,17,4.0,0.12,arrived,0.006746228946991728,7.39999999999999
SRCBF,0.1,0.45,bias,17,4.0,0.12,arrived,0.009072831884757382,7.39999999999999
RCBF,0.1,0.45,bias,18,4.0,0.12,arrived,0.07209636341040748,7.999999999999988
SRCBF,0.1,0.45,bias,18,4.0,0.12,arrived,0.088751675596345,8.099999999999987
RCBF,0.1,0.45,bias,19,4.0,0.12,arrived,0.040928695460844544,6.299999999999994
SRCBF,0.1,0.45,bias,19,4.0,0.12,arrived,0.05304136159136852,6.299999999999994
RCBF,0.1,0.45,inward,0,4.0,0.12,arrived,0.008712570531249186,8.699999999999985
SRCBF,0.1,0.45,inward,0,4.0,0.12,arrived,0.012434812018135122,8.699999999999985
RCBF,0.1,0.45,inward,1,4.0,0.12,arrived,0.008969484416961215,8.699999999999985
SRCBF,0.1,0.45,inward,1,4.0,0.12,arrived,0.012735391818655128,8.699999999999985
RCBF,0.1,0.45,inward,2,4.0,0.12,arrived,0.009478828109960591,8.599999999999985
SRCBF,0.1,0.45,inward,2,4.0,0.12,arrived,0.013321623082218848,8.599999999999985
RCBF,0.1,0.45,inward,3,4.0,0.12,arrived,0.009832955675751376,8.599999999999985
SRCBF,0.1,0.45,inward,3,4.0,0.12,arrived,0.013721545476141128,8.599999999999985
RCBF,0.1,0.45,inward,4,4.0,0.12,arrived,0.008117326764162769,8.699999999999985
SRCBF,0.1,0.45,inward,4,4.0,0.12,arrived,0.011680495718892958,8.799999999999985
RCBF,0.1,0.45,inward,5,4.0,0.12,arrived,0.008378190092720006,8.699999999999985
SRCBF,0.1,0.45,inward,5,4.0,0.12,arrived,0.012023913832184263,8.699999999999985
RCBF,0.1,0.45,inward,6,4.0,0.12,arrived,0.008915511117529862,8.699999999999985
SRCBF,0.1,0.45,inward,6,4.0,0.12,arrived,0.012672515393944428,8.699999999999985
RCBF,0.1,0.45,inward,7,4.0,0.12,arrived,0.008736986069539321,8.699999999999985
SRCBF,0.1,0.45,inward,7,4.0,0.12,arrived,0.012463517186263484,8.699999999999985
RCBF,0.1,0.45,inward,8,4.0,0.12,arrived,0.009346392766962475,8.599999999999985
SRCBF,0.1,0.45,inward,8,4.0,0.12,arrived,0.013170441446693992,8.599999999999985
RCBF,0.1,0.45,inward,9,4.0,0.12,arrived,0.008255086040516169,8.699999999999985
SRCBF,0.1,0.45,inward,9,4.0,0.12,arrived,0.011862239892081572,8.699999999999985
RCBF,0.1,0.45,inward,10,4.0,0.12,arrived,0.008092792593699105,8.699999999999985
SRCBF,0.1,0.45,inward,10,4.0,0.12,arrived,0.011648036994314381,8.799999999999985
RCBF,0.1,0.45,inward,11,4.0,0.12,arrived,0.009746915744943019,8.599999999999985
SRCBF,0.1,0.45,inward,11,4.0,0.12,arrived,0.013624961059033658,8.599999999999985
RCBF,0.1,0.45,inward,12,4.0,0.12,arrived,0.009500641565956314,8.599999999999985
SRCBF,0.1,0.45,inward,12,4.0,0.12,arrived,0.013346439896433693,8.599999999999985
RCBF,0.1,0.45,inward,13,4.0,0.12,arrived,0.008265385115874602,8.699999999999985
SRCBF,0.1,0.45,inward,13,4.0,0.12,arrived,0.011875792423436504,8.699999999999985
RCBF,0.1,0.45,inward,14,4.0,0.12,arrived,0.008329213296331073,8.699999999999985
SRCBF,0.1,0.45,inward,14,4.0,0.12,arrived,0.011959675327565367,8.699999999999985
RCBF,0.1,0.45,inward,15,4.0,0.12,arrived,0.008597656435405665,8.699999999999985
SRCBF,0.1,0.45,inward,15,4.0,0.12,arrived,0.01229931511071114,8.699999999999985
RCBF,0.1,0.45,inward,16,4.0,0.12,arrived,0.008856532482414914,8.699999999999985
SRCBF,0.1,0.45,inward,16,4.0,0.12,arrived,0.01260364334490316,8.699999999999985
RCBF,0.1,0.45,inward,17,4.0,0.12,arrived,0.008302625313725054,8.699999999999985
SRCBF,0.1,0.45,inward,17,4.0,0.12,arrived,0.011924756142219217,8.699999999999985
RCBF,0.1,0.45,inward,18,4.0,0.12,arrived,0.009199303171284368,8.599999999999985
SRCBF,0.1,0.45,inward,18,4.0,0.12,arrived,0.013001503317106256,8.699999999999985
RCBF,0.1,0.45,inward,19,4.0,0.12,arrived,0.009156352187169703,8.599999999999985
SRCBF,0.1,0.45,inward,19,4.0,0.12,arrived,0.01295196896003592,8.699999999999985
RCBF,0.2,0.15,bias,0,4.0,0.12,arrived,0.03938427079897244,9.999999999999996
SRCBF,0.2,0.15,bias,0,4.0,0.12,arrived,0.06138686059653731,10.199999999999996
RCBF,0.2,0.15,bias,1,4.0,0.12,arrived,0.011002953294413587,7.0000000000000036
SRCBF,0.2,0.15,bias,1,4.0,0.12,arrived,0.023440245842472507,7.200000000000004
RCBF,0.2,0.15,bias,2,4.0,0.12,arrived,0.04209962675945467,10.799999999999994
SRCBF,0.2,0.15,bias,2,4.0,0.12,arrived,0.064490710934199,10.799999999999994
RCBF,0.2,0.15,bias,3,4.0,0.12,arrived,0.030261432808148414,10.199999999999996
SRCBF,0.2,0.15,bias,3,4.0,0.12,arrived,0.04714747585215606,10.399999999999995
RCBF,0.2,0.15,bias,4,4.0,0.12,arrived,0.051626652144009855,10.999999999999993
SRCBF,0.2,0.15,bias,4,4.0,0.12,arrived,0.07613542386889516,10.999999999999993
RCBF,0.2,0.15,bias,5,4.0,0.12,arrived,0.041105600490959904,7.800000000000004
SRCBF,0.2,0.15,bias,5,4.0,0.12,arrived,0.06803331058318485,7.800000000000004
RCBF,0.2,0.15,bias,6,4.0,0.12,arrived,0.04943324153905193,11.199999999999992
SRCBF,0.2,0.15,bias,6,4.0,0.12,arrived,0.07426429239726307,11.399999999999991
RCBF,0.2,0.15,bias,7,4.0,0.12,arrived,0.02150779343847975,7.200000000000004
SRCBF,0.2,0.15,bias,7,4.0,0.12,arrived,0.04036764692559891,7.200000000000004
RCBF,0.2,0.15,bias,8,4.0,0.12,arrived,0.005900886187438115,7.200000000000004
SRCBF,0.2,0.15,bias,8,4.0,0.12,arrived,0.014816858609381756,7.200000000000004
RCBF,0.2,0.15,bias,9,4.0,0.12,arrived,0.04333778846933378,9.999999999999996
SRCBF,0.2,0.15,bias,9,4.0,0.12,arrived,0.06733943321368141,10.199999999999996
RCBF,0.2,0.15,bias,10,4.0,0.12,arrived,0.029240148752221584,9.2
SRCBF,0.2,0.15,bias,10,4.0,0.12,arrived,0.04742903992038772,9.399999999999999
RCBF,0.2,0.15,bias,11,4.0,0.12,arrived,0.0467497789424014,10.599999999999994
SRCBF,0.2,0.15,bias,11,4.0,0.12,arrived,0.07355738906054599,10.599999999999994
RCBF,0.2,0.15,bias,12,4.0,0.12,arrived,0.013185453992820229,7.0000000000000036
SRCBF,0.2,0.15,bias,12,4.0,0.12,arrived,0.027267030704939188,7.0000000000000036
RCBF,0.2,0.15,bias,13,4.0,0.12,arrived,0.029768289651443514,7.400000000000004
SRCBF,0.2,0.15,bias,13,4.0,0.12,arrived,0.05239142631409721,7.600000000000004
RCBF,0.2,0.15,bias,14,4.0,0.12,arrived,0.05238869043865546,11.199999999999992
SRCBF,0.2,0.15,bias,14,4.0,0.12,arrived,0.07838345521905266,11.399999999999991
RCBF,0.2,0.15,bias,15,4.0,0.12,arrived,0.04013188216898278,7.600000000000004
SRCBF,0.2,0.15,bias,15,4.0,0.12,arrived,0.0668254131540541,7.800000000000004
RCBF,0.2,0.15,bias,16,4.0,0.12,arrived,0.03655588177011515,12.799999999999986
SRCBF,0.2,0.15,bias,16,4.0,0.12,arrived,0.053428961092929717,13.199999999999985
RCBF,0.2,0.15,bias,17,4.0,0.12,arrived,0.018393498001295194,9.0
SRCBF,0.2,0.15,bias,17,4.0,0.12,arrived,0.031028532719780788,9.2
RCBF,0.2,0.15,bias,18,4.0,0.12,arrived,0.058505562505570374,8.600000000000001
SRCBF,0.2,0.15,bias,18,4.0,0.12,arrived,0.0918947856249337,8.8
RCBF,0.2,0.15,bias,19,4.0,0.12,arrived,0.0165010356554538,7.0000000000000036
SRCBF,0.2,0.15,bias,19,4.0,0.12,arrived,0.03253106069755052,7.0000000000000036
RCBF,0.2,0.15,inward,0,4.0,0.12,arrived,0.0015398514031101929,9.799999999999997
SRCBF,0.2,0.15,inward,0,4.0,0.12,arrived,0.004638406351571089,9.799999999999997
RCBF,0.2,0.15,inward,1,4.0,0.12,arrived,0.0017318837669623166,9.799999999999997
SRCBF,0.2,0.15,inward,1,4.0,0.12,arrived,0.005124174643040158,9.799999999999997
RCBF,0.2,0.15,inward,2,4.0,0.12,arrived,0.0021478193968029746,9.599999999999998
SRCBF,0.2,0.15,inward,2,4.0,0.12,arrived,0.006164291983510761,9.599999999999998
RCBF,0.2,0.15,inward,3,4.0,0.12,arrived,0.002464258794694474,9.399999999999999
SRCBF,0.2,0.15,inward,3,4.0,0.12,arrived,0.00681537828960066,9.599999999999998
RCBF,0.2,0.15,inward,4,4.0,0.12,arrived,0.0011180817180569402,9.999999999999996
SRCBF,0.2,0.15,inward,4,4.0,0.12,arrived,0.0035568318704691793,9.999999999999996
RCBF,0.2,0.15,inward,5,4.0,0.12,arrived,0.001299684862372752,9.799999999999997
SRCBF,0.2,0.15,inward,5,4.0,0.12,arrived,0.0040252968253670085,9.999999999999996
RCBF,0.2,0.15,inward,6,4.0,0.12,arrived,0.0016905474032161694,9.799999999999997
SRCBF,0.2,0.15,inward,6,4.0,0.12,arrived,0.005019921082028422,9.799999999999997
RCBF,0.2,0.15,inward,7,4.0,0.12,arrived,0.0015575853916474092,9.799999999999997
SRCBF,0.2,0.15,inward,7,4.0,0.12,arrived,0.004683424319908758,9.799999999999997
RCBF,0.2,0.15,inward,8,4.0,0.12,arrived,0.0020351950749053493,9.599999999999998
SRCBF,0.2,0.15,inward,8,4.0,0.12,arrived,0.005884210690779268,9.599999999999998
RCBF,0.2,0.15,inward,9,4.0,0.12,arrived,0.0012120633298995376,9.999999999999996
SRCBF,0.2,0.15,inward,9,4.0,0.12,arrived,0.0037998549988436103,9.999999999999996
RCBF,0.2,0.15,inward,10,4.0,0.12,arrived,0.0011017934653946293,9.999999999999996
SRCBF,0.2,0.15,inward,10,4.0,0.12,arrived,0.0035145718741371734,9.999999999999996
RCBF,0.2,0.15,inward,11,4.0,0.12,arrived,0.0023853410015889365,9.599999999999998
SRCBF,0.2,0.15,inward,11,4.0,0.12,arrived,0.006660958629856384,9.599999999999998
RCBF,0.2,0.15,inward,12,4.0,0.12,arrived,0.002166669621723405,9.599999999999998
SRCBF,0.2,0.15,inward,12,4.0,0.12,arrived,0.006211060154800996,9.599999999999998
RCBF,0.2,0.15,inward,13,4.0,0.12,arrived,0.0012192620294482204,9.999999999999996
SRCBF,0.2,0.15,inward,13,4.0,0.12,arrived,0.0038184160004058887,9.999999999999996
RCBF,0.2,0.15,inward,14,4.0,0.12,arrived,0.001264412412972482,9.999999999999996
SRCBF,0.2,0.15,inward,14,4.0,0.12,arrived,0.0039346676817346715,9.999999999999996
RCBF,0.2,0.15,inward,15,4.0,0.12,arrived,0.0014578425018194618,9.799999999999997
SRCBF,0.2,0.15,inward,15,4.0,0.12,arrived,0.0044297875990494395,9.799999999999997
RCBF,0.2,0.15,inward,16,4.0,0.12,arrived,0.0016459812400989593,9.799999999999997
SRCBF,0.2,0.15,inward,16,4.0,0.12,arrived,0.004907333131116465,9.799999999999997
RCBF,0.2,0.15,inward,17,4.0,0.12,arrived,0.0012454923972317067,9.999999999999996
SRCBF,0.2,0.15,inward,17,4.0,0.12,arrived,0.003885986871131397,9.999999999999996
RCBF,0.2,0.15,inward,18,4.0,0.12,arrived,0.001913786185030797,9.599999999999998
SRCBF,0.2,0.15,inward,18,4.0,0.12,arrived,0.005581006955086232,9.599999999999998
RCBF,0.2,0.15,inward,19,4.0,0.12,arrived,0.0018790669137749294,9.599999999999998
SRCBF,0.2,0.15,inward,19,4.0,0.12,arrived,0.0054940520278768945,9.599999999999998
RCBF,0.2,0.45,bias,0,4.0,0.12,arrived,0.019297828618640267,8.600000000000001
SRCBF,0.2,0.45,bias,0,4.0,0.12,arrived,0.029305872517931486,8.8
RCBF,0.2,0.45,bias,1,4.0,0.12,arrived,0.032380373858046485,6.200000000000003
SRCBF,0.2,0.45,bias,1,4.0,0.12,arrived,0.057779931472349166,6.200000000000003
RCBF,0.2,0.45,bias,2,4.0,0.12,arrived,0.02232949122117145,8.8
SRCBF,0.2,0.45,bias,2,4.0,0.12,arrived,0.03402652133876494,8.8
RCBF,0.2,0.45,bias,3,4.0,0.12,arrived,0.015724195806426144,8.000000000000004
SRCBF,0.2,0.45,bias,3,4.0,0.12,arrived,0.024311331324766594,8.000000000000004
RCBF,0.2,0.45,bias,4,4.0,0.12,arrived,0.052077693501304534,9.399999999999999
SRCBF,0.2,0.45,bias,4,4.0,0.12,arrived,0.08025458679124697,9.399999999999999
RCBF,0.2,0.45,bias,5,4.0,0.12,arrived,0.06449224954284705,7.0000000000000036
SRCBF,0.2,0.45,bias,5,4.0,0.12,arrived,0.10029102967442749,7.200000000000004
RCBF,0.2,0.45,bias,6,4.0,0.12,arrived,0.026222839497136552,9.2
SRCBF,0.2,0.45,bias,6,4.0,0.12,arrived,0.040355190726461765,9.399999999999999
RCBF,0.2,0.45,bias,7,4.0,0.12,arrived,0.04447861990770863,6.400000000000003
SRCBF,0.2,0.45,bias,7,4.0,0.12,arrived,0.07536663607266902,6.400000000000003
RCBF,0.2,0.45,bias,8,4.0,0.12,arrived,0.024769480442169867,6.200000000000003
SRCBF,0.2,0.45,bias,8,4.0,0.12,arrived,0.047164276155627016,6.200000000000003
RCBF,0.2,0.45,bias,9,4.0,0.12,arrived,0.021126867811178562,9.0
SRCBF,0.2,0.45,bias,9,4.0,0.12,arrived,0.032090052311882444,9.0
RCBF,0.2,0.45,bias,10,4.0,0.12,arrived,0.012686202055637419,8.000000000000004
SRCBF,0.2,0.45,bias,10,4.0,0.12,arrived,0.01958392590366742,8.000000000000004
RCBF,0.2,0.45,bias,11,4.0,0.12,arrived,0.0515522517941035,9.2
SRCBF,0.2,0.45,bias,11,4.0,0.12,arrived,0.07679945305834301,9.399999999999999
RCBF,0.2,0.45,bias,12,4.0,0.12,arrived,0.03509671260024538,6.200000000000003
SRCBF,0.2,0.45,bias,12,4.0,0.12,arrived,0.061816413685095606,6.200000000000003
RCBF,0.2,0.45,bias,13,4.0,0.12,arrived,0.05210734236245207,6.600000000000003
SRCBF,0.2,0.45,bias,13,4.0,0.12,arrived,0.08677457124144916,6.800000000000003
RCBF,0.2,0.45,bias,14,4.0,0.12,arrived,0.02727233244209859,9.399999999999999
SRCBF,0.2,0.45,bias,14,4.0,0.12,arrived,0.043081814535156804,9.599999999999998
RCBF,0.2,0.45,bias,15,4.0,0.12,arrived,0.06403856494305082,7.0000000000000036
SRCBF,0.2,0.45,bias,15,4.0,0.12,arrived,0.09941633068581002,7.0000000000000036
RCBF,0.2,0.45,bias,16,4.0,0.12,arrived,0.03808478946005045,9.599999999999998
SRCBF,0.2,0.45,bias,16,4.0,0.12,arrived,0.05919113498807049,9.599999999999998
RCBF,0.2,0.45,bias,17,4.0,0.12,arrived,0.00846532403860556,7.400000000000004
SRCBF,0.2,0.45,bias,17,4.0,0.12,arrived,0.014955819243801183,7.400000000000004
RCBF,0.2,0.45,bias,18,4.0,0.12,arrived,0.07556022479260716,8.000000000000004
SRCBF,0.2,0.45,bias,18,4.0,0.12,arrived,0.11488665175499746,8.000000000000004
RCBF,0.2,0.45,bias,19,4.0,0.12,arrived,0.03904764888816914,6.200000000000003
SRCBF,0.2,0.45,bias,19,4.0,0.12,arrived,0.0674470974458733,6.400000000000003
RCBF,0.2,0.45,inward,0,4.0,0.12,arrived,0.009115355260969182,8.600000000000001
SRCBF,0.2,0.45,inward,0,4.0,0.12,arrived,0.021075265274297705,8.600000000000001
RCBF,0.2,0.45,inward,1,4.0,0.12,arrived,0.009502913088873743,8.600000000000001
SRCBF,0.2,0.45,inward,1,4.0,0.12,arrived,0.02164084082142448,8.600000000000001
RCBF,0.2,0.45,inward,2,4.0,0.12,arrived,0.010279428271344315,8.600000000000001
SRCBF,0.2,0.45,inward,2,4.0,0.12,arrived,0.022770245101630282,8.600000000000001
RCBF,0.2,0.45,inward,3,4.0,0.12,arrived,0.010825700956246798,8.400000000000002
SRCBF,0.2,0.45,inward,3,4.0,0.12,arrived,0.023561911066138586,8.600000000000001
RCBF,0.2,0.45,inward,4,4.0,0.12,arrived,0.008329899478102143,8.600000000000001
SRCBF,0.2,0.45,inward,4,4.0,0.12,arrived,0.01969332664500112,8.600000000000001
RCBF,0.2,0.45,inward,5,4.0,0.12,arrived,0.008648134908243454,8.600000000000001
SRCBF,0.2,0.45,inward,5,4.0,0.12,arrived,0.020316067904028623,8.600000000000001
RCBF,0.2,0.45,inward,6,4.0,0.12,arrived,0.009421264650883554,8.600000000000001
SRCBF,0.2,0.45,inward,6,4.0,0.12,arrived,0.021521796645312063,8.600000000000001
RCBF,0.2,0.45,inward,7,4.0,0.12,arrived,0.009152067742245418,8.600000000000001
SRCBF,0.2,0.45,inward,7,4.0,0.12,arrived,0.021128897266803226,8.600000000000001
RCBF,0.2,0.45,inward,8,4.0,0.12,arrived,0.01007648107846526,8.600000000000001
SRCBF,0.2,0.45,inward,8,4.0,0.12,arrived,0.02247553987337647,8.600000000000001
RCBF,0.2,0.45,inward,9,4.0,0.12,arrived,0.008497642136996775,8.600000000000001
SRCBF,0.2,0.45,inward,9,4.0,0.12,arrived,0.02002159420122196,8.600000000000001
RCBF,0.2,0.45,inward,10,4.0,0.12,arrived,0.008300098780125942,8.600000000000001
SRCBF,0.2,0.45,inward,10,4.0,0.12,arrived,0.01963500178263633,8.600000000000001
RCBF,0.2,0.45,inward,11,4.0,0.12,arrived,0.010692495677686042,8.400000000000002
SRCBF,0.2,0.45,inward,11,4.0,0.12,arrived,0.023369078308085656,8.600000000000001
RCBF,0.2,0.45,inward,12,4.0,0.12,arrived,0.010312926088780205,8.600000000000001
SRCBF,0.2,0.45,inward,12,4.0,0.12,arrived,0.022818856936213994,8.600000000000001
RCBF,0.2,0.45,inward,13,4.0,0.12,arrived,0.008510211002349832,8.600000000000001
SRCBF,0.2,0.45,inward,13,4.0,0.12,arrived,0.02004618919554224,8.600000000000001
RCBF,0.2,0.45,inward,14,4.0,0.12,arrived,0.008588193981531878,8.600000000000001
SRCBF,0.2,0.45,inward,14,4.0,0.12,arrived,0.020198782947063787,8.600000000000001
RCBF,0.2,0.45,inward,15,4.0,0.12,arrived,0.008942898874837124,8.600000000000001
SRCBF,0.2,0.45,inward,15,4.0,0.12,arrived,0.02082316840192644,8.600000000000001
RCBF,0.2,0.45,inward,16,4.0,0.12,arrived,0.009332183687488227,8.600000000000001
SRCBF,0.2,0.45,inward,16,4.0,0.12,arrived,0.02139185057101356,8.600000000000001
RCBF,0.2,0.45,inward,17,4.0,0.12,arrived,0.00855569133701406,8.600000000000001
SRCBF,0.2,0.45,inward,17,4.0,0.12,arrived,0.02013518412170845,8.600000000000001
RCBF,0.2,0.45,inward,18,4.0,0.12,arrived,0.009851937245450415,8.600000000000001
SRCBF,0.2,0.45,inward,18,4.0,0.12,arrived,0.02214908903179913,8.600000000000001
RCBF,0.2,0.45,inward,19,4.0,0.12,arrived,0.00978653995617318,8.600000000000001
SRCBF,0.2,0.45,inward,19,4.0,0.12,arrived,0.02205393464288652,8.600000000000001
RCBF,0.3,0.15,bias,0,4.0,0.12,arrived,0.017244618024214176,9.900000000000002
SRCBF,0.3,0.15,bias,0,4.0,0.12,arrived,0.07166248620834947,10.200000000000003
RCBF,0.3,0.15,bias,1,4.0,0.12,violation,-0.03479385027292192,2.1
SRCBF,0.3,0.15,bias,1,4.0,0.12,arrived,0.028406214280937148,7.1999999999999975
RCBF,0.3,0.15,bias,2,4.0,0.12,arrived,0.012877521003794468,10.800000000000004
SRCBF,0.3,0.15,bias,2,4.0,0.12,arrived,0.07528898613070434,10.800000000000004
RCBF,0.3,0.15,bias,3,4.0,0.12,arrived,0.018163096345495622,10.200000000000003
SRCBF,0.3,0.15,bias,3,4.0,0.12,arrived,0.05504910722497458,10.500000000000004
RCBF,0.3,0.15,bias,4,4.0,0.12,arrived,0.053720745301744977,10.800000000000004
SRCBF,0.3,0.15,bias,4,4.0,0.12,arrived,0.10099421012261534,11.100000000000005
RCBF,0.3,0.15,bias,5,4.0,0.12,arrived,0.03289486906853212,7.799999999999997
SRCBF,0.3,0.15,bias,5,4.0,0.12,arrived,0.08129194404617401,7.799999999999997
RCBF,0.3,0.15,bias,6,4.0,0.12,arrived,0.009026715759776427,11.100000000000005
SRCBF,0.3,0.15,bias,6,4.0,0.12,arrived,0.08731274254216248,11.400000000000006
RCBF,0.3,0.15,bias,7,4.0,0.12,violation,-0.03286294457758265,2.1
SRCBF,0.3,0.15,bias,7,4.0,0.12,arrived,0.04798717378771156,7.1999999999999975
RCBF,0.3,0.15,bias,8,4.0,0.12,violation,-0.036577778467032696,2.1
SRCBF,0.3,0.15,bias,8,4.0,0.12,arrived,0.017432962668584073,7.1999999999999975
RCBF,0.3,0.15,bias,9,4.0,0.12,arrived,0.016092980981141647,9.900000000000002
SRCBF,0.3,0.15,bias,9,4.0,0.12,arrived,0.07856633226818033,10.200000000000003
RCBF,0.3,0.15,bias,10,4.0,0.12,arrived,0.024069630728024705,9.3
SRCBF,0.3,0.15,bias,10,4.0,0.12,arrived,0.05537449664738325,9.3
RCBF,0.3,0.15,bias,11,4.0,0.12,arrived,0.05129983734237731,10.500000000000004
SRCBF,0.3,0.15,bias,11,4.0,0.12,arrived,0.09605764638110492,10.800000000000004
RCBF,0.3,0.15,bias,12,4.0,0.12,violation,-0.034682460692052275,2.1
SRCBF,0.3,0.15,bias,12,4.0,0.12,arrived,0.03294222126600033,7.1999999999999975
RCBF,0.3,0.15,bias,13,4.0,0.12,violation,-0.005257701509100987,2.1
SRCBF,0.3,0.15,bias,13,4.0,0.12,arrived,0.06229588580482981,7.499999999999997
RCBF,0.3,0.15,bias,14,4.0,0.12,arrived,0.007943642423967723,11.100000000000005
SRCBF,0.3,0.15,bias,14,4.0,0.12,arrived,0.0922167645323142,11.400000000000006
RCBF,0.3,0.15,bias,15,4.0,0.12,arrived,0.03365202533248668,7.799999999999997
SRCBF,0.3,0.15,bias,15,4.0,0.12,arrived,0.07980547636695368,7.799999999999997
RCBF,0.3,0.15,bias,16,4.0,0.12,arrived,0.040996616854685364,12.90000000000001
SRCBF,0.3,0.15,bias,16,4.0,0.12,arrived,0.07676396961769871,13.20000000000001
RCBF,0.3,0.15,bias,17,4.0,0.12,violation,-0.0303157364404103,2.1
SRCBF,0.3,0.15,bias,17,4.0,0.12,arrived,0.0361166604668145,9.3
RCBF,0.3,0.15,bias,18,4.0,0.12,arrived,0.020711941029416536,8.7
SRCBF,0.3,0.15,bias,18,4.0,0.12,arrived,0.10804359146632458,8.7
RCBF,0.3,0.15,bias,19,4.0,0.12,violation,-0.03374588928604694,2.1
SRCBF,0.3,0.15,bias,19,4.0,0.12,arrived,0.03891259712385331,7.1999999999999975
RCBF,0.3,0.15,inward,0,4.0,0.12,violation,-0.03741606635051753,2.1
SRCBF,0.3,0.15,inward,0,4.0,0.12,arrived,0.006232462332707911,9.900000000000002
RCBF,0.3,0.15,inward,1,4.0,0.12,violation,-0.03761218629984753,2.1
SRCBF,0.3,0.15,inward,1,4.0,0.12,arrived,0.006946189819532433,9.600000000000001
RCBF,0.3,0.15,inward,2,4.0,0.12,violation,-0.0380881172850529,2.1
SRCBF,0.3,0.15,inward,2,4.0,0.12,arrived,0.008205132198836451,9.600000000000001
RCBF,0.3,0.15,inward,3,4.0,0.12,violation,-0.038489941833118935,2.1
SRCBF,0.3,0.15,inward,3,4.0,0.12,arrived,0.009031794420890082,9.600000000000001
RCBF,0.3,0.15,inward,4,4.0,0.12,violation,-0.03705368138981768,2.1
SRCBF,0.3,0.15,inward,4,4.0,0.12,arrived,0.004651283703993592,9.900000000000002
RCBF,0.3,0.15,inward,5,4.0,0.12,violation,-0.0371965366525997,2.1
SRCBF,0.3,0.15,inward,5,4.0,0.12,arrived,0.005334460135777208,9.900000000000002
RCBF,0.3,0.15,inward,6,4.0,0.12,violation,-0.037568583216985973,2.1
SRCBF,0.3,0.15,inward,6,4.0,0.12,arrived,0.00679287178010568,9.600000000000001
RCBF,0.3,0.15,inward,7,4.0,0.12,violation,-0.0374334662301139,2.1
SRCBF,0.3,0.15,inward,7,4.0,0.12,arrived,0.006298532354163222,9.900000000000002
RCBF,0.3,0.15,inward,8,4.0,0.12,violation,-0.03795299433226529,2.1
SRCBF,0.3,0.15,inward,8,4.0,0.12,arrived,0.007906320777624654,9.600000000000001
RCBF,0.3,0.15,inward,9,4.0,0.12,violation,-0.03712481102890819,2.1
SRCBF,0.3,0.15,inward,9,4.0,0.12,arrived,0.005005297180923685,9.900000000000002
RCBF,0.3,0.15,inward,10,4.0,0.12,violation,-0.037042016975363135,2.1
SRCBF,0.3,0.15,inward,10,4.0,0.12,arrived,0.004589824424312994,9.900000000000002
RCBF,0.3,0.15,inward,11,4.0,0.12,violation,-0.038386806866480216,2.1
SRCBF,0.3,0.15,inward,11,4.0,0.12,arrived,0.008827106203879165,9.600000000000001
RCBF,0.3,0.15,inward,12,4.0,0.12,violation,-0.03811115463001824,2.1
SRCBF,0.3,0.15,inward,12,4.0,0.12,arrived,0.008254871193113966,9.600000000000001
RCBF,0.3,0.15,inward,13,4.0,0.12,violation,-0.037130515014886956,2.1
SRCBF,0.3,0.15,inward,13,4.0,0.12,arrived,0.00503237215881025,9.900000000000002
RCBF,0.3,0.15,inward,14,4.0,0.12,violation,-0.03716707162732902,2.1
SRCBF,0.3,0.15,inward,14,4.0,0.12,arrived,0.005202055637160363,9.900000000000002
RCBF,0.3,0.15,inward,15,4.0,0.12,violation,-0.03733762831452381,2.1
SRCBF,0.3,0.15,inward,15,4.0,0.12,arrived,0.005926505649392788,9.900000000000002
RCBF,0.3,0.15,inward,16,4.0,0.12,violation,-0.037522403315790265,2.1
SRCBF,0.3,0.15,inward,16,4.0,0.12,arrived,0.006627380159140439,9.600000000000001
RCBF,0.3,0.15,inward,17,4.0,0.12,violation,-0.037151590928711564,2.1
SRCBF,0.3,0.15,inward,17,4.0,0.12,arrived,0.005130978174538781,9.900000000000002
RCBF,0.3,0.15,inward,18,4.0,0.12,violation,-0.03781236330046722,2.1
SRCBF,0.3,0.15,inward,18,4.0,0.12,arrived,0.007580567842926045,9.600000000000001
RCBF,0.3,0.15,inward,19,4.0,0.12,violation,-0.037773152043250935,2.1
SRCBF,0.3,0.15,inward,19,4.0,0.12,arrived,0.007486601176596053,9.600000000000001
RCBF,0.3,0.45,bias,0,4.0,0.12,arrived,0.0015363639989270927,8.7
SRCBF,0.3,0.45,bias,0,4.0,0.12,arrived,0.04024532839399064,8.7
RCBF,0.3,0.45,bias,1,4.0,0.12,arrived,0.02868138166826817,6.299999999999998
SRCBF,0.3,0.45,bias,1,4.0,0.12,arrived,0.06873045026568925,6.299999999999998
RCBF,0.3,0.45,bias,2,4.0,0.12,violation,-0.0036762182649320296,2.4
SRCBF,0.3,0.45,bias,2,4.0,0.12,arrived,0.047359023321162375,9.0
RCBF,0.3,0.45,bias,3,4.0,0.12,arrived,0.0003272807213060558,8.099999999999998
SRCBF,0.3,0.45,bias,3,4.0,0.12,arrived,0.033155869379605796,8.099999999999998
RCBF,0.3,0.45,bias,4,4.0,0.12,arrived,0.0411863239284499,9.3
SRCBF,0.3,0.45,bias,4,4.0,0.12,arrived,0.10716325394115755,9.3
RCBF,0.3,0.45,bias,5,4.0,0.12,arrived,0.02863776389737216,6.899999999999998
SRCBF,0.3,0.45,bias,5,4.0,0.12,arrived,0.1216479939970222,7.1999999999999975
RCBF,0.3,0.45,bias,6,4.0,0.12,arrived,0.0017749882247517501,9.3
SRCBF,0.3,0.45,bias,6,4.0,0.12,arrived,0.05850239516042588,9.3
RCBF,0.3,0.45,bias,7,4.0,0.12,arrived,0.03585005074226211,6.299999999999998
SRCBF,0.3,0.45,bias,7,4.0,0.12,arrived,0.08929686434878192,6.599999999999998
RCBF,0.3,0.45,bias,8,4.0,0.12,arrived,0.009581576184850338,6.299999999999998
SRCBF,0.3,0.45,bias,8,4.0,0.12,arrived,0.05624158402554302,6.299999999999998
RCBF,0.3,0.45,bias,9,4.0,0.12,arrived,0.001641878010797404,9.0
SRCBF,0.3,0.45,bias,9,4.0,0.12,arrived,0.04428216910872729,9.0
RCBF,0.3,0.45,bias,10,4.0,0.12,arrived,0.008839007999815407,8.099999999999998
SRCBF,0.3,0.45,bias,10,4.0,0.12,arrived,0.02643852983317352,8.099999999999998
RCBF,0.3,0.45,bias,11,4.0,0.12,arrived,0.03438604172843329,9.3
SRCBF,0.3,0.45,bias,11,4.0,0.12,arrived,0.1019753227229232,9.3
RCBF,0.3,0.45,bias,12,4.0,0.12,arrived,0.032738041318749134,6.299999999999998
SRCBF,0.3,0.45,bias,12,4.0,0.12,arrived,0.07361467942365107,6.299999999999998
RCBF,0.3,0.45,bias,13,4.0,0.12,arrived,0.034683831524690234,6.599999999999998
SRCBF,0.3,0.45,bias,13,4.0,0.12,arrived,0.10242907891980746,6.899999999999998
RCBF,0.3,0.45,bias,14,4.0,0.12,arrived,0.022366318665181018,9.3
SRCBF,0.3,0.45,bias,14,4.0,0.12,arrived,0.06274079065331184,9.600000000000001
RCBF,0.3,0.45,bias,15,4.0,0.12,arrived,0.029011299874158625,6.899999999999998
SRCBF,0.3,0.45,bias,15,4.0,0.12,arrived,0.1202787377146709,6.899999999999998
RCBF,0.3,0.45,bias,16,4.0,0.12,arrived,0.040106937942230525,9.3
SRCBF,0.3,0.45,bias,16,4.0,0.12,arrived,0.08180621340852046,9.600000000000001
RCBF,0.3,0.45,bias,17,4.0,0.12,arrived,0.0034851822433588087,7.499999999999997
SRCBF,0.3,0.45,bias,17,4.0,0.12,arrived,0.020285047418302837,7.499999999999997
RCBF,0.3,0.45,bias,18,4.0,0.12,arrived,0.06483509631011908,7.799999999999997
SRCBF,0.3,0.45,bias,18,4.0,0.12,arrived,0.14002376203505684,8.099999999999998
RCBF,0.3,0.45,bias,19,4.0,0.12,arrived,0.034586686098526775,6.299999999999998
SRCBF,0.3,0.45,bias,19,4.0,0.12,arrived,0.08014819839703213,6.299999999999998
RCBF,0.3,0.45,inward,0,4.0,0.12,violation,-0.03878593256235563,2.1
SRCBF,0.3,0.45,inward,0,4.0,0.12,arrived,0.0285429330569541,8.399999999999999
RCBF,0.3,0.45,inward,1,4.0,0.12,violation,-0.03263416748618542,2.1
SRCBF,0.3,0.45,inward,1,4.0,0.12,arrived,0.0293700333739223,8.399999999999999
RCBF,0.3,0.45,inward,2,4.0,0.12,violation,-0.019885212541101205,2.1
SRCBF,0.3,0.45,inward,2,4.0,0.12,arrived,0.031008596620811013,8.399999999999999
RCBF,0.3,0.45,inward,3,4.0,0.12,violation,-0.010571670833541824,2.1
SRCBF,0.3,0.45,inward,3,4.0,0.12,arrived,0.032146384624256674,8.399999999999999
RCBF,0.3,0.45,inward,4,4.0,0.12,violation,-0.04270020059204527,2.1
SRCBF,0.3,0.45,inward,4,4.0,0.12,arrived,0.026504499221738365,8.7
RCBF,0.3,0.45,inward,5,4.0,0.12,violation,-0.04335883312487876,2.1
SRCBF,0.3,0.45,inward,5,4.0,0.12,arrived,0.027426073101361914,8.7
RCBF,0.3,0.45,inward,6,4.0,0.12,violation,-0.03394177967643275,2.1
SRCBF,0.3,0.45,inward,6,4.0,0.12,arrived,0.029196298915147523,8.399999999999999
RCBF,0.3,0.45,inward,7,4.0,0.12,violation,-0.038209153944974816,2.1
SRCBF,0.3,0.45,inward,7,4.0,0.12,arrived,0.028621547590908514,8.399999999999999
RCBF,0.3,0.45,inward,8,4.0,0.12,violation,-0.023272283711079145,2.1
SRCBF,0.3,0.45,inward,8,4.0,0.12,arrived,0.03058274886985235,8.399999999999999
RCBF,0.3,0.45,inward,9,4.0,0.12,violation,-0.043043056886229336,2.1
SRCBF,0.3,0.45,inward,9,4.0,0.12,arrived,0.026990891501963432,8.7
RCBF,0.3,0.45,inward,10,4.0,0.12,violation,-0.042640289421281063,2.1
SRCBF,0.3,0.45,inward,10,4.0,0.12,arrived,0.026417941604683248,8.7
RCBF,0.3,0.45,inward,11,4.0,0.12,violation,-0.012869350217597275,2.1
SRCBF,0.3,0.45,inward,11,4.0,0.12,arrived,0.031870081844018516,8.399999999999999
RCBF,0.3,0.45,inward,12,4.0,0.12,violation,-0.019322373123812908,2.1
SRCBF,0.3,0.45,inward,12,4.0,0.12,arrived,0.031078722066058773,8.399999999999999
RCBF,0.3,0.45,inward,13,4.0,0.12,violation,-0.04306913303227877,2.1
SRCBF,0.3,0.45,inward,13,4.0,0.12,arrived,0.027027280193644643,8.7
RCBF,0.3,0.45,inward,14,4.0,0.12,violation,-0.04323212942534582,2.1
SRCBF,0.3,0.45,inward,14,4.0,0.12,arrived,0.027252876425845063,8.7
RCBF,0.3,0.45,inward,15,4.0,0.12,violation,-0.04147872028428268,2.1
SRCBF,0.3,0.45,inward,15,4.0,0.12,arrived,0.028172899591629053,8.399999999999999
RCBF,0.3,0.45,inward,16,4.0,0.12,violation,-0.035361351055955614,2.1
SRCBF,0.3,0.45,inward,16,4.0,0.12,arrived,0.029006436117964607,8.399999999999999
RCBF,0.3,0.45,inward,17,4.0,0.12,violation,-0.04316394077113073,2.1
SRCBF,0.3,0.45,inward,17,4.0,0.12,arrived,0.02715888663740984,8.7
RCBF,0.3,0.45,inward,18,4.0,0.12,violation,-0.02697421952188095,2.1
SRCBF,0.3,0.45,inward,18,4.0,0.12,arrived,0.030109603264629747,8.399999999999999
RCBF,0.3,0.45,inward,19,4.0,0.12,violation,-0.028043438012036126,2.1
SRCBF,0.3,0.45,inward,19,4.0,0.12,arrived,0.029971410911456497,8.399999999999999
RCBF,0.4,0.15,bias,0,4.0,0.12,violation,-0.08070369884092154,2.4
SRCBF,0.4,0.15,bias,0,4.0,0.12,arrived,0.08292656486379335,10.400000000000004
RCBF,0.4,0.15,bias,1,4.0,0.12,violation,-0.0002108548725655579,2.0
SRCBF,0.4,0.15,bias,1,4.0,0.12,arrived,0.031459932529309786,7.200000000000002
RCBF,0.4,0.15,bias,2,4.0,0.12,violation,-0.0993705184307111,2.4
SRCBF,0.4,0.15,bias,2,4.0,0.12,arrived,0.08766211936215074,11.200000000000005
RCBF,0.4,0.15,bias,3,4.0,0.12,violation,-0.06299016254789169,2.4
SRCBF,0.4,0.15,bias,3,4.0,0.12,arrived,0.06359164654155658,10.400000000000004
RCBF,0.4,0.15,bias,4,4.0,0.12,arrived,0.04011269773888637,10.800000000000004
SRCBF,0.4,0.15,bias,4,4.0,0.12,arrived,0.12335782408839846,11.200000000000005
RCBF,0.4,0.15,bias,5,4.0,0.12,violation,-0.03595093315687137,2.4
SRCBF,0.4,0.15,bias,5,4.0,0.12,arrived,0.08981360742337474,8.000000000000002
RCBF,0.4,0.15,bias,6,4.0,0.12,violation,-0.038537598911713045,2.4
SRCBF,0.4,0.15,bias,6,4.0,0.12,arrived,0.10126924616776922,11.600000000000005
RCBF,0.4,0.15,bias,7,4.0,0.12,arrived,0.005142153803805005,7.200000000000002
SRCBF,0.4,0.15,bias,7,4.0,0.12,arrived,0.052571974488232476,7.200000000000002
RCBF,0.4,0.15,bias,8,4.0,0.12,violation,-0.0171682044575292,2.0
SRCBF,0.4,0.15,bias,8,4.0,0.12,arrived,0.020754601520118987,7.200000000000002
RCBF,0.4,0.15,bias,9,4.0,0.12,violation,-0.09076914047819806,2.4
SRCBF,0.4,0.15,bias,9,4.0,0.12,arrived,0.09122734760433837,10.400000000000004
RCBF,0.4,0.15,bias,10,4.0,0.12,violation,-0.04298183981451764,2.4
SRCBF,0.4,0.15,bias,10,4.0,0.12,arrived,0.0622645891055188,9.600000000000003
RCBF,0.4,0.15,bias,11,4.0,0.12,arrived,0.03340938205093835,10.400000000000004
SRCBF,0.4,0.15,bias,11,4.0,0.12,arrived,0.12175346631139183,10.800000000000004
RCBF,0.4,0.15,bias,12,4.0,0.12,arrived,0.00944399301886123,7.200000000000002
SRCBF,0.4,0.15,bias,12,4.0,0.12,arrived,0.036150187970239056,7.200000000000002
RCBF,0.4,0.15,bias,13,4.0,0.12,violation,-0.010261415374959837,2.4
SRCBF,0.4,0.15,bias,13,4.0,0.12,arrived,0.06824688345192775,7.600000000000002
RCBF,0.4,0.15,bias,14,4.0,0.12,violation,-0.011778578551628227,2.4
SRCBF,0.4,0.15,bias,14,4.0,0.12,arrived,0.10704675478797654,11.600000000000005
RCBF,0.4,0.15,bias,15,4.0,0.12,violation,-0.03244497357995324,2.4
SRCBF,0.4,0.15,bias,15,4.0,0.12,arrived,0.08754987699489558,8.000000000000002
RCBF,0.4,0.15,bias,16,4.0,0.12,arrived,0.0439855745887594,13.200000000000006
SRCBF,0.4,0.15,bias,16,4.0,0.12,arrived,0.09918387539747431,13.600000000000007
RCBF,0.4,0.15,bias,17,4.0,0.12,violation,-0.01849061624412429,2.4
SRCBF,0.4,0.15,bias,17,4.0,0.12,arrived,0.040395540252953,9.200000000000003
RCBF,0.4,0.15,bias,18,4.0,0.12,violation,-0.035709762759549624,2.4
SRCBF,0.4,0.15,bias,18,4.0,0.12,arrived,0.12737231147171835,8.800000000000002
RCBF,0.4,0.15,bias,19,4.0,0.12,arrived,0.012000573246112367,7.200000000000002
SRCBF,0.4,0.15,bias,19,4.0,0.12,arrived,0.042664803129197626,7.200000000000002
RCBF,0.4,0.15,inward,0,4.0,0.12,violation,-0.02972651636996837,2.0
SRCBF,0.4,0.15,inward,0,4.0,0.12,arrived,0.0072520958373369915,9.600000000000003
RCBF,0.4,0.15,inward,1,4.0,0.12,violation,-0.027698331421482147,2.0
SRCBF,0.4,0.15,inward,1,4.0,0.12,arrived,0.0079554793007367,9.600000000000003
RCBF,0.4,0.15,inward,2,4.0,0.12,violation,-0.023033086634226208,2.0
SRCBF,0.4,0.15,inward,2,4.0,0.12,arrived,0.009465857429065028,9.600000000000003
RCBF,0.4,0.15,inward,3,4.0,0.12,violation,-0.01927079066616766,2.0
SRCBF,0.4,0.15,inward,3,4.0,0.12,arrived,0.010608270876144466,9.600000000000003
RCBF,0.4,0.15,inward,4,4.0,0.12,violation,-0.03381923752010285,2.0
SRCBF,0.4,0.15,inward,4,4.0,0.12,arrived,0.00567747077190861,10.000000000000004
RCBF,0.4,0.15,inward,5,4.0,0.12,violation,-0.03212669882831776,2.0
SRCBF,0.4,0.15,inward,5,4.0,0.12,arrived,0.006362504693648852,10.000000000000004
RCBF,0.4,0.15,inward,6,4.0,0.12,violation,-0.028142274060552475,2.0
SRCBF,0.4,0.15,inward,6,4.0,0.12,arrived,0.007804502311683836,9.600000000000003
RCBF,0.4,0.15,inward,7,4.0,0.12,violation,-0.02954298957525625,2.0
SRCBF,0.4,0.15,inward,7,4.0,0.12,arrived,0.007317288948590517,9.600000000000003
RCBF,0.4,0.15,inward,8,4.0,0.12,violation,-0.024329726952154185,2.0
SRCBF,0.4,0.15,inward,8,4.0,0.12,arrived,0.009058138262813431,9.600000000000003
RCBF,0.4,0.15,inward,9,4.0,0.12,violation,-0.03295813387868163,2.0
SRCBF,0.4,0.15,inward,9,4.0,0.12,arrived,0.006033749141783673,10.000000000000004
RCBF,0.4,0.15,inward,10,4.0,0.12,violation,-0.033964967996079065,2.0
SRCBF,0.4,0.15,inward,10,4.0,0.12,arrived,0.005615253326245129,10.000000000000004
RCBF,0.4,0.15,inward,11,4.0,0.12,violation,-0.020224829023991364,2.0
SRCBF,0.4,0.15,inward,11,4.0,0.12,arrived,0.010323711407084324,9.600000000000003
RCBF,0.4,0.15,inward,12,4.0,0.12,violation,-0.022813804760924206,2.0
SRCBF,0.4,0.15,inward,12,4.0,0.12,arrived,0.009534030386843972,9.600000000000003
RCBF,0.4,0.15,inward,13,4.0,0.12,violation,-0.03289082373612995,2.0
SRCBF,0.4,0.15,inward,13,4.0,0.12,arrived,0.006060870395523832,10.000000000000004
RCBF,0.4,0.15,inward,14,4.0,0.12,violation,-0.0324645238003205,2.0
SRCBF,0.4,0.15,inward,14,4.0,0.12,arrived,0.006230503863107528,10.000000000000004
RCBF,0.4,0.15,inward,15,4.0,0.12,violation,-0.03056448781908827,2.0
SRCBF,0.4,0.15,inward,15,4.0,0.12,arrived,0.006949847931065345,10.000000000000004
RCBF,0.4,0.15,inward,16,4.0,0.12,violation,-0.02861649500995178,2.0
SRCBF,0.4,0.15,inward,16,4.0,0.12,arrived,0.007641484375365604,9.600000000000003
RCBF,0.4,0.15,inward,17,4.0,0.12,violation,-0.03264401802348127,2.0
SRCBF,0.4,0.15,inward,17,4.0,0.12,arrived,0.006159515731735232,10.000000000000004
RCBF,0.4,0.15,inward,18,4.0,0.12,violation,-0.025700579427766046,2.0
SRCBF,0.4,0.15,inward,18,4.0,0.12,arrived,0.00861770173238452,9.600000000000003
RCBF,0.4,0.15,inward,19,4.0,0.12,violation,-0.026087234881638333,2.0
SRCBF,0.4,0.15,inward,19,4.0,0.12,arrived,0.008491543360296228,9.600000000000003
RCBF,0.4,0.45,bias,0,4.0,0.12,violation,-0.10798693223816647,2.4
SRCBF,0.4,0.45,bias,0,4.0,0.12,arrived,0.0505252903973864,8.800000000000002
RCBF,0.4,0.45,bias,1,4.0,0.12,violation,-0.015271213148746021,2.4
SRCBF,0.4,0.45,bias,1,4.0,0.12,arrived,0.07669098399221219,6.400000000000001
RCBF,0.4,0.45,bias,2,4.0,0.12,violation,-0.0680718319817788,2.4
SRCBF,0.4,0.45,bias,2,4.0,0.12,arrived,0.059676090923023395,8.800000000000002
RCBF,0.4,0.45,bias,3,4.0,0.12,violation,-0.09812804005743747,2.4
SRCBF,0.4,0.45,bias,3,4.0,0.12,arrived,0.041885274296713404,8.000000000000002
RCBF,0.4,0.45,bias,4,4.0,0.12,violation,-0.0016184248094223141,2.8
SRCBF,0.4,0.45,bias,4,4.0,0.12,arrived,0.13320929414620974,9.600000000000003
RCBF,0.4,0.45,bias,5,4.0,0.12,arrived,0.0074835946417385335,6.800000000000002
SRCBF,0.4,0.45,bias,5,4.0,0.12,arrived,0.14136170619169897,7.200000000000002
RCBF,0.4,0.45,bias,6,4.0,0.12,arrived,0.0010872780682580352,9.200000000000003
SRCBF,0.4,0.45,bias,6,4.0,0.12,arrived,0.07455618715590262,9.200000000000003
RCBF,0.4,0.45,bias,7,4.0,0.12,violation,-0.030167492059333778,2.4
SRCBF,0.4,0.45,bias,7,4.0,0.12,arrived,0.1025599988526803,6.400000000000001
RCBF,0.4,0.45,bias,8,4.0,0.12,violation,-0.013717832873787361,2.4
SRCBF,0.4,0.45,bias,8,4.0,0.12,arrived,0.06246990159953614,6.400000000000001
RCBF,0.4,0.45,bias,9,4.0,0.12,violation,-0.10601429428529974,2.4
SRCBF,0.4,0.45,bias,9,4.0,0.12,arrived,0.05596775435960244,9.200000000000003
RCBF,0.4,0.45,bias,10,4.0,0.12,violation,-0.06738916485921276,2.4
SRCBF,0.4,0.45,bias,10,4.0,0.12,arrived,0.033187631409296814,8.000000000000002
RCBF,0.4,0.45,bias,11,4.0,0.12,violation,-0.019447901146336655,2.8
SRCBF,0.4,0.45,bias,11,4.0,0.12,arrived,0.1283364623025659,9.200000000000003
RCBF,0.4,0.45,bias,12,4.0,0.12,violation,-0.022037766132169234,2.4
SRCBF,0.4,0.45,bias,12,4.0,0.12,arrived,0.08289027882855127,6.400000000000001
RCBF,0.4,0.45,bias,13,4.0,0.12,violation,-0.044976861353706044,2.4
SRCBF,0.4,0.45,bias,13,4.0,0.12,arrived,0.11959682054033594,6.800000000000002
RCBF,0.4,0.45,bias,14,4.0,0.12,arrived,0.021774929182849068,9.200000000000003
SRCBF,0.4,0.45,bias,14,4.0,0.12,arrived,0.08081195397431085,9.600000000000003
RCBF,0.4,0.45,bias,15,4.0,0.12,arrived,0.004509764130941951,6.800000000000002
SRCBF,0.4,0.45,bias,15,4.0,0.12,arrived,0.14001852951262006,7.200000000000002
RCBF,0.4,0.45,bias,16,4.0,0.12,arrived,0.013512963339632478,9.200000000000003
SRCBF,0.4,0.45,bias,16,4.0,0.12,arrived,0.10417011108193852,9.600000000000003
RCBF,0.4,0.45,bias,17,4.0,0.12,violation,-0.04520532249426401,2.4
SRCBF,0.4,0.45,bias,17,4.0,0.12,arrived,0.025005211460708554,7.600000000000002
RCBF,0.4,0.45,bias,18,4.0,0.12,arrived,0.050576830209561385,8.000000000000002
SRCBF,0.4,0.45,bias,18,4.0,0.12,arrived,0.16491041528980266,8.000000000000002
RCBF,0.4,0.45,bias,19,4.0,0.12,violation,-0.024113327897371306,2.4
SRCBF,0.4,0.45,bias,19,4.0,0.12,arrived,0.09098579122092154,6.400000000000001
RCBF,0.4,0.45,inward,0,4.0,0.12,violation,-0.013427453596609129,2.4
SRCBF,0.4,0.45,inward,0,4.0,0.12,arrived,0.03400440226274348,8.400000000000002
RCBF,0.4,0.45,inward,1,4.0,0.12,violation,-0.016014897239265857,2.4
SRCBF,0.4,0.45,inward,1,4.0,0.12,arrived,0.03489137213620741,8.400000000000002
RCBF,0.4,0.45,inward,2,4.0,0.12,violation,-0.021453053781274045,2.4
SRCBF,0.4,0.45,inward,2,4.0,0.12,arrived,0.03667027880155749,8.400000000000002
RCBF,0.4,0.45,inward,3,4.0,0.12,violation,-0.02548486781582071,2.4
SRCBF,0.4,0.45,inward,3,4.0,0.12,arrived,0.037923758096270466,8.400000000000002
RCBF,0.4,0.45,inward,4,4.0,0.12,violation,-0.007478906613311742,2.4
SRCBF,0.4,0.45,inward,4,4.0,0.12,arrived,0.0318466848347676,8.400000000000002
RCBF,0.4,0.45,inward,5,4.0,0.12,violation,-0.010094334926711968,2.4
SRCBF,0.4,0.45,inward,5,4.0,0.12,arrived,0.03281746288644616,8.400000000000002
RCBF,0.4,0.45,inward,6,4.0,0.12,violation,-0.01546282061583193,2.4
SRCBF,0.4,0.45,inward,6,4.0,0.12,arrived,0.03470447471037974,8.400000000000002
RCBF,0.4,0.45,inward,7,4.0,0.12,violation,-0.013668969226380612,2.4
SRCBF,0.4,0.45,inward,7,4.0,0.12,arrived,0.03408840691834736,8.400000000000002
RCBF,0.4,0.45,inward,8,4.0,0.12,violation,-0.019998792755505312,2.4
SRCBF,0.4,0.45,inward,8,4.0,0.12,arrived,0.0362050609625334,8.400000000000002
RCBF,0.4,0.45,inward,9,4.0,0.12,violation,-0.008844330260344813,2.4
SRCBF,0.4,0.45,inward,9,4.0,0.12,arrived,0.03235811936179833,8.400000000000002
RCBF,0.4,0.45,inward,10,4.0,0.12,violation,-0.007239388704331162,2.4
SRCBF,0.4,0.45,inward,10,4.0,0.12,arrived,0.031755880788584934,8.400000000000002
RCBF,0.4,0.45,inward,11,4.0,0.12,violation,-0.024485853027574223,2.4
SRCBF,0.4,0.45,inward,11,4.0,0.12,arrived,0.03761792399667141,8.400000000000002
RCBF,0.4,0.45,inward,12,4.0,0.12,violation,-0.021695349280965615,2.4
SRCBF,0.4,0.45,inward,12,4.0,0.12,arrived,0.036747088861828314,8.400000000000002
RCBF,0.4,0.45,inward,13,4.0,0.12,violation,-0.008947821437783166,2.4
SRCBF,0.4,0.45,inward,13,4.0,0.12,arrived,0.032396463792952246,8.400000000000002
RCBF,0.4,0.45,inward,14,4.0,0.12,violation,-0.009593618804765058,2.4
SRCBF,0.4,0.45,inward,14,4.0,0.12,arrived,0.03263444662763837,8.400000000000002
RCBF,0.4,0.45,inward,15,4.0,0.12,violation,-0.01230294617832317,2.4
SRCBF,0.4,0.45,inward,15,4.0,0.12,arrived,0.03360982126977896,8.400000000000002
RCBF,0.4,0.45,inward,16,4.0,0.12,violation,-0.014864738043866677,2.4
SRCBF,0.4,0.45,inward,16,4.0,0.12,arrived,0.034500587883186884,8.400000000000002
RCBF,0.4,0.45,inward,17,4.0,0.12,violation,-0.009323682723946791,2.4
SRCBF,0.4,0.45,inward,17,4.0,0.12,arrived,0.032535241158906936,8.400000000000002
RCBF,0.4,0.45,inward,18,4.0,0.12,violation,-0.01841704442857095,2.4
SRCBF,0.4,0.45,inward,18,4.0,0.12,arrived,0.035690592190264714,8.400000000000002
RCBF,0.4,0.45,inward,19,4.0,0.12,violation,-0.0179617301373467,2.4
SRCBF,0.4,0.45,inward,19,4.0,0.12,arrived,0.03554080162597428,8.400000000000002
RCBF,0.5,0.15,bias,0,4.0,0.12,violation,-0.15798655376477644,2.5
SRCBF,0.5,0.15,bias,0,4.0,0.12,arrived,0.09449087983510762,10.5
RCBF,0.5,0.15,bias,1,4.0,0.12,violation,-3.597081036199601e-05,2.0
SRCBF,0.5,0.15,bias,1,4.0,0.12,arrived,0.0328422567537654,7.5
RCBF,0.5,0.15,bias,2,4.0,0.12,violation,-0.19167509638141744,2.5
SRCBF,0.5,0.15,bias,2,4.0,0.12,arrived,0.09990405691330972,11.0
RCBF,0.5,0.15,bias,3,4.0,0.12,violation,-0.1232744858083864,2.5
SRCBF,0.5,0.15,bias,3,4.0,0.12,arrived,0.07206164590456221,10.5
RCBF,0.5,0.15,bias,4,4.0,0.12,arrived,0.009101741716671885,10.5
SRCBF,0.5,0.15,bias,4,4.0,0.12,arrived,0.1426105942719167,11.0
RCBF,0.5,0.15,bias,5,4.0,0.12,violation,-0.07933123651574259,2.5
SRCBF,0.5,0.15,bias,5,4.0,0.12,arrived,0.10088350208611219,8.0
RCBF,0.5,0.15,bias,6,4.0,0.12,violation,-0.13108058687087554,2.5
SRCBF,0.5,0.15,bias,6,4.0,0.12,arrived,0.11649272850167136,11.5
RCBF,0.5,0.15,bias,7,4.0,0.12,violation,-0.0012276425535607816,2.5
SRCBF,0.5,0.15,bias,7,4.0,0.12,arrived,0.057546370640996325,7.5
RCBF,0.5,0.15,bias,8,4.0,0.12,violation,-0.017125126153527903,2.0
SRCBF,0.5,0.15,bias,8,4.0,0.12,arrived,0.020755344475513526,7.5
RCBF,0.5,0.15,bias,9,4.0,0.12,violation,-0.17713218009880893,2.5
SRCBF,0.5,0.15,bias,9,4.0,0.12,arrived,0.10395212972812018,10.5
RCBF,0.5,0.15,bias,10,4.0,0.12,violation,-0.08825574933793279,2.5
SRCBF,0.5,0.15,bias,10,4.0,0.12,arrived,0.07122320536928084,9.5
RCBF,0.5,0.15,bias,11,4.0,0.12,arrived,0.021029334499754082,10.5
SRCBF,0.5,0.15,bias,11,4.0,0.12,arrived,0.14208019473522826,11.0
RCBF,0.5,0.15,bias,12,4.0,0.12,arrived,0.009559800675509766,7.0
SRCBF,0.5,0.15,bias,12,4.0,0.12,arrived,0.038519522500708225,7.0
RCBF,0.5,0.15,bias,13,4.0,0.12,violation,-0.0311699082302076,2.5
SRCBF,0.5,0.15,bias,13,4.0,0.12,arrived,0.07545150783274546,7.5
RCBF,0.5,0.15,bias,14,4.0,0.12,violation,-0.10315434615515828,2.5
SRCBF,0.5,0.15,bias,14,4.0,0.12,arrived,0.12325670024319069,11.5
RCBF,0.5,0.15,bias,15,4.0,0.12,violation,-0.07286036410082164,2.5
SRCBF,0.5,0.15,bias,15,4.0,0.12,arrived,0.09873215381902023,8.0
RCBF,0.5,0.15,bias,16,4.0,0.12,violation,-0.0265892143368891,2.5
SRCBF,0.5,0.15,bias,16,4.0,0.12,arrived,0.12020370595379626,14.0
RCBF,0.5,0.15,bias,17,4.0,0.12,violation,-0.04132714889125555,2.5
SRCBF,0.5,0.15,bias,17,4.0,0.12,arrived,0.04630309760883067,9.5
RCBF,0.5,0.15,bias,18,4.0,0.12,violation,-0.11327352402309188,2.5
SRCBF,0.5,0.15,bias,18,4.0,0.12,arrived,0.14506694059255487,8.5
RCBF,0.5,0.15,bias,19,4.0,0.12,arrived,0.011943273752655803,7.0
SRCBF,0.5,0.15,bias,19,4.0,0.12,arrived,0.04609379896013999,7.5
RCBF,0.5,0.15,inward,0,4.0,0.12,violation,-0.02971860276752747,2.0
SRCBF,0.5,0.15,inward,0,4.0,0.12,arrived,0.009113099688589643,9.5
RCBF,0.5,0.15,inward,1,4.0,0.12,violation,-0.02768934099410081,2.0
SRCBF,0.5,0.15,inward,1,4.0,0.12,arrived,0.010224048822379816,9.5
RCBF,0.5,0.15,inward,2,4.0,0.12,violation,-0.023021826983392835,2.0
SRCBF,0.5,0.15,inward,2,4.0,0.12,arrived,0.011769780315600165,9.5
RCBF,0.5,0.15,inward,3,4.0,0.12,violation,-0.019257867846583676,2.0
SRCBF,0.5,0.15,inward,3,4.0,0.12,arrived,0.012863753280205725,9.5
RCBF,0.5,0.15,inward,4,4.0,0.12,violation,-0.03381374368990864,2.0
SRCBF,0.5,0.15,inward,4,4.0,0.12,arrived,0.006580132656680782,10.0
RCBF,0.5,0.15,inward,5,4.0,0.12,violation,-0.0321201548761314,2.0
SRCBF,0.5,0.15,inward,5,4.0,0.12,arrived,0.007670912994924062,10.0
RCBF,0.5,0.15,inward,6,4.0,0.12,violation,-0.028133513956727252,2.0
SRCBF,0.5,0.15,inward,6,4.0,0.12,arrived,0.010017315930594073,9.5
RCBF,0.5,0.15,inward,7,4.0,0.12,violation,-0.02953497581381037,2.0
SRCBF,0.5,0.15,inward,7,4.0,0.12,arrived,0.009219542426771032,9.5
RCBF,0.5,0.15,inward,8,4.0,0.12,violation,-0.024319072756828874,2.0
SRCBF,0.5,0.15,inward,8,4.0,0.12,arrived,0.011366437201070778,9.5
RCBF,0.5,0.15,inward,9,4.0,0.12,violation,-0.032952095230352474,2.0
SRCBF,0.5,0.15,inward,9,4.0,0.12,arrived,0.0071445906636025125,10.0
RCBF,0.5,0.15,inward,10,4.0,0.12,violation,-0.03395956885608431,2.0
SRCBF,0.5,0.15,inward,10,4.0,0.12,arrived,0.006482324003405204,10.0
RCBF,0.5,0.15,inward,11,4.0,0.12,violation,-0.020212315610705467,2.0
SRCBF,0.5,0.15,inward,11,4.0,0.12,arrived,0.012595369854424332,9.5
RCBF,0.5,0.15,inward,12,4.0,0.12,violation,-0.022802444451105797,2.0
SRCBF,0.5,0.15,inward,12,4.0,0.12,arrived,0.011836449398937576,9.5
RCBF,0.5,0.15,inward,13,4.0,0.12,violation,-0.03288474347257697,2.0
SRCBF,0.5,0.15,inward,13,4.0,0.12,arrived,0.007187831060801564,10.0
RCBF,0.5,0.15,inward,14,4.0,0.12,violation,-0.03245818293178515,2.0
SRCBF,0.5,0.15,inward,14,4.0,0.12,arrived,0.0074590399935690055,10.0
RCBF,0.5,0.15,inward,15,4.0,0.12,violation,-0.030557039197673275,2.0
SRCBF,0.5,0.15,inward,15,4.0,0.12,arrived,0.008620764348345356,10.0
RCBF,0.5,0.15,inward,16,4.0,0.12,violation,-0.028607984143763754,2.0
SRCBF,0.5,0.15,inward,16,4.0,0.12,arrived,0.009749978335792941,9.5
RCBF,0.5,0.15,inward,17,4.0,0.12,violation,-0.032637786273360336,2.0
SRCBF,0.5,0.15,inward,17,4.0,0.12,arrived,0.007345390952284814,10.0
RCBF,0.5,0.15,inward,18,4.0,0.12,violation,-0.02569058551852288,2.0
SRCBF,0.5,0.15,inward,18,4.0,0.12,arrived,0.01092043852998592,9.5
RCBF,0.5,0.15,inward,19,4.0,0.12,violation,-0.026077431210265845,2.0
SRCBF,0.5,0.15,inward,19,4.0,0.12,arrived,0.010790388050476163,9.5
RCBF,0.5,0.45,bias,0,4.0,0.12,violation,-0.19710840908967275,2.5
SRCBF,0.5,0.45,bias,0,4.0,0.12,arrived,0.061124281065563446,9.0
RCBF,0.5,0.45,bias,1,4.0,0.12,violation,-0.0346465994498667,2.5
SRCBF,0.5,0.45,bias,1,4.0,0.12,arrived,0.09291925694258996,6.5
RCBF,0.5,0.45,bias,2,4.0,0.12,violation,-0.16114469169724177,2.5
SRCBF,0.5,0.45,bias,2,4.0,0.12,arrived,0.07221444643668329,9.0
RCBF,0.5,0.45,bias,3,4.0,0.12,violation,-0.1751748461888688,2.5
SRCBF,0.5,0.45,bias,3,4.0,0.12,arrived,0.05088267421904913,8.0
RCBF,0.5,0.45,bias,4,4.0,0.12,arrived,0.03709248545681465,9.0
SRCBF,0.5,0.45,bias,4,4.0,0.12,arrived,0.1565975173026053,9.5
RCBF,0.5,0.45,bias,5,4.0,0.12,violation,-0.044637068623289755,2.5
SRCBF,0.5,0.45,bias,5,4.0,0.12,arrived,0.15999383082234997,7.0
RCBF,0.5,0.45,bias,6,4.0,0.12,violation,-0.08938187597770075,2.5
SRCBF,0.5,0.45,bias,6,4.0,0.12,arrived,0.09061049195611925,9.5
RCBF,0.5,0.45,bias,7,4.0,0.12,violation,-0.0641516118407055,2.5
SRCBF,0.5,0.45,bias,7,4.0,0.12,arrived,0.1214890180912469,6.5
RCBF,0.5,0.45,bias,8,4.0,0.12,violation,-0.028773739335366866,2.5
SRCBF,0.5,0.45,bias,8,4.0,0.12,arrived,0.07528660679332289,6.5
RCBF,0.5,0.45,bias,9,4.0,0.12,violation,-0.20122733041657026,2.5
SRCBF,0.5,0.45,bias,9,4.0,0.12,arrived,0.06802403846886895,9.0
RCBF,0.5,0.45,bias,10,4.0,0.12,violation,-0.1224445454131935,2.5
SRCBF,0.5,0.45,bias,10,4.0,0.12,arrived,0.04047296559696112,8.5
RCBF,0.5,0.45,bias,11,4.0,0.12,arrived,0.00760342065907571,9.0
SRCBF,0.5,0.45,bias,11,4.0,0.12,arrived,0.15471770783595928,9.0
RCBF,0.5,0.45,bias,12,4.0,0.12,violation,-0.046210210310728694,2.5
SRCBF,0.5,0.45,bias,12,4.0,0.12,arrived,0.10052045279687816,6.5
RCBF,0.5,0.45,bias,13,4.0,0.12,violation,-0.09212930507436501,2.5
SRCBF,0.5,0.45,bias,13,4.0,0.12,arrived,0.1385629655961671,7.0
RCBF,0.5,0.45,bias,14,4.0,0.12,violation,-0.06785977124901088,2.5
SRCBF,0.5,0.45,bias,14,4.0,0.12,arrived,0.09755504697203066,9.5
RCBF,0.5,0.45,bias,15,4.0,0.12,violation,-0.04661354664402828,2.5
SRCBF,0.5,0.45,bias,15,4.0,0.12,arrived,0.1588419115474934,7.0
RCBF,0.5,0.45,bias,16,4.0,0.12,arrived,0.04456254263599024,9.5
SRCBF,0.5,0.45,bias,16,4.0,0.12,arrived,0.1271720700979404,9.5
RCBF,0.5,0.45,bias,17,4.0,0.12,violation,-0.08024009624739159,2.5
SRCBF,0.5,0.45,bias,17,4.0,0.12,arrived,0.03120935530246205,7.5
RCBF,0.5,0.45,bias,18,4.0,0.12,arrived,0.07823557011437687,7.5
SRCBF,0.5,0.45,bias,18,4.0,0.12,arrived,0.18940696481324049,8.0
RCBF,0.5,0.45,bias,19,4.0,0.12,violation,-0.05156254153931816,2.5
SRCBF,0.5,0.45,bias,19,4.0,0.12,arrived,0.10935279352102845,6.5
RCBF,0.5,0.45,inward,0,4.0,0.12,violation,-0.023862569787481358,2.5
SRCBF,0.5,0.45,inward,0,4.0,0.12,arrived,0.03875816614233196,8.5
RCBF,0.5,0.45,inward,1,4.0,0.12,violation,-0.028126986527443387,2.5
SRCBF,0.5,0.45,inward,1,4.0,0.12,arrived,0.03993731874669304,8.5
RCBF,0.5,0.45,inward,2,4.0,0.12,violation,-0.03705936322962655,2.5
SRCBF,0.5,0.45,inward,2,4.0,0.12,arrived,0.04230196633753913,8.5
RCBF,0.5,0.45,inward,3,4.0,0.12,violation,-0.04365641556030664,2.5
SRCBF,0.5,0.45,inward,3,4.0,0.12,arrived,0.04396695882150292,8.0
RCBF,0.5,0.45,inward,4,4.0,0.12,violation,-0.014020794612821574,2.5
SRCBF,0.5,0.45,inward,4,4.0,0.12,arrived,0.03589192549117415,8.5
RCBF,0.5,0.45,inward,5,4.0,0.12,violation,-0.018354703694190344,2.5
SRCBF,0.5,0.45,inward,5,4.0,0.12,arrived,0.03718085179421893,8.5
RCBF,0.5,0.45,inward,6,4.0,0.12,violation,-0.027217900470605794,2.5
SRCBF,0.5,0.45,inward,6,4.0,0.12,arrived,0.039688842114393164,8.5
RCBF,0.5,0.45,inward,7,4.0,0.12,violation,-0.024261024542048926,2.5
SRCBF,0.5,0.45,inward,7,4.0,0.12,arrived,0.0388698337353266,8.5
RCBF,0.5,0.45,inward,8,4.0,0.12,violation,-0.03467460589997773,2.5
SRCBF,0.5,0.45,inward,8,4.0,0.12,arrived,0.04168369574122399,8.5
RCBF,0.5,0.45,inward,9,4.0,0.12,violation,-0.016284732692485537,2.5
SRCBF,0.5,0.45,inward,9,4.0,0.12,arrived,0.03657080273081326,8.5
RCBF,0.5,0.45,inward,10,4.0,0.12,violation,-0.01362335087522104,2.5
SRCBF,0.5,0.45,inward,10,4.0,0.12,arrived,0.035771437841335074,8.5
RCBF,0.5,0.45,inward,11,4.0,0.12,violation,-0.04202373496005718,2.5
SRCBF,0.5,0.45,inward,11,4.0,0.12,arrived,0.04356086154593508,8.0
RCBF,0.5,0.45,inward,12,4.0,0.12,violation,-0.03745641696272528,2.5
SRCBF,0.5,0.45,inward,12,4.0,0.12,arrived,0.042404032370484956,8.0
RCBF,0.5,0.45,inward,13,4.0,0.12,violation,-0.01645620434286932,2.5
SRCBF,0.5,0.45,inward,13,4.0,0.12,arrived,0.036621717036360635,8.5
RCBF,0.5,0.45,inward,14,4.0,0.12,violation,-0.01752582626104282,2.5
SRCBF,0.5,0.45,inward,14,4.0,0.12,arrived,0.03693775828119339,8.5
RCBF,0.5,0.45,inward,15,4.0,0.12,violation,-0.022006219241373803,2.5
SRCBF,0.5,0.45,inward,15,4.0,0.12,arrived,0.03823369601944604,8.5
RCBF,0.5,0.45,inward,16,4.0,0.12,violation,-0.026232570225631302,2.5
SRCBF,0.5,0.45,inward,16,4.0,0.12,arrived,0.039417782563443526,8.5
RCBF,0.5,0.45,inward,17,4.0,0.12,violation,-0.0170788160424985,2.5
SRCBF,0.5,0.45,inward,17,4.0,0.12,arrived,0.03680600443254667,8.5
RCBF,0.5,0.45,inward,18,4.0,0.12,violation,-0.032077569610341805,2.5
SRCBF,0.5,0.45,inward,18,4.0,0.12,arrived,0.04099983694234466,8.5
RCBF,0.5,0.45,inward,19,4.0,0.12,violation,-0.03132936943451525,2.5
SRCBF,0.5,0.45,inward,19,4.0,0.12,arrived,0.040800708459039714,8.5
RCBF,0.6,0.15,bias,0,4.0,0.12,violation,-0.15579555241721543,2.4
SRCBF,0.6,0.15,bias,0,4.0,0.12,arrived,0.10645392221788641,10.199999999999998
RCBF,0.6,0.15,bias,1,4.0,0.12,violation,-0.271068561998716,2.4
SRCBF,0.6,0.15,bias,1,4.0,0.12,arrived,0.039041215879579205,7.199999999999998
RCBF,0.6,0.15,bias,2,4.0,0.12,violation,-0.11105638906721149,2.4
SRCBF,0.6,0.15,bias,2,4.0,0.12,arrived,0.11268708327496701,11.399999999999997
RCBF,0.6,0.15,bias,3,4.0,0.12,violation,-0.22160220138026065,2.4
SRCBF,0.6,0.15,bias,3,4.0,0.12,arrived,0.08158933606595131,10.799999999999997
RCBF,0.6,0.15,bias,4,4.0,0.12,violation,-0.02551937590174458,4.2
SRCBF,0.6,0.15,bias,4,4.0,0.12,arrived,0.16310610281615934,11.399999999999997
RCBF,0.6,0.15,bias,5,4.0,0.12,violation,-0.19676145749554386,2.4
SRCBF,0.6,0.15,bias,5,4.0,0.12,arrived,0.11582492067017602,7.799999999999998
RCBF,0.6,0.15,bias,6,4.0,0.12,violation,-0.03836034031581825,2.4
SRCBF,0.6,0.15,bias,6,4.0,0.12,arrived,0.1315229899489243,11.399999999999997
RCBF,0.6,0.15,bias,7,4.0,0.12,violation,-0.2995962301036167,2.4
SRCBF,0.6,0.15,bias,7,4.0,0.12,arrived,0.0664698902658063,7.199999999999998
RCBF,0.6,0.15,bias,8,4.0,0.12,violation,-0.2654371293033375,2.4
SRCBF,0.6,0.15,bias,8,4.0,0.12,arrived,0.025849519625161577,7.799999999999998
RCBF,0.6,0.15,bias,9,4.0,0.12,violation,-0.12257738231275539,2.4
SRCBF,0.6,0.15,bias,9,4.0,0.12,arrived,0.11707022864666339,10.199999999999998
RCBF,0.6,0.15,bias,10,4.0,0.12,violation,-0.2603515728235216,2.4
SRCBF,0.6,0.15,bias,10,4.0,0.12,arrived,0.0821479613383419,9.599999999999998
RCBF,0.6,0.15,bias,11,4.0,0.12,violation,-0.0010942823997321938,3.0
SRCBF,0.6,0.15,bias,11,4.0,0.12,arrived,0.16288058711919384,10.799999999999997
RCBF,0.6,0.15,bias,12,4.0,0.12,violation,-0.2759884497320735,2.4
SRCBF,0.6,0.15,bias,12,4.0,0.12,arrived,0.045108490891807684,7.199999999999998
RCBF,0.6,0.15,bias,13,4.0,0.12,violation,-0.2809450116301242,2.4
SRCBF,0.6,0.15,bias,13,4.0,0.12,arrived,0.08734898549902892,7.799999999999998
RCBF,0.6,0.15,bias,14,4.0,0.12,violation,-0.01158574545244262,2.4
SRCBF,0.6,0.15,bias,14,4.0,0.12,arrived,0.13924135407801763,11.999999999999996
RCBF,0.6,0.15,bias,15,4.0,0.12,violation,-0.20392687684522004,2.4
SRCBF,0.6,0.15,bias,15,4.0,0.12,arrived,0.113424305553254,7.799999999999998
RCBF,0.6,0.15,bias,16,4.0,0.12,violation,-0.004514695418894599,6.599999999999999
SRCBF,0.6,0.15,bias,16,4.0,0.12,arrived,0.14010943833540368,14.399999999999995
RCBF,0.6,0.15,bias,17,4.0,0.12,violation,-0.34421091246154134,2.4
SRCBF,0.6,0.15,bias,17,4.0,0.12,arrived,0.05249200913612273,9.599999999999998
RCBF,0.6,0.15,bias,18,4.0,0.12,violation,-0.033302047948580826,2.4
SRCBF,0.6,0.15,bias,18,4.0,0.12,arrived,0.16237829041442142,8.999999999999998
RCBF,0.6,0.15,bias,19,4.0,0.12,violation,-0.28345106676973686,2.4
SRCBF,0.6,0.15,bias,19,4.0,0.12,arrived,0.053501306710118324,7.199999999999998
RCBF,0.6,0.15,inward,0,4.0,0.12,violation,-0.2631677270894618,2.4
SRCBF,0.6,0.15,inward,0,4.0,0.12,arrived,0.010685948217038943,9.599999999999998
RCBF,0.6,0.15,inward,1,4.0,0.12,violation,-0.2647014121800685,2.4
SRCBF,0.6,0.15,inward,1,4.0,0.12,arrived,0.012032342481131386,9.599999999999998
RCBF,0.6,0.15,inward,2,4.0,0.12,violation,-0.26835904825337653,2.4
SRCBF,0.6,0.15,inward,2,4.0,0.12,arrived,0.014939708269698038,9.599999999999998
RCBF,0.6,0.15,inward,3,4.0,0.12,violation,-0.2713972100881281,2.4
SRCBF,0.6,0.15,inward,3,4.0,0.12,arrived,0.017138371338155878,9.599999999999998
RCBF,0.6,0.15,inward,4,4.0,0.12,violation,-0.2602583341406669,2.4
SRCBF,0.6,0.15,inward,4,4.0,0.12,arrived,0.0077228373967132,10.199999999999998
RCBF,0.6,0.15,inward,5,4.0,0.12,violation,-0.2614217828573542,2.4
SRCBF,0.6,0.15,inward,5,4.0,0.12,arrived,0.008999285580233773,9.599999999999998
RCBF,0.6,0.15,inward,6,4.0,0.12,violation,-0.2643620834839565,2.4
SRCBF,0.6,0.15,inward,6,4.0,0.12,arrived,0.011742719777618316,9.599999999999998
RCBF,0.6,0.15,inward,7,4.0,0.12,violation,-0.2633046311794871,2.4
SRCBF,0.6,0.15,inward,7,4.0,0.12,arrived,0.010810380545954068,9.599999999999998
RCBF,0.6,0.15,inward,8,4.0,0.12,violation,-0.26732807795553615,2.4
SRCBF,0.6,0.15,inward,8,4.0,0.12,arrived,0.014153766842550874,9.599999999999998
RCBF,0.6,0.15,inward,9,4.0,0.12,violation,-0.260841350468732,2.4
SRCBF,0.6,0.15,inward,9,4.0,0.12,arrived,0.008383442575066291,9.599999999999998
RCBF,0.6,0.15,inward,10,4.0,0.12,violation,-0.2601618280973752,2.4
SRCBF,0.6,0.15,inward,10,4.0,0.12,arrived,0.007608356118632975,10.199999999999998
RCBF,0.6,0.15,inward,11,4.0,0.12,violation,-0.270621019664845,2.4
SRCBF,0.6,0.15,inward,11,4.0,0.12,arrived,0.01659389940789502,9.599999999999998
RCBF,0.6,0.15,inward,12,4.0,0.12,violation,-0.26853431149842755,2.4
SRCBF,0.6,0.15,inward,12,4.0,0.12,arrived,0.015071155234615219,9.599999999999998
RCBF,0.6,0.15,inward,13,4.0,0.12,violation,-0.2608877530489372,2.4
SRCBF,0.6,0.15,inward,13,4.0,0.12,arrived,0.00843404272894488,9.599999999999998
RCBF,0.6,0.15,inward,14,4.0,0.12,violation,-0.26118410734645126,2.4
SRCBF,0.6,0.15,inward,14,4.0,0.12,arrived,0.008751392509064204,9.599999999999998
RCBF,0.6,0.15,inward,15,4.0,0.12,violation,-0.2625481741154212,2.4
SRCBF,0.6,0.15,inward,15,4.0,0.12,arrived,0.010110302727380116,9.599999999999998
RCBF,0.6,0.15,inward,16,4.0,0.12,violation,-0.2640017300601534,2.4
SRCBF,0.6,0.15,inward,16,4.0,0.12,arrived,0.01143034161584211,9.599999999999998
RCBF,0.6,0.15,inward,17,4.0,0.12,violation,-0.2610588208459189,2.4
SRCBF,0.6,0.15,inward,17,4.0,0.12,arrived,0.008618412713159218,9.599999999999998
RCBF,0.6,0.15,inward,18,4.0,0.12,violation,-0.26624919991686546,2.4
SRCBF,0.6,0.15,inward,18,4.0,0.12,arrived,0.013305422232928077,9.599999999999998
RCBF,0.6,0.15,inward,19,4.0,0.12,violation,-0.26594720612631684,2.4
SRCBF,0.6,0.15,inward,19,4.0,0.12,arrived,0.013062617128754228,9.599999999999998
RCBF,0.6,0.45,bias,0,4.0,0.12,violation,-0.1317258196030009,2.4
SRCBF,0.6,0.45,bias,0,4.0,0.12,arrived,0.07221698206347071,8.999999999999998
RCBF,0.6,0.45,bias,1,4.0,0.12,violation,-0.18588913957760256,2.4
SRCBF,0.6,0.45,bias,1,4.0,0.12,arrived,0.1005524982142556,6.599999999999999
RCBF,0.6,0.45,bias,2,4.0,0.12,violation,-0.06980645870638269,2.4
SRCBF,0.6,0.45,bias,2,4.0,0.12,arrived,0.08535507686986465,8.999999999999998
RCBF,0.6,0.45,bias,3,4.0,0.12,violation,-0.16950364783223704,2.4
SRCBF,0.6,0.45,bias,3,4.0,0.12,arrived,0.059701530014813486,8.399999999999999
RCBF,0.6,0.45,bias,4,4.0,0.12,violation,-0.07810203265669136,3.0
SRCBF,0.6,0.45,bias,4,4.0,0.12,arrived,0.17914824462059253,9.599999999999998
RCBF,0.6,0.45,bias,5,4.0,0.12,arrived,0.011295227565551902,7.199999999999998
SRCBF,0.6,0.45,bias,5,4.0,0.12,arrived,0.1739224063894046,7.199999999999998
RCBF,0.6,0.45,bias,6,4.0,0.12,violation,-0.00030126159102472627,2.4
SRCBF,0.6,0.45,bias,6,4.0,0.12,arrived,0.1060154255265946,9.599999999999998
RCBF,0.6,0.45,bias,7,4.0,0.12,violation,-0.11269252551905284,2.4
SRCBF,0.6,0.45,bias,7,4.0,0.12,arrived,0.13087442254354342,6.599999999999999
RCBF,0.6,0.45,bias,8,4.0,0.12,violation,-0.22276362312006226,2.4
SRCBF,0.6,0.45,bias,8,4.0,0.12,arrived,0.08223101721619386,6.599999999999999
RCBF,0.6,0.45,bias,9,4.0,0.12,violation,-0.10750577032273001,2.4
SRCBF,0.6,0.45,bias,9,4.0,0.12,arrived,0.07950837763267993,8.999999999999998
RCBF,0.6,0.45,bias,10,4.0,0.12,violation,-0.24426277158467435,2.4
SRCBF,0.6,0.45,bias,10,4.0,0.12,arrived,0.04773279618595039,8.399999999999999
RCBF,0.6,0.45,bias,11,4.0,0.12,violation,-0.11519222330500134,3.0
SRCBF,0.6,0.45,bias,11,4.0,0.12,arrived,0.17741985098507607,8.999999999999998
RCBF,0.6,0.45,bias,12,4.0,0.12,violation,-0.15918031622607454,2.4
SRCBF,0.6,0.45,bias,12,4.0,0.12,arrived,0.10806065470913795,6.599999999999999
RCBF,0.6,0.45,bias,13,4.0,0.12,violation,-0.06541609615597843,2.4
SRCBF,0.6,0.45,bias,13,4.0,0.12,arrived,0.1499861265817124,6.599999999999999
RCBF,0.6,0.45,bias,14,4.0,0.12,violation,-0.00037585617810798055,3.6
SRCBF,0.6,0.45,bias,14,4.0,0.12,arrived,0.11474624074172146,9.599999999999998
RCBF,0.6,0.45,bias,15,4.0,0.12,arrived,0.008302837686542275,7.199999999999998
SRCBF,0.6,0.45,bias,15,4.0,0.12,arrived,0.1723989134997116,7.199999999999998
RCBF,0.6,0.45,bias,16,4.0,0.12,violation,-0.03408712637106737,3.0
SRCBF,0.6,0.45,bias,16,4.0,0.12,arrived,0.14852275619858768,9.599999999999998
RCBF,0.6,0.45,bias,17,4.0,0.12,violation,-0.30135194618503136,2.4
SRCBF,0.6,0.45,bias,17,4.0,0.12,arrived,0.03680347283746721,7.799999999999998
RCBF,0.6,0.45,bias,18,4.0,0.12,arrived,0.040777575843015335,7.799999999999998
SRCBF,0.6,0.45,bias,18,4.0,0.12,arrived,0.20759606474513337,7.799999999999998
RCBF,0.6,0.45,bias,19,4.0,0.12,violation,-0.1411111947881034,2.4
SRCBF,0.6,0.45,bias,19,4.0,0.12,arrived,0.11756864367552433,6.599999999999999
RCBF,0.6,0.45,inward,0,4.0,0.12,violation,-0.3029375973327014,2.4
SRCBF,0.6,0.45,inward,0,4.0,0.12,arrived,0.04742105553673459,8.399999999999999
RCBF,0.6,0.45,inward,1,4.0,0.12,violation,-0.2949664623327688,2.4
SRCBF,0.6,0.45,inward,1,4.0,0.12,arrived,0.04879126792065536,8.399999999999999
RCBF,0.6,0.45,inward,2,4.0,0.12,violation,-0.2787114220220278,2.4
SRCBF,0.6,0.45,inward,2,4.0,0.12,arrived,0.051543987627358234,8.399999999999999
RCBF,0.6,0.45,inward,3,4.0,0.12,violation,-0.26703940944466553,2.4
SRCBF,0.6,0.45,inward,3,4.0,0.12,arrived,0.05348647062787759,8.399999999999999
RCBF,0.6,0.45,inward,4,4.0,0.12,violation,-0.30333800970019453,2.4
SRCBF,0.6,0.45,inward,4,4.0,0.12,arrived,0.04409660914585545,8.399999999999999
RCBF,0.6,0.45,inward,5,4.0,0.12,violation,-0.30754858996352136,2.4
SRCBF,0.6,0.45,inward,5,4.0,0.12,arrived,0.04559054195064893,8.399999999999999
RCBF,0.6,0.45,inward,6,4.0,0.12,violation,-0.2966534613212727,2.4
SRCBF,0.6,0.45,inward,6,4.0,0.12,arrived,0.048502399308885114,8.399999999999999
RCBF,0.6,0.45,inward,7,4.0,0.12,violation,-0.3021864485026874,2.4
SRCBF,0.6,0.45,inward,7,4.0,0.12,arrived,0.04755075006658649,8.399999999999999
RCBF,0.6,0.45,inward,8,4.0,0.12,violation,-0.2829972080035764,2.4
SRCBF,0.6,0.45,inward,8,4.0,0.12,arrived,0.05082358918264718,8.399999999999999
RCBF,0.6,0.45,inward,9,4.0,0.12,violation,-0.30553802985816725,2.4
SRCBF,0.6,0.45,inward,9,4.0,0.12,arrived,0.044883257692188594,8.399999999999999
RCBF,0.6,0.45,inward,10,4.0,0.12,violation,-0.30295171692853756,2.4
SRCBF,0.6,0.45,inward,10,4.0,0.12,arrived,0.043957040846424156,8.399999999999999
RCBF,0.6,0.45,inward,11,4.0,0.12,violation,-0.26990412148684817,2.4
SRCBF,0.6,0.45,inward,11,4.0,0.12,arrived,0.05301235256554149,8.399999999999999
RCBF,0.6,0.45,inward,12,4.0,0.12,violation,-0.2780014261466809,2.4
SRCBF,0.6,0.45,inward,12,4.0,0.12,arrived,0.05166295981294777,8.399999999999999
RCBF,0.6,0.45,inward,13,4.0,0.12,violation,-0.30570462203493054,2.4
SRCBF,0.6,0.45,inward,13,4.0,0.12,arrived,0.04494227288339003,8.399999999999999
RCBF,0.6,0.45,inward,14,4.0,0.12,violation,-0.3067436442545389,2.4
SRCBF,0.6,0.45,inward,14,4.0,0.12,arrived,0.04530865692853292,8.399999999999999
RCBF,0.6,0.45,inward,15,4.0,0.12,violation,-0.30645522059988584,2.4
SRCBF,0.6,0.45,inward,15,4.0,0.12,arrived,0.04681210037073469,8.399999999999999
RCBF,0.6,0.45,inward,16,4.0,0.12,violation,-0.2984893249852607,2.4
SRCBF,0.6,0.45,inward,16,4.0,0.12,arrived,0.048187357227880034,8.399999999999999
RCBF,0.6,0.45,inward,17,4.0,0.12,violation,-0.3063094579230654,2.4
SRCBF,0.6,0.45,inward,17,4.0,0.12,arrived,0.045155903566572064,8.399999999999999
RCBF,0.6,0.45,inward,18,4.0,0.12,violation,-0.28770793948327966,2.4
SRCBF,0.6,0.45,inward,18,4.0,0.12,arrived,0.05002732157786194,8.399999999999999
RCBF,0.6,0.45,inward,19,4.0,0.12,violation,-0.28907384227019706,2.4
SRCBF,0.6,0.45,inward,19,4.0,0.12,arrived,0.04979556843786315,8.399999999999999
RCBF,0.8,0.15,bias,0,4.0,0.12,violation,-0.155130558965359,2.4000000000000004
SRCBF,0.8,0.15,bias,0,4.0,0.12,arrived,0.13408300323253963,10.4
RCBF,0.8,0.15,bias,1,4.0,0.12,violation,-0.40555213664321127,2.4000000000000004
SRCBF,0.8,0.15,bias,1,4.0,0.12,arrived,0.042707253499171816,7.199999999999999
RCBF,0.8,0.15,bias,2,4.0,0.12,violation,-0.11074193150578238,2.4000000000000004
SRCBF,0.8,0.15,bias,2,4.0,0.12,arrived,0.14115384748550452,11.200000000000001
RCBF,0.8,0.15,bias,3,4.0,0.12,violation,-0.22123690289688946,2.4000000000000004
SRCBF,0.8,0.15,bias,3,4.0,0.12,arrived,0.10243458320591681,10.4
RCBF,0.8,0.15,bias,4,4.0,0.12,violation,-0.011860410232504615,3.2
SRCBF,0.8,0.15,bias,4,4.0,0.12,arrived,0.2051244749576575,11.200000000000001
RCBF,0.8,0.15,bias,5,4.0,0.12,violation,-0.1939731760961385,2.4000000000000004
SRCBF,0.8,0.15,bias,5,4.0,0.12,arrived,0.13254282457169442,7.999999999999999
RCBF,0.8,0.15,bias,6,4.0,0.12,violation,-0.03815037714207148,2.4000000000000004
SRCBF,0.8,0.15,bias,6,4.0,0.12,arrived,0.16426568968024646,12.000000000000002
RCBF,0.8,0.15,bias,7,4.0,0.12,violation,-0.3343892760453153,2.4000000000000004
SRCBF,0.8,0.15,bias,7,4.0,0.12,arrived,0.07412519123648953,7.999999999999999
RCBF,0.8,0.15,bias,8,4.0,0.12,violation,-0.43618681387988134,2.4000000000000004
SRCBF,0.8,0.15,bias,8,4.0,0.12,arrived,0.02805802266332491,7.999999999999999
RCBF,0.8,0.15,bias,9,4.0,0.12,violation,-0.12186032603717678,2.4000000000000004
SRCBF,0.8,0.15,bias,9,4.0,0.12,arrived,0.14722017818165434,10.4
RCBF,0.8,0.15,bias,10,4.0,0.12,violation,-0.2593513130241474,2.4000000000000004
SRCBF,0.8,0.15,bias,10,4.0,0.12,arrived,0.10065652266702474,9.6
RCBF,0.8,0.15,bias,11,4.0,0.12,violation,-0.0337087482164341,3.2
SRCBF,0.8,0.15,bias,11,4.0,0.12,arrived,0.20533459834158307,10.4
RCBF,0.8,0.15,bias,12,4.0,0.12,violation,-0.38605342185988484,2.4000000000000004
SRCBF,0.8,0.15,bias,12,4.0,0.12,arrived,0.04934997035369992,7.199999999999999
RCBF,0.8,0.15,bias,13,4.0,0.12,violation,-0.27848775035118734,2.4000000000000004
SRCBF,0.8,0.15,bias,13,4.0,0.12,arrived,0.09870060175160955,7.999999999999999
RCBF,0.8,0.15,bias,14,4.0,0.12,violation,-0.011365193688535502,2.4000000000000004
SRCBF,0.8,0.15,bias,14,4.0,0.12,arrived,0.17395147829851298,12.000000000000002
RCBF,0.8,0.15,bias,15,4.0,0.12,violation,-0.20111025303304986,2.4000000000000004
SRCBF,0.8,0.15,bias,15,4.0,0.12,arrived,0.12957585788769976,7.999999999999999
RCBF,0.8,0.15,bias,16,4.0,0.12,violation,-0.004081622375994964,4.8
SRCBF,0.8,0.15,bias,16,4.0,0.12,arrived,0.18070446302332277,14.400000000000004
RCBF,0.8,0.15,bias,17,4.0,0.12,violation,-0.3434953607854564,2.4000000000000004
SRCBF,0.8,0.15,bias,17,4.0,0.12,arrived,0.06614275402995506,9.6
RCBF,0.8,0.15,bias,18,4.0,0.12,violation,-0.030797008791406677,2.4000000000000004
SRCBF,0.8,0.15,bias,18,4.0,0.12,arrived,0.18963818711376557,8.799999999999999
RCBF,0.8,0.15,bias,19,4.0,0.12,violation,-0.3665598944158331,2.4000000000000004
SRCBF,0.8,0.15,bias,19,4.0,0.12,arrived,0.059032044432414166,7.199999999999999
RCBF,0.8,0.15,inward,0,4.0,0.12,violation,-0.4650848475204813,2.4000000000000004
SRCBF,0.8,0.15,inward,0,4.0,0.12,arrived,0.014906437073841206,9.6
RCBF,0.8,0.15,inward,1,4.0,0.12,violation,-0.46131922525177294,2.4000000000000004
SRCBF,0.8,0.15,inward,1,4.0,0.12,arrived,0.016063016252044093,9.6
RCBF,0.8,0.15,inward,2,4.0,0.12,violation,-0.45295447210689965,2.4000000000000004
SRCBF,0.8,0.15,inward,2,4.0,0.12,arrived,0.01826119800752868,9.6
RCBF,0.8,0.15,inward,3,4.0,0.12,violation,-0.44643687139806576,2.4000000000000004
SRCBF,0.8,0.15,inward,3,4.0,0.12,arrived,0.019772093781321498,8.799999999999999
RCBF,0.8,0.15,inward,4,4.0,0.12,violation,-0.4730532943872406,2.4000000000000004
SRCBF,0.8,0.15,inward,4,4.0,0.12,arrived,0.010965376832801188,9.6
RCBF,0.8,0.15,inward,5,4.0,0.12,violation,-0.4696826974018586,2.4000000000000004
SRCBF,0.8,0.15,inward,5,4.0,0.12,arrived,0.012996578718796892,9.6
RCBF,0.8,0.15,inward,6,4.0,0.12,violation,-0.46213562282017623,2.4000000000000004
SRCBF,0.8,0.15,inward,6,4.0,0.12,arrived,0.01582402724755161,9.6
RCBF,0.8,0.15,inward,7,4.0,0.12,violation,-0.4647401127543056,2.4000000000000004
SRCBF,0.8,0.15,inward,7,4.0,0.12,arrived,0.015018692075824847,9.6
RCBF,0.8,0.15,inward,8,4.0,0.12,violation,-0.4552441194802463,2.4000000000000004
SRCBF,0.8,0.15,inward,8,4.0,0.12,arrived,0.017695788958889236,9.6
RCBF,0.8,0.15,inward,9,4.0,0.12,violation,-0.471322205091327,2.4000000000000004
SRCBF,0.8,0.15,inward,9,4.0,0.12,arrived,0.0120163965005321,9.6
RCBF,0.8,0.15,inward,10,4.0,0.12,violation,-0.4733501123021255,2.4000000000000004
SRCBF,0.8,0.15,inward,10,4.0,0.12,arrived,0.010783290559532754,9.6
RCBF,0.8,0.15,inward,11,4.0,0.12,violation,-0.4480732803746966,2.4000000000000004
SRCBF,0.8,0.15,inward,11,4.0,0.12,arrived,0.019404130421988963,8.799999999999999
RCBF,0.8,0.15,inward,12,4.0,0.12,violation,-0.4525696230315506,2.4000000000000004
SRCBF,0.8,0.15,inward,12,4.0,0.12,arrived,0.018354177596993204,9.6
RCBF,0.8,0.15,inward,13,4.0,0.12,violation,-0.4711883906502172,2.4000000000000004
SRCBF,0.8,0.15,inward,13,4.0,0.12,arrived,0.01209691989606132,9.6
RCBF,0.8,0.15,inward,14,4.0,0.12,violation,-0.47034544045629095,2.4000000000000004
SRCBF,0.8,0.15,inward,14,4.0,0.12,arrived,0.012601991857493666,9.6
RCBF,0.8,0.15,inward,15,4.0,0.12,violation,-0.46667026231415226,2.4000000000000004
SRCBF,0.8,0.15,inward,15,4.0,0.12,arrived,0.01436970767518575,9.6
RCBF,0.8,0.15,inward,16,4.0,0.12,violation,-0.4630123539943164,2.4000000000000004
SRCBF,0.8,0.15,inward,16,4.0,0.12,arrived,0.015560697766672127,9.6
RCBF,0.8,0.15,inward,17,4.0,0.12,violation,-0.47069943047474255,2.4000000000000004
SRCBF,0.8,0.15,inward,17,4.0,0.12,arrived,0.012390339833539987,9.6
RCBF,0.8,0.15,inward,18,4.0,0.12,violation,-0.4576927051052891,2.4000000000000004
SRCBF,0.8,0.15,inward,18,4.0,0.12,arrived,0.01706428311870456,9.6
RCBF,0.8,0.15,inward,19,4.0,0.12,violation,-0.4583889434135036,2.4000000000000004
SRCBF,0.8,0.15,inward,19,4.0,0.12,arrived,0.0168787769192158,9.6
RCBF,0.8,0.45,bias,0,4.0,0.12,violation,-0.1334233171931838,2.4000000000000004
SRCBF,0.8,0.45,bias,0,4.0,0.12,arrived,0.09487525494292515,8.799999999999999
RCBF,0.8,0.45,bias,1,4.0,0.12,violation,-0.1844467617638358,2.4000000000000004
SRCBF,0.8,0.45,bias,1,4.0,0.12,arrived,0.11262450605518981,6.3999999999999995
RCBF,0.8,0.45,bias,2,4.0,0.12,violation,-0.0715549246641668,2.4000000000000004
SRCBF,0.8,0.45,bias,2,4.0,0.12,arrived,0.11162586370650152,8.799999999999999
RCBF,0.8,0.45,bias,3,4.0,0.12,violation,-0.17168927556710034,2.4000000000000004
SRCBF,0.8,0.45,bias,3,4.0,0.12,arrived,0.07915504572413001,7.999999999999999
RCBF,0.8,0.45,bias,4,4.0,0.12,violation,-0.13883252852676287,3.2
SRCBF,0.8,0.45,bias,4,4.0,0.12,arrived,0.2301961300547235,8.799999999999999
RCBF,0.8,0.45,bias,5,4.0,0.12,arrived,0.015222044196378404,7.199999999999999
SRCBF,0.8,0.45,bias,5,4.0,0.12,arrived,0.20219248369408582,7.199999999999999
RCBF,0.8,0.45,bias,6,4.0,0.12,violation,-0.001705400892545561,2.4000000000000004
SRCBF,0.8,0.45,bias,6,4.0,0.12,arrived,0.13923948895232974,9.6
RCBF,0.8,0.45,bias,7,4.0,0.12,violation,-0.10991749298074804,2.4000000000000004
SRCBF,0.8,0.45,bias,7,4.0,0.12,arrived,0.14923176942952876,6.3999999999999995
RCBF,0.8,0.45,bias,8,4.0,0.12,violation,-0.22236778006628588,2.4000000000000004
SRCBF,0.8,0.45,bias,8,4.0,0.12,arrived,0.09087276018140267,6.3999999999999995
RCBF,0.8,0.45,bias,9,4.0,0.12,violation,-0.1089996800392391,2.4000000000000004
SRCBF,0.8,0.45,bias,9,4.0,0.12,arrived,0.10555087187537104,9.6
RCBF,0.8,0.45,bias,10,4.0,0.12,violation,-0.24609295444931567,2.4000000000000004
SRCBF,0.8,0.45,bias,10,4.0,0.12,arrived,0.06232050104511433,8.799999999999999
RCBF,0.8,0.45,bias,11,4.0,0.12,violation,-0.18894060840364046,3.2
SRCBF,0.8,0.45,bias,11,4.0,0.12,arrived,0.22923830922096422,8.799999999999999
RCBF,0.8,0.45,bias,12,4.0,0.12,violation,-0.15758984450635194,2.4000000000000004
SRCBF,0.8,0.45,bias,12,4.0,0.12,arrived,0.12147326498057043,6.3999999999999995
RCBF,0.8,0.45,bias,13,4.0,0.12,violation,-0.06193275083499583,2.4000000000000004
SRCBF,0.8,0.45,bias,13,4.0,0.12,arrived,0.1727130914397157,7.199999999999999
RCBF,0.8,0.45,bias,14,4.0,0.12,violation,-0.06810706627766727,4.0
SRCBF,0.8,0.45,bias,14,4.0,0.12,arrived,0.15037402431179892,9.6
RCBF,0.8,0.45,bias,15,4.0,0.12,arrived,0.012209181771766997,7.199999999999999
SRCBF,0.8,0.45,bias,15,4.0,0.12,arrived,0.20026142238727163,7.199999999999999
RCBF,0.8,0.45,bias,16,4.0,0.12,violation,-0.07339445783574838,3.2
SRCBF,0.8,0.45,bias,16,4.0,0.12,arrived,0.19060510936973118,9.6
RCBF,0.8,0.45,bias,17,4.0,0.12,violation,-0.30349318937787045,2.4000000000000004
SRCBF,0.8,0.45,bias,17,4.0,0.12,arrived,0.05005843625315254,7.999999999999999
RCBF,0.8,0.45,bias,18,4.0,0.12,arrived,0.037516698086242584,7.199999999999999
SRCBF,0.8,0.45,bias,18,4.0,0.12,arrived,0.24402837047776393,7.999999999999999
RCBF,0.8,0.45,bias,19,4.0,0.12,violation,-0.1389843809579263,2.4000000000000004
SRCBF,0.8,0.45,bias,19,4.0,0.12,arrived,0.13299891834518718,6.3999999999999995
RCBF,0.8,0.45,inward,0,4.0,0.12,violation,-0.30160848041338206,2.4000000000000004
SRCBF,0.8,0.45,inward,0,4.0,0.12,arrived,0.05348352374364218,7.999999999999999
RCBF,0.8,0.45,inward,1,4.0,0.12,violation,-0.29362077292055055,2.4000000000000004
SRCBF,0.8,0.45,inward,1,4.0,0.12,arrived,0.055043613411841386,7.999999999999999
RCBF,0.8,0.45,inward,2,4.0,0.12,violation,-0.27733810082590804,2.4000000000000004
SRCBF,0.8,0.45,inward,2,4.0,0.12,arrived,0.05818140959098139,7.999999999999999
RCBF,0.8,0.45,inward,3,4.0,0.12,violation,-0.26565099456759944,2.4000000000000004
SRCBF,0.8,0.45,inward,3,4.0,0.12,arrived,0.060398223910591464,7.999999999999999
RCBF,0.8,0.45,inward,4,4.0,0.12,violation,-0.32067761087041113,2.4000000000000004
SRCBF,0.8,0.45,inward,4,4.0,0.12,arrived,0.049703960588383556,7.999999999999999
RCBF,0.8,0.45,inward,5,4.0,0.12,violation,-0.3121620253887946,2.4000000000000004
SRCBF,0.8,0.45,inward,5,4.0,0.12,arrived,0.051401394280261026,7.999999999999999
RCBF,0.8,0.45,inward,6,4.0,0.12,violation,-0.29531110730430066,2.4000000000000004
SRCBF,0.8,0.45,inward,6,4.0,0.12,arrived,0.05471461020261159,7.999999999999999
RCBF,0.8,0.45,inward,7,4.0,0.12,violation,-0.3008556809208722,2.4000000000000004
SRCBF,0.8,0.45,inward,7,4.0,0.12,arrived,0.05363113604375647,7.999999999999999
RCBF,0.8,0.45,inward,8,4.0,0.12,violation,-0.28163040109825244,2.4000000000000004
SRCBF,0.8,0.45,inward,8,4.0,0.12,arrived,0.05735979524869206,7.999999999999999
RCBF,0.8,0.45,inward,9,4.0,0.12,violation,-0.31620443444884616,2.4000000000000004
SRCBF,0.8,0.45,inward,9,4.0,0.12,arrived,0.050597550976120065,7.999999999999999
RCBF,0.8,0.45,inward,10,4.0,0.12,violation,-0.3214687498087075,2.4000000000000004
SRCBF,0.8,0.45,inward,10,4.0,0.12,arrived,0.04954546926118997,7.999999999999999
RCBF,0.8,0.45,inward,11,4.0,0.12,violation,-0.26851906177432716,2.4000000000000004
SRCBF,0.8,0.45,inward,11,4.0,0.12,arrived,0.059856966675451706,7.999999999999999
RCBF,0.8,0.45,inward,12,4.0,0.12,violation,-0.27662707729753944,2.4000000000000004
SRCBF,0.8,0.45,inward,12,4.0,0.12,arrived,0.05831712572088088,7.999999999999999
RCBF,0.8,0.45,inward,13,4.0,0.12,violation,-0.3158678846930833,2.4000000000000004
SRCBF,0.8,0.45,inward,13,4.0,0.12,arrived,0.050664608409440315,7.999999999999999
RCBF,0.8,0.45,inward,14,4.0,0.12,violation,-0.3137754491523949,2.4000000000000004
SRCBF,0.8,0.45,inward,14,4.0,0.12,arrived,0.051080980645551555,7.999999999999999
RCBF,0.8,0.45,inward,15,4.0,0.12,violation,-0.3051340859106491,2.4000000000000004
SRCBF,0.8,0.45,inward,15,4.0,0.12,arrived,0.05279059649351381,7.999999999999999
RCBF,0.8,0.45,inward,16,4.0,0.12,violation,-0.29715070465795257,2.4000000000000004
SRCBF,0.8,0.45,inward,16,4.0,0.12,arrived,0.05435586002429471,7.999999999999999
RCBF,0.8,0.45,inward,17,4.0,0.12,violation,-0.3146484661359426,2.4000000000000004
SRCBF,0.8,0.45,inward,17,4.0,0.12,arrived,0.050907373713038995,7.999999999999999
RCBF,0.8,0.45,inward,18,4.0,0.12,violation,-0.2863489204949149,2.4000000000000004
SRCBF,0.8,0.45,inward,18,4.0,0.12,arrived,0.056452006554844614,7.999999999999999
RCBF,0.8,0.45,inward,19,4.0,0.12,violation,-0.2877172069473769,2.4000000000000004
SRCBF,0.8,0.45,inward,19,4.0,0.12,arrived,0.05618786754391558,7.999999999999999
RCBF,1.0,0.15,bias,0,4.0,0.12,violation,-0.5195992328071488,3.0
SRCBF,1.0,0.15,bias,0,4.0,0.12,arrived,0.1581175915829507,10.0
RCBF,1.0,0.15,bias,1,4.0,0.12,arrived,0.0008788190699510201,7.0
SRCBF,1.0,0.15,bias,1,4.0,0.12,arrived,0.03937322051832348,8.0
RCBF,1.0,0.15,bias,2,4.0,0.12,violation,-0.6280549423838349,3.0
SRCBF,1.0,0.15,bias,2,4.0,0.12,arrived,0.16919503967888283,11.0
RCBF,1.0,0.15,bias,3,4.0,0.12,violation,-0.41608074729215133,3.0
SRCBF,1.0,0.15,bias,3,4.0,0.12,arrived,0.12119915078580012,11.0
RCBF,1.0,0.15,bias,4,4.0,0.12,violation,-0.41659391167653836,3.0
SRCBF,1.0,0.15,bias,4,4.0,0.12,arrived,0.25119527171821177,11.0
RCBF,1.0,0.15,bias,5,4.0,0.12,violation,-0.22113621638125414,3.0
SRCBF,1.0,0.15,bias,5,4.0,0.12,arrived,0.16185211349367457,8.0
RCBF,1.0,0.15,bias,6,4.0,0.12,violation,-0.5805073687429185,3.0
SRCBF,1.0,0.15,bias,6,4.0,0.12,arrived,0.19897794966929172,12.0
RCBF,1.0,0.15,bias,7,4.0,0.12,violation,-0.009808627186799646,3.0
SRCBF,1.0,0.15,bias,7,4.0,0.12,arrived,0.07021184387679302,8.0
RCBF,1.0,0.15,bias,8,4.0,0.12,violation,-0.01690165364855012,2.0
SRCBF,1.0,0.15,bias,8,4.0,0.12,arrived,0.025963493732745313,8.0
RCBF,1.0,0.15,bias,9,4.0,0.12,violation,-0.5699270213357941,3.0
SRCBF,1.0,0.15,bias,9,4.0,0.12,arrived,0.1742493754863672,10.0
RCBF,1.0,0.15,bias,10,4.0,0.12,violation,-0.30062252177908694,3.0
SRCBF,1.0,0.15,bias,10,4.0,0.12,arrived,0.11968594603363436,10.0
RCBF,1.0,0.15,bias,11,4.0,0.12,violation,-0.39776427164459416,3.0
SRCBF,1.0,0.15,bias,11,4.0,0.12,arrived,0.2515808367291936,11.0
RCBF,1.0,0.15,bias,12,4.0,0.12,arrived,0.010111439088303475,7.0
SRCBF,1.0,0.15,bias,12,4.0,0.12,arrived,0.04470971564753767,8.0
RCBF,1.0,0.15,bias,13,4.0,0.12,violation,-0.09388326645834777,3.0
SRCBF,1.0,0.15,bias,13,4.0,0.12,arrived,0.09735276087925704,8.0
RCBF,1.0,0.15,bias,14,4.0,0.12,violation,-0.5486893429828794,3.0
SRCBF,1.0,0.15,bias,14,4.0,0.12,arrived,0.21110161070516487,12.0
RCBF,1.0,0.15,bias,15,4.0,0.12,violation,-0.20179329474304786,3.0
SRCBF,1.0,0.15,bias,15,4.0,0.12,arrived,0.15526728489045283,8.0
RCBF,1.0,0.15,bias,16,4.0,0.12,violation,-0.47230493154800063,3.0
SRCBF,1.0,0.15,bias,16,4.0,0.12,arrived,0.22320230189977686,15.0
RCBF,1.0,0.15,bias,17,4.0,0.12,violation,-0.15010483096230032,3.0
SRCBF,1.0,0.15,bias,17,4.0,0.12,arrived,0.0748319125035719,10.0
RCBF,1.0,0.15,bias,18,4.0,0.12,violation,-0.35855049624111607,3.0
SRCBF,1.0,0.15,bias,18,4.0,0.12,arrived,0.25805889848603636,8.0
RCBF,1.0,0.15,bias,19,4.0,0.12,arrived,0.011587999332971055,7.0
SRCBF,1.0,0.15,bias,19,4.0,0.12,arrived,0.05442397891141648,8.0
RCBF,1.0,0.15,inward,0,4.0,0.12,violation,-0.02966206580287456,2.0
SRCBF,1.0,0.15,inward,0,4.0,0.12,arrived,0.01494719920775156,9.0
RCBF,1.0,0.15,inward,1,4.0,0.12,violation,-0.02762489333875484,2.0
SRCBF,1.0,0.15,inward,1,4.0,0.12,arrived,0.016149004136703282,9.0
RCBF,1.0,0.15,inward,2,4.0,0.12,violation,-0.022940467511345708,2.0
SRCBF,1.0,0.15,inward,2,4.0,0.12,arrived,0.01826957940588836,9.0
RCBF,1.0,0.15,inward,3,4.0,0.12,violation,-0.01916387338782677,2.0
SRCBF,1.0,0.15,inward,3,4.0,0.12,arrived,0.019625059854423088,9.0
RCBF,1.0,0.15,inward,4,4.0,0.12,violation,-0.033774754377777993,2.0
SRCBF,1.0,0.15,inward,4,4.0,0.12,arrived,0.010526044248855282,9.0
RCBF,1.0,0.15,inward,5,4.0,0.12,violation,-0.032073586516549124,2.0
SRCBF,1.0,0.15,inward,5,4.0,0.12,arrived,0.012542467814985137,9.0
RCBF,1.0,0.15,inward,6,4.0,0.12,violation,-0.028070764101157497,2.0
SRCBF,1.0,0.15,inward,6,4.0,0.12,arrived,0.01590589262186981,9.0
RCBF,1.0,0.15,inward,7,4.0,0.12,violation,-0.02947770588601295,2.0
SRCBF,1.0,0.15,inward,7,4.0,0.12,arrived,0.015066679390970172,9.0
RCBF,1.0,0.15,inward,8,4.0,0.12,violation,-0.02424226011279107,2.0
SRCBF,1.0,0.15,inward,8,4.0,0.12,arrived,0.017742646370658477,9.0
RCBF,1.0,0.15,inward,9,4.0,0.12,violation,-0.03290918034940782,2.0
SRCBF,1.0,0.15,inward,9,4.0,0.12,arrived,0.01156846046232507,9.0
RCBF,1.0,0.15,inward,10,4.0,0.12,violation,-0.03392126042404331,2.0
SRCBF,1.0,0.15,inward,10,4.0,0.12,arrived,0.010345655175204804,9.0
RCBF,1.0,0.15,inward,11,4.0,0.12,violation,-0.020121452216923963,2.0
SRCBF,1.0,0.15,inward,11,4.0,0.12,arrived,0.01930135435916447,9.0
RCBF,1.0,0.15,inward,12,4.0,0.12,violation,-0.02272032644708688,2.0
SRCBF,1.0,0.15,inward,12,4.0,0.12,arrived,0.018355126959688994,9.0
RCBF,1.0,0.15,inward,13,4.0,0.12,violation,-0.032841528169983425,2.0
SRCBF,1.0,0.15,inward,13,4.0,0.12,arrived,0.01164840901533648,9.0
RCBF,1.0,0.15,inward,14,4.0,0.12,violation,-0.032413084417906024,2.0
SRCBF,1.0,0.15,inward,14,4.0,0.12,arrived,0.012150150794404069,9.0
RCBF,1.0,0.15,inward,15,4.0,0.12,violation,-0.030503897666827484,2.0
SRCBF,1.0,0.15,inward,15,4.0,0.12,arrived,0.01430488409982833,9.0
RCBF,1.0,0.15,inward,16,4.0,0.12,violation,-0.028547067913685886,2.0
SRCBF,1.0,0.15,inward,16,4.0,0.12,arrived,0.015634914305922232,9.0
RCBF,1.0,0.15,inward,17,4.0,0.12,violation,-0.03259347668265744,2.0
SRCBF,1.0,0.15,inward,17,4.0,0.12,arrived,0.011939836374944557,9.0
RCBF,1.0,0.15,inward,18,4.0,0.12,violation,-0.025618701988660675,2.0
SRCBF,1.0,0.15,inward,18,4.0,0.12,arrived,0.017139598957509827,9.0
RCBF,1.0,0.15,inward,19,4.0,0.12,violation,-0.02600696235348665,2.0
SRCBF,1.0,0.15,inward,19,4.0,0.12,arrived,0.016959358929574675,9.0
RCBF,1.0,0.45,bias,0,4.0,0.12,violation,-0.5919717814453671,3.0
SRCBF,1.0,0.45,bias,0,4.0,0.12,arrived,0.11918034229422547,9.0
RCBF,1.0,0.45,bias,1,4.0,0.12,violation,-0.051642656494361616,3.0
SRCBF,1.0,0.45,bias,1,4.0,0.12,arrived,0.12024563385062403,7.0
RCBF,1.0,0.45,bias,2,4.0,0.12,violation,-0.5729301231872862,3.0
SRCBF,1.0,0.45,bias,2,4.0,0.12,arrived,0.13982527099197795,9.0
RCBF,1.0,0.45,bias,3,4.0,0.12,violation,-0.500940150671102,3.0
SRCBF,1.0,0.45,bias,3,4.0,0.12,arrived,0.09741131828301741,8.0
RCBF,1.0,0.45,bias,4,4.0,0.12,violation,-0.2366293603351426,3.0
SRCBF,1.0,0.45,bias,4,4.0,0.12,arrived,0.2785176859693639,9.0
RCBF,1.0,0.45,bias,5,4.0,0.12,violation,-0.12175282035956059,3.0
SRCBF,1.0,0.45,bias,5,4.0,0.12,arrived,0.2749480550140011,7.0
RCBF,1.0,0.45,bias,6,4.0,0.12,violation,-0.5095928158167518,3.0
SRCBF,1.0,0.45,bias,6,4.0,0.12,arrived,0.1739434526428436,9.0
RCBF,1.0,0.45,bias,7,4.0,0.12,violation,-0.10346852031128462,3.0
SRCBF,1.0,0.45,bias,7,4.0,0.12,arrived,0.17589742333444214,7.0
RCBF,1.0,0.45,bias,8,4.0,0.12,violation,-0.039975547859007254,3.0
SRCBF,1.0,0.45,bias,8,4.0,0.12,arrived,0.09537598212753584,7.0
RCBF,1.0,0.45,bias,9,4.0,0.12,violation,-0.6321098298672785,3.0
SRCBF,1.0,0.45,bias,9,4.0,0.12,arrived,0.13194086321585663,9.0
RCBF,1.0,0.45,bias,10,4.0,0.12,violation,-0.3756938998040883,3.0
SRCBF,1.0,0.45,bias,10,4.0,0.12,arrived,0.07756661974914902,9.0
RCBF,1.0,0.45,bias,11,4.0,0.12,violation,-0.20059312310708077,3.0
SRCBF,1.0,0.45,bias,11,4.0,0.12,arrived,0.2773500623367684,9.0
RCBF,1.0,0.45,bias,12,4.0,0.12,violation,-0.06915042410454875,3.0
SRCBF,1.0,0.45,bias,12,4.0,0.12,arrived,0.13768006130154886,7.0
RCBF,1.0,0.45,bias,13,4.0,0.12,violation,-0.15397911878359694,3.0
SRCBF,1.0,0.45,bias,13,4.0,0.12,arrived,0.2163318025540646,7.0
RCBF,1.0,0.45,bias,14,4.0,0.12,violation,-0.4898463126054913,3.0
SRCBF,1.0,0.45,bias,14,4.0,0.12,arrived,0.1873016023306857,9.0
RCBF,1.0,0.45,bias,15,4.0,0.12,violation,-0.11849916465252275,3.0
SRCBF,1.0,0.45,bias,15,4.0,0.12,arrived,0.27127266901492786,7.0
RCBF,1.0,0.45,bias,16,4.0,0.12,violation,-0.3396019787250538,3.0
SRCBF,1.0,0.45,bias,16,4.0,0.12,arrived,0.23452772679460954,9.0
RCBF,1.0,0.45,bias,17,4.0,0.12,violation,-0.22936454055971345,3.0
SRCBF,1.0,0.45,bias,17,4.0,0.12,arrived,0.05954651918356235,8.0
RCBF,1.0,0.45,bias,18,4.0,0.12,violation,-0.061154534635704305,3.0
SRCBF,1.0,0.45,bias,18,4.0,0.12,arrived,0.35304981121204637,7.0
RCBF,1.0,0.45,bias,19,4.0,0.12,violation,-0.07980430465551802,3.0
SRCBF,1.0,0.45,bias,19,4.0,0.12,arrived,0.15212324560563806,7.0
RCBF,1.0,0.45,inward,0,4.0,0.12,violation,-0.03421705374914019,3.0
SRCBF,1.0,0.45,inward,0,4.0,0.12,arrived,0.05391029212572851,7.0
RCBF,1.0,0.45,inward,1,4.0,0.12,violation,-0.041624262405390966,3.0
SRCBF,1.0,0.45,inward,1,4.0,0.12,arrived,0.05851498922962528,7.0
RCBF,1.0,0.45,inward,2,4.0,0.12,violation,-0.0575244020319301,3.0
SRCBF,1.0,0.45,inward,2,4.0,0.12,arrived,0.06788018333828483,7.0
RCBF,1.0,0.45,inward,3,4.0,0.12,violation,-0.06937971109612107,3.0
SRCBF,1.0,0.45,inward,3,4.0,0.12,arrived,0.0745728646549002,7.0
RCBF,1.0,0.45,inward,4,4.0,0.12,violation,-0.01808839149545849,3.0
SRCBF,1.0,0.45,inward,4,4.0,0.12,arrived,0.042912377027317206,7.0
RCBF,1.0,0.45,inward,5,4.0,0.12,violation,-0.024977525191902328,3.0
SRCBF,1.0,0.45,inward,5,4.0,0.12,arrived,0.04782281600762872,7.0
RCBF,1.0,0.45,inward,6,4.0,0.12,violation,-0.04003122248074975,3.0
SRCBF,1.0,0.45,inward,6,4.0,0.12,arrived,0.05754093881477551,7.0
RCBF,1.0,0.45,inward,7,4.0,0.12,violation,-0.03490139026399308,3.0
SRCBF,1.0,0.45,inward,7,4.0,0.12,arrived,0.05434442514588267,7.0
RCBF,1.0,0.45,inward,8,4.0,0.12,violation,-0.053249005870056765,3.0
SRCBF,1.0,0.45,inward,8,4.0,0.12,arrived,0.06541521700637976,7.0
RCBF,1.0,0.45,inward,9,4.0,0.12,violation,-0.021636919340018435,3.0
SRCBF,1.0,0.45,inward,9,4.0,0.12,arrived,0.045491354416332674,7.0
RCBF,1.0,0.45,inward,10,4.0,0.12,violation,-0.017478105978008918,3.0
SRCBF,1.0,0.45,inward,10,4.0,0.12,arrived,0.0426343406790094,7.0
RCBF,1.0,0.45,inward,11,4.0,0.12,violation,-0.06644654351917234,3.0
SRCBF,1.0,0.45,inward,11,4.0,0.12,arrived,0.07293333857032991,7.0
RCBF,1.0,0.45,inward,12,4.0,0.12,violation,-0.05823733759166061,3.0
SRCBF,1.0,0.45,inward,12,4.0,0.12,arrived,0.06828818438165707,7.0
RCBF,1.0,0.45,inward,13,4.0,0.12,violation,-0.02191036466051055,3.0
SRCBF,1.0,0.45,inward,13,4.0,0.12,arrived,0.04568543547112114,7.0
RCBF,1.0,0.45,inward,14,4.0,0.12,violation,-0.02362974520951211,3.0
SRCBF,1.0,0.45,inward,14,4.0,0.12,arrived,0.046892205471373294,7.0
RCBF,1.0,0.45,inward,15,4.0,0.12,violation,-0.031054229101553976,3.0
SRCBF,1.0,0.45,inward,15,4.0,0.12,arrived,0.051876827561827876,7.0
RCBF,1.0,0.45,inward,16,4.0,0.12,violation,-0.03831245179631915,3.0
SRCBF,1.0,0.45,inward,16,4.0,0.12,arrived,0.056480613816435765,7.0
RCBF,1.0,0.45,inward,17,4.0,0.12,violation,-0.022908383571389357,3.0
SRCBF,1.0,0.45,inward,17,4.0,0.12,arrived,0.04638868981547595,7.0
RCBF,1.0,0.45,inward,18,4.0,0.12,violation,-0.048612630691200254,3.0
SRCBF,1.0,0.45,inward,18,4.0,0.12,arrived,0.06270203083257175,7.0
RCBF,1.0,0.45,inward,19,4.0,0.12,violation,-0.04728219533102651,3.0
SRCBF,1.0,0.45,inward,19,4.0,0.12,arrived,0.06191466465084228,7.0
RCBF,0.05,0.15,bias,0,6.0,0.12,arrived,0.026916557967767374,9.950000000000006
SRCBF,0.05,0.15,bias,0,6.0,0.12,arrived,0.03165855836578657,10.000000000000007
RCBF,0.05,0.15,bias,1,6.0,0.12,arrived,0.00745993538720735,6.999999999999983
SRCBF,0.05,0.15,bias,1,6.0,0.12,arrived,0.009456563570084064,6.999999999999983
RCBF,0.05,0.15,bias,2,6.0,0.12,arrived,0.028630547061023304,10.650000000000016
SRCBF,0.05,0.15,bias,2,6.0,0.12,arrived,0.0335137811190489,10.700000000000017
RCBF,0.05,0.15,bias,3,6.0,0.12,arrived,0.020641526060909632,10.100000000000009
SRCBF,0.05,0.15,bias,3,6.0,0.12,arrived,0.02430085838220697,10.100000000000009
RCBF,0.05,0.15,bias,4,6.0,0.12,arrived,0.023608867554604895,10.90000000000002
SRCBF,0.05,0.15,bias,4,6.0,0.12,arrived,0.028082529758372443,10.90000000000002
RCBF,0.05,0.15,bias,5,6.0,0.12,arrived,0.027513885990655185,7.7499999999999805
SRCBF,0.05,0.15,bias,5,6.0,0.12,arrived,0.03281108505715791,7.7499999999999805
RCBF,0.05,0.15,bias,6,6.0,0.12,arrived,0.03332322361254081,11.150000000000023
SRCBF,0.05,0.15,bias,6,6.0,0.12,arrived,0.03887158296032356,11.200000000000024
RCBF,0.05,0.15,bias,7,6.0,0.12,arrived,0.014683630314962115,7.099999999999983
SRCBF,0.05,0.15,bias,7,6.0,0.12,arrived,0.01797864799638693,7.099999999999983
RCBF,0.05,0.15,bias,8,6.0,0.12,arrived,0.003877891065360184,6.999999999999983
SRCBF,0.05,0.15,bias,8,6.0,0.12,arrived,0.005138513757231067,7.049999999999983
RCBF,0.05,0.15,bias,9,6.0,0.12,arrived,0.02958663692776231,10.050000000000008
SRCBF,0.05,0.15,bias,9,6.0,0.12,arrived,0.034740626513398376,10.050000000000008
RCBF,0.05,0.15,bias,10,6.0,0.12,arrived,0.02016382608872258,9.099999999999994
SRCBF,0.05,0.15,bias,10,6.0,0.12,arrived,0.02393551151793072,9.149999999999995
RCBF,0.05,0.15,bias,11,6.0,0.12,arrived,0.02214637636419936,10.550000000000015
SRCBF,0.05,0.15,bias,11,6.0,0.12,arrived,0.026093055845770152,10.550000000000015
RCBF,0.05,0.15,bias,12,6.0,0.12,arrived,0.008834113725946668,6.8999999999999835
SRCBF,0.05,0.15,bias,12,6.0,0.12,arrived,0.01112722367552188,6.8999999999999835
RCBF,0.05,0.15,bias,13,6.0,0.12,arrived,0.020239336608958602,7.349999999999982
SRCBF,0.05,0.15,bias,13,6.0,0.12,arrived,0.024453664295468025,7.399999999999982
RCBF,0.05,0.15,bias,14,6.0,0.12,arrived,0.03524228671802221,11.200000000000024
SRCBF,0.05,0.15,bias,14,6.0,0.12,arrived,0.04106483863225552,11.250000000000025
RCBF,0.05,0.15,bias,15,6.0,0.12,arrived,0.026842527930450943,7.649999999999981
SRCBF,0.05,0.15,bias,15,6.0,0.12,arrived,0.032053469034302284,7.649999999999981
RCBF,0.05,0.15,bias,16,6.0,0.12,arrived,0.013545440798016561,12.600000000000044
SRCBF,0.05,0.15,bias,16,6.0,0.12,arrived,0.016109430706891192,12.650000000000045
RCBF,0.05,0.15,bias,17,6.0,0.12,arrived,0.012868495249162781,8.899999999999991
SRCBF,0.05,0.15,bias,17,6.0,0.12,arrived,0.01538474205740381,8.899999999999991
RCBF,0.05,0.15,bias,18,6.0,0.12,arrived,0.03838569381259105,8.649999999999988
SRCBF,0.05,0.15,bias,18,6.0,0.12,arrived,0.04516721797382928,8.649999999999988
RCBF,0.05,0.15,bias,19,6.0,0.12,arrived,0.011147302532346415,6.949999999999983
SRCBF,0.05,0.15,bias,19,6.0,0.12,arrived,0.013869842856399361,6.949999999999983
RCBF,0.05,0.15,inward,0,6.0,0.12,arrived,0.0005634873172839505,9.850000000000005
SRCBF,0.05,0.15,inward,0,6.0,0.12,arrived,0.0008011273305758015,9.850000000000005
RCBF,0.05,0.15,inward,1,6.0,0.12,arrived,0.0006256395842371143,9.750000000000004
SRCBF,0.05,0.15,inward,1,6.0,0.12,arrived,0.0008869827275325148,9.750000000000004
RCBF,0.05,0.15,inward,2,6.0,0.12,arrived,0.0007592610368581942,9.650000000000002
SRCBF,0.05,0.15,inward,2,6.0,0.12,arrived,0.0010636356815227899,9.650000000000002
RCBF,0.05,0.15,inward,3,6.0,0.12,arrived,0.0008586035999748054,9.55
SRCBF,0.05,0.15,inward,3,6.0,0.12,arrived,0.0011962703708386924,9.55
RCBF,0.05,0.15,inward,4,6.0,0.12,arrived,0.00041705604413222463,10.050000000000008
SRCBF,0.05,0.15,inward,4,6.0,0.12,arrived,0.0006033137937150324,10.050000000000008
RCBF,0.05,0.15,inward,5,6.0,0.12,arrived,0.00048108612345221236,9.950000000000006
SRCBF,0.05,0.15,inward,5,6.0,0.12,arrived,0.0006890484073760472,9.950000000000006
RCBF,0.05,0.15,inward,6,6.0,0.12,arrived,0.0006122850375720468,9.750000000000004
SRCBF,0.05,0.15,inward,6,6.0,0.12,arrived,0.0008692821659310734,9.800000000000004
RCBF,0.05,0.15,inward,7,6.0,0.12,arrived,0.0005692389415655752,9.800000000000004
SRCBF,0.05,0.15,inward,7,6.0,0.12,arrived,0.0008093621716481758,9.850000000000005
RCBF,0.05,0.15,inward,8,6.0,0.12,arrived,0.0007232169274627998,9.650000000000002
SRCBF,0.05,0.15,inward,8,6.0,0.12,arrived,0.0010160629073522331,9.650000000000002
RCBF,0.05,0.15,inward,9,6.0,0.12,arrived,0.00045022109573922275,10.000000000000007
SRCBF,0.05,0.15,inward,9,6.0,0.12,arrived,0.0006479094802427365,10.000000000000007
RCBF,0.05,0.15,inward,10,6.0,0.12,arrived,0.0004113026841405798,10.050000000000008
SRCBF,0.05,0.15,inward,10,6.0,0.12,arrived,0.0005949812138408284,10.050000000000008
RCBF,0.05,0.15,inward,11,6.0,0.12,arrived,0.0008349380633694281,9.55
SRCBF,0.05,0.15,inward,11,6.0,0.12,arrived,0.0011633342965298166,9.55
RCBF,0.05,0.15,inward,12,6.0,0.12,arrived,0.0007652837777921695,9.600000000000001
SRCBF,0.05,0.15,inward,12,6.0,0.12,arrived,0.0010715792418928283,9.650000000000002
RCBF,0.05,0.15,inward,13,6.0,0.12,arrived,0.00045275901601460333,9.950000000000006
SRCBF,0.05,0.15,inward,13,6.0,0.12,arrived,0.0006512940908314224,10.000000000000007
RCBF,0.05,0.15,inward,14,6.0,0.12,arrived,0.0004686682798658026,9.950000000000006
SRCBF,0.05,0.15,inward,14,6.0,0.12,arrived,0.0006725030908206753,9.950000000000006
RCBF,0.05,0.15,inward,15,6.0,0.12,arrived,0.0005366384634545307,9.850000000000005
SRCBF,0.05,0.15,inward,15,6.0,0.12,arrived,0.0007629716453193547,9.850000000000005
RCBF,0.05,0.15,inward,16,6.0,0.12,arrived,0.0005978721092209094,9.800000000000004
SRCBF,0.05,0.15,inward,16,6.0,0.12,arrived,0.0008501690752283908,9.800000000000004
RCBF,0.05,0.15,inward,17,6.0,0.12,arrived,0.0004620034347784241,9.950000000000006
SRCBF,0.05,0.15,inward,17,6.0,0.12,arrived,0.0006636196670789518,9.950000000000006
RCBF,0.05,0.15,inward,18,6.0,0.12,arrived,0.0006842468521554013,9.700000000000003
SRCBF,0.05,0.15,inward,18,6.0,0.12,arrived,0.0009645634644043222,9.700000000000003
RCBF,0.05,0.15,inward,19,6.0,0.12,arrived,0.0006730808902872809,9.700000000000003
SRCBF,0.05,0.15,inward,19,6.0,0.12,arrived,0.0009497948825805125,9.700000000000003
RCBF,0.05,0.45,bias,0,6.0,0.12,arrived,0.004857726722346745,8.599999999999987
SRCBF,0.05,0.45,bias,0,6.0,0.12,arrived,0.005763098799119737,8.649999999999988
RCBF,0.05,0.45,bias,1,6.0,0.12,arrived,0.019213975012135953,6.249999999999986
SRCBF,0.05,0.45,bias,1,6.0,0.12,arrived,0.023519756795338687,6.249999999999986
RCBF,0.05,0.45,bias,2,6.0,0.12,arrived,0.005424136758347187,8.79999999999999
SRCBF,0.05,0.45,bias,2,6.0,0.12,arrived,0.00638218331711593,8.79999999999999
RCBF,0.05,0.45,bias,3,6.0,0.12,arrived,0.004434128245350499,7.99999999999998
SRCBF,0.05,0.45,bias,3,6.0,0.12,arrived,0.005253707199514679,7.99999999999998
RCBF,0.05,0.45,bias,4,6.0,0.12,arrived,0.026055350046919834,9.5
SRCBF,0.05,0.45,bias,4,6.0,0.12,arrived,0.030640956419533905,9.5
RCBF,0.05,0.45,bias,5,6.0,0.12,arrived,0.03918371057825798,7.099999999999983
SRCBF,0.05,0.45,bias,5,6.0,0.12,arrived,0.04618079967557476,7.099999999999983
RCBF,0.05,0.45,bias,6,6.0,0.12,arrived,0.007363123545888084,9.299999999999997
SRCBF,0.05,0.45,bias,6,6.0,0.12,arrived,0.009016224857715804,9.299999999999997
RCBF,0.05,0.45,bias,7,6.0,0.12,arrived,0.027586754859405094,6.399999999999985
SRCBF,0.05,0.45,bias,7,6.0,0.12,arrived,0.033041739116371316,6.399999999999985
RCBF,0.05,0.45,bias,8,6.0,0.12,arrived,0.014153645714770069,6.199999999999986
SRCBF,0.05,0.45,bias,8,6.0,0.12,arrived,0.017616311912181937,6.199999999999986
RCBF,0.05,0.45,bias,9,6.0,0.12,arrived,0.005119327442773103,8.949999999999992
SRCBF,0.05,0.45,bias,9,6.0,0.12,arrived,0.00602736030114337,8.949999999999992
RCBF,0.05,0.45,bias,10,6.0,0.12,arrived,0.003803519167185687,7.94999999999998
SRCBF,0.05,0.45,bias,10,6.0,0.12,arrived,0.004501771913089647,7.94999999999998
RCBF,0.05,0.45,bias,11,6.0,0.12,arrived,0.024421431430047824,9.399999999999999
SRCBF,0.05,0.45,bias,11,6.0,0.12,arrived,0.02861179550684001,9.399999999999999
RCBF,0.05,0.45,bias,12,6.0,0.12,arrived,0.02089148612242553,6.199999999999986
SRCBF,0.05,0.45,bias,12,6.0,0.12,arrived,0.025427221598637972,6.199999999999986
RCBF,0.05,0.45,bias,13,6.0,0.12,arrived,0.033053826236022266,6.699999999999984
SRCBF,0.05,0.45,bias,13,6.0,0.12,arrived,0.039268945419749346,6.699999999999984
RCBF,0.05,0.45,bias,14,6.0,0.12,arrived,0.008475305691092783,9.5
SRCBF,0.05,0.45,bias,14,6.0,0.12,arrived,0.010424506504440822,9.5
RCBF,0.05,0.45,bias,15,6.0,0.12,arrived,0.038738740490650625,6.999999999999983
SRCBF,0.05,0.45,bias,15,6.0,0.12,arrived,0.04569358291712988,6.999999999999983
RCBF,0.05,0.45,bias,16,6.0,0.12,arrived,0.015467759786271573,9.55
SRCBF,0.05,0.45,bias,16,6.0,0.12,arrived,0.018356712591927393,9.55
RCBF,0.05,0.45,bias,17,6.0,0.12,arrived,0.0026793667522335696,7.299999999999982
SRCBF,0.05,0.45,bias,17,6.0,0.12,arrived,0.0032310080437248923,7.349999999999982
RCBF,0.05,0.45,bias,18,6.0,0.12,arrived,0.04440109706240458,8.04999999999998
SRCBF,0.05,0.45,bias,18,6.0,0.12,arrived,0.05158565776290869,8.04999999999998
RCBF,0.05,0.45,bias,19,6.0,0.12,arrived,0.023631176182302593,6.249999999999986
SRCBF,0.05,0.45,bias,19,6.0,0.12,arrived,0.02862592716915735,6.299999999999986
RCBF,0.05,0.45,inward,0,6.0,0.12,arrived,0.0030020909487231684,8.699999999999989
SRCBF,0.05,0.45,inward,0,6.0,0.12,arrived,0.003908196438571321,8.699999999999989
RCBF,0.05,0.45,inward,1,6.0,0.12,arrived,0.003087903318154117,8.699999999999989
SRCBF,0.05,0.45,inward,1,6.0,0.12,arrived,0.004013509655629521,8.699999999999989
RCBF,0.05,0.45,inward,2,6.0,0.12,arrived,0.0032651528481777436,8.649999999999988
SRCBF,0.05,0.45,inward,2,6.0,0.12,arrived,0.0042194044849017676,8.649999999999988
RCBF,0.05,0.45,inward,3,6.0,0.12,arrived,0.003389888511795891,8.649999999999988
SRCBF,0.05,0.45,inward,3,6.0,0.12,arrived,0.004360286118681778,8.649999999999988
RCBF,0.05,0.45,inward,4,6.0,0.12,arrived,0.002788538641329663,8.74999999999999
SRCBF,0.05,0.45,inward,4,6.0,0.12,arrived,0.003643356295891631,8.74999999999999
RCBF,0.05,0.45,inward,5,6.0,0.12,arrived,0.0028854512006220023,8.74999999999999
SRCBF,0.05,0.45,inward,5,6.0,0.12,arrived,0.0037644836664658676,8.74999999999999
RCBF,0.05,0.45,inward,6,6.0,0.12,arrived,0.003069917918918974,8.699999999999989
SRCBF,0.05,0.45,inward,6,6.0,0.12,arrived,0.003991466256694887,8.699999999999989
RCBF,0.05,0.45,inward,7,6.0,0.12,arrived,0.003010267903384878,8.699999999999989
SRCBF,0.05,0.45,inward,7,6.0,0.12,arrived,0.003918246807339654,8.699999999999989
RCBF,0.05,0.45,inward,8,6.0,0.12,arrived,0.003218329401978859,8.649999999999988
SRCBF,0.05,0.45,inward,8,6.0,0.12,arrived,0.004166239755683088,8.649999999999988
RCBF,0.05,0.45,inward,9,6.0,0.12,arrived,0.0028397630974956733,8.74999999999999
SRCBF,0.05,0.45,inward,9,6.0,0.12,arrived,0.0037080124083181953,8.74999999999999
RCBF,0.05,0.45,inward,10,6.0,0.12,arrived,0.0027794050852711916,8.74999999999999
SRCBF,0.05,0.45,inward,10,6.0,0.12,arrived,0.003632165606976656,8.74999999999999
RCBF,0.05,0.45,inward,11,6.0,0.12,arrived,0.0033596449264486905,8.649999999999988
SRCBF,0.05,0.45,inward,11,6.0,0.12,arrived,0.004326228306770874,8.649999999999988
RCBF,0.05,0.45,inward,12,6.0,0.12,arrived,0.003272855979618128,8.649999999999988
SRCBF,0.05,0.45,inward,12,6.0,0.12,arrived,0.004228136285474138,8.649999999999988
RCBF,0.05,0.45,inward,13,6.0,0.12,arrived,0.0028435885831165075,8.74999999999999
SRCBF,0.05,0.45,inward,13,6.0,0.12,arrived,0.00371274463463378,8.74999999999999
RCBF,0.05,0.45,inward,14,6.0,0.12,arrived,0.0028672840860305415,8.74999999999999
SRCBF,0.05,0.45,inward,14,6.0,0.12,arrived,0.0037420408652295567,8.74999999999999
RCBF,0.05,0.45,inward,15,6.0,0.12,arrived,0.0029635440828095216,8.699999999999989
SRCBF,0.05,0.45,inward,15,6.0,0.12,arrived,0.0038607749117643975,8.699999999999989
RCBF,0.05,0.45,inward,16,6.0,0.12,arrived,0.0030502387799318242,8.699999999999989
SRCBF,0.05,0.45,inward,16,6.0,0.12,arrived,0.003967329251731044,8.699999999999989
RCBF,0.05,0.45,inward,17,6.0,0.12,arrived,0.0028574162760058863,8.74999999999999
SRCBF,0.05,0.45,inward,17,6.0,0.12,arrived,0.003729843966008617,8.74999999999999
RCBF,0.05,0.45,inward,18,6.0,0.12,arrived,0.0031662126188174433,8.649999999999988
SRCBF,0.05,0.45,inward,18,6.0,0.12,arrived,0.004106887120620906,8.699999999999989
RCBF,0.05,0.45,inward,19,6.0,0.12,arrived,0.003150971912039946,8.699999999999989
SRCBF,0.05,0.45,inward,19,6.0,0.12,arrived,0.004089495262779574,8.699999999999989
RCBF,0.1,0.15,bias,0,6.0,0.12,arrived,0.026311197312668733,9.99999999999998
SRCBF,0.1,0.15,bias,0,6.0,0.12,arrived,0.03620907547985719,9.99999999999998
RCBF,0.1,0.15,bias,1,6.0,0.12,arrived,0.0068246971286809455,6.999999999999991
SRCBF,0.1,0.15,bias,1,6.0,0.12,arrived,0.011219103885825588,6.999999999999991
RCBF,0.1,0.15,bias,2,6.0,0.12,arrived,0.02813527448730524,10.699999999999978
SRCBF,0.1,0.15,bias,2,6.0,0.12,arrived,0.038373948304338934,10.699999999999978
RCBF,0.1,0.15,bias,3,6.0,0.12,arrived,0.020118517327163188,10.09999999999998
SRCBF,0.1,0.15,bias,3,6.0,0.12,arrived,0.027782052797920898,10.19999999999998
RCBF,0.1,0.15,bias,4,6.0,0.12,arrived,0.026737285334754723,10.899999999999977
SRCBF,0.1,0.15,bias,4,6.0,0.12,arrived,0.03713453919411114,10.899999999999977
RCBF,0.1,0.15,bias,5,6.0,0.12,arrived,0.02674739992341202,7.699999999999989
SRCBF,0.1,0.15,bias,5,6.0,0.12,arrived,0.03824853304822118,7.799999999999988
RCBF,0.1,0.15,bias,6,6.0,0.12,arrived,0.032949021185646465,11.099999999999977
SRCBF,0.1,0.15,bias,6,6.0,0.12,arrived,0.044544465744157935,11.199999999999976
RCBF,0.1,0.15,bias,7,6.0,0.12,arrived,0.013833721598440096,7.099999999999991
SRCBF,0.1,0.15,bias,7,6.0,0.12,arrived,0.02101052872076692,7.099999999999991
RCBF,0.1,0.15,bias,8,6.0,0.12,arrived,0.003441512023312887,6.999999999999991
SRCBF,0.1,0.15,bias,8,6.0,0.12,arrived,0.006285158910783739,7.099999999999991
RCBF,0.1,0.15,bias,9,6.0,0.12,arrived,0.02894865269820679,9.99999999999998
SRCBF,0.1,0.15,bias,9,6.0,0.12,arrived,0.03978902525233974,10.09999999999998
RCBF,0.1,0.15,bias,10,6.0,0.12,arrived,0.019449667982291197,9.099999999999984
SRCBF,0.1,0.15,bias,10,6.0,0.12,arrived,0.027307117657187296,9.199999999999983
RCBF,0.1,0.15,bias,11,6.0,0.12,arrived,0.024802681140115745,10.499999999999979
SRCBF,0.1,0.15,bias,11,6.0,0.12,arrived,0.03540899695308164,10.599999999999978
RCBF,0.1,0.15,bias,12,6.0,0.12,arrived,0.008188268796113451,6.8999999999999915
SRCBF,0.1,0.15,bias,12,6.0,0.12,arrived,0.013186454218646837,6.8999999999999915
RCBF,0.1,0.15,bias,13,6.0,0.12,arrived,0.019287261884666118,7.39999999999999
SRCBF,0.1,0.15,bias,13,6.0,0.12,arrived,0.028489660219428448,7.39999999999999
RCBF,0.1,0.15,bias,14,6.0,0.12,arrived,0.03488450004055632,11.199999999999976
SRCBF,0.1,0.15,bias,14,6.0,0.12,arrived,0.04709816011287027,11.299999999999976
RCBF,0.1,0.15,bias,15,6.0,0.12,arrived,0.026068926832956363,7.599999999999989
SRCBF,0.1,0.15,bias,15,6.0,0.12,arrived,0.037438755387802836,7.699999999999989
RCBF,0.1,0.15,bias,16,6.0,0.12,arrived,0.017009465972789184,12.599999999999971
SRCBF,0.1,0.15,bias,16,6.0,0.12,arrived,0.023808135505410277,12.69999999999997
RCBF,0.1,0.15,bias,17,6.0,0.12,arrived,0.012259558597402131,8.899999999999984
SRCBF,0.1,0.15,bias,17,6.0,0.12,arrived,0.017544366966300462,8.999999999999984
RCBF,0.1,0.15,bias,18,6.0,0.12,arrived,0.038174063613272025,8.599999999999985
SRCBF,0.1,0.15,bias,18,6.0,0.12,arrived,0.05286534993809522,8.699999999999985
RCBF,0.1,0.15,bias,19,6.0,0.12,arrived,0.010432906806243758,6.999999999999991
SRCBF,0.1,0.15,bias,19,6.0,0.12,arrived,0.016274140677556836,6.999999999999991
RCBF,0.1,0.15,inward,0,6.0,0.12,arrived,0.0006447317685122078,9.799999999999981
SRCBF,0.1,0.15,inward,0,6.0,0.12,arrived,0.0013616624021332013,9.799999999999981
RCBF,0.1,0.15,inward,1,6.0,0.12,arrived,0.0007248418601486506,9.699999999999982
SRCBF,0.1,0.15,inward,1,6.0,0.12,arrived,0.0015045723311861714,9.699999999999982
RCBF,0.1,0.15,inward,2,6.0,0.12,arrived,0.0008981026412145932,9.599999999999982
SRCBF,0.1,0.15,inward,2,6.0,0.12,arrived,0.001811665546038288,9.599999999999982
RCBF,0.1,0.15,inward,3,6.0,0.12,arrived,0.0010296291702426297,9.499999999999982
SRCBF,0.1,0.15,inward,3,6.0,0.12,arrived,0.0020432944835646616,9.499999999999982
RCBF,0.1,0.15,inward,4,6.0,0.12,arrived,0.00046865342411051003,9.99999999999998
SRCBF,0.1,0.15,inward,4,6.0,0.12,arrived,0.0010198169098878385,9.99999999999998
RCBF,0.1,0.15,inward,5,6.0,0.12,arrived,0.0005444753396707247,9.89999999999998
SRCBF,0.1,0.15,inward,5,6.0,0.12,arrived,0.0011786751680058494,9.89999999999998
RCBF,0.1,0.15,inward,6,6.0,0.12,arrived,0.000707602863056711,9.699999999999982
SRCBF,0.1,0.15,inward,6,6.0,0.12,arrived,0.0014738751127685301,9.799999999999981
RCBF,0.1,0.15,inward,7,6.0,0.12,arrived,0.0006521322841606114,9.799999999999981
SRCBF,0.1,0.15,inward,7,6.0,0.12,arrived,0.0013748933824497822,9.799999999999981
RCBF,0.1,0.15,inward,8,6.0,0.12,arrived,0.0008512277442020988,9.599999999999982
SRCBF,0.1,0.15,inward,8,6.0,0.12,arrived,0.0017288196368784314,9.699999999999982
RCBF,0.1,0.15,inward,9,6.0,0.12,arrived,0.0005078905547932777,9.99999999999998
SRCBF,0.1,0.15,inward,9,6.0,0.12,arrived,0.0011021110650349941,9.99999999999998
RCBF,0.1,0.15,inward,10,6.0,0.12,arrived,0.0004618539656535692,9.99999999999998
SRCBF,0.1,0.15,inward,10,6.0,0.12,arrived,0.0010055376047358733,9.99999999999998
RCBF,0.1,0.15,inward,11,6.0,0.12,arrived,0.0009968528939143795,9.499999999999982
SRCBF,0.1,0.15,inward,11,6.0,0.12,arrived,0.0019856821819835835,9.599999999999982
RCBF,0.1,0.15,inward,12,6.0,0.12,arrived,0.0009059451024707732,9.599999999999982
SRCBF,0.1,0.15,inward,12,6.0,0.12,arrived,0.0018255104011150047,9.599999999999982
RCBF,0.1,0.15,inward,13,6.0,0.12,arrived,0.0005108962109314774,9.99999999999998
SRCBF,0.1,0.15,inward,13,6.0,0.12,arrived,0.0011084073992646548,9.99999999999998
RCBF,0.1,0.15,inward,14,6.0,0.12,arrived,0.0005297479680405059,9.89999999999998
SRCBF,0.1,0.15,inward,14,6.0,0.12,arrived,0.0011478735951477859,9.89999999999998
RCBF,0.1,0.15,inward,15,6.0,0.12,arrived,0.0006105036248238438,9.799999999999981
SRCBF,0.1,0.15,inward,15,6.0,0.12,arrived,0.0013003819208154965,9.89999999999998
RCBF,0.1,0.15,inward,16,6.0,0.12,arrived,0.0006890134787749247,9.799999999999981
SRCBF,0.1,0.15,inward,16,6.0,0.12,arrived,0.0014407402925455948,9.799999999999981
RCBF,0.1,0.15,inward,17,6.0,0.12,arrived,0.0005218482181518214,9.89999999999998
SRCBF,0.1,0.15,inward,17,6.0,0.12,arrived,0.0011313407155196797,9.99999999999998
RCBF,0.1,0.15,inward,18,6.0,0.12,arrived,0.000800662487682513,9.699999999999982
SRCBF,0.1,0.15,inward,18,6.0,0.12,arrived,0.001639262136479469,9.699999999999982
RCBF,0.1,0.15,inward,19,6.0,0.12,arrived,0.0007861961769587422,9.699999999999982
SRCBF,0.1,0.15,inward,19,6.0,0.12,arrived,0.0016136023716314396,9.699999999999982
RCBF,0.1,0.45,bias,0,6.0,0.12,arrived,0.008328395582730574,8.599999999999985
SRCBF,0.1,0.45,bias,0,6.0,0.12,arrived,0.011556916325114353,8.699999999999985
RCBF,0.1,0.45,bias,1,6.0,0.12,arrived,0.01908577597147265,6.199999999999994
SRCBF,0.1,0.45,bias,1,6.0,0.12,arrived,0.028837167929498753,6.199999999999994
RCBF,0.1,0.45,bias,2,6.0,0.12,arrived,0.00884358538301655,8.799999999999985
SRCBF,0.1,0.45,bias,2,6.0,0.12,arrived,0.012460737216482443,8.799999999999985
RCBF,0.1,0.45,bias,3,6.0,0.12,arrived,0.007148881691084297,7.999999999999988
SRCBF,0.1,0.45,bias,3,6.0,0.12,arrived,0.009882232389139212,7.999999999999988
RCBF,0.1,0.45,bias,4,6.0,0.12,arrived,0.029667655532013004,9.499999999999982
SRCBF,0.1,0.45,bias,4,6.0,0.12,arrived,0.039687126331728995,9.499999999999982
RCBF,0.1,0.45,bias,5,6.0,0.12,arrived,0.039870324450483774,7.099999999999991
SRCBF,0.1,0.45,bias,5,6.0,0.12,arrived,0.05562637438022122,7.099999999999991
RCBF,0.1,0.45,bias,6,6.0,0.12,arrived,0.01076355504632831,9.299999999999983
SRCBF,0.1,0.45,bias,6,6.0,0.12,arrived,0.015601001219681776,9.299999999999983
RCBF,0.1,0.45,bias,7,6.0,0.12,arrived,0.02759036170702156,6.399999999999993
SRCBF,0.1,0.45,bias,7,6.0,0.12,arrived,0.04002505823453206,6.399999999999993
RCBF,0.1,0.45,bias,8,6.0,0.12,arrived,0.014076185814500874,6.199999999999994
SRCBF,0.1,0.45,bias,8,6.0,0.12,arrived,0.022134563250878703,6.199999999999994
RCBF,0.1,0.45,bias,9,6.0,0.12,arrived,0.008685507949411697,8.899999999999984
SRCBF,0.1,0.45,bias,9,6.0,0.12,arrived,0.012149004419463538,8.999999999999984
RCBF,0.1,0.45,bias,10,6.0,0.12,arrived,0.005910295635892848,7.999999999999988
SRCBF,0.1,0.45,bias,10,6.0,0.12,arrived,0.00817046921875475,7.999999999999988
RCBF,0.1,0.45,bias,11,6.0,0.12,arrived,0.02794983514698901,9.399999999999983
SRCBF,0.1,0.45,bias,11,6.0,0.12,arrived,0.03719639833098043,9.399999999999983
RCBF,0.1,0.45,bias,12,6.0,0.12,arrived,0.020744838919582897,6.199999999999994
SRCBF,0.1,0.45,bias,12,6.0,0.12,arrived,0.03128371688025111,6.199999999999994
RCBF,0.1,0.45,bias,13,6.0,0.12,arrived,0.03323489755331521,6.699999999999992
SRCBF,0.1,0.45,bias,13,6.0,0.12,arrived,0.04736752394138455,6.699999999999992
RCBF,0.1,0.45,bias,14,6.0,0.12,arrived,0.011845138238526287,9.499999999999982
SRCBF,0.1,0.45,bias,14,6.0,0.12,arrived,0.017243193119848566,9.499999999999982
RCBF,0.1,0.45,bias,15,6.0,0.12,arrived,0.03946546811786489,6.999999999999991
SRCBF,0.1,0.45,bias,15,6.0,0.12,arrived,0.055059361456768596,6.999999999999991
RCBF,0.1,0.45,bias,16,6.0,0.12,arrived,0.018491238618632444,9.499999999999982
SRCBF,0.1,0.45,bias,16,6.0,0.12,arrived,0.02651218665660804,9.599999999999982
RCBF,0.1,0.45,bias,17,6.0,0.12,arrived,0.003985269207872344,7.29999999999999
SRCBF,0.1,0.45,bias,17,6.0,0.12,arrived,0.005700563385115154,7.39999999999999
RCBF,0.1,0.45,bias,18,6.0,0.12,arrived,0.04683985653706857,7.999999999999988
SRCBF,0.1,0.45,bias,18,6.0,0.12,arrived,0.06351531171372649,7.999999999999988
RCBF,0.1,0.45,bias,19,6.0,0.12,arrived,0.02341632544311678,6.299999999999994
SRCBF,0.1,0.45,bias,19,6.0,0.12,arrived,0.03495035627857379,6.299999999999994
RCBF,0.1,0.45,inward,0,6.0,0.12,arrived,0.003999828257669313,8.699999999999985
SRCBF,0.1,0.45,inward,0,6.0,0.12,arrived,0.007019528489555782,8.699999999999985
RCBF,0.1,0.45,inward,1,6.0,0.12,arrived,0.004127199804917603,8.599999999999985
SRCBF,0.1,0.45,inward,1,6.0,0.12,arrived,0.0072241730382816005,8.699999999999985
RCBF,0.1,0.45,inward,2,6.0,0.12,arrived,0.0044119359538102865,8.599999999999985
SRCBF,0.1,0.45,inward,2,6.0,0.12,arrived,0.007626978577907395,8.599999999999985
RCBF,0.1,0.45,inward,3,6.0,0.12,arrived,0.004619631809170577,8.599999999999985
SRCBF,0.1,0.45,inward,3,6.0,0.12,arrived,0.007904671411268716,8.599999999999985
RCBF,0.1,0.45,inward,4,6.0,0.12,arrived,0.003686186671457814,8.699999999999985
SRCBF,0.1,0.45,inward,4,6.0,0.12,arrived,0.006511332453479457,8.699999999999985
RCBF,0.1,0.45,inward,5,6.0,0.12,arrived,0.003827936239766294,8.699999999999985
SRCBF,0.1,0.45,inward,5,6.0,0.12,arrived,0.006741766927025661,8.699999999999985
RCBF,0.1,0.45,inward,6,6.0,0.12,arrived,0.004100439688088042,8.599999999999985
SRCBF,0.1,0.45,inward,6,6.0,0.12,arrived,0.007181260955352764,8.699999999999985
RCBF,0.1,0.45,inward,7,6.0,0.12,arrived,0.004011931927383472,8.699999999999985
SRCBF,0.1,0.45,inward,7,6.0,0.12,arrived,0.007039018060652769,8.699999999999985
RCBF,0.1,0.45,inward,8,6.0,0.12,arrived,0.004334469541428021,8.599999999999985
SRCBF,0.1,0.45,inward,8,6.0,0.12,arrived,0.007522624187170535,8.599999999999985
RCBF,0.1,0.45,inward,9,6.0,0.12,arrived,0.0037609901584579886,8.699999999999985
SRCBF,0.1,0.45,inward,9,6.0,0.12,arrived,0.006633092304407673,8.699999999999985
RCBF,0.1,0.45,inward,10,6.0,0.12,arrived,0.0036728770351502904,8.699999999999985
SRCBF,0.1,0.45,inward,10,6.0,0.12,arrived,0.0064896313846761755,8.699999999999985
RCBF,0.1,0.45,inward,11,6.0,0.12,arrived,0.004569095489155961,8.599999999999985
SRCBF,0.1,0.45,inward,11,6.0,0.12,arrived,0.0078373849652007,8.599999999999985
RCBF,0.1,0.45,inward,12,6.0,0.12,arrived,0.004424706289663294,8.599999999999985
SRCBF,0.1,0.45,inward,12,6.0,0.12,arrived,0.007644140783444553,8.599999999999985
RCBF,0.1,0.45,inward,13,6.0,0.12,arrived,0.0037665873395290594,8.699999999999985
SRCBF,0.1,0.45,inward,13,6.0,0.12,arrived,0.006642188979014252,8.699999999999985
RCBF,0.1,0.45,inward,14,6.0,0.12,arrived,0.0038012904756830057,8.699999999999985
SRCBF,0.1,0.45,inward,14,6.0,0.12,arrived,0.006698545834949443,8.699999999999985
RCBF,0.1,0.45,inward,15,6.0,0.12,arrived,0.003942864856198769,8.699999999999985
SRCBF,0.1,0.45,inward,15,6.0,0.12,arrived,0.00692768348086259,8.699999999999985
RCBF,0.1,0.45,inward,16,6.0,0.12,arrived,0.004071198648132102,8.599999999999985
SRCBF,0.1,0.45,inward,16,6.0,0.12,arrived,0.007134320269067462,8.699999999999985
RCBF,0.1,0.45,inward,17,6.0,0.12,arrived,0.0037868315967614086,8.699999999999985
SRCBF,0.1,0.45,inward,17,6.0,0.12,arrived,0.006675074154292027,8.699999999999985
RCBF,0.1,0.45,inward,18,6.0,0.12,arrived,0.004248563755579915,8.599999999999985
SRCBF,0.1,0.45,inward,18,6.0,0.12,arrived,0.007406407690950911,8.599999999999985
RCBF,0.1,0.45,inward,19,6.0,0.12,arrived,0.0042235051116032984,8.599999999999985
SRCBF,0.1,0.45,inward,19,6.0,0.12,arrived,0.007372409906035937,8.599999999999985
RCBF,0.2,0.15,bias,0,6.0,0.12,arrived,0.022208480912294992,9.999999999999996
SRCBF,0.2,0.15,bias,0,6.0,0.12,arrived,0.04630607923388308,9.999999999999996
RCBF,0.2,0.15,bias,1,6.0,0.12,violation,-0.0005524518026388536,1.9999999999999998
SRCBF,0.2,0.15,bias,1,6.0,0.12,arrived,0.0148954613930109,7.0000000000000036
RCBF,0.2,0.15,bias,2,6.0,0.12,arrived,0.01616414206194916,10.599999999999994
SRCBF,0.2,0.15,bias,2,6.0,0.12,arrived,0.04917959204456268,10.799999999999994
RCBF,0.2,0.15,bias,3,6.0,0.12,violation,-0.013797454614223326,2.1999999999999997
SRCBF,0.2,0.15,bias,3,6.0,0.12,arrived,0.03547792193275923,10.199999999999996
RCBF,0.2,0.15,bias,4,6.0,0.12,arrived,0.02922097201704199,10.799999999999994
SRCBF,0.2,0.15,bias,4,6.0,0.12,arrived,0.05685281894144589,10.999999999999993
RCBF,0.2,0.15,bias,5,6.0,0.12,violation,-0.005821301326929484,2.1999999999999997
SRCBF,0.2,0.15,bias,5,6.0,0.12,arrived,0.050072092008986546,7.800000000000004
RCBF,0.2,0.15,bias,6,6.0,0.12,arrived,0.008688074933063339,11.199999999999992
SRCBF,0.2,0.15,bias,6,6.0,0.12,arrived,0.05717812393750665,11.199999999999992
RCBF,0.2,0.15,bias,7,6.0,0.12,arrived,0.0039512114647434204,7.200000000000004
SRCBF,0.2,0.15,bias,7,6.0,0.12,arrived,0.02721822789273276,7.200000000000004
RCBF,0.2,0.15,bias,8,6.0,0.12,violation,-0.017252679194406095,1.9999999999999998
SRCBF,0.2,0.15,bias,8,6.0,0.12,arrived,0.008744700241479775,7.200000000000004
RCBF,0.2,0.15,bias,9,6.0,0.12,arrived,0.01922337780268768,9.999999999999996
SRCBF,0.2,0.15,bias,9,6.0,0.12,arrived,0.050889126620532465,10.199999999999996
RCBF,0.2,0.15,bias,10,6.0,0.12,violation,-0.007969955456005318,2.1999999999999997
SRCBF,0.2,0.15,bias,10,6.0,0.12,arrived,0.03480173625747496,9.2
RCBF,0.2,0.15,bias,11,6.0,0.12,arrived,0.026730558125207526,10.399999999999995
SRCBF,0.2,0.15,bias,11,6.0,0.12,arrived,0.05534415227111611,10.599999999999994
RCBF,0.2,0.15,bias,12,6.0,0.12,arrived,0.005598015323575067,7.0000000000000036
SRCBF,0.2,0.15,bias,12,6.0,0.12,arrived,0.017472317959946082,7.0000000000000036
RCBF,0.2,0.15,bias,13,6.0,0.12,arrived,0.0005253814136763069,7.400000000000004
SRCBF,0.2,0.15,bias,13,6.0,0.12,arrived,0.03646133169240884,7.400000000000004
RCBF,0.2,0.15,bias,14,6.0,0.12,arrived,0.00617290566012707,11.199999999999992
SRCBF,0.2,0.15,bias,14,6.0,0.12,arrived,0.060549842599713855,11.399999999999991
RCBF,0.2,0.15,bias,15,6.0,0.12,violation,-0.005002481752025556,2.1999999999999997
SRCBF,0.2,0.15,bias,15,6.0,0.12,arrived,0.04886749553587244,7.800000000000004
RCBF,0.2,0.15,bias,16,6.0,0.12,arrived,0.020738429292992633,12.799999999999986
SRCBF,0.2,0.15,bias,16,6.0,0.12,arrived,0.0406272644350284,12.999999999999986
RCBF,0.2,0.15,bias,17,6.0,0.12,violation,-0.0021582362931596988,2.1999999999999997
SRCBF,0.2,0.15,bias,17,6.0,0.12,arrived,0.02220632363314934,9.0
RCBF,0.2,0.15,bias,18,6.0,0.12,arrived,0.016416975333322315,8.600000000000001
SRCBF,0.2,0.15,bias,18,6.0,0.12,arrived,0.06863408295953155,8.600000000000001
RCBF,0.2,0.15,bias,19,6.0,0.12,arrived,0.005248521046773091,7.0000000000000036
SRCBF,0.2,0.15,bias,19,6.0,0.12,arrived,0.02134243165934635,7.0000000000000036
RCBF,0.2,0.15,inward,0,6.0,0.12,violation,-0.029735899838870483,1.9999999999999998
SRCBF,0.2,0.15,inward,0,6.0,0.12,arrived,0.0024245070065995744,9.799999999999997
RCBF,0.2,0.15,inward,1,6.0,0.12,violation,-0.02770893153757603,1.9999999999999998
SRCBF,0.2,0.15,inward,1,6.0,0.12,arrived,0.002721008372359446,9.799999999999997
RCBF,0.2,0.15,inward,2,6.0,0.12,violation,-0.023046183278190857,1.9999999999999998
SRCBF,0.2,0.15,inward,2,6.0,0.12,arrived,0.0032524107666321855,9.599999999999998
RCBF,0.2,0.15,inward,3,6.0,0.12,violation,-0.01928565002976934,1.9999999999999998
SRCBF,0.2,0.15,inward,3,6.0,0.12,arrived,0.0036270695910306516,9.399999999999999
RCBF,0.2,0.15,inward,4,6.0,0.12,violation,-0.03382582336617623,1.9999999999999998
SRCBF,0.2,0.15,inward,4,6.0,0.12,arrived,0.0017707329069286404,9.999999999999996
RCBF,0.2,0.15,inward,5,6.0,0.12,violation,-0.0321345088339029,1.9999999999999998
SRCBF,0.2,0.15,inward,5,6.0,0.12,arrived,0.002052634159577127,9.999999999999996
RCBF,0.2,0.15,inward,6,6.0,0.12,violation,-0.028152615554831728,1.9999999999999998
SRCBF,0.2,0.15,inward,6,6.0,0.12,arrived,0.0026572496800284506,9.799999999999997
RCBF,0.2,0.15,inward,7,6.0,0.12,violation,-0.029552486998646876,1.9999999999999998
SRCBF,0.2,0.15,inward,7,6.0,0.12,arrived,0.0024519207222911676,9.799999999999997
RCBF,0.2,0.15,inward,8,6.0,0.12,violation,-0.024342167143333482,1.9999999999999998
SRCBF,0.2,0.15,inward,8,6.0,0.12,arrived,0.0031181344729188654,9.599999999999998
RCBF,0.2,0.15,inward,9,6.0,0.12,violation,-0.03296535665298572,1.9999999999999998
SRCBF,0.2,0.15,inward,9,6.0,0.12,arrived,0.00191669023627139,9.999999999999996
RCBF,0.2,0.15,inward,10,6.0,0.12,violation,-0.033971442757878,1.9999999999999998
SRCBF,0.2,0.15,inward,10,6.0,0.12,arrived,0.001745422325642454,9.999999999999996
RCBF,0.2,0.15,inward,11,6.0,0.12,violation,-0.020239260303378415,1.9999999999999998
SRCBF,0.2,0.15,inward,11,6.0,0.12,arrived,0.0035339271047791776,9.599999999999998
RCBF,0.2,0.15,inward,12,6.0,0.12,violation,-0.022827009813838006,1.9999999999999998
SRCBF,0.2,0.15,inward,12,6.0,0.12,arrived,0.003274828890956538,9.599999999999998
RCBF,0.2,0.15,inward,13,6.0,0.12,violation,-0.03289809500265506,1.9999999999999998
SRCBF,0.2,0.15,inward,13,6.0,0.12,arrived,0.0019278640525797197,9.999999999999996
RCBF,0.2,0.15,inward,14,6.0,0.12,violation,-0.03247209821121588,1.9999999999999998
SRCBF,0.2,0.15,inward,14,6.0,0.12,arrived,0.00199792579680802,9.999999999999996
RCBF,0.2,0.15,inward,15,6.0,0.12,violation,-0.030573340231345725,1.9999999999999998
SRCBF,0.2,0.15,inward,15,6.0,0.12,arrived,0.0022976522791373633,9.799999999999997
RCBF,0.2,0.15,inward,16,6.0,0.12,violation,-0.028626555641745877,1.9999999999999998
SRCBF,0.2,0.15,inward,16,6.0,0.12,arrived,0.0025884687453021638,9.799999999999997
RCBF,0.2,0.15,inward,17,6.0,0.12,violation,-0.03265146561529664,1.9999999999999998
SRCBF,0.2,0.15,inward,17,6.0,0.12,arrived,0.0019685711918795423,9.999999999999996
RCBF,0.2,0.15,inward,18,6.0,0.12,violation,-0.025712295482395287,1.9999999999999998
SRCBF,0.2,0.15,inward,18,6.0,0.12,arrived,0.0029726348526017965,9.599999999999998
RCBF,0.2,0.15,inward,19,6.0,0.12,violation,-0.026098740773382922,1.9999999999999998
SRCBF,0.2,0.15,inward,19,6.0,0.12,arrived,0.0029308577314074435,9.599999999999998
RCBF,0.2,0.45,bias,0,6.0,0.12,arrived,0.008935036651237072,8.600000000000001
SRCBF,0.2,0.45,bias,0,6.0,0.12,arrived,0.022505932684011132,8.600000000000001
RCBF,0.2,0.45,bias,1,6.0,0.12,violation,-0.005815124609716893,2.1999999999999997
SRCBF,0.2,0.45,bias,1,6.0,0.12,arrived,0.03944768586530989,6.200000000000003
RCBF,0.2,0.45,bias,2,6.0,0.12,arrived,0.0012459413137961839,8.8
SRCBF,0.2,0.45,bias,2,6.0,0.12,arrived,0.026040479215548862,8.8
RCBF,0.2,0.45,bias,3,6.0,0.12,arrived,0.009781819787291535,8.000000000000004
SRCBF,0.2,0.45,bias,3,6.0,0.12,arrived,0.01840911478111018,8.000000000000004
RCBF,0.2,0.45,bias,4,6.0,0.12,arrived,0.02917012734411495,9.399999999999999
SRCBF,0.2,0.45,bias,4,6.0,0.12,arrived,0.06096888197763528,9.399999999999999
RCBF,0.2,0.45,bias,5,6.0,0.12,arrived,0.018027099685073322,7.0000000000000036
SRCBF,0.2,0.45,bias,5,6.0,0.12,arrived,0.07513913517599025,7.0000000000000036
RCBF,0.2,0.45,bias,6,6.0,0.12,arrived,0.0024579775750677157,9.2
SRCBF,0.2,0.45,bias,6,6.0,0.12,arrived,0.03085224160119593,9.2
RCBF,0.2,0.45,bias,7,6.0,0.12,arrived,0.016194881164720454,6.400000000000003
SRCBF,0.2,0.45,bias,7,6.0,0.12,arrived,0.05442398321005637,6.400000000000003
RCBF,0.2,0.45,bias,8,6.0,0.12,violation,-0.00633323702924693,2.1999999999999997
SRCBF,0.2,0.45,bias,8,6.0,0.12,arrived,0.030404067561948134,6.200000000000003
RCBF,0.2,0.45,bias,9,6.0,0.12,arrived,0.007504009505234999,9.0
SRCBF,0.2,0.45,bias,9,6.0,0.12,arrived,0.02460856882566853,9.0
RCBF,0.2,0.45,bias,10,6.0,0.12,violation,-0.01874141109827454,2.1999999999999997
SRCBF,0.2,0.45,bias,10,6.0,0.12,arrived,0.014768730792843687,8.000000000000004
RCBF,0.2,0.45,bias,11,6.0,0.12,arrived,0.03188316704018923,9.2
SRCBF,0.2,0.45,bias,11,6.0,0.12,arrived,0.060242707133457474,9.399999999999999
RCBF,0.2,0.45,bias,12,6.0,0.12,violation,-0.00809898124958619,2.1999999999999997
SRCBF,0.2,0.45,bias,12,6.0,0.12,arrived,0.04301610777257603,6.200000000000003
RCBF,0.2,0.45,bias,13,6.0,0.12,arrived,0.027508182886894605,6.600000000000003
SRCBF,0.2,0.45,bias,13,6.0,0.12,arrived,0.06398879863190643,6.800000000000003
RCBF,0.2,0.45,bias,14,6.0,0.12,arrived,0.01729767219149525,9.399999999999999
SRCBF,0.2,0.45,bias,14,6.0,0.12,arrived,0.032292585096505566,9.599999999999998
RCBF,0.2,0.45,bias,15,6.0,0.12,arrived,0.018456532406787463,7.0000000000000036
SRCBF,0.2,0.45,bias,15,6.0,0.12,arrived,0.07448818187874051,7.0000000000000036
RCBF,0.2,0.45,bias,16,6.0,0.12,arrived,0.017000191833129286,9.399999999999999
SRCBF,0.2,0.45,bias,16,6.0,0.12,arrived,0.04489482782986509,9.599999999999998
RCBF,0.2,0.45,bias,17,6.0,0.12,violation,-0.013772251595324803,2.1999999999999997
SRCBF,0.2,0.45,bias,17,6.0,0.12,arrived,0.010238144796811843,7.400000000000004
RCBF,0.2,0.45,bias,18,6.0,0.12,arrived,0.03377004498264946,8.000000000000004
SRCBF,0.2,0.45,bias,18,6.0,0.12,arrived,0.08784860802682548,8.000000000000004
RCBF,0.2,0.45,bias,19,6.0,0.12,violation,-0.007997808893184022,2.1999999999999997
SRCBF,0.2,0.45,bias,19,6.0,0.12,arrived,0.047760433599078334,6.400000000000003
RCBF,0.2,0.45,inward,0,6.0,0.12,violation,-0.0065092209692485525,2.1999999999999997
SRCBF,0.2,0.45,inward,0,6.0,0.12,arrived,0.012902542672030504,8.600000000000001
RCBF,0.2,0.45,inward,1,6.0,0.12,violation,-0.007461532011345251,2.1999999999999997
SRCBF,0.2,0.45,inward,1,6.0,0.12,arrived,0.013294992208349399,8.600000000000001
RCBF,0.2,0.45,inward,2,6.0,0.12,violation,-0.009459468796804926,2.1999999999999997
SRCBF,0.2,0.45,inward,2,6.0,0.12,arrived,0.014071836217406264,8.600000000000001
RCBF,0.2,0.45,inward,3,6.0,0.12,violation,-0.01093819913275973,2.1999999999999997
SRCBF,0.2,0.45,inward,3,6.0,0.12,arrived,0.0146106911922681,8.400000000000002
RCBF,0.2,0.45,inward,4,6.0,0.12,violation,-0.00431443599337944,2.1999999999999997
SRCBF,0.2,0.45,inward,4,6.0,0.12,arrived,0.011934566714074224,8.600000000000001
RCBF,0.2,0.45,inward,5,6.0,0.12,violation,-0.005280468560452389,2.1999999999999997
SRCBF,0.2,0.45,inward,5,6.0,0.12,arrived,0.012372310905911621,8.600000000000001
RCBF,0.2,0.45,inward,6,6.0,0.12,violation,-0.007258442186535818,2.1999999999999997
SRCBF,0.2,0.45,inward,6,6.0,0.12,arrived,0.013212573791162807,8.600000000000001
RCBF,0.2,0.45,inward,7,6.0,0.12,violation,-0.006598164453860855,2.1999999999999997
SRCBF,0.2,0.45,inward,7,6.0,0.12,arrived,0.012939852750190273,8.600000000000001
RCBF,0.2,0.45,inward,8,6.0,0.12,violation,-0.008925605816887283,2.1999999999999997
SRCBF,0.2,0.45,inward,8,6.0,0.12,arrived,0.013870029392966776,8.600000000000001
RCBF,0.2,0.45,inward,9,6.0,0.12,violation,-0.004818990535215839,2.1999999999999997
SRCBF,0.2,0.45,inward,9,6.0,0.12,arrived,0.012165624833837763,8.600000000000001
RCBF,0.2,0.45,inward,10,6.0,0.12,violation,-0.0042258755849878815,2.1999999999999997
SRCBF,0.2,0.45,inward,10,6.0,0.12,arrived,0.011893442703460266,8.600000000000001
RCBF,0.2,0.45,inward,11,6.0,0.12,violation,-0.010571966750891781,2.1999999999999997
SRCBF,0.2,0.45,inward,11,6.0,0.12,arrived,0.01447988170602954,8.400000000000002
RCBF,0.2,0.45,inward,12,6.0,0.12,violation,-0.009548389135460744,2.1999999999999997
SRCBF,0.2,0.45,inward,12,6.0,0.12,arrived,0.014105061951936726,8.600000000000001
RCBF,0.2,0.45,inward,13,6.0,0.12,violation,-0.004857212535941846,2.1999999999999997
SRCBF,0.2,0.45,inward,13,6.0,0.12,arrived,0.012182909012725118,8.600000000000001
RCBF,0.2,0.45,inward,14,6.0,0.12,violation,-0.005095660536651669,2.1999999999999997
SRCBF,0.2,0.45,inward,14,6.0,0.12,arrived,0.01229005774308134,8.600000000000001
RCBF,0.2,0.45,inward,15,6.0,0.12,violation,-0.006094940924172176,2.1999999999999997
SRCBF,0.2,0.45,inward,15,6.0,0.12,arrived,0.012726904063341316,8.600000000000001
RCBF,0.2,0.45,inward,16,6.0,0.12,violation,-0.007038367300552739,2.1999999999999997
SRCBF,0.2,0.45,inward,16,6.0,0.12,arrived,0.013122493931179147,8.600000000000001
RCBF,0.2,0.45,inward,17,6.0,0.12,violation,-0.00499600478454576,2.1999999999999997
SRCBF,0.2,0.45,inward,17,6.0,0.12,arrived,0.012245417954769189,8.600000000000001
RCBF,0.2,0.45,inward,18,6.0,0.12,violation,-0.00834460787139557,2.1999999999999997
SRCBF,0.2,0.45,inward,18,6.0,0.12,arrived,0.013645733933115411,8.600000000000001
RCBF,0.2,0.45,inward,19,6.0,0.12,violation,-0.008177296010913215,2.1999999999999997
SRCBF,0.2,0.45,inward,19,6.0,0.12,arrived,0.013580209409632671,8.600000000000001
RCBF,0.3,0.15,bias,0,6.0,0.12,violation,-0.06351091595036162,2.4
SRCBF,0.3,0.15,bias,0,6.0,0.12,arrived,0.05729641353379511,10.200000000000003
RCBF,0.3,0.15,bias,1,6.0,0.12,violation,-0.10660464638733502,2.1
SRCBF,0.3,0.15,bias,1,6.0,0.12,arrived,0.018348339836845584,7.1999999999999975
RCBF,0.3,0.15,bias,2,6.0,0.12,violation,-0.09281844586362031,2.4
SRCBF,0.3,0.15,bias,2,6.0,0.12,arrived,0.06148267401958485,10.800000000000004
RCBF,0.3,0.15,bias,3,6.0,0.12,violation,-0.02955636031113773,2.4
SRCBF,0.3,0.15,bias,3,6.0,0.12,arrived,0.04375972423056462,10.200000000000003
RCBF,0.3,0.15,bias,4,6.0,0.12,violation,-0.003745454643236168,2.6999999999999997
SRCBF,0.3,0.15,bias,4,6.0,0.12,arrived,0.08219945526085626,11.100000000000005
RCBF,0.3,0.15,bias,5,6.0,0.12,violation,-0.007782785756552779,2.4
SRCBF,0.3,0.15,bias,5,6.0,0.12,arrived,0.060280319833459606,7.799999999999997
RCBF,0.3,0.15,bias,6,6.0,0.12,violation,-0.038614765249931016,2.4
SRCBF,0.3,0.15,bias,6,6.0,0.12,arrived,0.07149092545076496,11.400000000000006
RCBF,0.3,0.15,bias,7,6.0,0.12,violation,-0.053709560079581053,2.1
SRCBF,0.3,0.15,bias,7,6.0,0.12,arrived,0.033662100737589795,7.1999999999999975
RCBF,0.3,0.15,bias,8,6.0,0.12,violation,-0.1254885842231609,2.1
SRCBF,0.3,0.15,bias,8,6.0,0.12,arrived,0.010902581359959362,7.1999999999999975
RCBF,0.3,0.15,bias,9,6.0,0.12,violation,-0.08171342349212807,2.4
SRCBF,0.3,0.15,bias,9,6.0,0.12,arrived,0.06331543891227887,10.200000000000003
RCBF,0.3,0.15,bias,10,6.0,0.12,violation,-0.0003669810151768482,2.4
SRCBF,0.3,0.15,bias,10,6.0,0.12,arrived,0.042847207675303256,9.3
RCBF,0.3,0.15,bias,11,6.0,0.12,violation,-0.012899859642144906,2.6999999999999997
SRCBF,0.3,0.15,bias,11,6.0,0.12,arrived,0.08009309884907778,10.500000000000004
RCBF,0.3,0.15,bias,12,6.0,0.12,violation,-0.09445479953983671,2.1
SRCBF,0.3,0.15,bias,12,6.0,0.12,arrived,0.02163956238148068,7.1999999999999975
RCBF,0.3,0.15,bias,13,6.0,0.12,violation,-0.005257701509100987,2.1
SRCBF,0.3,0.15,bias,13,6.0,0.12,arrived,0.04508591054092259,7.499999999999997
RCBF,0.3,0.15,bias,14,6.0,0.12,violation,-0.011865251463656579,2.4
SRCBF,0.3,0.15,bias,14,6.0,0.12,arrived,0.07567458884144918,11.400000000000006
RCBF,0.3,0.15,bias,15,6.0,0.12,violation,-0.0023473193761771594,2.4
SRCBF,0.3,0.15,bias,15,6.0,0.12,arrived,0.059022786203488664,7.799999999999997
RCBF,0.3,0.15,bias,16,6.0,0.12,arrived,0.017698390707149403,12.90000000000001
SRCBF,0.3,0.15,bias,16,6.0,0.12,arrived,0.06166463463625527,13.20000000000001
RCBF,0.3,0.15,bias,17,6.0,0.12,violation,-0.0303157364404103,2.1
SRCBF,0.3,0.15,bias,17,6.0,0.12,arrived,0.027323526494526518,9.3
RCBF,0.3,0.15,bias,18,6.0,0.12,violation,-0.03687781466278928,2.4
SRCBF,0.3,0.15,bias,18,6.0,0.12,arrived,0.0874879217543112,8.7
RCBF,0.3,0.15,bias,19,6.0,0.12,violation,-0.07979198120069186,2.1
SRCBF,0.3,0.15,bias,19,6.0,0.12,arrived,0.026410077765896656,7.1999999999999975
RCBF,0.3,0.15,inward,0,6.0,0.12,violation,-0.14015519510723085,2.1
SRCBF,0.3,0.15,inward,0,6.0,0.12,arrived,0.003373194338089358,9.900000000000002
RCBF,0.3,0.15,inward,1,6.0,0.12,violation,-0.1379009242440713,2.1
SRCBF,0.3,0.15,inward,1,6.0,0.12,arrived,0.0037728378810677476,9.600000000000001
RCBF,0.3,0.15,inward,2,6.0,0.12,violation,-0.13274519154267195,2.1
SRCBF,0.3,0.15,inward,2,6.0,0.12,arrived,0.004637136448458645,9.600000000000001
RCBF,0.3,0.15,inward,3,6.0,0.12,violation,-0.1286093063945115,2.1
SRCBF,0.3,0.15,inward,3,6.0,0.12,arrived,0.005293755038480508,9.600000000000001
RCBF,0.3,0.15,inward,4,6.0,0.12,violation,-0.14474281497222685,2.1
SRCBF,0.3,0.15,inward,4,6.0,0.12,arrived,0.0024932135499378116,9.900000000000002
RCBF,0.3,0.15,inward,5,6.0,0.12,violation,-0.1428375700590372,2.1
SRCBF,0.3,0.15,inward,5,6.0,0.12,arrived,0.0028725968409999414,9.900000000000002
RCBF,0.3,0.15,inward,6,6.0,0.12,violation,-0.13839355885723492,2.1
SRCBF,0.3,0.15,inward,6,6.0,0.12,arrived,0.003686849784429347,9.600000000000001
RCBF,0.3,0.15,inward,7,6.0,0.12,violation,-0.1399508032582759,2.1
SRCBF,0.3,0.15,inward,7,6.0,0.12,arrived,0.003410121090308915,9.900000000000002
RCBF,0.3,0.15,inward,8,6.0,0.12,violation,-0.13417472177745093,2.1
SRCBF,0.3,0.15,inward,8,6.0,0.12,arrived,0.004403258013065625,9.600000000000001
RCBF,0.3,0.15,inward,9,6.0,0.12,violation,-0.14377172829043405,2.1
SRCBF,0.3,0.15,inward,9,6.0,0.12,arrived,0.002689664638835576,9.900000000000002
RCBF,0.3,0.15,inward,10,6.0,0.12,violation,-0.14490758201869347,2.1
SRCBF,0.3,0.15,inward,10,6.0,0.12,arrived,0.0024591359105449184,9.900000000000002
RCBF,0.3,0.15,inward,11,6.0,0.12,violation,-0.12965653926509213,2.1
SRCBF,0.3,0.15,inward,11,6.0,0.12,arrived,0.005130064802575718,9.600000000000001
RCBF,0.3,0.15,inward,12,6.0,0.12,violation,-0.1325036630947678,2.1
SRCBF,0.3,0.15,inward,12,6.0,0.12,arrived,0.004676271509613139,9.600000000000001
RCBF,0.3,0.15,inward,13,6.0,0.12,violation,-0.1436959847813214,2.1
SRCBF,0.3,0.15,inward,13,6.0,0.12,arrived,0.0027047012203856857,9.900000000000002
RCBF,0.3,0.15,inward,14,6.0,0.12,violation,-0.14321676519353954,2.1
SRCBF,0.3,0.15,inward,14,6.0,0.12,arrived,0.0027989796120384547,9.900000000000002
RCBF,0.3,0.15,inward,15,6.0,0.12,violation,-0.14108961085242333,2.1
SRCBF,0.3,0.15,inward,15,6.0,0.12,arrived,0.0032023696940688406,9.900000000000002
RCBF,0.3,0.15,inward,16,6.0,0.12,violation,-0.13892026182901063,2.1
SRCBF,0.3,0.15,inward,16,6.0,0.12,arrived,0.0035941207403349384,9.600000000000001
RCBF,0.3,0.15,inward,17,6.0,0.12,violation,-0.14341844027527517,2.1
SRCBF,0.3,0.15,inward,17,6.0,0.12,arrived,0.0027594791814548048,9.900000000000002
RCBF,0.3,0.15,inward,18,6.0,0.12,violation,-0.13568877079418162,2.1
SRCBF,0.3,0.15,inward,18,6.0,0.12,arrived,0.0041510183954796,9.600000000000001
RCBF,0.3,0.15,inward,19,6.0,0.12,violation,-0.1361163631468144,2.1
SRCBF,0.3,0.15,inward,19,6.0,0.12,arrived,0.004078861169644066,9.600000000000001
RCBF,0.3,0.45,bias,0,6.0,0.12,violation,-0.09413193461765001,2.4
SRCBF,0.3,0.45,bias,0,6.0,0.12,arrived,0.03296860016398484,8.7
RCBF,0.3,0.45,bias,1,6.0,0.12,arrived,0.014225595422919346,6.299999999999998
SRCBF,0.3,0.45,bias,1,6.0,0.12,arrived,0.050374066657299044,6.299999999999998
RCBF,0.3,0.45,bias,2,6.0,0.12,violation,-0.06721083372657388,2.4
SRCBF,0.3,0.45,bias,2,6.0,0.12,arrived,0.038946202942717445,9.0
RCBF,0.3,0.45,bias,3,6.0,0.12,violation,-0.07419405093557052,2.4
SRCBF,0.3,0.45,bias,3,6.0,0.12,arrived,0.026799111028376732,8.099999999999998
RCBF,0.3,0.45,bias,4,6.0,0.12,violation,-0.044013195642591874,2.6999999999999997
SRCBF,0.3,0.45,bias,4,6.0,0.12,arrived,0.08845403504735228,9.3
RCBF,0.3,0.45,bias,5,6.0,0.12,arrived,0.005621266906800204,6.899999999999998
SRCBF,0.3,0.45,bias,5,6.0,0.12,arrived,0.09675922348128585,7.1999999999999975
RCBF,0.3,0.45,bias,6,6.0,0.12,arrived,0.0017749882247517501,9.3
SRCBF,0.3,0.45,bias,6,6.0,0.12,arrived,0.04819793244229331,9.3
RCBF,0.3,0.45,bias,7,6.0,0.12,violation,-0.019731963858792168,2.4
SRCBF,0.3,0.45,bias,7,6.0,0.12,arrived,0.06709668406287717,6.299999999999998
RCBF,0.3,0.45,bias,8,6.0,0.12,arrived,0.008942288835011691,6.299999999999998
SRCBF,0.3,0.45,bias,8,6.0,0.12,arrived,0.03982460105822061,6.299999999999998
RCBF,0.3,0.45,bias,9,6.0,0.12,violation,-0.10527072312557306,2.4
SRCBF,0.3,0.45,bias,9,6.0,0.12,arrived,0.03641421187519556,9.0
RCBF,0.3,0.45,bias,10,6.0,0.12,violation,-0.02662590172066781,2.4
SRCBF,0.3,0.45,bias,10,6.0,0.12,arrived,0.02142526632418118,8.099999999999998
RCBF,0.3,0.45,bias,11,6.0,0.12,violation,-0.01123896872399599,2.6999999999999997
SRCBF,0.3,0.45,bias,11,6.0,0.12,arrived,0.08373462996520065,9.3
RCBF,0.3,0.45,bias,12,6.0,0.12,arrived,0.0012772808898405819,6.299999999999998
SRCBF,0.3,0.45,bias,12,6.0,0.12,arrived,0.05424240860519247,6.299999999999998
RCBF,0.3,0.45,bias,13,6.0,0.12,violation,-0.047341223643359576,2.4
SRCBF,0.3,0.45,bias,13,6.0,0.12,arrived,0.08025366120126076,6.599999999999998
RCBF,0.3,0.45,bias,14,6.0,0.12,arrived,0.01910548283359703,9.3
SRCBF,0.3,0.45,bias,14,6.0,0.12,arrived,0.05158090321857256,9.600000000000001
RCBF,0.3,0.45,bias,15,6.0,0.12,arrived,0.002656061565296075,6.899999999999998
SRCBF,0.3,0.45,bias,15,6.0,0.12,arrived,0.09573839753401714,6.899999999999998
RCBF,0.3,0.45,bias,16,6.0,0.12,violation,-0.03644756698355667,2.6999999999999997
SRCBF,0.3,0.45,bias,16,6.0,0.12,arrived,0.06679646481813872,9.600000000000001
RCBF,0.3,0.45,bias,17,6.0,0.12,arrived,0.0034851822433588087,7.499999999999997
SRCBF,0.3,0.45,bias,17,6.0,0.12,arrived,0.014885162781396177,7.499999999999997
RCBF,0.3,0.45,bias,18,6.0,0.12,violation,-0.00962445379071375,2.6999999999999997
SRCBF,0.3,0.45,bias,18,6.0,0.12,arrived,0.11259156252520564,7.799999999999997
RCBF,0.3,0.45,bias,19,6.0,0.12,violation,-0.005833607462810364,2.4
SRCBF,0.3,0.45,bias,19,6.0,0.12,arrived,0.05967057189694058,6.299999999999998
RCBF,0.3,0.45,inward,0,6.0,0.12,violation,-0.03878593256235563,2.1
SRCBF,0.3,0.45,inward,0,6.0,0.12,arrived,0.018385225467097532,8.399999999999999
RCBF,0.3,0.45,inward,1,6.0,0.12,violation,-0.03263416748618542,2.1
SRCBF,0.3,0.45,inward,1,6.0,0.12,arrived,0.018945908675904066,8.399999999999999
RCBF,0.3,0.45,inward,2,6.0,0.12,violation,-0.019885212541101205,2.1
SRCBF,0.3,0.45,inward,2,6.0,0.12,arrived,0.020068887381668787,8.399999999999999
RCBF,0.3,0.45,inward,3,6.0,0.12,violation,-0.010571670833541824,2.1
SRCBF,0.3,0.45,inward,3,6.0,0.12,arrived,0.020858563427048393,8.399999999999999
RCBF,0.3,0.45,inward,4,6.0,0.12,violation,-0.05317847201655923,2.1
SRCBF,0.3,0.45,inward,4,6.0,0.12,arrived,0.01702023471437064,8.7
RCBF,0.3,0.45,inward,5,6.0,0.12,violation,-0.04680411628371639,2.1
SRCBF,0.3,0.45,inward,5,6.0,0.12,arrived,0.01763444005945758,8.399999999999999
RCBF,0.3,0.45,inward,6,6.0,0.12,violation,-0.03394177967643275,2.1
SRCBF,0.3,0.45,inward,6,6.0,0.12,arrived,0.018827798993046096,8.399999999999999
RCBF,0.3,0.45,inward,7,6.0,0.12,violation,-0.038209153944974816,2.1
SRCBF,0.3,0.45,inward,7,6.0,0.12,arrived,0.01843834394725441,8.399999999999999
RCBF,0.3,0.45,inward,8,6.0,0.12,violation,-0.023272283711079145,2.1
SRCBF,0.3,0.45,inward,8,6.0,0.12,arrived,0.019775441832405982,8.399999999999999
RCBF,0.3,0.45,inward,9,6.0,0.12,violation,-0.049840980199104545,2.1
SRCBF,0.3,0.45,inward,9,6.0,0.12,arrived,0.017343815507897986,8.7
RCBF,0.3,0.45,inward,10,6.0,0.12,violation,-0.053766193870003254,2.1
SRCBF,0.3,0.45,inward,10,6.0,0.12,arrived,0.016962786754381676,8.7
RCBF,0.3,0.45,inward,11,6.0,0.12,violation,-0.012869350217597275,2.1
SRCBF,0.3,0.45,inward,11,6.0,0.12,arrived,0.02066603235521558,8.399999999999999
RCBF,0.3,0.45,inward,12,6.0,0.12,violation,-0.019322373123812908,2.1
SRCBF,0.3,0.45,inward,12,6.0,0.12,arrived,0.020117318973434828,8.399999999999999
RCBF,0.3,0.45,inward,13,6.0,0.12,violation,-0.04958889286456869,2.1
SRCBF,0.3,0.45,inward,13,6.0,0.12,arrived,0.01736807623862835,8.7
RCBF,0.3,0.45,inward,14,6.0,0.12,violation,-0.04801853775689613,2.1
SRCBF,0.3,0.45,inward,14,6.0,0.12,arrived,0.017518648277626614,8.399999999999999
RCBF,0.3,0.45,inward,15,6.0,0.12,violation,-0.04147872028428268,2.1
SRCBF,0.3,0.45,inward,15,6.0,0.12,arrived,0.01813568374937835,8.399999999999999
RCBF,0.3,0.45,inward,16,6.0,0.12,violation,-0.035361351055955614,2.1
SRCBF,0.3,0.45,inward,16,6.0,0.12,arrived,0.01869893061235617,8.399999999999999
RCBF,0.3,0.45,inward,17,6.0,0.12,violation,-0.04867436641671086,2.1
SRCBF,0.3,0.45,inward,17,6.0,0.12,arrived,0.0174558811779707,8.399999999999999
RCBF,0.3,0.45,inward,18,6.0,0.12,violation,-0.02697421952188095,2.1
SRCBF,0.3,0.45,inward,18,6.0,0.12,arrived,0.019450726232805526,8.399999999999999
RCBF,0.3,0.45,inward,19,6.0,0.12,violation,-0.028043438012036126,2.1
SRCBF,0.3,0.45,inward,19,6.0,0.12,arrived,0.01935614596467694,8.399999999999999
RCBF,0.4,0.15,bias,0,6.0,0.12,violation,-0.15639706197896974,2.4
SRCBF,0.4,0.15,bias,0,6.0,0.12,arrived,0.06968203984136079,10.400000000000004
RCBF,0.4,0.15,bias,1,6.0,0.12,violation,-0.0002108548725655579,2.0
SRCBF,0.4,0.15,bias,1,6.0,0.12,arrived,0.02043493723619494,7.200000000000002
RCBF,0.4,0.15,bias,2,6.0,0.12,violation,-0.11132258720389765,2.4
SRCBF,0.4,0.15,bias,2,6.0,0.12,arrived,0.07431525252989879,10.800000000000004
RCBF,0.4,0.15,bias,3,6.0,0.12,violation,-0.20711160930123906,2.4
SRCBF,0.4,0.15,bias,3,6.0,0.12,arrived,0.053284012550955495,10.400000000000004
RCBF,0.4,0.15,bias,4,6.0,0.12,violation,-0.036448212354744935,2.8
SRCBF,0.4,0.15,bias,4,6.0,0.12,arrived,0.10756538222045142,11.200000000000005
RCBF,0.4,0.15,bias,5,6.0,0.12,violation,-0.16432216221424778,2.4
SRCBF,0.4,0.15,bias,5,6.0,0.12,arrived,0.07388490773370071,8.000000000000002
RCBF,0.4,0.15,bias,6,6.0,0.12,violation,-0.038537598911713045,2.4
SRCBF,0.4,0.15,bias,6,6.0,0.12,arrived,0.08710497299803954,11.600000000000005
RCBF,0.4,0.15,bias,7,6.0,0.12,violation,-0.033124875864663506,2.4
SRCBF,0.4,0.15,bias,7,6.0,0.12,arrived,0.03868304751687213,7.200000000000002
RCBF,0.4,0.15,bias,8,6.0,0.12,violation,-0.0171682044575292,2.0
SRCBF,0.4,0.15,bias,8,6.0,0.12,arrived,0.011691055766740344,7.200000000000002
RCBF,0.4,0.15,bias,9,6.0,0.12,violation,-0.12323383603515747,2.4
SRCBF,0.4,0.15,bias,9,6.0,0.12,arrived,0.07673144451665015,10.400000000000004
RCBF,0.4,0.15,bias,10,6.0,0.12,violation,-0.1567048657011556,2.4
SRCBF,0.4,0.15,bias,10,6.0,0.12,arrived,0.052696360336157766,9.200000000000003
RCBF,0.4,0.15,bias,11,6.0,0.12,violation,-0.05203246741501144,2.8
SRCBF,0.4,0.15,bias,11,6.0,0.12,arrived,0.10695917781908792,10.800000000000004
RCBF,0.4,0.15,bias,12,6.0,0.12,arrived,0.005257034412257,6.800000000000002
SRCBF,0.4,0.15,bias,12,6.0,0.12,arrived,0.024441097009687884,7.200000000000002
RCBF,0.4,0.15,bias,13,6.0,0.12,violation,-0.08438099202494209,2.4
SRCBF,0.4,0.15,bias,13,6.0,0.12,arrived,0.05313115582143557,7.600000000000002
RCBF,0.4,0.15,bias,14,6.0,0.12,violation,-0.011778578551628227,2.4
SRCBF,0.4,0.15,bias,14,6.0,0.12,arrived,0.09227768147493765,11.600000000000005
RCBF,0.4,0.15,bias,15,6.0,0.12,violation,-0.1547143171284926,2.4
SRCBF,0.4,0.15,bias,15,6.0,0.12,arrived,0.0721664406989787,8.000000000000002
RCBF,0.4,0.15,bias,16,6.0,0.12,violation,-0.03078032757027105,3.5999999999999996
SRCBF,0.4,0.15,bias,16,6.0,0.12,arrived,0.08600286169359794,13.600000000000007
RCBF,0.4,0.15,bias,17,6.0,0.12,violation,-0.07865252107109388,2.4
SRCBF,0.4,0.15,bias,17,6.0,0.12,arrived,0.032776204628896854,9.200000000000003
RCBF,0.4,0.15,bias,18,6.0,0.12,violation,-0.035709762759549624,2.4
SRCBF,0.4,0.15,bias,18,6.0,0.12,arrived,0.10670971745008806,8.800000000000002
RCBF,0.4,0.15,bias,19,6.0,0.12,violation,-0.00707020376023626,2.4
SRCBF,0.4,0.15,bias,19,6.0,0.12,arrived,0.030090771915591397,7.200000000000002
RCBF,0.4,0.15,inward,0,6.0,0.12,violation,-0.02972651636996837,2.0
SRCBF,0.4,0.15,inward,0,6.0,0.12,arrived,0.0044898808393720735,9.600000000000003
RCBF,0.4,0.15,inward,1,6.0,0.12,violation,-0.027698331421482147,2.0
SRCBF,0.4,0.15,inward,1,6.0,0.12,arrived,0.0048947538373042,9.600000000000003
RCBF,0.4,0.15,inward,2,6.0,0.12,violation,-0.023033086634226208,2.0
SRCBF,0.4,0.15,inward,2,6.0,0.12,arrived,0.0057385193979535565,9.600000000000003
RCBF,0.4,0.15,inward,3,6.0,0.12,violation,-0.01927079066616766,2.0
SRCBF,0.4,0.15,inward,3,6.0,0.12,arrived,0.006364532899761022,9.600000000000003
RCBF,0.4,0.15,inward,4,6.0,0.12,violation,-0.03381923752010285,2.0
SRCBF,0.4,0.15,inward,4,6.0,0.12,arrived,0.0033536206121266288,10.000000000000004
RCBF,0.4,0.15,inward,5,6.0,0.12,violation,-0.03212669882831776,2.0
SRCBF,0.4,0.15,inward,5,6.0,0.12,arrived,0.003957726649623683,10.000000000000004
RCBF,0.4,0.15,inward,6,6.0,0.12,violation,-0.028142274060552475,2.0
SRCBF,0.4,0.15,inward,6,6.0,0.12,arrived,0.004808710990039766,9.600000000000003
RCBF,0.4,0.15,inward,7,6.0,0.12,violation,-0.02954298957525625,2.0
SRCBF,0.4,0.15,inward,7,6.0,0.12,arrived,0.004527880956713637,9.600000000000003
RCBF,0.4,0.15,inward,8,6.0,0.12,violation,-0.024329726952154185,2.0
SRCBF,0.4,0.15,inward,8,6.0,0.12,arrived,0.005513121608669902,9.600000000000003
RCBF,0.4,0.15,inward,9,6.0,0.12,violation,-0.03295813387868163,2.0
SRCBF,0.4,0.15,inward,9,6.0,0.12,arrived,0.003671362296043701,10.000000000000004
RCBF,0.4,0.15,inward,10,6.0,0.12,violation,-0.033964967996079065,2.0
SRCBF,0.4,0.15,inward,10,6.0,0.12,arrived,0.0032986050857795046,10.000000000000004
RCBF,0.4,0.15,inward,11,6.0,0.12,violation,-0.020224829023991364,2.0
SRCBF,0.4,0.15,inward,11,6.0,0.12,arrived,0.0062091866130356,9.600000000000003
RCBF,0.4,0.15,inward,12,6.0,0.12,violation,-0.022813804760924206,2.0
SRCBF,0.4,0.15,inward,12,6.0,0.12,arrived,0.005776083338529747,9.600000000000003
RCBF,0.4,0.15,inward,13,6.0,0.12,violation,-0.03289082373612995,2.0
SRCBF,0.4,0.15,inward,13,6.0,0.12,arrived,0.0036957192420631335,10.000000000000004
RCBF,0.4,0.15,inward,14,6.0,0.12,violation,-0.0324645238003205,2.0
SRCBF,0.4,0.15,inward,14,6.0,0.12,arrived,0.003848538686516023,10.000000000000004
RCBF,0.4,0.15,inward,15,6.0,0.12,violation,-0.03056448781908827,2.0
SRCBF,0.4,0.15,inward,15,6.0,0.12,arrived,0.004312149371069274,9.600000000000003
RCBF,0.4,0.15,inward,16,6.0,0.12,violation,-0.02861649500995178,2.0
SRCBF,0.4,0.15,inward,16,6.0,0.12,arrived,0.004715319573706078,9.600000000000003
RCBF,0.4,0.15,inward,17,6.0,0.12,violation,-0.03264401802348127,2.0
SRCBF,0.4,0.15,inward,17,6.0,0.12,arrived,0.00378448997701597,10.000000000000004
RCBF,0.4,0.15,inward,18,6.0,0.12,violation,-0.025700579427766046,2.0
SRCBF,0.4,0.15,inward,18,6.0,0.12,arrived,0.0052679256772038,9.600000000000003
RCBF,0.4,0.15,inward,19,6.0,0.12,violation,-0.026087234881638333,2.0
SRCBF,0.4,0.15,inward,19,6.0,0.12,arrived,0.0051972971939407975,9.600000000000003
RCBF,0.4,0.45,bias,0,6.0,0.12,violation,-0.13003322573925535,2.4
SRCBF,0.4,0.45,bias,0,6.0,0.12,arrived,0.043797277583959904,8.800000000000002
RCBF,0.4,0.45,bias,1,6.0,0.12,violation,-0.10933229886512819,2.4
SRCBF,0.4,0.45,bias,1,6.0,0.12,arrived,0.06345411301690762,6.400000000000001
RCBF,0.4,0.45,bias,2,6.0,0.12,violation,-0.0680718319817788,2.4
SRCBF,0.4,0.45,bias,2,6.0,0.12,arrived,0.05175978760117095,8.800000000000002
RCBF,0.4,0.45,bias,3,6.0,0.12,violation,-0.167334202753332,2.4
SRCBF,0.4,0.45,bias,3,6.0,0.12,arrived,0.035860376840703756,8.000000000000002
RCBF,0.4,0.45,bias,4,6.0,0.12,violation,-0.1137013819413587,2.8
SRCBF,0.4,0.45,bias,4,6.0,0.12,arrived,0.1158995794373111,9.200000000000003
RCBF,0.4,0.45,bias,5,6.0,0.12,arrived,0.0074835946417385335,6.800000000000002
SRCBF,0.4,0.45,bias,5,6.0,0.12,arrived,0.11482804758331444,7.200000000000002
RCBF,0.4,0.45,bias,6,6.0,0.12,violation,-0.024643218317325077,3.1999999999999997
SRCBF,0.4,0.45,bias,6,6.0,0.12,arrived,0.06495573052732728,9.200000000000003
RCBF,0.4,0.45,bias,7,6.0,0.12,violation,-0.11539433923818476,2.4
SRCBF,0.4,0.45,bias,7,6.0,0.12,arrived,0.0849848405951027,6.400000000000001
RCBF,0.4,0.45,bias,8,6.0,0.12,violation,-0.0909007295707881,2.4
SRCBF,0.4,0.45,bias,8,6.0,0.12,arrived,0.05012688937706078,6.400000000000001
RCBF,0.4,0.45,bias,9,6.0,0.12,violation,-0.10601429428529974,2.4
SRCBF,0.4,0.45,bias,9,6.0,0.12,arrived,0.048745610090432656,9.200000000000003
RCBF,0.4,0.45,bias,10,6.0,0.12,violation,-0.19503944547346275,2.4
SRCBF,0.4,0.45,bias,10,6.0,0.12,arrived,0.028371736277461812,8.000000000000002
RCBF,0.4,0.45,bias,11,6.0,0.12,violation,-0.07951859905734349,2.8
SRCBF,0.4,0.45,bias,11,6.0,0.12,arrived,0.11154345390769316,9.200000000000003
RCBF,0.4,0.45,bias,12,6.0,0.12,violation,-0.13008695827798988,2.4
SRCBF,0.4,0.45,bias,12,6.0,0.12,arrived,0.06880258925255656,6.400000000000001
RCBF,0.4,0.45,bias,13,6.0,0.12,violation,-0.06880261336614635,2.4
SRCBF,0.4,0.45,bias,13,6.0,0.12,arrived,0.09832250868136816,6.800000000000002
RCBF,0.4,0.45,bias,14,6.0,0.12,violation,-0.008718921729192863,4.8
SRCBF,0.4,0.45,bias,14,6.0,0.12,arrived,0.0703053433927866,9.600000000000003
RCBF,0.4,0.45,bias,15,6.0,0.12,arrived,0.004509764130941951,6.800000000000002
SRCBF,0.4,0.45,bias,15,6.0,0.12,arrived,0.11377640094002028,7.200000000000002
RCBF,0.4,0.45,bias,16,6.0,0.12,violation,-0.08758102352649577,2.8
SRCBF,0.4,0.45,bias,16,6.0,0.12,arrived,0.09021585606875271,9.600000000000003
RCBF,0.4,0.45,bias,17,6.0,0.12,violation,-0.12949385699909532,2.4
SRCBF,0.4,0.45,bias,17,6.0,0.12,arrived,0.020048930502648665,7.600000000000002
RCBF,0.4,0.45,bias,18,6.0,0.12,violation,-0.04291626981308183,2.8
SRCBF,0.4,0.45,bias,18,6.0,0.12,arrived,0.13870823965840584,8.000000000000002
RCBF,0.4,0.45,bias,19,6.0,0.12,violation,-0.14206377270314874,2.4
SRCBF,0.4,0.45,bias,19,6.0,0.12,arrived,0.07558877621426052,6.400000000000001
RCBF,0.4,0.45,inward,0,6.0,0.12,violation,-0.060103951691092616,2.4
SRCBF,0.4,0.45,inward,0,6.0,0.12,arrived,0.02307807100489001,8.400000000000002
RCBF,0.4,0.45,inward,1,6.0,0.12,violation,-0.06704184234119459,2.4
SRCBF,0.4,0.45,inward,1,6.0,0.12,arrived,0.024046503525307128,8.400000000000002
RCBF,0.4,0.45,inward,2,6.0,0.12,violation,-0.08148386307810551,2.4
SRCBF,0.4,0.45,inward,2,6.0,0.12,arrived,0.025985417042716064,8.400000000000002
RCBF,0.4,0.45,inward,3,6.0,0.12,violation,-0.09208003016055366,2.4
SRCBF,0.4,0.45,inward,3,6.0,0.12,arrived,0.027348269590333762,8.400000000000002
RCBF,0.4,0.45,inward,4,6.0,0.12,violation,-0.0439679977479831,2.4
SRCBF,0.4,0.45,inward,4,6.0,0.12,arrived,0.020927533063442527,8.400000000000002
RCBF,0.4,0.45,inward,5,6.0,0.12,violation,-0.05109650857439807,2.4
SRCBF,0.4,0.45,inward,5,6.0,0.12,arrived,0.02178095826914017,8.400000000000002
RCBF,0.4,0.45,inward,6,6.0,0.12,violation,-0.06556530772783731,2.4
SRCBF,0.4,0.45,inward,6,6.0,0.12,arrived,0.023842519658340056,8.400000000000002
RCBF,0.4,0.45,inward,7,6.0,0.12,violation,-0.06075348593299168,2.4
SRCBF,0.4,0.45,inward,7,6.0,0.12,arrived,0.023169828967689488,8.400000000000002
RCBF,0.4,0.45,inward,8,6.0,0.12,violation,-0.07763934927498506,2.4
SRCBF,0.4,0.45,inward,8,6.0,0.12,arrived,0.02547885661842053,8.400000000000002
RCBF,0.4,0.45,inward,9,6.0,0.12,violation,-0.04769654250798494,2.4
SRCBF,0.4,0.45,inward,9,6.0,0.12,arrived,0.021362992932708602,8.400000000000002
RCBF,0.4,0.45,inward,10,6.0,0.12,violation,-0.04331231676926639,2.4
SRCBF,0.4,0.45,inward,10,6.0,0.12,arrived,0.020850247477791628,8.400000000000002
RCBF,0.4,0.45,inward,11,6.0,0.12,violation,-0.08946277071838171,2.4
SRCBF,0.4,0.45,inward,11,6.0,0.12,arrived,0.027016034087697816,8.400000000000002
RCBF,0.4,0.45,inward,12,6.0,0.12,violation,-0.08212320933772344,2.4
SRCBF,0.4,0.45,inward,12,6.0,0.12,arrived,0.02606901557961483,8.400000000000002
RCBF,0.4,0.45,inward,13,6.0,0.12,violation,-0.0479785125629032,2.4
SRCBF,0.4,0.45,inward,13,6.0,0.12,arrived,0.02139565141038302,8.400000000000002
RCBF,0.4,0.45,inward,14,6.0,0.12,violation,-0.04973607906902944,2.4
SRCBF,0.4,0.45,inward,14,6.0,0.12,arrived,0.021598372308835545,8.400000000000002
RCBF,0.4,0.45,inward,15,6.0,0.12,violation,-0.05707423387483068,2.4
SRCBF,0.4,0.45,inward,15,6.0,0.12,arrived,0.02264698199760018,8.400000000000002
RCBF,0.4,0.45,inward,16,6.0,0.12,violation,-0.06396344282521138,2.4
SRCBF,0.4,0.45,inward,16,6.0,0.12,arrived,0.023619942647036596,8.400000000000002
RCBF,0.4,0.45,inward,17,6.0,0.12,violation,-0.049001844635070624,2.4
SRCBF,0.4,0.45,inward,17,6.0,0.12,arrived,0.021513860522158756,8.400000000000002
RCBF,0.4,0.45,inward,18,6.0,0.12,violation,-0.07344354557892374,2.4
SRCBF,0.4,0.45,inward,18,6.0,0.12,arrived,0.024918236317453935,8.400000000000002
RCBF,0.4,0.45,inward,19,6.0,0.12,violation,-0.07223293175664969,2.4
SRCBF,0.4,0.45,inward,19,6.0,0.12,arrived,0.02475492793829215,8.400000000000002
RCBF,0.5,0.15,bias,0,6.0,0.12,violation,-0.2521229550841686,2.5
SRCBF,0.5,0.15,bias,0,6.0,0.12,arrived,0.08379624799150731,10.5
RCBF,0.5,0.15,bias,1,6.0,0.12,violation,-3.597081036199601e-05,2.0
SRCBF,0.5,0.15,bias,1,6.0,0.12,arrived,0.025374713684442773,7.5
RCBF,0.5,0.15,bias,2,6.0,0.12,violation,-0.20658711491806114,2.5
SRCBF,0.5,0.15,bias,2,6.0,0.12,arrived,0.08889121158925606,11.0
RCBF,0.5,0.15,bias,3,6.0,0.12,violation,-0.3031417028010488,2.5
SRCBF,0.5,0.15,bias,3,6.0,0.12,arrived,0.06432875762115342,10.5
RCBF,0.5,0.15,bias,4,6.0,0.12,violation,-0.08328026795918264,3.5
SRCBF,0.5,0.15,bias,4,6.0,0.12,arrived,0.1288418416279462,11.0
RCBF,0.5,0.15,bias,5,6.0,0.12,violation,-0.23639334270381374,2.5
SRCBF,0.5,0.15,bias,5,6.0,0.12,arrived,0.08789914069944726,8.0
RCBF,0.5,0.15,bias,6,6.0,0.12,violation,-0.13108058687087554,2.5
SRCBF,0.5,0.15,bias,6,6.0,0.12,arrived,0.10353411566199933,11.5
RCBF,0.5,0.15,bias,7,6.0,0.12,violation,-0.04887765575178449,2.5
SRCBF,0.5,0.15,bias,7,6.0,0.12,arrived,0.04666497747184073,7.5
RCBF,0.5,0.15,bias,8,6.0,0.12,violation,-0.017125126153527903,2.0
SRCBF,0.5,0.15,bias,8,6.0,0.12,arrived,0.014050172238651015,7.5
RCBF,0.5,0.15,bias,9,6.0,0.12,violation,-0.2173320709700901,2.5
SRCBF,0.5,0.15,bias,9,6.0,0.12,arrived,0.0923132799366485,10.5
RCBF,0.5,0.15,bias,10,6.0,0.12,violation,-0.23002280949924103,2.5
SRCBF,0.5,0.15,bias,10,6.0,0.12,arrived,0.06080141926985838,9.5
RCBF,0.5,0.15,bias,11,6.0,0.12,violation,-0.0356146444196932,3.5
SRCBF,0.5,0.15,bias,11,6.0,0.12,arrived,0.1285013980886528,10.5
RCBF,0.5,0.15,bias,12,6.0,0.12,arrived,0.005165797842701214,7.0
SRCBF,0.5,0.15,bias,12,6.0,0.12,arrived,0.03066211165826893,7.0
RCBF,0.5,0.15,bias,13,6.0,0.12,violation,-0.12285718528551792,2.5
SRCBF,0.5,0.15,bias,13,6.0,0.12,arrived,0.06531516895857425,7.5
RCBF,0.5,0.15,bias,14,6.0,0.12,violation,-0.10315434615515828,2.5
SRCBF,0.5,0.15,bias,14,6.0,0.12,arrived,0.10966368317732555,11.5
RCBF,0.5,0.15,bias,15,6.0,0.12,violation,-0.2225088255187676,2.5
SRCBF,0.5,0.15,bias,15,6.0,0.12,arrived,0.08630722975174665,8.0
RCBF,0.5,0.15,bias,16,6.0,0.12,violation,-0.0265892143368891,2.5
SRCBF,0.5,0.15,bias,16,6.0,0.12,arrived,0.10924656039677705,13.5
RCBF,0.5,0.15,bias,17,6.0,0.12,violation,-0.11649157571165392,2.5
SRCBF,0.5,0.15,bias,17,6.0,0.12,arrived,0.03762888252570751,9.5
RCBF,0.5,0.15,bias,18,6.0,0.12,violation,-0.11327352402309188,2.5
SRCBF,0.5,0.15,bias,18,6.0,0.12,arrived,0.12335085171805071,8.5
RCBF,0.5,0.15,bias,19,6.0,0.12,violation,-0.01097460030811337,2.5
SRCBF,0.5,0.15,bias,19,6.0,0.12,arrived,0.036996998012690185,7.5
RCBF,0.5,0.15,inward,0,6.0,0.12,violation,-0.02971860276752747,2.0
SRCBF,0.5,0.15,inward,0,6.0,0.12,arrived,0.004615602463861612,9.5
RCBF,0.5,0.15,inward,1,6.0,0.12,violation,-0.02768934099410081,2.0
SRCBF,0.5,0.15,inward,1,6.0,0.12,arrived,0.0051501996465042055,9.5
RCBF,0.5,0.15,inward,2,6.0,0.12,violation,-0.023021826983392835,2.0
SRCBF,0.5,0.15,inward,2,6.0,0.12,arrived,0.006313171515692773,9.5
RCBF,0.5,0.15,inward,3,6.0,0.12,violation,-0.019257867846583676,2.0
SRCBF,0.5,0.15,inward,3,6.0,0.12,arrived,0.00720352530502677,9.5
RCBF,0.5,0.15,inward,4,6.0,0.12,violation,-0.03381374368990864,2.0
SRCBF,0.5,0.15,inward,4,6.0,0.12,arrived,0.003444086228054588,10.0
RCBF,0.5,0.15,inward,5,6.0,0.12,violation,-0.0321201548761314,2.0
SRCBF,0.5,0.15,inward,5,6.0,0.12,arrived,0.003948364928804793,10.0
RCBF,0.5,0.15,inward,6,6.0,0.12,violation,-0.028133513956727252,2.0
SRCBF,0.5,0.15,inward,6,6.0,0.12,arrived,0.005035017061598479,9.5
RCBF,0.5,0.15,inward,7,6.0,0.12,violation,-0.02953497581381037,2.0
SRCBF,0.5,0.15,inward,7,6.0,0.12,arrived,0.004664922546463335,9.5
RCBF,0.5,0.15,inward,8,6.0,0.12,violation,-0.024319072756828874,2.0
SRCBF,0.5,0.15,inward,8,6.0,0.12,arrived,0.005997498260118306,9.5
RCBF,0.5,0.15,inward,9,6.0,0.12,violation,-0.032952095230352474,2.0
SRCBF,0.5,0.15,inward,9,6.0,0.12,arrived,0.003705091240279068,10.0
RCBF,0.5,0.15,inward,10,6.0,0.12,violation,-0.03395956885608431,2.0
SRCBF,0.5,0.15,inward,10,6.0,0.12,arrived,0.003398830978388445,10.0
RCBF,0.5,0.15,inward,11,6.0,0.12,violation,-0.020212315610705467,2.0
SRCBF,0.5,0.15,inward,11,6.0,0.12,arrived,0.0069809889467078445,9.5
RCBF,0.5,0.15,inward,12,6.0,0.12,violation,-0.022802444451105797,2.0
SRCBF,0.5,0.15,inward,12,6.0,0.12,arrived,0.0063660666872217275,9.5
RCBF,0.5,0.15,inward,13,6.0,0.12,violation,-0.03288474347257697,2.0
SRCBF,0.5,0.15,inward,13,6.0,0.12,arrived,0.00372507853561288,10.0
RCBF,0.5,0.15,inward,14,6.0,0.12,violation,-0.03245818293178515,2.0
SRCBF,0.5,0.15,inward,14,6.0,0.12,arrived,0.003850434110625356,10.0
RCBF,0.5,0.15,inward,15,6.0,0.12,violation,-0.030557039197673275,2.0
SRCBF,0.5,0.15,inward,15,6.0,0.12,arrived,0.004387635614271468,9.5
RCBF,0.5,0.15,inward,16,6.0,0.12,violation,-0.028607984143763754,2.0
SRCBF,0.5,0.15,inward,16,6.0,0.12,arrived,0.004910903564795399,9.5
RCBF,0.5,0.15,inward,17,6.0,0.12,violation,-0.032637786273360336,2.0
SRCBF,0.5,0.15,inward,17,6.0,0.12,arrived,0.003797905179870109,10.0
RCBF,0.5,0.15,inward,18,6.0,0.12,violation,-0.02569058551852288,2.0
SRCBF,0.5,0.15,inward,18,6.0,0.12,arrived,0.005657866686473945,9.5
RCBF,0.5,0.15,inward,19,6.0,0.12,violation,-0.026077431210265845,2.0
SRCBF,0.5,0.15,inward,19,6.0,0.12,arrived,0.005560863141127248,9.5
RCBF,0.5,0.45,bias,0,6.0,0.12,violation,-0.22574668596378356,2.5
SRCBF,0.5,0.45,bias,0,6.0,0.12,arrived,0.05510222765183037,9.0
RCBF,0.5,0.45,bias,1,6.0,0.12,violation,-0.14692876840432645,2.5
SRCBF,0.5,0.45,bias,1,6.0,0.12,arrived,0.08323723451189746,6.5
RCBF,0.5,0.45,bias,2,6.0,0.12,violation,-0.16114469169724177,2.5
SRCBF,0.5,0.45,bias,2,6.0,0.12,arrived,0.06515368171205016,9.0
RCBF,0.5,0.45,bias,3,6.0,0.12,violation,-0.26239905327216473,2.5
SRCBF,0.5,0.45,bias,3,6.0,0.12,arrived,0.04468198729126904,8.0
RCBF,0.5,0.45,bias,4,6.0,0.12,violation,-0.0643278907687519,3.0
SRCBF,0.5,0.45,bias,4,6.0,0.12,arrived,0.14010322334133196,9.5
RCBF,0.5,0.45,bias,5,6.0,0.12,violation,-0.044637068623289755,2.5
SRCBF,0.5,0.45,bias,5,6.0,0.12,arrived,0.1384614453393842,7.0
RCBF,0.5,0.45,bias,6,6.0,0.12,violation,-0.08938187597770075,2.5
SRCBF,0.5,0.45,bias,6,6.0,0.12,arrived,0.08194620829916899,9.5
RCBF,0.5,0.45,bias,7,6.0,0.12,violation,-0.1628593837534431,2.5
SRCBF,0.5,0.45,bias,7,6.0,0.12,arrived,0.1076872136276632,6.5
RCBF,0.5,0.45,bias,8,6.0,0.12,violation,-0.12153959783629353,2.5
SRCBF,0.5,0.45,bias,8,6.0,0.12,arrived,0.06708502141419448,6.5
RCBF,0.5,0.45,bias,9,6.0,0.12,violation,-0.20122733041657026,2.5
SRCBF,0.5,0.45,bias,9,6.0,0.12,arrived,0.061250281284676356,9.0
RCBF,0.5,0.45,bias,10,6.0,0.12,violation,-0.28073612375482926,2.5
SRCBF,0.5,0.45,bias,10,6.0,0.12,arrived,0.03561228056230348,8.0
RCBF,0.5,0.45,bias,11,6.0,0.12,violation,-0.12126215508375149,3.0
SRCBF,0.5,0.45,bias,11,6.0,0.12,arrived,0.1381973956279563,9.0
RCBF,0.5,0.45,bias,12,6.0,0.12,violation,-0.17402517469066847,2.5
SRCBF,0.5,0.45,bias,12,6.0,0.12,arrived,0.08949331373873326,6.5
RCBF,0.5,0.45,bias,13,6.0,0.12,violation,-0.11833141272965808,2.5
SRCBF,0.5,0.45,bias,13,6.0,0.12,arrived,0.12170080399125693,7.0
RCBF,0.5,0.45,bias,14,6.0,0.12,violation,-0.06785977124901088,2.5
SRCBF,0.5,0.45,bias,14,6.0,0.12,arrived,0.08846625800024355,9.5
RCBF,0.5,0.45,bias,15,6.0,0.12,violation,-0.04661354664402828,2.5
SRCBF,0.5,0.45,bias,15,6.0,0.12,arrived,0.1376201826247181,7.0
RCBF,0.5,0.45,bias,16,6.0,0.12,arrived,0.004930434130359762,9.0
SRCBF,0.5,0.45,bias,16,6.0,0.12,arrived,0.11522554487247683,9.5
RCBF,0.5,0.45,bias,17,6.0,0.12,violation,-0.18433956653930383,2.5
SRCBF,0.5,0.45,bias,17,6.0,0.12,arrived,0.025597751626496357,7.5
RCBF,0.5,0.45,bias,18,6.0,0.12,arrived,0.022527399166868745,7.5
SRCBF,0.5,0.45,bias,18,6.0,0.12,arrived,0.1602553761841593,8.0
RCBF,0.5,0.45,bias,19,6.0,0.12,violation,-0.1902290438413783,2.5
SRCBF,0.5,0.45,bias,19,6.0,0.12,arrived,0.09729397941218276,6.5
RCBF,0.5,0.45,inward,0,6.0,0.12,violation,-0.08104970912282805,2.5
SRCBF,0.5,0.45,inward,0,6.0,0.12,arrived,0.03204419591347363,8.5
RCBF,0.5,0.45,inward,1,6.0,0.12,violation,-0.09055247633969055,2.5
SRCBF,0.5,0.45,inward,1,6.0,0.12,arrived,0.03318879647867523,8.5
RCBF,0.5,0.45,inward,2,6.0,0.12,violation,-0.11026538999135072,2.5
SRCBF,0.5,0.45,inward,2,6.0,0.12,arrived,0.035459448895265866,8.0
RCBF,0.5,0.45,inward,3,6.0,0.12,violation,-0.12466526061004757,2.5
SRCBF,0.5,0.45,inward,3,6.0,0.12,arrived,0.03703870493461181,8.0
RCBF,0.5,0.45,inward,4,6.0,0.12,violation,-0.05887368759123668,2.5
SRCBF,0.5,0.45,inward,4,6.0,0.12,arrived,0.02922752090419556,8.5
RCBF,0.5,0.45,inward,5,6.0,0.12,violation,-0.068682938310767,2.5
SRCBF,0.5,0.45,inward,5,6.0,0.12,arrived,0.030500197506846405,8.5
RCBF,0.5,0.45,inward,6,6.0,0.12,violation,-0.0885317895721679,2.5
SRCBF,0.5,0.45,inward,6,6.0,0.12,arrived,0.032948285556545276,8.5
RCBF,0.5,0.45,inward,7,6.0,0.12,violation,-0.08194022582750515,2.5
SRCBF,0.5,0.45,inward,7,6.0,0.12,arrived,0.03215294467854968,8.5
RCBF,0.5,0.45,inward,8,6.0,0.12,violation,-0.10502715196017376,2.5
SRCBF,0.5,0.45,inward,8,6.0,0.12,arrived,0.034868919915129526,8.0
RCBF,0.5,0.45,inward,9,6.0,0.12,violation,-0.06400674929928662,2.5
SRCBF,0.5,0.45,inward,9,6.0,0.12,arrived,0.029899068716367827,8.5
RCBF,0.5,0.45,inward,10,6.0,0.12,violation,-0.057970490782819906,2.5
SRCBF,0.5,0.45,inward,10,6.0,0.12,arrived,0.0291080486120463,8.5
RCBF,0.5,0.45,inward,11,6.0,0.12,violation,-0.12111377962155334,2.5
SRCBF,0.5,0.45,inward,11,6.0,0.12,arrived,0.036654993823420856,8.0
RCBF,0.5,0.45,inward,12,6.0,0.12,violation,-0.11113582642956354,2.5
SRCBF,0.5,0.45,inward,12,6.0,0.12,arrived,0.03555672100293661,8.0
RCBF,0.5,0.45,inward,13,6.0,0.12,violation,-0.0643947263060266,2.5
SRCBF,0.5,0.45,inward,13,6.0,0.12,arrived,0.02994932309151832,8.5
RCBF,0.5,0.45,inward,14,6.0,0.12,violation,-0.06681237865091405,2.5
SRCBF,0.5,0.45,inward,14,6.0,0.12,arrived,0.030260923548545593,8.5
RCBF,0.5,0.45,inward,15,6.0,0.12,violation,-0.07689366548128529,2.5
SRCBF,0.5,0.45,inward,15,6.0,0.12,arrived,0.03153244422473733,8.5
RCBF,0.5,0.45,inward,16,6.0,0.12,violation,-0.08633852846007561,2.5
SRCBF,0.5,0.45,inward,16,6.0,0.12,arrived,0.03268549904224616,8.5
RCBF,0.5,0.45,inward,17,6.0,0.12,violation,-0.06580253080838916,2.5
SRCBF,0.5,0.45,inward,17,6.0,0.12,arrived,0.030131093126034236,8.5
RCBF,0.5,0.45,inward,18,6.0,0.12,violation,-0.09930235971015078,2.5
SRCBF,0.5,0.45,inward,18,6.0,0.12,arrived,0.03421314142558163,8.5
RCBF,0.5,0.45,inward,19,6.0,0.12,violation,-0.0976490877332955,2.5
SRCBF,0.5,0.45,inward,19,6.0,0.12,arrived,0.034021673439778466,8.5
RCBF,0.6,0.15,bias,0,6.0,0.12,violation,-0.15579555241721543,2.4
SRCBF,0.6,0.15,bias,0,6.0,0.12,arrived,0.09679832151817402,10.199999999999998
RCBF,0.6,0.15,bias,1,6.0,0.12,violation,-0.40650157420058997,2.4
SRCBF,0.6,0.15,bias,1,6.0,0.12,arrived,0.028018154687226238,7.199999999999998
RCBF,0.6,0.15,bias,2,6.0,0.12,violation,-0.11105638906721149,2.4
SRCBF,0.6,0.15,bias,2,6.0,0.12,arrived,0.10337739599056994,11.399999999999997
RCBF,0.6,0.15,bias,3,6.0,0.12,violation,-0.22160220138026065,2.4
SRCBF,0.6,0.15,bias,3,6.0,0.12,arrived,0.07466658946459348,10.799999999999997
RCBF,0.6,0.15,bias,4,6.0,0.12,violation,-0.10089115579092156,3.0
SRCBF,0.6,0.15,bias,4,6.0,0.12,arrived,0.15089534164489093,11.399999999999997
RCBF,0.6,0.15,bias,5,6.0,0.12,violation,-0.19676145749554386,2.4
SRCBF,0.6,0.15,bias,5,6.0,0.12,arrived,0.09651693333155931,7.799999999999998
RCBF,0.6,0.15,bias,6,6.0,0.12,violation,-0.03836034031581825,2.4
SRCBF,0.6,0.15,bias,6,6.0,0.12,arrived,0.12065924677717133,11.399999999999997
RCBF,0.6,0.15,bias,7,6.0,0.12,violation,-0.3363610782838364,2.4
SRCBF,0.6,0.15,bias,7,6.0,0.12,arrived,0.052619905880136764,7.199999999999998
RCBF,0.6,0.15,bias,8,6.0,0.12,violation,-0.4364250346740429,2.4
SRCBF,0.6,0.15,bias,8,6.0,0.12,arrived,0.016433098714960348,7.199999999999998
RCBF,0.6,0.15,bias,9,6.0,0.12,violation,-0.12257738231275539,2.4
SRCBF,0.6,0.15,bias,9,6.0,0.12,arrived,0.10643445318260092,10.199999999999998
RCBF,0.6,0.15,bias,10,6.0,0.12,violation,-0.2603515728235216,2.4
SRCBF,0.6,0.15,bias,10,6.0,0.12,arrived,0.0709730469764287,9.599999999999998
RCBF,0.6,0.15,bias,11,6.0,0.12,violation,-0.12846394572068065,3.0
SRCBF,0.6,0.15,bias,11,6.0,0.12,arrived,0.1507366394858629,10.799999999999997
RCBF,0.6,0.15,bias,12,6.0,0.12,violation,-0.38716625631736357,2.4
SRCBF,0.6,0.15,bias,12,6.0,0.12,arrived,0.033404468392770004,7.199999999999998
RCBF,0.6,0.15,bias,13,6.0,0.12,violation,-0.2809450116301242,2.4
SRCBF,0.6,0.15,bias,13,6.0,0.12,arrived,0.07121699595504971,7.799999999999998
RCBF,0.6,0.15,bias,14,6.0,0.12,violation,-0.01158574545244262,2.4
SRCBF,0.6,0.15,bias,14,6.0,0.12,arrived,0.12785127691245946,11.399999999999997
RCBF,0.6,0.15,bias,15,6.0,0.12,violation,-0.20392687684522004,2.4
SRCBF,0.6,0.15,bias,15,6.0,0.12,arrived,0.0944438023833718,7.799999999999998
RCBF,0.6,0.15,bias,16,6.0,0.12,violation,-0.026568747581658836,3.0
SRCBF,0.6,0.15,bias,16,6.0,0.12,arrived,0.13085247976057224,13.799999999999995
RCBF,0.6,0.15,bias,17,6.0,0.12,violation,-0.34421091246154134,2.4
SRCBF,0.6,0.15,bias,17,6.0,0.12,arrived,0.04592108023670982,9.599999999999998
RCBF,0.6,0.15,bias,18,6.0,0.12,violation,-0.033302047948580826,2.4
SRCBF,0.6,0.15,bias,18,6.0,0.12,arrived,0.13801080611010919,8.399999999999999
RCBF,0.6,0.15,bias,19,6.0,0.12,violation,-0.3680632581959137,2.4
SRCBF,0.6,0.15,bias,19,6.0,0.12,arrived,0.040977913876794614,7.199999999999998
RCBF,0.6,0.15,inward,0,6.0,0.12,violation,-0.4653362080042866,2.4
SRCBF,0.6,0.15,inward,0,6.0,0.12,arrived,0.007156469382347153,9.599999999999998
RCBF,0.6,0.15,inward,1,6.0,0.12,violation,-0.4616032506142932,2.4
SRCBF,0.6,0.15,inward,1,6.0,0.12,arrived,0.007768165352300405,9.599999999999998
RCBF,0.6,0.15,inward,2,6.0,0.12,violation,-0.4533063724103304,2.4
SRCBF,0.6,0.15,inward,2,6.0,0.12,arrived,0.009055139314872118,9.599999999999998
RCBF,0.6,0.15,inward,3,6.0,0.12,violation,-0.44683779709651805,2.4
SRCBF,0.6,0.15,inward,3,6.0,0.12,arrived,0.010016445115735961,9.599999999999998
RCBF,0.6,0.15,inward,4,6.0,0.12,violation,-0.4732300385693568,2.4
SRCBF,0.6,0.15,inward,4,6.0,0.12,arrived,0.005721819620824964,10.199999999999998
RCBF,0.6,0.15,inward,5,6.0,0.12,violation,-0.469892039486334,2.4
SRCBF,0.6,0.15,inward,5,6.0,0.12,arrived,0.006361446509577928,9.599999999999998
RCBF,0.6,0.15,inward,6,6.0,0.12,violation,-0.46241268759545856,2.4
SRCBF,0.6,0.15,inward,6,6.0,0.12,arrived,0.007637771816637606,9.599999999999998
RCBF,0.6,0.15,inward,7,6.0,0.12,violation,-0.4649945248380783,2.4
SRCBF,0.6,0.15,inward,7,6.0,0.12,arrived,0.007213664610867032,9.599999999999998
RCBF,0.6,0.15,inward,8,6.0,0.12,violation,-0.45557802880728376,2.4
SRCBF,0.6,0.15,inward,8,6.0,0.12,arrived,0.00871012978744412,9.599999999999998
RCBF,0.6,0.15,inward,9,6.0,0.12,violation,-0.47151590434328744,2.4
SRCBF,0.6,0.15,inward,9,6.0,0.12,arrived,0.006058383002258805,9.599999999999998
RCBF,0.6,0.15,inward,10,6.0,0.12,violation,-0.473523900060501,2.4
SRCBF,0.6,0.15,inward,10,6.0,0.12,arrived,0.005662003512503788,10.199999999999998
RCBF,0.6,0.15,inward,11,6.0,0.12,violation,-0.44846218831984447,2.4
SRCBF,0.6,0.15,inward,11,6.0,0.12,arrived,0.009777552047085636,9.599999999999998
RCBF,0.6,0.15,inward,12,6.0,0.12,violation,-0.4529245065590388,2.4
SRCBF,0.6,0.15,inward,12,6.0,0.12,arrived,0.00911270432253275,9.599999999999998
RCBF,0.6,0.15,inward,13,6.0,0.12,violation,-0.47138338116646966,2.4
SRCBF,0.6,0.15,inward,13,6.0,0.12,arrived,0.006083631679310919,9.599999999999998
RCBF,0.6,0.15,inward,14,6.0,0.12,violation,-0.4705485050268789,2.4
SRCBF,0.6,0.15,inward,14,6.0,0.12,arrived,0.006240513629170996,9.599999999999998
RCBF,0.6,0.15,inward,15,6.0,0.12,violation,-0.4669074189763542,2.4
SRCBF,0.6,0.15,inward,15,6.0,0.12,arrived,0.006889647265402532,9.599999999999998
RCBF,0.6,0.15,inward,16,6.0,0.12,violation,-0.46328187076147,2.4
SRCBF,0.6,0.15,inward,16,6.0,0.12,arrived,0.007496470524221421,9.599999999999998
RCBF,0.6,0.15,inward,17,6.0,0.12,violation,-0.4708991168873212,2.4
SRCBF,0.6,0.15,inward,17,6.0,0.12,arrived,0.0061750731650024315,9.599999999999998
RCBF,0.6,0.15,inward,18,6.0,0.12,violation,-0.4580068982520432,2.4
SRCBF,0.6,0.15,inward,18,6.0,0.12,arrived,0.008335719030979405,9.599999999999998
RCBF,0.6,0.15,inward,19,6.0,0.12,violation,-0.4586974367120876,2.4
SRCBF,0.6,0.15,inward,19,6.0,0.12,arrived,0.008228072368197337,9.599999999999998
RCBF,0.6,0.45,bias,0,6.0,0.12,violation,-0.1317258196030009,2.4
SRCBF,0.6,0.45,bias,0,6.0,0.12,arrived,0.06729298356961422,8.999999999999998
RCBF,0.6,0.45,bias,1,6.0,0.12,violation,-0.18588913957760256,2.4
SRCBF,0.6,0.45,bias,1,6.0,0.12,arrived,0.08418745714131237,6.599999999999999
RCBF,0.6,0.45,bias,2,6.0,0.12,violation,-0.06980645870638269,2.4
SRCBF,0.6,0.45,bias,2,6.0,0.12,arrived,0.0795893239569172,8.999999999999998
RCBF,0.6,0.45,bias,3,6.0,0.12,violation,-0.16950364783223704,2.4
SRCBF,0.6,0.45,bias,3,6.0,0.12,arrived,0.054335253728541866,8.399999999999999
RCBF,0.6,0.45,bias,4,6.0,0.12,violation,-0.23743914483687745,3.0
SRCBF,0.6,0.45,bias,4,6.0,0.12,arrived,0.16632713421736856,8.999999999999998
RCBF,0.6,0.45,bias,5,6.0,0.12,arrived,0.011295227565551902,7.199999999999998
SRCBF,0.6,0.45,bias,5,6.0,0.12,arrived,0.14978505598132485,7.199999999999998
RCBF,0.6,0.45,bias,6,6.0,0.12,violation,-0.00030126159102472627,2.4
SRCBF,0.6,0.45,bias,6,6.0,0.12,arrived,0.09874282596846895,9.599999999999998
RCBF,0.6,0.45,bias,7,6.0,0.12,violation,-0.11269252551905284,2.4
SRCBF,0.6,0.45,bias,7,6.0,0.12,arrived,0.11189016821173148,6.599999999999999
RCBF,0.6,0.45,bias,8,6.0,0.12,violation,-0.22276362312006226,2.4
SRCBF,0.6,0.45,bias,8,6.0,0.12,arrived,0.06699477507759077,6.599999999999999
RCBF,0.6,0.45,bias,9,6.0,0.12,violation,-0.10750577032273001,2.4
SRCBF,0.6,0.45,bias,9,6.0,0.12,arrived,0.07391966336195599,8.999999999999998
RCBF,0.6,0.45,bias,10,6.0,0.12,violation,-0.24426277158467435,2.4
SRCBF,0.6,0.45,bias,10,6.0,0.12,arrived,0.043221261429486235,8.399999999999999
RCBF,0.6,0.45,bias,11,6.0,0.12,violation,-0.20044882152692378,3.0
SRCBF,0.6,0.45,bias,11,6.0,0.12,arrived,0.16468540616524352,8.999999999999998
RCBF,0.6,0.45,bias,12,6.0,0.12,violation,-0.15918031622607454,2.4
SRCBF,0.6,0.45,bias,12,6.0,0.12,arrived,0.09089872211547811,6.599999999999999
RCBF,0.6,0.45,bias,13,6.0,0.12,violation,-0.06541609615597843,2.4
SRCBF,0.6,0.45,bias,13,6.0,0.12,arrived,0.1289567923170415,6.599999999999999
RCBF,0.6,0.45,bias,14,6.0,0.12,violation,-0.034232768754127174,3.6
SRCBF,0.6,0.45,bias,14,6.0,0.12,arrived,0.10685672880338537,9.599999999999998
RCBF,0.6,0.45,bias,15,6.0,0.12,arrived,0.008302837686542275,7.199999999999998
SRCBF,0.6,0.45,bias,15,6.0,0.12,arrived,0.14849781630273617,7.199999999999998
RCBF,0.6,0.45,bias,16,6.0,0.12,violation,-0.1812023971752006,3.0
SRCBF,0.6,0.45,bias,16,6.0,0.12,arrived,0.13749116721577948,9.599999999999998
RCBF,0.6,0.45,bias,17,6.0,0.12,violation,-0.30135194618503136,2.4
SRCBF,0.6,0.45,bias,17,6.0,0.12,arrived,0.031954339197698745,7.799999999999998
RCBF,0.6,0.45,bias,18,6.0,0.12,violation,-0.07407361297107806,3.0
SRCBF,0.6,0.45,bias,18,6.0,0.12,arrived,0.1781744810243071,7.799999999999998
RCBF,0.6,0.45,bias,19,6.0,0.12,violation,-0.1411111947881034,2.4
SRCBF,0.6,0.45,bias,19,6.0,0.12,arrived,0.09973343494049935,6.599999999999999
RCBF,0.6,0.45,inward,0,6.0,0.12,violation,-0.3029375973327014,2.4
SRCBF,0.6,0.45,inward,0,6.0,0.12,arrived,0.03500632751174482,8.399999999999999
RCBF,0.6,0.45,inward,1,6.0,0.12,violation,-0.2949664623327688,2.4
SRCBF,0.6,0.45,inward,1,6.0,0.12,arrived,0.036147164487803085,8.399999999999999
RCBF,0.6,0.45,inward,2,6.0,0.12,violation,-0.2787114220220278,2.4
SRCBF,0.6,0.45,inward,2,6.0,0.12,arrived,0.03842805347076006,8.399999999999999
RCBF,0.6,0.45,inward,3,6.0,0.12,violation,-0.26703940944466553,2.4
SRCBF,0.6,0.45,inward,3,6.0,0.12,arrived,0.04002828002962655,8.399999999999999
RCBF,0.6,0.45,inward,4,6.0,0.12,violation,-0.32195840505979867,2.4
SRCBF,0.6,0.45,inward,4,6.0,0.12,arrived,0.03222430467858706,8.399999999999999
RCBF,0.6,0.45,inward,5,6.0,0.12,violation,-0.3134659823268845,2.4
SRCBF,0.6,0.45,inward,5,6.0,0.12,arrived,0.03347686559251384,8.399999999999999
RCBF,0.6,0.45,inward,6,6.0,0.12,violation,-0.2966534613212727,2.4
SRCBF,0.6,0.45,inward,6,6.0,0.12,arrived,0.03590694810413475,8.399999999999999
RCBF,0.6,0.45,inward,7,6.0,0.12,violation,-0.3021864485026874,2.4
SRCBF,0.6,0.45,inward,7,6.0,0.12,arrived,0.035114461684370823,8.399999999999999
RCBF,0.6,0.45,inward,8,6.0,0.12,violation,-0.2829972080035764,2.4
SRCBF,0.6,0.45,inward,8,6.0,0.12,arrived,0.03783259834716246,8.399999999999999
RCBF,0.6,0.45,inward,9,6.0,0.12,violation,-0.31749772407250815,2.4
SRCBF,0.6,0.45,inward,9,6.0,0.12,arrived,0.03288432508274608,8.399999999999999
RCBF,0.6,0.45,inward,10,6.0,0.12,violation,-0.3227472569592069,2.4
SRCBF,0.6,0.45,inward,10,6.0,0.12,arrived,0.03210709638107334,8.399999999999999
RCBF,0.6,0.45,inward,11,6.0,0.12,violation,-0.26990412148684817,2.4
SRCBF,0.6,0.45,inward,11,6.0,0.12,arrived,0.03963843213546758,8.399999999999999
RCBF,0.6,0.45,inward,12,6.0,0.12,violation,-0.2780014261466809,2.4
SRCBF,0.6,0.45,inward,12,6.0,0.12,arrived,0.0385262894704923,8.399999999999999
RCBF,0.6,0.45,inward,13,6.0,0.12,violation,-0.31716208483470054,2.4
SRCBF,0.6,0.45,inward,13,6.0,0.12,arrived,0.032933798784318125,8.399999999999999
RCBF,0.6,0.45,inward,14,6.0,0.12,violation,-0.3150752186312511,2.4
SRCBF,0.6,0.45,inward,14,6.0,0.12,arrived,0.03324081394878031,8.399999999999999
RCBF,0.6,0.45,inward,15,6.0,0.12,violation,-0.30645522059988584,2.4
SRCBF,0.6,0.45,inward,15,6.0,0.12,arrived,0.03449819173123425,8.399999999999999
RCBF,0.6,0.45,inward,16,6.0,0.12,violation,-0.2984893249852607,2.4
SRCBF,0.6,0.45,inward,16,6.0,0.12,arrived,0.035644785352807684,8.399999999999999
RCBF,0.6,0.45,inward,17,6.0,0.12,violation,-0.31594593107979296,2.4
SRCBF,0.6,0.45,inward,17,6.0,0.12,arrived,0.033112840576045355,8.399999999999999
RCBF,0.6,0.45,inward,18,6.0,0.12,violation,-0.28770793948327966,2.4
SRCBF,0.6,0.45,inward,18,6.0,0.12,arrived,0.03717321354957348,8.399999999999999
RCBF,0.6,0.45,inward,19,6.0,0.12,violation,-0.28907384227019706,2.4
SRCBF,0.6,0.45,inward,19,6.0,0.12,arrived,0.03698106289837977,8.399999999999999
RCBF,0.8,0.15,bias,0,6.0,0.12,violation,-0.155130558965359,2.4000000000000004
SRCBF,0.8,0.15,bias,0,6.0,0.12,arrived,0.11966779063415833,10.4
RCBF,0.8,0.15,bias,1,6.0,0.12,violation,-0.40555213664321127,2.4000000000000004
SRCBF,0.8,0.15,bias,1,6.0,0.12,arrived,0.030556298150273276,7.199999999999999
RCBF,0.8,0.15,bias,2,6.0,0.12,violation,-0.11074193150578238,2.4000000000000004
SRCBF,0.8,0.15,bias,2,6.0,0.12,arrived,0.13168510215923301,11.200000000000001
RCBF,0.8,0.15,bias,3,6.0,0.12,violation,-0.22123690289688946,2.4000000000000004
SRCBF,0.8,0.15,bias,3,6.0,0.12,arrived,0.09332508759795322,10.4
RCBF,0.8,0.15,bias,4,6.0,0.12,violation,-0.16368037887657905,3.2
SRCBF,0.8,0.15,bias,4,6.0,0.12,arrived,0.19792675623812328,11.200000000000001
RCBF,0.8,0.15,bias,5,6.0,0.12,violation,-0.1939731760961385,2.4000000000000004
SRCBF,0.8,0.15,bias,5,6.0,0.12,arrived,0.11620119576678956,7.999999999999999
RCBF,0.8,0.15,bias,6,6.0,0.12,violation,-0.03815037714207148,2.4000000000000004
SRCBF,0.8,0.15,bias,6,6.0,0.12,arrived,0.15636935869032187,12.000000000000002
RCBF,0.8,0.15,bias,7,6.0,0.12,violation,-0.3343892760453153,2.4000000000000004
SRCBF,0.8,0.15,bias,7,6.0,0.12,arrived,0.06051995562622359,7.199999999999999
RCBF,0.8,0.15,bias,8,6.0,0.12,violation,-0.43618681387988134,2.4000000000000004
SRCBF,0.8,0.15,bias,8,6.0,0.12,arrived,0.016907848590060115,7.999999999999999
RCBF,0.8,0.15,bias,9,6.0,0.12,violation,-0.12186032603717678,2.4000000000000004
SRCBF,0.8,0.15,bias,9,6.0,0.12,arrived,0.13193139050540748,10.4
RCBF,0.8,0.15,bias,10,6.0,0.12,violation,-0.2593513130241474,2.4000000000000004
SRCBF,0.8,0.15,bias,10,6.0,0.12,arrived,0.08574541174212669,9.6
RCBF,0.8,0.15,bias,11,6.0,0.12,violation,-0.20168552082582192,3.2
SRCBF,0.8,0.15,bias,11,6.0,0.12,arrived,0.1981948592367252,10.4
RCBF,0.8,0.15,bias,12,6.0,0.12,violation,-0.38605342185988484,2.4000000000000004
SRCBF,0.8,0.15,bias,12,6.0,0.12,arrived,0.03688166434227991,7.199999999999999
RCBF,0.8,0.15,bias,13,6.0,0.12,violation,-0.27848775035118734,2.4000000000000004
SRCBF,0.8,0.15,bias,13,6.0,0.12,arrived,0.08392587127079809,7.999999999999999
RCBF,0.8,0.15,bias,14,6.0,0.12,violation,-0.011365193688535502,2.4000000000000004
SRCBF,0.8,0.15,bias,14,6.0,0.12,arrived,0.16601858276740877,12.000000000000002
RCBF,0.8,0.15,bias,15,6.0,0.12,violation,-0.20111025303304986,2.4000000000000004
SRCBF,0.8,0.15,bias,15,6.0,0.12,arrived,0.11344534687202212,7.999999999999999
RCBF,0.8,0.15,bias,16,6.0,0.12,violation,-0.05561597567294241,3.2
SRCBF,0.8,0.15,bias,16,6.0,0.12,arrived,0.17474892389678875,14.400000000000004
RCBF,0.8,0.15,bias,17,6.0,0.12,violation,-0.3434953607854564,2.4000000000000004
SRCBF,0.8,0.15,bias,17,6.0,0.12,arrived,0.05480173190054227,9.6
RCBF,0.8,0.15,bias,18,6.0,0.12,violation,-0.030797008791406677,2.4000000000000004
SRCBF,0.8,0.15,bias,18,6.0,0.12,arrived,0.17045902609267605,8.799999999999999
RCBF,0.8,0.15,bias,19,6.0,0.12,violation,-0.3665598944158331,2.4000000000000004
SRCBF,0.8,0.15,bias,19,6.0,0.12,arrived,0.04611867045378071,7.199999999999999
RCBF,0.8,0.15,inward,0,6.0,0.12,violation,-0.4650848475204813,2.4000000000000004
SRCBF,0.8,0.15,inward,0,6.0,0.12,arrived,0.0071267629449808245,9.6
RCBF,0.8,0.15,inward,1,6.0,0.12,violation,-0.46131922525177294,2.4000000000000004
SRCBF,0.8,0.15,inward,1,6.0,0.12,arrived,0.00779280141246419,9.6
RCBF,0.8,0.15,inward,2,6.0,0.12,violation,-0.45295447210689965,2.4000000000000004
SRCBF,0.8,0.15,inward,2,6.0,0.12,arrived,0.009233914711099467,9.6
RCBF,0.8,0.15,inward,3,6.0,0.12,violation,-0.44643687139806576,2.4000000000000004
SRCBF,0.8,0.15,inward,3,6.0,0.12,arrived,0.010333448227891284,8.799999999999999
RCBF,0.8,0.15,inward,4,6.0,0.12,violation,-0.4730532943872406,2.4000000000000004
SRCBF,0.8,0.15,inward,4,6.0,0.12,arrived,0.0056487653454229125,9.6
RCBF,0.8,0.15,inward,5,6.0,0.12,violation,-0.4696826974018586,2.4000000000000004
SRCBF,0.8,0.15,inward,5,6.0,0.12,arrived,0.00628939227739822,9.6
RCBF,0.8,0.15,inward,6,6.0,0.12,violation,-0.46213562282017623,2.4000000000000004
SRCBF,0.8,0.15,inward,6,6.0,0.12,arrived,0.007649559358256619,9.6
RCBF,0.8,0.15,inward,7,6.0,0.12,violation,-0.4647401127543056,2.4000000000000004
SRCBF,0.8,0.15,inward,7,6.0,0.12,arrived,0.007188352822593891,9.6
RCBF,0.8,0.15,inward,8,6.0,0.12,violation,-0.4552441194802463,2.4000000000000004
SRCBF,0.8,0.15,inward,8,6.0,0.12,arrived,0.008843463780559113,9.6
RCBF,0.8,0.15,inward,9,6.0,0.12,violation,-0.471322205091327,2.4000000000000004
SRCBF,0.8,0.15,inward,9,6.0,0.12,arrived,0.005981459953547041,9.6
RCBF,0.8,0.15,inward,10,6.0,0.12,violation,-0.4733501123021255,2.4000000000000004
SRCBF,0.8,0.15,inward,10,6.0,0.12,arrived,0.005590781014850776,9.6
RCBF,0.8,0.15,inward,11,6.0,0.12,violation,-0.4480732803746966,2.4000000000000004
SRCBF,0.8,0.15,inward,11,6.0,0.12,arrived,0.010058815824062428,8.799999999999999
RCBF,0.8,0.15,inward,12,6.0,0.12,violation,-0.4525696230315506,2.4000000000000004
SRCBF,0.8,0.15,inward,12,6.0,0.12,arrived,0.009299301846267816,9.6
RCBF,0.8,0.15,inward,13,6.0,0.12,violation,-0.4711883906502172,2.4000000000000004
SRCBF,0.8,0.15,inward,13,6.0,0.12,arrived,0.006006830160908305,9.6
RCBF,0.8,0.15,inward,14,6.0,0.12,violation,-0.47034544045629095,2.4000000000000004
SRCBF,0.8,0.15,inward,14,6.0,0.12,arrived,0.006165648047221306,9.6
RCBF,0.8,0.15,inward,15,6.0,0.12,violation,-0.46667026231415226,2.4000000000000004
SRCBF,0.8,0.15,inward,15,6.0,0.12,arrived,0.006841610507437146,9.6
RCBF,0.8,0.15,inward,16,6.0,0.12,violation,-0.4630123539943164,2.4000000000000004
SRCBF,0.8,0.15,inward,16,6.0,0.12,arrived,0.007495064042497113,9.6
RCBF,0.8,0.15,inward,17,6.0,0.12,violation,-0.47069943047474255,2.4000000000000004
SRCBF,0.8,0.15,inward,17,6.0,0.12,arrived,0.006099157595447213,9.6
RCBF,0.8,0.15,inward,18,6.0,0.12,violation,-0.4576927051052891,2.4000000000000004
SRCBF,0.8,0.15,inward,18,6.0,0.12,arrived,0.008422859688993478,9.6
RCBF,0.8,0.15,inward,19,6.0,0.12,violation,-0.4583889434135036,2.4000000000000004
SRCBF,0.8,0.15,inward,19,6.0,0.12,arrived,0.008302609963328211,9.6
RCBF,0.8,0.45,bias,0,6.0,0.12,violation,-0.1334233171931838,2.4000000000000004
SRCBF,0.8,0.45,bias,0,6.0,0.12,arrived,0.09126668635719748,8.799999999999999
RCBF,0.8,0.45,bias,1,6.0,0.12,violation,-0.1844467617638358,2.4000000000000004
SRCBF,0.8,0.45,bias,1,6.0,0.12,arrived,0.0987579701153295,6.3999999999999995
RCBF,0.8,0.45,bias,2,6.0,0.12,violation,-0.0715549246641668,2.4000000000000004
SRCBF,0.8,0.45,bias,2,6.0,0.12,arrived,0.10751187942525453,8.799999999999999
RCBF,0.8,0.45,bias,3,6.0,0.12,violation,-0.17168927556710034,2.4000000000000004
SRCBF,0.8,0.45,bias,3,6.0,0.12,arrived,0.07412201016768438,7.999999999999999
RCBF,0.8,0.45,bias,4,6.0,0.12,violation,-0.326789792212794,3.2
SRCBF,0.8,0.45,bias,4,6.0,0.12,arrived,0.21106352831003372,8.799999999999999
RCBF,0.8,0.45,bias,5,6.0,0.12,arrived,0.015222044196378404,7.199999999999999
SRCBF,0.8,0.45,bias,5,6.0,0.12,arrived,0.18464959342986775,7.199999999999999
RCBF,0.8,0.45,bias,6,6.0,0.12,violation,-0.001705400892545561,2.4000000000000004
SRCBF,0.8,0.45,bias,6,6.0,0.12,arrived,0.13416880237815365,9.6
RCBF,0.8,0.45,bias,7,6.0,0.12,violation,-0.10991749298074804,2.4000000000000004
SRCBF,0.8,0.45,bias,7,6.0,0.12,arrived,0.13421993777939245,6.3999999999999995
RCBF,0.8,0.45,bias,8,6.0,0.12,violation,-0.22236778006628588,2.4000000000000004
SRCBF,0.8,0.45,bias,8,6.0,0.12,arrived,0.07746257561080805,6.3999999999999995
RCBF,0.8,0.45,bias,9,6.0,0.12,violation,-0.1089996800392391,2.4000000000000004
SRCBF,0.8,0.45,bias,9,6.0,0.12,arrived,0.10153412419078611,9.6
RCBF,0.8,0.45,bias,10,6.0,0.12,violation,-0.24609295444931567,2.4000000000000004
SRCBF,0.8,0.45,bias,10,6.0,0.12,arrived,0.05993723056485112,8.799999999999999
RCBF,0.8,0.45,bias,11,6.0,0.12,violation,-0.2883468597551503,3.2
SRCBF,0.8,0.45,bias,11,6.0,0.12,arrived,0.20974151591483792,8.799999999999999
RCBF,0.8,0.45,bias,12,6.0,0.12,violation,-0.15758984450635194,2.4000000000000004
SRCBF,0.8,0.45,bias,12,6.0,0.12,arrived,0.10729522645204959,6.3999999999999995
RCBF,0.8,0.45,bias,13,6.0,0.12,violation,-0.06193275083499583,2.4000000000000004
SRCBF,0.8,0.45,bias,13,6.0,0.12,arrived,0.15670539316461085,7.199999999999999
RCBF,0.8,0.45,bias,14,6.0,0.12,violation,-0.12151875347268937,4.0
SRCBF,0.8,0.45,bias,14,6.0,0.12,arrived,0.1449242619763983,9.6
RCBF,0.8,0.45,bias,15,6.0,0.12,arrived,0.012209181771766997,7.199999999999999
SRCBF,0.8,0.45,bias,15,6.0,0.12,arrived,0.18286962114287275,7.199999999999999
RCBF,0.8,0.45,bias,16,6.0,0.12,violation,-0.25948160029836775,3.2
SRCBF,0.8,0.45,bias,16,6.0,0.12,arrived,0.18292740827467802,9.6
RCBF,0.8,0.45,bias,17,6.0,0.12,violation,-0.30349318937787045,2.4000000000000004
SRCBF,0.8,0.45,bias,17,6.0,0.12,arrived,0.039700607898354834,7.999999999999999
RCBF,0.8,0.45,bias,18,6.0,0.12,violation,-0.0708013028361072,3.2
SRCBF,0.8,0.45,bias,18,6.0,0.12,arrived,0.223537498046412,7.999999999999999
RCBF,0.8,0.45,bias,19,6.0,0.12,violation,-0.1389843809579263,2.4000000000000004
SRCBF,0.8,0.45,bias,19,6.0,0.12,arrived,0.11852119930120752,6.3999999999999995
RCBF,0.8,0.45,inward,0,6.0,0.12,violation,-0.30160848041338206,2.4000000000000004
SRCBF,0.8,0.45,inward,0,6.0,0.12,arrived,0.041452021853825016,7.999999999999999
RCBF,0.8,0.45,inward,1,6.0,0.12,violation,-0.29362077292055055,2.4000000000000004
SRCBF,0.8,0.45,inward,1,6.0,0.12,arrived,0.04291312082783039,7.999999999999999
RCBF,0.8,0.45,inward,2,6.0,0.12,violation,-0.27733810082590804,2.4000000000000004
SRCBF,0.8,0.45,inward,2,6.0,0.12,arrived,0.045846411563996936,7.999999999999999
RCBF,0.8,0.45,inward,3,6.0,0.12,violation,-0.26565099456759944,2.4000000000000004
SRCBF,0.8,0.45,inward,3,6.0,0.12,arrived,0.047914014271933536,7.999999999999999
RCBF,0.8,0.45,inward,4,6.0,0.12,violation,-0.32067761087041113,2.4000000000000004
SRCBF,0.8,0.45,inward,4,6.0,0.12,arrived,0.03790578170223646,7.999999999999999
RCBF,0.8,0.45,inward,5,6.0,0.12,violation,-0.3121620253887946,2.4000000000000004
SRCBF,0.8,0.45,inward,5,6.0,0.12,arrived,0.039499490395302095,7.999999999999999
RCBF,0.8,0.45,inward,6,6.0,0.12,violation,-0.29531110730430066,2.4000000000000004
SRCBF,0.8,0.45,inward,6,6.0,0.12,arrived,0.04260513517216369,7.999999999999999
RCBF,0.8,0.45,inward,7,6.0,0.12,violation,-0.3008556809208722,2.4000000000000004
SRCBF,0.8,0.45,inward,7,6.0,0.12,arrived,0.041590339620325545,7.999999999999999
RCBF,0.8,0.45,inward,8,6.0,0.12,violation,-0.28163040109825244,2.4000000000000004
SRCBF,0.8,0.45,inward,8,6.0,0.12,arrived,0.04507907874980255,7.999999999999999
RCBF,0.8,0.45,inward,9,6.0,0.12,violation,-0.31620443444884616,2.4000000000000004
SRCBF,0.8,0.45,inward,9,6.0,0.12,arrived,0.03874497023108825,7.999999999999999
RCBF,0.8,0.45,inward,10,6.0,0.12,violation,-0.3214687498087075,2.4000000000000004
SRCBF,0.8,0.45,inward,10,6.0,0.12,arrived,0.037756894408559116,7.999999999999999
RCBF,0.8,0.45,inward,11,6.0,0.12,violation,-0.26851906177432716,2.4000000000000004
SRCBF,0.8,0.45,inward,11,6.0,0.12,arrived,0.04740956888781711,7.999999999999999
RCBF,0.8,0.45,inward,12,6.0,0.12,violation,-0.27662707729753944,2.4000000000000004
SRCBF,0.8,0.45,inward,12,6.0,0.12,arrived,0.04597310939456101,7.999999999999999
RCBF,0.8,0.45,inward,13,6.0,0.12,violation,-0.3158678846930833,2.4000000000000004
SRCBF,0.8,0.45,inward,13,6.0,0.12,arrived,0.03880792734023619,7.999999999999999
RCBF,0.8,0.45,inward,14,6.0,0.12,violation,-0.3137754491523949,2.4000000000000004
SRCBF,0.8,0.45,inward,14,6.0,0.12,arrived,0.03919878220481354,7.999999999999999
RCBF,0.8,0.45,inward,15,6.0,0.12,violation,-0.3051340859106491,2.4000000000000004
SRCBF,0.8,0.45,inward,15,6.0,0.12,arrived,0.040802531947169984,7.999999999999999
RCBF,0.8,0.45,inward,16,6.0,0.12,violation,-0.29715070465795257,2.4000000000000004
SRCBF,0.8,0.45,inward,16,6.0,0.12,arrived,0.04226921545281903,7.999999999999999
RCBF,0.8,0.45,inward,17,6.0,0.12,violation,-0.3146484661359426,2.4000000000000004
SRCBF,0.8,0.45,inward,17,6.0,0.12,arrived,0.039035826937302454,7.999999999999999
RCBF,0.8,0.45,inward,18,6.0,0.12,violation,-0.2863489204949149,2.4000000000000004
SRCBF,0.8,0.45,inward,18,6.0,0.12,arrived,0.044230650080850364,7.999999999999999
RCBF,0.8,0.45,inward,19,6.0,0.12,violation,-0.2877172069473769,2.4000000000000004
SRCBF,0.8,0.45,inward,19,6.0,0.12,arrived,0.04398366461386649,7.999999999999999
RCBF,1.0,0.15,bias,0,6.0,0.12,violation,-0.6511379513727773,3.0
SRCBF,1.0,0.15,bias,0,6.0,0.12,arrived,0.15446321806485241,10.0
RCBF,1.0,0.15,bias,1,6.0,0.12,violation,-0.06679682918667429,4.0
SRCBF,1.0,0.15,bias,1,6.0,0.12,arrived,0.024205119623437077,8.0
RCBF,1.0,0.15,bias,2,6.0,0.12,violation,-0.6513861776177433,3.0
SRCBF,1.0,0.15,bias,2,6.0,0.12,arrived,0.1649001138410403,11.0
RCBF,1.0,0.15,bias,3,6.0,0.12,violation,-0.7011933962648299,3.0
SRCBF,1.0,0.15,bias,3,6.0,0.12,arrived,0.11835690841592483,11.0
RCBF,1.0,0.15,bias,4,6.0,0.12,violation,-0.41659391167653836,3.0
SRCBF,1.0,0.15,bias,4,6.0,0.12,arrived,0.2450848138610926,11.0
RCBF,1.0,0.15,bias,5,6.0,0.12,violation,-0.3982527496054662,3.0
SRCBF,1.0,0.15,bias,5,6.0,0.12,arrived,0.16108681949757842,8.0
RCBF,1.0,0.15,bias,6,6.0,0.12,violation,-0.5805073687429185,3.0
SRCBF,1.0,0.15,bias,6,6.0,0.12,arrived,0.19371545460287842,12.0
RCBF,1.0,0.15,bias,7,6.0,0.12,violation,-0.09211153519019388,3.0
SRCBF,1.0,0.15,bias,7,6.0,0.12,arrived,0.05400653293716662,8.0
RCBF,1.0,0.15,bias,8,6.0,0.12,violation,-0.01690165364855012,2.0
SRCBF,1.0,0.15,bias,8,6.0,0.12,arrived,0.011966868896809424,8.0
RCBF,1.0,0.15,bias,9,6.0,0.12,violation,-0.6230071787771977,3.0
SRCBF,1.0,0.15,bias,9,6.0,0.12,arrived,0.17017349598843245,10.0
RCBF,1.0,0.15,bias,10,6.0,0.12,violation,-0.5521326903138248,3.0
SRCBF,1.0,0.15,bias,10,6.0,0.12,arrived,0.117447946703789,10.0
RCBF,1.0,0.15,bias,11,6.0,0.12,violation,-0.39776427164459416,3.0
SRCBF,1.0,0.15,bias,11,6.0,0.12,arrived,0.24543599489493095,11.0
RCBF,1.0,0.15,bias,12,6.0,0.12,arrived,0.004577256418917819,7.0
SRCBF,1.0,0.15,bias,12,6.0,0.12,arrived,0.029252155907668054,8.0
RCBF,1.0,0.15,bias,13,6.0,0.12,violation,-0.2454789385810966,3.0
SRCBF,1.0,0.15,bias,13,6.0,0.12,arrived,0.09692815672070965,8.0
RCBF,1.0,0.15,bias,14,6.0,0.12,violation,-0.5486893429828794,3.0
SRCBF,1.0,0.15,bias,14,6.0,0.12,arrived,0.2054895418890219,12.0
RCBF,1.0,0.15,bias,15,6.0,0.12,violation,-0.37839146594696393,3.0
SRCBF,1.0,0.15,bias,15,6.0,0.12,arrived,0.1546126635541989,8.0
RCBF,1.0,0.15,bias,16,6.0,0.12,violation,-0.47230493154800063,3.0
SRCBF,1.0,0.15,bias,16,6.0,0.12,arrived,0.21960948883517917,15.0
RCBF,1.0,0.15,bias,17,6.0,0.12,violation,-0.2979544190675726,3.0
SRCBF,1.0,0.15,bias,17,6.0,0.12,arrived,0.07267777311799195,10.0
RCBF,1.0,0.15,bias,18,6.0,0.12,violation,-0.35855049624111607,3.0
SRCBF,1.0,0.15,bias,18,6.0,0.12,arrived,0.25352649524178683,8.0
RCBF,1.0,0.15,bias,19,6.0,0.12,violation,-0.015986294671507917,3.0
SRCBF,1.0,0.15,bias,19,6.0,0.12,arrived,0.03863360745453148,8.0
RCBF,1.0,0.15,inward,0,6.0,0.12,violation,-0.02966206580287456,2.0
SRCBF,1.0,0.15,inward,0,6.0,0.12,arrived,0.0053776705890822285,9.0
RCBF,1.0,0.15,inward,1,6.0,0.12,violation,-0.02762489333875484,2.0
SRCBF,1.0,0.15,inward,1,6.0,0.12,arrived,0.005844992440369956,9.0
RCBF,1.0,0.15,inward,2,6.0,0.12,violation,-0.022940467511345708,2.0
SRCBF,1.0,0.15,inward,2,6.0,0.12,arrived,0.006861076747882056,9.0
RCBF,1.0,0.15,inward,3,6.0,0.12,violation,-0.01916387338782677,2.0
SRCBF,1.0,0.15,inward,3,6.0,0.12,arrived,0.007640966302540297,9.0
RCBF,1.0,0.15,inward,4,6.0,0.12,violation,-0.033774754377777993,2.0
SRCBF,1.0,0.15,inward,4,6.0,0.12,arrived,0.004345802608147764,9.0
RCBF,1.0,0.15,inward,5,6.0,0.12,violation,-0.032073586516549124,2.0
SRCBF,1.0,0.15,inward,5,6.0,0.12,arrived,0.00479216895580703,9.0
RCBF,1.0,0.15,inward,6,6.0,0.12,violation,-0.028070764101157497,2.0
SRCBF,1.0,0.15,inward,6,6.0,0.12,arrived,0.005744366742814644,9.0
RCBF,1.0,0.15,inward,7,6.0,0.12,violation,-0.02947770588601295,2.0
SRCBF,1.0,0.15,inward,7,6.0,0.12,arrived,0.005420824754620468,9.0
RCBF,1.0,0.15,inward,8,6.0,0.12,violation,-0.02424226011279107,2.0
SRCBF,1.0,0.15,inward,8,6.0,0.12,arrived,0.006585108025624287,9.0
RCBF,1.0,0.15,inward,9,6.0,0.12,violation,-0.03290918034940782,2.0
SRCBF,1.0,0.15,inward,9,6.0,0.12,arrived,0.004577437770814874,9.0
RCBF,1.0,0.15,inward,10,6.0,0.12,violation,-0.03392126042404331,2.0
SRCBF,1.0,0.15,inward,10,6.0,0.12,arrived,0.004305471454043364,9.0
RCBF,1.0,0.15,inward,11,6.0,0.12,violation,-0.020121452216923963,2.0
SRCBF,1.0,0.15,inward,11,6.0,0.12,arrived,0.007445788613464899,9.0
RCBF,1.0,0.15,inward,12,6.0,0.12,violation,-0.02272032644708688,2.0
SRCBF,1.0,0.15,inward,12,6.0,0.12,arrived,0.006907341562850888,9.0
RCBF,1.0,0.15,inward,13,6.0,0.12,violation,-0.032841528169983425,2.0
SRCBF,1.0,0.15,inward,13,6.0,0.12,arrived,0.004595117173542773,9.0
RCBF,1.0,0.15,inward,14,6.0,0.12,violation,-0.032413084417906024,2.0
SRCBF,1.0,0.15,inward,14,6.0,0.12,arrived,0.004705839922648614,9.0
RCBF,1.0,0.15,inward,15,6.0,0.12,violation,-0.030503897666827484,2.0
SRCBF,1.0,0.15,inward,15,6.0,0.12,arrived,0.005178032359138274,9.0
RCBF,1.0,0.15,inward,16,6.0,0.12,violation,-0.028547067913685886,2.0
SRCBF,1.0,0.15,inward,16,6.0,0.12,arrived,0.005635910025866608,9.0
RCBF,1.0,0.15,inward,17,6.0,0.12,violation,-0.03259347668265744,2.0
SRCBF,1.0,0.15,inward,17,6.0,0.12,arrived,0.004659474576306444,9.0
RCBF,1.0,0.15,inward,18,6.0,0.12,violation,-0.025618701988660675,2.0
SRCBF,1.0,0.15,inward,18,6.0,0.12,arrived,0.006288390119993603,9.0
RCBF,1.0,0.15,inward,19,6.0,0.12,violation,-0.02600696235348665,2.0
SRCBF,1.0,0.15,inward,19,6.0,0.12,arrived,0.006203665738378716,9.0
RCBF,1.0,0.45,bias,0,6.0,0.12,violation,-0.6346564962158237,3.0
SRCBF,1.0,0.45,bias,0,6.0,0.12,arrived,0.11600453255571286,9.0
RCBF,1.0,0.45,bias,1,6.0,0.12,violation,-0.18654358862331122,3.0
SRCBF,1.0,0.45,bias,1,6.0,0.12,arrived,0.1198788315565823,7.0
RCBF,1.0,0.45,bias,2,6.0,0.12,violation,-0.5729301231872862,3.0
SRCBF,1.0,0.45,bias,2,6.0,0.12,arrived,0.1360080334267013,9.0
RCBF,1.0,0.45,bias,3,6.0,0.12,violation,-0.5960978148091345,3.0
SRCBF,1.0,0.45,bias,3,6.0,0.12,arrived,0.09455831403781756,8.0
RCBF,1.0,0.45,bias,4,6.0,0.12,violation,-0.2366293603351426,3.0
SRCBF,1.0,0.45,bias,4,6.0,0.12,arrived,0.27172270063951753,9.0
RCBF,1.0,0.45,bias,5,6.0,0.12,violation,-0.12175282035956059,3.0
SRCBF,1.0,0.45,bias,5,6.0,0.12,arrived,0.2731140317166407,7.0
RCBF,1.0,0.45,bias,6,6.0,0.12,violation,-0.5095928158167518,3.0
SRCBF,1.0,0.45,bias,6,6.0,0.12,arrived,0.1694379609268557,9.0
RCBF,1.0,0.45,bias,7,6.0,0.12,violation,-0.2032424360680074,3.0
SRCBF,1.0,0.45,bias,7,6.0,0.12,arrived,0.17524033269141936,7.0
RCBF,1.0,0.45,bias,8,6.0,0.12,violation,-0.15567574406160578,3.0
SRCBF,1.0,0.45,bias,8,6.0,0.12,arrived,0.09507194384969886,7.0
RCBF,1.0,0.45,bias,9,6.0,0.12,violation,-0.6321098298672785,3.0
SRCBF,1.0,0.45,bias,9,6.0,0.12,arrived,0.12922545175070888,9.0
RCBF,1.0,0.45,bias,10,6.0,0.12,violation,-0.6232572874563814,3.0
SRCBF,1.0,0.45,bias,10,6.0,0.12,arrived,0.0754823156710932,9.0
RCBF,1.0,0.45,bias,11,6.0,0.12,violation,-0.20059312310708077,3.0
SRCBF,1.0,0.45,bias,11,6.0,0.12,arrived,0.2703659873072888,9.0
RCBF,1.0,0.45,bias,12,6.0,0.12,violation,-0.21552265787066927,3.0
SRCBF,1.0,0.45,bias,12,6.0,0.12,arrived,0.13720076334065978,7.0
RCBF,1.0,0.45,bias,13,6.0,0.12,violation,-0.17148219365274264,3.0
SRCBF,1.0,0.45,bias,13,6.0,0.12,arrived,0.21534332434341907,7.0
RCBF,1.0,0.45,bias,14,6.0,0.12,violation,-0.4898463126054913,3.0
SRCBF,1.0,0.45,bias,14,6.0,0.12,arrived,0.18275411634967498,9.0
RCBF,1.0,0.45,bias,15,6.0,0.12,violation,-0.11849916465252275,3.0
SRCBF,1.0,0.45,bias,15,6.0,0.12,arrived,0.26951984227253245,7.0
RCBF,1.0,0.45,bias,16,6.0,0.12,violation,-0.3396019787250538,3.0
SRCBF,1.0,0.45,bias,16,6.0,0.12,arrived,0.22849642284496774,9.0
RCBF,1.0,0.45,bias,17,6.0,0.12,violation,-0.4096291820672442,3.0
SRCBF,1.0,0.45,bias,17,6.0,0.12,arrived,0.0581024955908116,8.0
RCBF,1.0,0.45,bias,18,6.0,0.12,violation,-0.061154534635704305,3.0
SRCBF,1.0,0.45,bias,18,6.0,0.12,arrived,0.34712869483409947,7.0
RCBF,1.0,0.45,bias,19,6.0,0.12,violation,-0.2264053183394672,3.0
SRCBF,1.0,0.45,bias,19,6.0,0.12,arrived,0.15159195740087328,7.0
RCBF,1.0,0.45,inward,0,6.0,0.12,violation,-0.11788925653175641,3.0
SRCBF,1.0,0.45,inward,0,6.0,0.12,arrived,0.05369373675435918,7.0
RCBF,1.0,0.45,inward,1,6.0,0.12,violation,-0.13285571684432762,3.0
SRCBF,1.0,0.45,inward,1,6.0,0.12,arrived,0.05826318512938933,7.0
RCBF,1.0,0.45,inward,2,6.0,0.12,violation,-0.16253963203581434,3.0
SRCBF,1.0,0.45,inward,2,6.0,0.12,arrived,0.06754899741107523,7.0
RCBF,1.0,0.45,inward,3,6.0,0.12,violation,-0.18291664017220743,3.0
SRCBF,1.0,0.45,inward,3,6.0,0.12,arrived,0.0741785387133691,7.0
RCBF,1.0,0.45,inward,4,6.0,0.12,violation,-0.08187948001409817,3.0
SRCBF,1.0,0.45,inward,4,6.0,0.12,arrived,0.042769984058561805,7.0
RCBF,1.0,0.45,inward,5,6.0,0.12,violation,-0.09793037494508872,3.0
SRCBF,1.0,0.45,inward,5,6.0,0.12,arrived,0.04764905857902069,7.0
RCBF,1.0,0.45,inward,6,6.0,0.12,violation,-0.12970544348887858,3.0
SRCBF,1.0,0.45,inward,6,6.0,0.12,arrived,0.057296797906478125,7.0
RCBF,1.0,0.45,inward,7,6.0,0.12,violation,-0.11930736758995952,3.0
SRCBF,1.0,0.45,inward,7,6.0,0.12,arrived,0.054124652333683354,7.0
RCBF,1.0,0.45,inward,8,6.0,0.12,violation,-0.15484713588212629,3.0
SRCBF,1.0,0.45,inward,8,6.0,0.12,arrived,0.06510593153082622,7.0
RCBF,1.0,0.45,inward,9,6.0,0.12,violation,-0.09029012760189847,3.0
SRCBF,1.0,0.45,inward,9,6.0,0.12,arrived,0.045332841370937516,7.0
RCBF,1.0,0.45,inward,10,6.0,0.12,violation,-0.08039924110727581,3.0
SRCBF,1.0,0.45,inward,10,6.0,0.12,arrived,0.04231676935262174,7.0
RCBF,1.0,0.45,inward,11,6.0,0.12,violation,-0.17799704509995873,3.0
SRCBF,1.0,0.45,inward,11,6.0,0.12,arrived,0.07255498116684445,7.0
RCBF,1.0,0.45,inward,12,6.0,0.12,violation,-0.16380360676999484,3.0
SRCBF,1.0,0.45,inward,12,6.0,0.12,arrived,0.06795330358429397,7.0
RCBF,1.0,0.45,inward,13,6.0,0.12,violation,-0.0909251543313867,3.0
SRCBF,1.0,0.45,inward,13,6.0,0.12,arrived,0.04552567771107119,7.0
RCBF,1.0,0.45,inward,14,6.0,0.12,violation,-0.09487811921708178,3.0
SRCBF,1.0,0.45,inward,14,6.0,0.12,arrived,0.04672460919864574,7.0
RCBF,1.0,0.45,inward,15,6.0,0.12,violation,-0.11123323765600956,3.0
SRCBF,1.0,0.45,inward,15,6.0,0.12,arrived,0.051675049658809535,7.0
RCBF,1.0,0.45,inward,16,6.0,0.12,violation,-0.1262657272127614,3.0
SRCBF,1.0,0.45,inward,16,6.0,0.12,arrived,0.056244688558814926,7.0
RCBF,1.0,0.45,inward,17,6.0,0.12,violation,-0.0932279356606397,3.0
SRCBF,1.0,0.45,inward,17,6.0,0.12,arrived,0.04622438484063229,7.0
RCBF,1.0,0.45,inward,18,6.0,0.12,violation,-0.14627487627860136,3.0
SRCBF,1.0,0.45,inward,18,6.0,0.12,arrived,0.062416017126413426,7.0
RCBF,1.0,0.45,inward,19,6.0,0.12,violation,-0.14376805267644932,3.0
SRCBF,1.0,0.45,inward,19,6.0,0.12,arrived,0.061635241516405204,7.0
RCBF,0.05,0.15,bias,0,8.0,0.12,arrived,0.01964461478592927,9.950000000000006
SRCBF,0.05,0.15,bias,0,8.0,0.12,arrived,0.02426760808996109,9.950000000000006
RCBF,0.05,0.15,bias,1,8.0,0.12,arrived,0.004721126560305322,6.949999999999983
SRCBF,0.05,0.15,bias,1,8.0,0.12,arrived,0.006402688548899915,6.999999999999983
RCBF,0.05,0.15,bias,2,8.0,0.12,arrived,0.02106995161976044,10.600000000000016
SRCBF,0.05,0.15,bias,2,8.0,0.12,arrived,0.02587982025050828,10.650000000000016
RCBF,0.05,0.15,bias,3,8.0,0.12,arrived,0.015055019202152797,10.050000000000008
SRCBF,0.05,0.15,bias,3,8.0,0.12,arrived,0.018601324838763755,10.100000000000009
RCBF,0.05,0.15,bias,4,8.0,0.12,arrived,0.017156247802083913,10.85000000000002
SRCBF,0.05,0.15,bias,4,8.0,0.12,arrived,0.021463759230920143,10.85000000000002
RCBF,0.05,0.15,bias,5,8.0,0.12,arrived,0.019502982426815252,7.7499999999999805
SRCBF,0.05,0.15,bias,5,8.0,0.12,arrived,0.02454925737193292,7.7499999999999805
RCBF,0.05,0.15,bias,6,8.0,0.12,arrived,0.02467378865850811,11.100000000000023
SRCBF,0.05,0.15,bias,6,8.0,0.12,arrived,0.03018918299240858,11.150000000000023
RCBF,0.05,0.15,bias,7,8.0,0.12,arrived,0.009897205262192732,7.049999999999983
SRCBF,0.05,0.15,bias,7,8.0,0.12,arrived,0.012873635699269026,7.099999999999983
RCBF,0.05,0.15,bias,8,8.0,0.12,arrived,0.002254879693024625,6.999999999999983
SRCBF,0.05,0.15,bias,8,8.0,0.12,arrived,0.0032408812354024485,6.999999999999983
RCBF,0.05,0.15,bias,9,8.0,0.12,arrived,0.021645926162762286,10.000000000000007
SRCBF,0.05,0.15,bias,9,8.0,0.12,arrived,0.026684876365403176,10.000000000000007
RCBF,0.05,0.15,bias,10,8.0,0.12,arrived,0.014467567344719878,9.099999999999994
SRCBF,0.05,0.15,bias,10,8.0,0.12,arrived,0.018078446868514897,9.099999999999994
RCBF,0.05,0.15,bias,11,8.0,0.12,arrived,0.015836147432077174,10.500000000000014
SRCBF,0.05,0.15,bias,11,8.0,0.12,arrived,0.019984181981780758,10.550000000000015
RCBF,0.05,0.15,bias,12,8.0,0.12,arrived,0.005663497186391364,6.8999999999999835
SRCBF,0.05,0.15,bias,12,8.0,0.12,arrived,0.007608170566874017,6.8999999999999835
RCBF,0.05,0.15,bias,13,8.0,0.12,arrived,0.014012432375910988,7.349999999999982
SRCBF,0.05,0.15,bias,13,8.0,0.12,arrived,0.017959687031785188,7.349999999999982
RCBF,0.05,0.15,bias,14,8.0,0.12,arrived,0.02613177916273257,11.150000000000023
SRCBF,0.05,0.15,bias,14,8.0,0.12,arrived,0.031937555088761505,11.200000000000024
RCBF,0.05,0.15,bias,15,8.0,0.12,arrived,0.018971181366236323,7.649999999999981
SRCBF,0.05,0.15,bias,15,8.0,0.12,arrived,0.023948336591045227,7.649999999999981
RCBF,0.05,0.15,bias,16,8.0,0.12,arrived,0.009539976581261378,12.550000000000043
SRCBF,0.05,0.15,bias,16,8.0,0.12,arrived,0.01210493326363793,12.550000000000043
RCBF,0.05,0.15,bias,17,8.0,0.12,arrived,0.009143942939259242,8.84999999999999
SRCBF,0.05,0.15,bias,17,8.0,0.12,arrived,0.011492139702820259,8.899999999999991
RCBF,0.05,0.15,bias,18,8.0,0.12,arrived,0.027925101610144942,8.599999999999987
SRCBF,0.05,0.15,bias,18,8.0,0.12,arrived,0.03460536036655293,8.649999999999988
RCBF,0.05,0.15,bias,19,8.0,0.12,arrived,0.0073230176138393555,6.949999999999983
SRCBF,0.05,0.15,bias,19,8.0,0.12,arrived,0.009701646864400337,6.949999999999983
RCBF,0.05,0.15,inward,0,8.0,0.12,arrived,0.0002860576975983742,9.800000000000004
SRCBF,0.05,0.15,inward,0,8.0,0.12,arrived,0.0004499784369846882,9.850000000000005
RCBF,0.05,0.15,inward,1,8.0,0.12,arrived,0.0003200858437141241,9.750000000000004
SRCBF,0.05,0.15,inward,1,8.0,0.12,arrived,0.0005023474104334236,9.750000000000004
RCBF,0.05,0.15,inward,2,8.0,0.12,arrived,0.0003945302563628239,9.600000000000001
SRCBF,0.05,0.15,inward,2,8.0,0.12,arrived,0.0006129586148293509,9.650000000000002
RCBF,0.05,0.15,inward,3,8.0,0.12,arrived,0.00045106362235391995,9.55
SRCBF,0.05,0.15,inward,3,8.0,0.12,arrived,0.0006925067614426128,9.55
RCBF,0.05,0.15,inward,4,8.0,0.12,arrived,0.0002073202215534531,10.000000000000007
SRCBF,0.05,0.15,inward,4,8.0,0.12,arrived,0.00033182111861163044,10.000000000000007
RCBF,0.05,0.15,inward,5,8.0,0.12,arrived,0.00024220283102838192,9.900000000000006
SRCBF,0.05,0.15,inward,5,8.0,0.12,arrived,0.00038423526434339106,9.950000000000006
RCBF,0.05,0.15,inward,6,8.0,0.12,arrived,0.00031276454673656584,9.750000000000004
SRCBF,0.05,0.15,inward,6,8.0,0.12,arrived,0.0004910903750587892,9.750000000000004
RCBF,0.05,0.15,inward,7,8.0,0.12,arrived,0.0002892018500780802,9.800000000000004
SRCBF,0.05,0.15,inward,7,8.0,0.12,arrived,0.00045482235151206307,9.800000000000004
RCBF,0.05,0.15,inward,8,8.0,0.12,arrived,0.0003743759674865732,9.650000000000002
SRCBF,0.05,0.15,inward,8,8.0,0.12,arrived,0.0005845494472416224,9.650000000000002
RCBF,0.05,0.15,inward,9,8.0,0.12,arrived,0.00022537184841242563,9.950000000000006
SRCBF,0.05,0.15,inward,9,8.0,0.12,arrived,0.0003597791388729732,9.950000000000006
RCBF,0.05,0.15,inward,10,8.0,0.12,arrived,0.00020419229146750872,10.050000000000008
SRCBF,0.05,0.15,inward,10,8.0,0.12,arrived,0.0003269729642617625,10.050000000000008
RCBF,0.05,0.15,inward,11,8.0,0.12,arrived,0.0004369781331216016,9.55
SRCBF,0.05,0.15,inward,11,8.0,0.12,arrived,0.0006727054512464248,9.55
RCBF,0.05,0.15,inward,12,8.0,0.12,arrived,0.000397901886936336,9.600000000000001
SRCBF,0.05,0.15,inward,12,8.0,0.12,arrived,0.0006177085211874767,9.600000000000001
RCBF,0.05,0.15,inward,13,8.0,0.12,arrived,0.0002267546714544988,9.950000000000006
SRCBF,0.05,0.15,inward,13,8.0,0.12,arrived,0.0003619193333656012,9.950000000000006
RCBF,0.05,0.15,inward,14,8.0,0.12,arrived,0.00023542768196194164,9.950000000000006
SRCBF,0.05,0.15,inward,14,8.0,0.12,arrived,0.00037455886132453653,9.950000000000006
RCBF,0.05,0.15,inward,15,8.0,0.12,arrived,0.00027151376377476666,9.850000000000005
SRCBF,0.05,0.15,inward,15,8.0,0.12,arrived,0.000427558730550226,9.850000000000005
RCBF,0.05,0.15,inward,16,8.0,0.12,arrived,0.0003048689971147933,9.800000000000004
SRCBF,0.05,0.15,inward,16,8.0,0.12,arrived,0.000478943964214551,9.800000000000004
RCBF,0.05,0.15,inward,17,8.0,0.12,arrived,0.00023179334333156554,9.950000000000006
SRCBF,0.05,0.15,inward,17,8.0,0.12,arrived,0.0003693664718051881,9.950000000000006
RCBF,0.05,0.15,inward,18,8.0,0.12,arrived,0.00035263164056720253,9.700000000000003
SRCBF,0.05,0.15,inward,18,8.0,0.12,arrived,0.000551777731797265,9.700000000000003
RCBF,0.05,0.15,inward,19,8.0,0.12,arrived,0.0003464101716110779,9.700000000000003
SRCBF,0.05,0.15,inward,19,8.0,0.12,arrived,0.0005423567284715824,9.700000000000003
RCBF,0.05,0.45,bias,0,8.0,0.12,arrived,0.0034987078863466525,8.599999999999987
SRCBF,0.05,0.45,bias,0,8.0,0.12,arrived,0.004360721535003553,8.599999999999987
RCBF,0.05,0.45,bias,1,8.0,0.12,arrived,0.012875356419691508,6.199999999999986
SRCBF,0.05,0.45,bias,1,8.0,0.12,arrived,0.016850928464193782,6.199999999999986
RCBF,0.05,0.45,bias,2,8.0,0.12,arrived,0.0037584358973976606,8.74999999999999
SRCBF,0.05,0.45,bias,2,8.0,0.12,arrived,0.00480109278411156,8.79999999999999
RCBF,0.05,0.45,bias,3,8.0,0.12,arrived,0.003193433753136965,7.94999999999998
SRCBF,0.05,0.45,bias,3,8.0,0.12,arrived,0.003983859504669396,7.99999999999998
RCBF,0.05,0.45,bias,4,8.0,0.12,arrived,0.01886222871265386,9.5
SRCBF,0.05,0.45,bias,4,8.0,0.12,arrived,0.023381822989806844,9.5
RCBF,0.05,0.45,bias,5,8.0,0.12,arrived,0.028345581740219727,7.049999999999983
SRCBF,0.05,0.45,bias,5,8.0,0.12,arrived,0.0352107393126595,7.099999999999983
RCBF,0.05,0.45,bias,6,8.0,0.12,arrived,0.005008213194965583,9.249999999999996
SRCBF,0.05,0.45,bias,6,8.0,0.12,arrived,0.006463802289779164,9.249999999999996
RCBF,0.05,0.45,bias,7,8.0,0.12,arrived,0.019232577921662997,6.399999999999985
SRCBF,0.05,0.45,bias,7,8.0,0.12,arrived,0.024456714311628436,6.399999999999985
RCBF,0.05,0.45,bias,8,8.0,0.12,arrived,0.009156943056736533,6.149999999999986
SRCBF,0.05,0.45,bias,8,8.0,0.12,arrived,0.01221671545688019,6.199999999999986
RCBF,0.05,0.45,bias,9,8.0,0.12,arrived,0.0035920469068900784,8.899999999999991
SRCBF,0.05,0.45,bias,9,8.0,0.12,arrived,0.004551222365798968,8.949999999999992
RCBF,0.05,0.45,bias,10,8.0,0.12,arrived,0.002742909011653971,7.94999999999998
SRCBF,0.05,0.45,bias,10,8.0,0.12,arrived,0.0034145878155936726,7.94999999999998
RCBF,0.05,0.45,bias,11,8.0,0.12,arrived,0.01769038979968085,9.399999999999999
SRCBF,0.05,0.45,bias,11,8.0,0.12,arrived,0.022011901766000652,9.399999999999999
RCBF,0.05,0.45,bias,12,8.0,0.12,arrived,0.01418807457586757,6.199999999999986
SRCBF,0.05,0.45,bias,12,8.0,0.12,arrived,0.0183702486150622,6.199999999999986
RCBF,0.05,0.45,bias,13,8.0,0.12,arrived,0.023473496565622365,6.649999999999984
SRCBF,0.05,0.45,bias,13,8.0,0.12,arrived,0.029490241682678442,6.699999999999984
RCBF,0.05,0.45,bias,14,8.0,0.12,arrived,0.006063663657581153,9.45
SRCBF,0.05,0.45,bias,14,8.0,0.12,arrived,0.007430707022693439,9.5
RCBF,0.05,0.45,bias,15,8.0,0.12,arrived,0.02797172774352641,6.999999999999983
SRCBF,0.05,0.45,bias,15,8.0,0.12,arrived,0.034782510355176655,6.999999999999983
RCBF,0.05,0.45,bias,16,8.0,0.12,arrived,0.010788110227528902,9.55
SRCBF,0.05,0.45,bias,16,8.0,0.12,arrived,0.013750087699872848,9.55
RCBF,0.05,0.45,bias,17,8.0,0.12,arrived,0.0019114903041954623,7.299999999999982
SRCBF,0.05,0.45,bias,17,8.0,0.12,arrived,0.0023920891995852234,7.299999999999982
RCBF,0.05,0.45,bias,18,8.0,0.12,arrived,0.03303726235978677,7.99999999999998
SRCBF,0.05,0.45,bias,18,8.0,0.12,arrived,0.04026428121219838,8.04999999999998
RCBF,0.05,0.45,bias,19,8.0,0.12,arrived,0.016289574543571272,6.249999999999986
SRCBF,0.05,0.45,bias,19,8.0,0.12,arrived,0.020974213524166285,6.249999999999986
RCBF,0.05,0.45,inward,0,8.0,0.12,arrived,0.0017909471968613477,8.699999999999989
SRCBF,0.05,0.45,inward,0,8.0,0.12,arrived,0.0025340673582673334,8.699999999999989
RCBF,0.05,0.45,inward,1,8.0,0.12,arrived,0.0018484316553928348,8.699999999999989
SRCBF,0.05,0.45,inward,1,8.0,0.12,arrived,0.0026129234144293134,8.699999999999989
RCBF,0.05,0.45,inward,2,8.0,0.12,arrived,0.0019641146904576523,8.649999999999988
SRCBF,0.05,0.45,inward,2,8.0,0.12,arrived,0.002768490337046736,8.649999999999988
RCBF,0.05,0.45,inward,3,8.0,0.12,arrived,0.0020518745668142158,8.599999999999987
SRCBF,0.05,0.45,inward,3,8.0,0.12,arrived,0.0028760388650845847,8.599999999999987
RCBF,0.05,0.45,inward,4,8.0,0.12,arrived,0.0016489127107727208,8.74999999999999
SRCBF,0.05,0.45,inward,4,8.0,0.12,arrived,0.002344994306371362,8.74999999999999
RCBF,0.05,0.45,inward,5,8.0,0.12,arrived,0.0017131915260319985,8.74999999999999
SRCBF,0.05,0.45,inward,5,8.0,0.12,arrived,0.0024284865590137317,8.74999999999999
RCBF,0.05,0.45,inward,6,8.0,0.12,arrived,0.001836363647017114,8.699999999999989
SRCBF,0.05,0.45,inward,6,8.0,0.12,arrived,0.0025963784975854276,8.699999999999989
RCBF,0.05,0.45,inward,7,8.0,0.12,arrived,0.001796414530242929,8.699999999999989
SRCBF,0.05,0.45,inward,7,8.0,0.12,arrived,0.002541572433832906,8.699999999999989
RCBF,0.05,0.45,inward,8,8.0,0.12,arrived,0.0019325736461235365,8.649999999999988
SRCBF,0.05,0.45,inward,8,8.0,0.12,arrived,0.0027281402669387944,8.649999999999988
RCBF,0.05,0.45,inward,9,8.0,0.12,arrived,0.0016828516809470617,8.74999999999999
SRCBF,0.05,0.45,inward,9,8.0,0.12,arrived,0.0023891150515716886,8.74999999999999
RCBF,0.05,0.45,inward,10,8.0,0.12,arrived,0.0016428697671122539,8.74999999999999
SRCBF,0.05,0.45,inward,10,8.0,0.12,arrived,0.0023371298009418062,8.74999999999999
RCBF,0.05,0.45,inward,11,8.0,0.12,arrived,0.0020305455950536677,8.649999999999988
SRCBF,0.05,0.45,inward,11,8.0,0.12,arrived,0.002849955125338366,8.649999999999988
RCBF,0.05,0.45,inward,12,8.0,0.12,arrived,0.0019695184527955822,8.649999999999988
SRCBF,0.05,0.45,inward,12,8.0,0.12,arrived,0.0027751296757684285,8.649999999999988
RCBF,0.05,0.45,inward,13,8.0,0.12,arrived,0.0016853895447911382,8.74999999999999
SRCBF,0.05,0.45,inward,13,8.0,0.12,arrived,0.002392410948908852,8.74999999999999
RCBF,0.05,0.45,inward,14,8.0,0.12,arrived,0.0017011195574024862,8.74999999999999
SRCBF,0.05,0.45,inward,14,8.0,0.12,arrived,0.002412828961994573,8.74999999999999
RCBF,0.05,0.45,inward,15,8.0,0.12,arrived,0.0017652026711859614,8.699999999999989
SRCBF,0.05,0.45,inward,15,8.0,0.12,arrived,0.0024987129104757644,8.699999999999989
RCBF,0.05,0.45,inward,16,8.0,0.12,arrived,0.0018231712572313041,8.699999999999989
SRCBF,0.05,0.45,inward,16,8.0,0.12,arrived,0.002578286199483859,8.699999999999989
RCBF,0.05,0.45,inward,17,8.0,0.12,arrived,0.0016945667801684383,8.74999999999999
SRCBF,0.05,0.45,inward,17,8.0,0.12,arrived,0.002404325443627675,8.74999999999999
RCBF,0.05,0.45,inward,18,8.0,0.12,arrived,0.0018997649486840462,8.649999999999988
SRCBF,0.05,0.45,inward,18,8.0,0.12,arrived,0.0026832434543020423,8.649999999999988
RCBF,0.05,0.45,inward,19,8.0,0.12,arrived,0.0018901777874860137,8.649999999999988
SRCBF,0.05,0.45,inward,19,8.0,0.12,arrived,0.002670117139400241,8.649999999999988
RCBF,0.1,0.15,bias,0,8.0,0.12,arrived,0.01903727881271655,9.89999999999998
SRCBF,0.1,0.15,bias,0,8.0,0.12,arrived,0.02893913182990826,9.99999999999998
RCBF,0.1,0.15,bias,1,8.0,0.12,arrived,0.004077420432217704,6.999999999999991
SRCBF,0.1,0.15,bias,1,8.0,0.12,arrived,0.00790171100444148,6.999999999999991
RCBF,0.1,0.15,bias,2,8.0,0.12,arrived,0.020654752104793728,10.599999999999978
SRCBF,0.1,0.15,bias,2,8.0,0.12,arrived,0.030877801705558094,10.699999999999978
RCBF,0.1,0.15,bias,3,8.0,0.12,arrived,0.014624111636643344,10.09999999999998
SRCBF,0.1,0.15,bias,3,8.0,0.12,arrived,0.02215632391309763,10.09999999999998
RCBF,0.1,0.15,bias,4,8.0,0.12,arrived,0.019942203466876696,10.799999999999978
SRCBF,0.1,0.15,bias,4,8.0,0.12,arrived,0.029762964449336127,10.899999999999977
RCBF,0.1,0.15,bias,5,8.0,0.12,arrived,0.01865017353477394,7.699999999999989
SRCBF,0.1,0.15,bias,5,8.0,0.12,arrived,0.02974020782804998,7.799999999999988
RCBF,0.1,0.15,bias,6,8.0,0.12,arrived,0.024339710575303486,11.099999999999977
SRCBF,0.1,0.15,bias,6,8.0,0.12,arrived,0.036067571495555506,11.199999999999976
RCBF,0.1,0.15,bias,7,8.0,0.12,arrived,0.009046143747277302,7.099999999999991
SRCBF,0.1,0.15,bias,7,8.0,0.12,arrived,0.015691408134152707,7.099999999999991
RCBF,0.1,0.15,bias,8,8.0,0.12,arrived,0.0018816171110478397,6.999999999999991
SRCBF,0.1,0.15,bias,8,8.0,0.12,arrived,0.0041404198639004575,6.999999999999991
RCBF,0.1,0.15,bias,9,8.0,0.12,arrived,0.021073583093341064,9.99999999999998
SRCBF,0.1,0.15,bias,9,8.0,0.12,arrived,0.03185799050577631,9.99999999999998
RCBF,0.1,0.15,bias,10,8.0,0.12,arrived,0.013767115576940214,9.099999999999984
SRCBF,0.1,0.15,bias,10,8.0,0.12,arrived,0.021522469245635723,9.099999999999984
RCBF,0.1,0.15,bias,11,8.0,0.12,arrived,0.01873113604723231,10.499999999999979
SRCBF,0.1,0.15,bias,11,8.0,0.12,arrived,0.027614527658344268,10.499999999999979
RCBF,0.1,0.15,bias,12,8.0,0.12,arrived,0.004907333737071418,6.8999999999999915
SRCBF,0.1,0.15,bias,12,8.0,0.12,arrived,0.009422161733985135,6.8999999999999915
RCBF,0.1,0.15,bias,13,8.0,0.12,arrived,0.013038310993027546,7.29999999999999
SRCBF,0.1,0.15,bias,13,8.0,0.12,arrived,0.02164781090413226,7.39999999999999
RCBF,0.1,0.15,bias,14,8.0,0.12,arrived,0.025822808539503916,11.099999999999977
SRCBF,0.1,0.15,bias,14,8.0,0.12,arrived,0.03817891562464715,11.199999999999976
RCBF,0.1,0.15,bias,15,8.0,0.12,arrived,0.018053253527590463,7.599999999999989
SRCBF,0.1,0.15,bias,15,8.0,0.12,arrived,0.029059380892112685,7.699999999999989
RCBF,0.1,0.15,bias,16,8.0,0.12,arrived,0.012387151052165368,12.599999999999971
SRCBF,0.1,0.15,bias,16,8.0,0.12,arrived,0.0191633248922376,12.69999999999997
RCBF,0.1,0.15,bias,17,8.0,0.12,arrived,0.008660430236860694,8.899999999999984
SRCBF,0.1,0.15,bias,17,8.0,0.12,arrived,0.013643750983413527,8.899999999999984
RCBF,0.1,0.15,bias,18,8.0,0.12,arrived,0.027231680781486522,8.599999999999985
SRCBF,0.1,0.15,bias,18,8.0,0.12,arrived,0.042107372172260016,8.599999999999985
RCBF,0.1,0.15,bias,19,8.0,0.12,arrived,0.006434830221013321,6.999999999999991
SRCBF,0.1,0.15,bias,19,8.0,0.12,arrived,0.01190781303748778,6.999999999999991
RCBF,0.1,0.15,inward,0,8.0,0.12,arrived,0.00030586701043011644,9.799999999999981
SRCBF,0.1,0.15,inward,0,8.0,0.12,arrived,0.0008144784899076773,9.799999999999981
RCBF,0.1,0.15,inward,1,8.0,0.12,arrived,0.0003477432861581642,9.699999999999982
SRCBF,0.1,0.15,inward,1,8.0,0.12,arrived,0.000911111649271934,9.699999999999982
RCBF,0.1,0.15,inward,2,8.0,0.12,arrived,0.0004366247398481793,9.599999999999982
SRCBF,0.1,0.15,inward,2,8.0,0.12,arrived,0.0010993949698806516,9.599999999999982
RCBF,0.1,0.15,inward,3,8.0,0.12,arrived,0.0004981824614357366,9.499999999999982
SRCBF,0.1,0.15,inward,3,8.0,0.12,arrived,0.0012424646401755224,9.499999999999982
RCBF,0.1,0.15,inward,4,8.0,0.12,arrived,0.00021422668755843866,9.99999999999998
SRCBF,0.1,0.15,inward,4,8.0,0.12,arrived,0.0005921180273146254,9.99999999999998
RCBF,0.1,0.15,inward,5,8.0,0.12,arrived,0.0002536122730008028,9.89999999999998
SRCBF,0.1,0.15,inward,5,8.0,0.12,arrived,0.0006879406056784498,9.89999999999998
RCBF,0.1,0.15,inward,6,8.0,0.12,arrived,0.000338723303865196,9.699999999999982
SRCBF,0.1,0.15,inward,6,8.0,0.12,arrived,0.0008923340571064253,9.799999999999981
RCBF,0.1,0.15,inward,7,8.0,0.12,arrived,0.00030973118348065487,9.799999999999981
SRCBF,0.1,0.15,inward,7,8.0,0.12,arrived,0.00082381144008703,9.799999999999981
RCBF,0.1,0.15,inward,8,8.0,0.12,arrived,0.0004140099115265139,9.599999999999982
SRCBF,0.1,0.15,inward,8,8.0,0.12,arrived,0.0010485125064414458,9.599999999999982
RCBF,0.1,0.15,inward,9,8.0,0.12,arrived,0.0002345920386975786,9.99999999999998
SRCBF,0.1,0.15,inward,9,8.0,0.12,arrived,0.0006417182916080844,9.99999999999998
RCBF,0.1,0.15,inward,10,8.0,0.12,arrived,0.0002107015083367969,9.99999999999998
SRCBF,0.1,0.15,inward,10,8.0,0.12,arrived,0.0005835200222584769,9.99999999999998
RCBF,0.1,0.15,inward,11,8.0,0.12,arrived,0.00048281766360158684,9.499999999999982
SRCBF,0.1,0.15,inward,11,8.0,0.12,arrived,0.001206521059380794,9.499999999999982
RCBF,0.1,0.15,inward,12,8.0,0.12,arrived,0.00044028831805842383,9.599999999999982
SRCBF,0.1,0.15,inward,12,8.0,0.12,arrived,0.001107905375655971,9.599999999999982
RCBF,0.1,0.15,inward,13,8.0,0.12,arrived,0.0002361535736800091,9.89999999999998
SRCBF,0.1,0.15,inward,13,8.0,0.12,arrived,0.0006455166564178771,9.99999999999998
RCBF,0.1,0.15,inward,14,8.0,0.12,arrived,0.0002459521855304736,9.89999999999998
SRCBF,0.1,0.15,inward,14,8.0,0.12,arrived,0.0006693365816901053,9.89999999999998
RCBF,0.1,0.15,inward,15,8.0,0.12,arrived,0.00028800678330154206,9.799999999999981
SRCBF,0.1,0.15,inward,15,8.0,0.12,arrived,0.0007712991344098752,9.799999999999981
RCBF,0.1,0.15,inward,16,8.0,0.12,arrived,0.00032900195713359004,9.799999999999981
SRCBF,0.1,0.15,inward,16,8.0,0.12,arrived,0.0008703076973882728,9.799999999999981
RCBF,0.1,0.15,inward,17,8.0,0.12,arrived,0.00024184518428194135,9.89999999999998
SRCBF,0.1,0.15,inward,17,8.0,0.12,arrived,0.0006593557380850656,9.89999999999998
RCBF,0.1,0.15,inward,18,8.0,0.12,arrived,0.00038746886643592493,9.699999999999982
SRCBF,0.1,0.15,inward,18,8.0,0.12,arrived,0.0009935856078179262,9.699999999999982
RCBF,0.1,0.15,inward,19,8.0,0.12,arrived,0.00037988267583966007,9.699999999999982
SRCBF,0.1,0.15,inward,19,8.0,0.12,arrived,0.0009778618890513568,9.699999999999982
RCBF,0.1,0.45,bias,0,8.0,0.12,arrived,0.005922176335902196,8.599999999999985
SRCBF,0.1,0.45,bias,0,8.0,0.12,arrived,0.009196142599206425,8.599999999999985
RCBF,0.1,0.45,bias,1,8.0,0.12,arrived,0.012118621534287999,6.199999999999994
SRCBF,0.1,0.45,bias,1,8.0,0.12,arrived,0.021619999228700837,6.199999999999994
RCBF,0.1,0.45,bias,2,8.0,0.12,arrived,0.006351262094588361,8.799999999999985
SRCBF,0.1,0.45,bias,2,8.0,0.12,arrived,0.009809096371561798,8.799999999999985
RCBF,0.1,0.45,bias,3,8.0,0.12,arrived,0.005094309214319637,7.999999999999988
SRCBF,0.1,0.45,bias,3,8.0,0.12,arrived,0.007885438596813676,7.999999999999988
RCBF,0.1,0.45,bias,4,8.0,0.12,arrived,0.021288668385481713,9.399999999999983
SRCBF,0.1,0.45,bias,4,8.0,0.12,arrived,0.03255970370328465,9.499999999999982
RCBF,0.1,0.45,bias,5,8.0,0.12,arrived,0.0283046361103646,7.099999999999991
SRCBF,0.1,0.45,bias,5,8.0,0.12,arrived,0.04410591487086002,7.099999999999991
RCBF,0.1,0.45,bias,6,8.0,0.12,arrived,0.00739393418298151,9.199999999999983
SRCBF,0.1,0.45,bias,6,8.0,0.12,arrived,0.012032928965796663,9.299999999999983
RCBF,0.1,0.45,bias,7,8.0,0.12,arrived,0.018668527548878044,6.399999999999993
SRCBF,0.1,0.45,bias,7,8.0,0.12,arrived,0.030902276625580982,6.399999999999993
RCBF,0.1,0.45,bias,8,8.0,0.12,arrived,0.008578080416502099,6.199999999999994
SRCBF,0.1,0.45,bias,8,8.0,0.12,arrived,0.016042187665528673,6.199999999999994
RCBF,0.1,0.45,bias,9,8.0,0.12,arrived,0.006127645999280507,8.899999999999984
SRCBF,0.1,0.45,bias,9,8.0,0.12,arrived,0.00961373039616853,8.899999999999984
RCBF,0.1,0.45,bias,10,8.0,0.12,arrived,0.00423642329677687,7.999999999999988
SRCBF,0.1,0.45,bias,10,8.0,0.12,arrived,0.006514862616536443,7.999999999999988
RCBF,0.1,0.45,bias,11,8.0,0.12,arrived,0.0202346106373138,9.299999999999983
SRCBF,0.1,0.45,bias,11,8.0,0.12,arrived,0.030503155503676438,9.399999999999983
RCBF,0.1,0.45,bias,12,8.0,0.12,arrived,0.013560447604127446,6.199999999999994
SRCBF,0.1,0.45,bias,12,8.0,0.12,arrived,0.023570664335820557,6.199999999999994
RCBF,0.1,0.45,bias,13,8.0,0.12,arrived,0.02304935983808709,6.699999999999992
SRCBF,0.1,0.45,bias,13,8.0,0.12,arrived,0.03697288632887574,6.699999999999992
RCBF,0.1,0.45,bias,14,8.0,0.12,arrived,0.008102635311911022,9.499999999999982
SRCBF,0.1,0.45,bias,14,8.0,0.12,arrived,0.013250850968448358,9.499999999999982
RCBF,0.1,0.45,bias,15,8.0,0.12,arrived,0.027935218679342455,6.999999999999991
SRCBF,0.1,0.45,bias,15,8.0,0.12,arrived,0.04362750368484014,6.999999999999991
RCBF,0.1,0.45,bias,16,8.0,0.12,arrived,0.012860759132394817,9.499999999999982
SRCBF,0.1,0.45,bias,16,8.0,0.12,arrived,0.02059986498375299,9.499999999999982
RCBF,0.1,0.45,bias,17,8.0,0.12,arrived,0.002842202635592206,7.29999999999999
SRCBF,0.1,0.45,bias,17,8.0,0.12,arrived,0.004423191608433963,7.29999999999999
RCBF,0.1,0.45,bias,18,8.0,0.12,arrived,0.03425751849304337,7.999999999999988
SRCBF,0.1,0.45,bias,18,8.0,0.12,arrived,0.051381050250986826,7.999999999999988
RCBF,0.1,0.45,bias,19,8.0,0.12,arrived,0.015685929082106975,6.299999999999994
SRCBF,0.1,0.45,bias,19,8.0,0.12,arrived,0.02655562479995699,6.299999999999994
RCBF,0.1,0.45,inward,0,8.0,0.12,arrived,0.0022441560446823106,8.699999999999985
SRCBF,0.1,0.45,inward,0,8.0,0.12,arrived,0.004767782580615387,8.699999999999985
RCBF,0.1,0.45,inward,1,8.0,0.12,arrived,0.002336049890822922,8.599999999999985
SRCBF,0.1,0.45,inward,1,8.0,0.12,arrived,0.004919568348589642,8.599999999999985
RCBF,0.1,0.45,inward,2,8.0,0.12,arrived,0.0025201332832124335,8.599999999999985
SRCBF,0.1,0.45,inward,2,8.0,0.12,arrived,0.005221868809521135,8.599999999999985
RCBF,0.1,0.45,inward,3,8.0,0.12,arrived,0.0026496073930194486,8.599999999999985
SRCBF,0.1,0.45,inward,3,8.0,0.12,arrived,0.005450453850361914,8.599999999999985
RCBF,0.1,0.45,inward,4,8.0,0.12,arrived,0.0020204954218258075,8.699999999999985
SRCBF,0.1,0.45,inward,4,8.0,0.12,arrived,0.004395892925873723,8.699999999999985
RCBF,0.1,0.45,inward,5,8.0,0.12,arrived,0.002121124312658429,8.699999999999985
SRCBF,0.1,0.45,inward,5,8.0,0.12,arrived,0.004563644938143874,8.699999999999985
RCBF,0.1,0.45,inward,6,8.0,0.12,arrived,0.002316691263682058,8.599999999999985
SRCBF,0.1,0.45,inward,6,8.0,0.12,arrived,0.0048876414545134805,8.599999999999985
RCBF,0.1,0.45,inward,7,8.0,0.12,arrived,0.002252861483540869,8.699999999999985
SRCBF,0.1,0.45,inward,7,8.0,0.12,arrived,0.004782186954501055,8.699999999999985
RCBF,0.1,0.45,inward,8,8.0,0.12,arrived,0.002472026395238913,8.599999999999985
SRCBF,0.1,0.45,inward,8,8.0,0.12,arrived,0.00514309399218249,8.599999999999985
RCBF,0.1,0.45,inward,9,8.0,0.12,arrived,0.0020735067499650928,8.699999999999985
SRCBF,0.1,0.45,inward,9,8.0,0.12,arrived,0.004484353049451717,8.699999999999985
RCBF,0.1,0.45,inward,10,8.0,0.12,arrived,0.002011084624734538,8.699999999999985
SRCBF,0.1,0.45,inward,10,8.0,0.12,arrived,0.004380168524421912,8.699999999999985
RCBF,0.1,0.45,inward,11,8.0,0.12,arrived,0.002618037921578331,8.599999999999985
SRCBF,0.1,0.45,inward,11,8.0,0.12,arrived,0.005384924546339209,8.599999999999985
RCBF,0.1,0.45,inward,12,8.0,0.12,arrived,0.0025280733561292568,8.599999999999985
SRCBF,0.1,0.45,inward,12,8.0,0.12,arrived,0.005234855305043529,8.599999999999985
RCBF,0.1,0.45,inward,13,8.0,0.12,arrived,0.0020774815822933723,8.699999999999985
SRCBF,0.1,0.45,inward,13,8.0,0.12,arrived,0.00449097793180131,8.699999999999985
RCBF,0.1,0.45,inward,14,8.0,0.12,arrived,0.00210215177848716,8.699999999999985
SRCBF,0.1,0.45,inward,14,8.0,0.12,arrived,0.004532071217731692,8.699999999999985
RCBF,0.1,0.45,inward,15,8.0,0.12,arrived,0.002203260800670459,8.699999999999985
SRCBF,0.1,0.45,inward,15,8.0,0.12,arrived,0.004700045082653759,8.699999999999985
RCBF,0.1,0.45,inward,16,8.0,0.12,arrived,0.0022955697804346586,8.599999999999985
SRCBF,0.1,0.45,inward,16,8.0,0.12,arrived,0.004852777537704522,8.699999999999985
RCBF,0.1,0.45,inward,17,8.0,0.12,arrived,0.002091867664027136,8.699999999999985
SRCBF,0.1,0.45,inward,17,8.0,0.12,arrived,0.004514946082271765,8.699999999999985
RCBF,0.1,0.45,inward,18,8.0,0.12,arrived,0.002418796560364478,8.599999999999985
SRCBF,0.1,0.45,inward,18,8.0,0.12,arrived,0.005055744203562473,8.599999999999985
RCBF,0.1,0.45,inward,19,8.0,0.12,arrived,0.002403292899409548,8.599999999999985
SRCBF,0.1,0.45,inward,19,8.0,0.12,arrived,0.005030265976191828,8.599999999999985
RCBF,0.2,0.15,bias,0,8.0,0.12,arrived,0.00735023853222716,9.999999999999996
SRCBF,0.2,0.15,bias,0,8.0,0.12,arrived,0.03950261997982851,9.999999999999996
RCBF,0.2,0.15,bias,1,8.0,0.12,violation,-0.0005524518026388536,1.9999999999999998
SRCBF,0.2,0.15,bias,1,8.0,0.12,arrived,0.0110564179103525,7.0000000000000036
RCBF,0.2,0.15,bias,2,8.0,0.12,violation,-0.015902175489330372,2.4
SRCBF,0.2,0.15,bias,2,8.0,0.12,arrived,0.04220945345189098,10.799999999999994
RCBF,0.2,0.15,bias,3,8.0,0.12,violation,-0.021164113779624905,2.1999999999999997
SRCBF,0.2,0.15,bias,3,8.0,0.12,arrived,0.03035045707162931,10.199999999999996
RCBF,0.2,0.15,bias,4,8.0,0.12,violation,-0.00910389497545383,2.6
SRCBF,0.2,0.15,bias,4,8.0,0.12,arrived,0.0517741100682948,10.999999999999993
RCBF,0.2,0.15,bias,5,8.0,0.12,violation,-0.025504086013743654,2.1999999999999997
SRCBF,0.2,0.15,bias,5,8.0,0.12,arrived,0.04125276628978691,7.800000000000004
RCBF,0.2,0.15,bias,6,8.0,0.12,violation,-0.03868470566373439,2.4
SRCBF,0.2,0.15,bias,6,8.0,0.12,arrived,0.049563187740264913,11.199999999999992
RCBF,0.2,0.15,bias,7,8.0,0.12,violation,-0.015151985545963531,2.1999999999999997
SRCBF,0.2,0.15,bias,7,8.0,0.12,arrived,0.02158814438645784,7.200000000000004
RCBF,0.2,0.15,bias,8,8.0,0.12,violation,-0.017252679194406095,1.9999999999999998
SRCBF,0.2,0.15,bias,8,8.0,0.12,arrived,0.005941282125974667,7.200000000000004
RCBF,0.2,0.15,bias,9,8.0,0.12,violation,-0.007620359903325213,2.4
SRCBF,0.2,0.15,bias,9,8.0,0.12,arrived,0.04346699313502966,9.999999999999996
RCBF,0.2,0.15,bias,10,8.0,0.12,violation,-0.060850535761052926,2.1999999999999997
SRCBF,0.2,0.15,bias,10,8.0,0.12,arrived,0.029326871712791358,9.2
RCBF,0.2,0.15,bias,11,8.0,0.12,violation,-0.016117041310141356,2.6
SRCBF,0.2,0.15,bias,11,8.0,0.12,arrived,0.04688735674544553,10.599999999999994
RCBF,0.2,0.15,bias,12,8.0,0.12,arrived,0.0015525599670490609,7.0000000000000036
SRCBF,0.2,0.15,bias,12,8.0,0.12,arrived,0.013244114932811968,7.0000000000000036
RCBF,0.2,0.15,bias,13,8.0,0.12,violation,-0.036763893729163,2.1999999999999997
SRCBF,0.2,0.15,bias,13,8.0,0.12,arrived,0.029866022860928987,7.400000000000004
RCBF,0.2,0.15,bias,14,8.0,0.12,violation,-0.011945766338280706,2.4
SRCBF,0.2,0.15,bias,14,8.0,0.12,arrived,0.052524903343176055,11.199999999999992
RCBF,0.2,0.15,bias,15,8.0,0.12,violation,-0.03338848219940671,2.1999999999999997
SRCBF,0.2,0.15,bias,15,8.0,0.12,arrived,0.0402746675226382,7.600000000000004
RCBF,0.2,0.15,bias,16,8.0,0.12,arrived,0.007563974526062611,12.599999999999987
SRCBF,0.2,0.15,bias,16,8.0,0.12,arrived,0.03667283884194583,12.799999999999986
RCBF,0.2,0.15,bias,17,8.0,0.12,violation,-0.03223302242568071,2.1999999999999997
SRCBF,0.2,0.15,bias,17,8.0,0.12,arrived,0.01844604576642661,9.0
RCBF,0.2,0.15,bias,18,8.0,0.12,violation,-0.035599955876617906,2.4
SRCBF,0.2,0.15,bias,18,8.0,0.12,arrived,0.058671343477999516,8.600000000000001
RCBF,0.2,0.15,bias,19,8.0,0.12,violation,-0.004187569582037254,2.1999999999999997
SRCBF,0.2,0.15,bias,19,8.0,0.12,arrived,0.016568077713942975,7.0000000000000036
RCBF,0.2,0.15,inward,0,8.0,0.12,violation,-0.029735899838870483,1.9999999999999998
SRCBF,0.2,0.15,inward,0,8.0,0.12,arrived,0.0015505139473342977,9.799999999999997
RCBF,0.2,0.15,inward,1,8.0,0.12,violation,-0.02770893153757603,1.9999999999999998
SRCBF,0.2,0.15,inward,1,8.0,0.12,arrived,0.00174301054896564,9.799999999999997
RCBF,0.2,0.15,inward,2,8.0,0.12,violation,-0.023046183278190857,1.9999999999999998
SRCBF,0.2,0.15,inward,2,8.0,0.12,arrived,0.002159918654225601,9.599999999999998
RCBF,0.2,0.15,inward,3,8.0,0.12,violation,-0.01928565002976934,1.9999999999999998
SRCBF,0.2,0.15,inward,3,8.0,0.12,arrived,0.002477082468218872,9.399999999999999
RCBF,0.2,0.15,inward,4,8.0,0.12,violation,-0.03382582336617623,1.9999999999999998
SRCBF,0.2,0.15,inward,4,8.0,0.12,arrived,0.0011276440219432082,9.999999999999996
RCBF,0.2,0.15,inward,5,8.0,0.12,violation,-0.0321345088339029,1.9999999999999998
SRCBF,0.2,0.15,inward,5,8.0,0.12,arrived,0.0013097403909523297,9.799999999999997
RCBF,0.2,0.15,inward,6,8.0,0.12,violation,-0.028152615554831728,1.9999999999999998
SRCBF,0.2,0.15,inward,6,8.0,0.12,arrived,0.0017015753728227834,9.799999999999997
RCBF,0.2,0.15,inward,7,8.0,0.12,violation,-0.029552486998646876,1.9999999999999998
SRCBF,0.2,0.15,inward,7,8.0,0.12,arrived,0.0015682914261455627,9.799999999999997
RCBF,0.2,0.15,inward,8,8.0,0.12,violation,-0.024342167143333482,1.9999999999999998
SRCBF,0.2,0.15,inward,8,8.0,0.12,arrived,0.002047034018743288,9.599999999999998
RCBF,0.2,0.15,inward,9,8.0,0.12,violation,-0.03296535665298572,1.9999999999999998
SRCBF,0.2,0.15,inward,9,8.0,0.12,arrived,0.0012218858462518245,9.999999999999996
RCBF,0.2,0.15,inward,10,8.0,0.12,violation,-0.033971442757878,1.9999999999999998
SRCBF,0.2,0.15,inward,10,8.0,0.12,arrived,0.0011113093377320693,9.999999999999996
RCBF,0.2,0.15,inward,11,8.0,0.12,violation,-0.020239260303378415,1.9999999999999998
SRCBF,0.2,0.15,inward,11,8.0,0.12,arrived,0.002397984748965798,9.599999999999998
RCBF,0.2,0.15,inward,12,8.0,0.12,violation,-0.022827009813838006,1.9999999999999998
SRCBF,0.2,0.15,inward,12,8.0,0.12,arrived,0.002178812292657595,9.599999999999998
RCBF,0.2,0.15,inward,13,8.0,0.12,violation,-0.03289809500265506,1.9999999999999998
SRCBF,0.2,0.15,inward,13,8.0,0.12,arrived,0.0012291040016610966,9.999999999999996
RCBF,0.2,0.15,inward,14,8.0,0.12,violation,-0.03247209821121588,1.9999999999999998
SRCBF,0.2,0.15,inward,14,8.0,0.12,arrived,0.0012743750926095254,9.999999999999996
RCBF,0.2,0.15,inward,15,8.0,0.12,violation,-0.030573340231345725,1.9999999999999998
SRCBF,0.2,0.15,inward,15,8.0,0.12,arrived,0.0014683018811730841,9.799999999999997
RCBF,0.2,0.15,inward,16,8.0,0.12,violation,-0.028626555641745877,1.9999999999999998
SRCBF,0.2,0.15,inward,16,8.0,0.12,arrived,0.0016569020483420127,9.799999999999997
RCBF,0.2,0.15,inward,17,8.0,0.12,violation,-0.03265146561529664,1.9999999999999998
SRCBF,0.2,0.15,inward,17,8.0,0.12,arrived,0.0012554047628687837,9.999999999999996
RCBF,0.2,0.15,inward,18,8.0,0.12,violation,-0.025712295482395287,1.9999999999999998
SRCBF,0.2,0.15,inward,18,8.0,0.12,arrived,0.0019253423548146742,9.599999999999998
RCBF,0.2,0.15,inward,19,8.0,0.12,violation,-0.026098740773382922,1.9999999999999998
SRCBF,0.2,0.15,inward,19,8.0,0.12,arrived,0.0018905417190289153,9.599999999999998
RCBF,0.2,0.45,bias,0,8.0,0.12,violation,-0.01644710938116667,2.4
SRCBF,0.2,0.45,bias,0,8.0,0.12,arrived,0.019350264098495717,8.600000000000001
RCBF,0.2,0.45,bias,1,8.0,0.12,violation,-0.048508591927361344,2.1999999999999997
SRCBF,0.2,0.45,bias,1,8.0,0.12,arrived,0.03249258878243755,6.200000000000003
RCBF,0.2,0.45,bias,2,8.0,0.12,violation,-0.04685189699586967,2.4
SRCBF,0.2,0.45,bias,2,8.0,0.12,arrived,0.02239045526269756,8.8
RCBF,0.2,0.45,bias,3,8.0,0.12,violation,-0.0005742923666801625,2.4
SRCBF,0.2,0.45,bias,3,8.0,0.12,arrived,0.015767183294510878,8.000000000000004
RCBF,0.2,0.45,bias,4,8.0,0.12,arrived,0.024569337139089487,9.399999999999999
SRCBF,0.2,0.45,bias,4,8.0,0.12,arrived,0.05217823701695401,9.399999999999999
RCBF,0.2,0.45,bias,5,8.0,0.12,arrived,0.0037880213263097318,7.0000000000000036
SRCBF,0.2,0.45,bias,5,8.0,0.12,arrived,0.06466687616872357,7.0000000000000036
RCBF,0.2,0.45,bias,6,8.0,0.12,arrived,0.0024579775750677157,9.2
SRCBF,0.2,0.45,bias,6,8.0,0.12,arrived,0.026298787786592337,9.2
RCBF,0.2,0.45,bias,7,8.0,0.12,arrived,0.01564849136230162,6.400000000000003
SRCBF,0.2,0.45,bias,7,8.0,0.12,arrived,0.044637147597648585,6.400000000000003
RCBF,0.2,0.45,bias,8,8.0,0.12,violation,-0.04652723041831719,2.1999999999999997
SRCBF,0.2,0.45,bias,8,8.0,0.12,arrived,0.024858488230141695,6.200000000000003
RCBF,0.2,0.45,bias,9,8.0,0.12,violation,-0.026832939801623268,2.4
SRCBF,0.2,0.45,bias,9,8.0,0.12,arrived,0.021184105519979624,9.0
RCBF,0.2,0.45,bias,10,8.0,0.12,violation,-0.0411912408636681,2.1999999999999997
SRCBF,0.2,0.45,bias,10,8.0,0.12,arrived,0.012720069594164718,8.000000000000004
RCBF,0.2,0.45,bias,11,8.0,0.12,arrived,0.013255320387128289,9.2
SRCBF,0.2,0.45,bias,11,8.0,0.12,arrived,0.05169455476551621,9.2
RCBF,0.2,0.45,bias,12,8.0,0.12,violation,-0.02563680049855921,2.1999999999999997
SRCBF,0.2,0.45,bias,12,8.0,0.12,arrived,0.03522226978567955,6.200000000000003
RCBF,0.2,0.45,bias,13,8.0,0.12,arrived,0.003078004418980762,6.600000000000003
SRCBF,0.2,0.45,bias,13,8.0,0.12,arrived,0.05229770854065041,6.600000000000003
RCBF,0.2,0.45,bias,14,8.0,0.12,arrived,0.011562393533633086,9.399999999999999
SRCBF,0.2,0.45,bias,14,8.0,0.12,arrived,0.027354554182066337,9.399999999999999
RCBF,0.2,0.45,bias,15,8.0,0.12,arrived,0.0008310375530585778,7.0000000000000036
SRCBF,0.2,0.45,bias,15,8.0,0.12,arrived,0.06421013539114484,7.0000000000000036
RCBF,0.2,0.45,bias,16,8.0,0.12,violation,-0.03437771516825794,2.6
SRCBF,0.2,0.45,bias,16,8.0,0.12,arrived,0.03819571784315012,9.599999999999998
RCBF,0.2,0.45,bias,17,8.0,0.12,violation,-0.05664128148394454,2.1999999999999997
SRCBF,0.2,0.45,bias,17,8.0,0.12,arrived,0.008491291728252248,7.400000000000004
RCBF,0.2,0.45,bias,18,8.0,0.12,arrived,0.032858999710175585,8.000000000000004
SRCBF,0.2,0.45,bias,18,8.0,0.12,arrived,0.07576301396523888,8.000000000000004
RCBF,0.2,0.45,bias,19,8.0,0.12,violation,-0.010031419467838587,2.1999999999999997
SRCBF,0.2,0.45,bias,19,8.0,0.12,arrived,0.03918612720803627,6.200000000000003
RCBF,0.2,0.45,inward,0,8.0,0.12,violation,-0.030397195827519097,2.1999999999999997
SRCBF,0.2,0.45,inward,0,8.0,0.12,arrived,0.009159933681361476,8.600000000000001
RCBF,0.2,0.45,inward,1,8.0,0.12,violation,-0.03360962252678479,2.1999999999999997
SRCBF,0.2,0.45,inward,1,8.0,0.12,arrived,0.009550656005505642,8.600000000000001
RCBF,0.2,0.45,inward,2,8.0,0.12,violation,-0.04030414275333549,2.1999999999999997
SRCBF,0.2,0.45,inward,2,8.0,0.12,arrived,0.010333599150551431,8.600000000000001
RCBF,0.2,0.45,inward,3,8.0,0.12,violation,-0.04522375938153267,2.1999999999999997
SRCBF,0.2,0.45,inward,3,8.0,0.12,arrived,0.010884462349859958,8.400000000000002
RCBF,0.2,0.45,inward,4,8.0,0.12,violation,-0.022932278209995882,2.1999999999999997
SRCBF,0.2,0.45,inward,4,8.0,0.12,arrived,0.008381137355851886,8.600000000000001
RCBF,0.2,0.45,inward,5,8.0,0.12,violation,-0.02622920819587271,2.1999999999999997
SRCBF,0.2,0.45,inward,5,8.0,0.12,arrived,0.008700648788377396,8.600000000000001
RCBF,0.2,0.45,inward,6,8.0,0.12,violation,-0.03292577473752878,2.1999999999999997
SRCBF,0.2,0.45,inward,6,8.0,0.12,arrived,0.009468338445517865,8.600000000000001
RCBF,0.2,0.45,inward,7,8.0,0.12,violation,-0.0306978631656476,2.1999999999999997
SRCBF,0.2,0.45,inward,7,8.0,0.12,arrived,0.00919694466371579,8.600000000000001
RCBF,0.2,0.45,inward,8,8.0,0.12,violation,-0.03852093167127191,2.1999999999999997
SRCBF,0.2,0.45,inward,8,8.0,0.12,arrived,0.010128960828370226,8.600000000000001
RCBF,0.2,0.45,inward,9,8.0,0.12,violation,-0.02465658182837971,2.1999999999999997
SRCBF,0.2,0.45,inward,9,8.0,0.12,arrived,0.008549550506189219,8.600000000000001
RCBF,0.2,0.45,inward,10,8.0,0.12,violation,-0.022629079542887842,2.1999999999999997
SRCBF,0.2,0.45,inward,10,8.0,0.12,arrived,0.008351218018516904,8.600000000000001
RCBF,0.2,0.45,inward,11,8.0,0.12,violation,-0.044007922474397776,2.1999999999999997
SRCBF,0.2,0.45,inward,11,8.0,0.12,arrived,0.010750132568729587,8.400000000000002
RCBF,0.2,0.45,inward,12,8.0,0.12,violation,-0.04060077733396317,2.1999999999999997
SRCBF,0.2,0.45,inward,12,8.0,0.12,arrived,0.010367376850624943,8.600000000000001
RCBF,0.2,0.45,inward,13,8.0,0.12,violation,-0.02478699389952599,2.1999999999999997
SRCBF,0.2,0.45,inward,13,8.0,0.12,arrived,0.008562169797492025,8.600000000000001
RCBF,0.2,0.45,inward,14,8.0,0.12,violation,-0.025599917349740098,2.1999999999999997
SRCBF,0.2,0.45,inward,14,8.0,0.12,arrived,0.00864046623160919,8.600000000000001
RCBF,0.2,0.45,inward,15,8.0,0.12,violation,-0.02899495809918229,2.1999999999999997
SRCBF,0.2,0.45,inward,15,8.0,0.12,arrived,0.008986078655429663,8.600000000000001
RCBF,0.2,0.45,inward,16,8.0,0.12,violation,-0.03218399037980424,2.1999999999999997
SRCBF,0.2,0.45,inward,16,8.0,0.12,arrived,0.00937852893386959,8.600000000000001
RCBF,0.2,0.45,inward,17,8.0,0.12,violation,-0.025260304203892026,2.1999999999999997
SRCBF,0.2,0.45,inward,17,8.0,0.12,arrived,0.00860783281796762,8.600000000000001
RCBF,0.2,0.45,inward,18,8.0,0.12,violation,-0.03657573331788844,2.1999999999999997
SRCBF,0.2,0.45,inward,18,8.0,0.12,arrived,0.009902555050746331,8.600000000000001
RCBF,0.2,0.45,inward,19,8.0,0.12,violation,-0.03601466087286165,2.1999999999999997
SRCBF,0.2,0.45,inward,19,8.0,0.12,arrived,0.00983661729725449,8.600000000000001
RCBF,0.3,0.15,bias,0,8.0,0.12,violation,-0.14423829368201757,2.4
SRCBF,0.3,0.15,bias,0,8.0,0.12,arrived,0.05156644907949637,10.200000000000003
RCBF,0.3,0.15,bias,1,8.0,0.12,violation,-0.10660464638733502,2.1
SRCBF,0.3,0.15,bias,1,8.0,0.12,arrived,0.014598923186301072,7.1999999999999975
RCBF,0.3,0.15,bias,2,8.0,0.12,violation,-0.11143873237586666,2.4
SRCBF,0.3,0.15,bias,2,8.0,0.12,arrived,0.05529346656812928,10.800000000000004
RCBF,0.3,0.15,bias,3,8.0,0.12,violation,-0.07727187526592061,2.4
SRCBF,0.3,0.15,bias,3,8.0,0.12,arrived,0.03930962563304563,10.200000000000003
RCBF,0.3,0.15,bias,4,8.0,0.12,violation,-0.06120063213882132,2.6999999999999997
SRCBF,0.3,0.15,bias,4,8.0,0.12,arrived,0.07407541182202138,11.100000000000005
RCBF,0.3,0.15,bias,5,8.0,0.12,violation,-0.04840086499814056,2.4
SRCBF,0.3,0.15,bias,5,8.0,0.12,arrived,0.05214416667173183,7.799999999999997
RCBF,0.3,0.15,bias,6,8.0,0.12,violation,-0.038614765249931016,2.4
SRCBF,0.3,0.15,bias,6,8.0,0.12,arrived,0.06500142873022152,11.400000000000006
RCBF,0.3,0.15,bias,7,8.0,0.12,violation,-0.053709560079581053,2.1
SRCBF,0.3,0.15,bias,7,8.0,0.12,arrived,0.02843127213464003,7.1999999999999975
RCBF,0.3,0.15,bias,8,8.0,0.12,violation,-0.1254885842231609,2.1
SRCBF,0.3,0.15,bias,8,8.0,0.12,arrived,0.007907818353326102,7.1999999999999975
RCBF,0.3,0.15,bias,9,8.0,0.12,violation,-0.12354047897300979,2.4
SRCBF,0.3,0.15,bias,9,8.0,0.12,arrived,0.05686160169690968,10.200000000000003
RCBF,0.3,0.15,bias,10,8.0,0.12,violation,-0.02480051833129271,2.4
SRCBF,0.3,0.15,bias,10,8.0,0.12,arrived,0.037483822579892245,9.3
RCBF,0.3,0.15,bias,11,8.0,0.12,violation,-0.07707727810661147,2.6999999999999997
SRCBF,0.3,0.15,bias,11,8.0,0.12,arrived,0.07447823912305207,10.500000000000004
RCBF,0.3,0.15,bias,12,8.0,0.12,violation,-0.09445479953983671,2.1
SRCBF,0.3,0.15,bias,12,8.0,0.12,arrived,0.017587182004982327,7.1999999999999975
RCBF,0.3,0.15,bias,13,8.0,0.12,violation,-0.005257701509100987,2.1
SRCBF,0.3,0.15,bias,13,8.0,0.12,arrived,0.03862730796049496,7.499999999999997
RCBF,0.3,0.15,bias,14,8.0,0.12,violation,-0.011865251463656579,2.4
SRCBF,0.3,0.15,bias,14,8.0,0.12,arrived,0.06888132364363209,11.400000000000006
RCBF,0.3,0.15,bias,15,8.0,0.12,violation,-0.03829875707691832,2.4
SRCBF,0.3,0.15,bias,15,8.0,0.12,arrived,0.05106875892671414,7.799999999999997
RCBF,0.3,0.15,bias,16,8.0,0.12,violation,-0.019885478970497417,2.6999999999999997
SRCBF,0.3,0.15,bias,16,8.0,0.12,arrived,0.056363239031208434,13.20000000000001
RCBF,0.3,0.15,bias,17,8.0,0.12,violation,-0.0303157364404103,2.1
SRCBF,0.3,0.15,bias,17,8.0,0.12,arrived,0.02395931746615465,9.0
RCBF,0.3,0.15,bias,18,8.0,0.12,violation,-0.03687781466278928,2.4
SRCBF,0.3,0.15,bias,18,8.0,0.12,arrived,0.078540639460277,8.7
RCBF,0.3,0.15,bias,19,8.0,0.12,violation,-0.07979198120069186,2.1
SRCBF,0.3,0.15,bias,19,8.0,0.12,arrived,0.02190485250818952,7.1999999999999975
RCBF,0.3,0.15,inward,0,8.0,0.12,violation,-0.14015519510723085,2.1
SRCBF,0.3,0.15,inward,0,8.0,0.12,arrived,0.0025359326700326035,9.900000000000002
RCBF,0.3,0.15,inward,1,8.0,0.12,violation,-0.1379009242440713,2.1
SRCBF,0.3,0.15,inward,1,8.0,0.12,arrived,0.002789507013686632,9.600000000000001
RCBF,0.3,0.15,inward,2,8.0,0.12,violation,-0.13274519154267195,2.1
SRCBF,0.3,0.15,inward,2,8.0,0.12,arrived,0.003328641002253274,9.600000000000001
RCBF,0.3,0.15,inward,3,8.0,0.12,violation,-0.1286093063945115,2.1
SRCBF,0.3,0.15,inward,3,8.0,0.12,arrived,0.003734346511892195,9.3
RCBF,0.3,0.15,inward,4,8.0,0.12,violation,-0.14474281497222685,2.1
SRCBF,0.3,0.15,inward,4,8.0,0.12,arrived,0.0018884127762273106,9.900000000000002
RCBF,0.3,0.15,inward,5,8.0,0.12,violation,-0.1428375700590372,2.1
SRCBF,0.3,0.15,inward,5,8.0,0.12,arrived,0.002210587546412124,9.900000000000002
RCBF,0.3,0.15,inward,6,8.0,0.12,violation,-0.13839355885723492,2.1
SRCBF,0.3,0.15,inward,6,8.0,0.12,arrived,0.002735269083651959,9.600000000000001
RCBF,0.3,0.15,inward,7,8.0,0.12,violation,-0.1399508032582759,2.1
SRCBF,0.3,0.15,inward,7,8.0,0.12,arrived,0.0025595416820841654,9.900000000000002
RCBF,0.3,0.15,inward,8,8.0,0.12,violation,-0.13417472177745093,2.1
SRCBF,0.3,0.15,inward,8,8.0,0.12,arrived,0.003183554518014442,9.600000000000001
RCBF,0.3,0.15,inward,9,8.0,0.12,violation,-0.14377172829043405,2.1
SRCBF,0.3,0.15,inward,9,8.0,0.12,arrived,0.0020703716839308717,9.900000000000002
RCBF,0.3,0.15,inward,10,8.0,0.12,violation,-0.14490758201869347,2.1
SRCBF,0.3,0.15,inward,10,8.0,0.12,arrived,0.0018569048336759542,9.900000000000002
RCBF,0.3,0.15,inward,11,8.0,0.12,violation,-0.12965653926509213,2.1
SRCBF,0.3,0.15,inward,11,8.0,0.12,arrived,0.0036333596859345896,9.600000000000001
RCBF,0.3,0.15,inward,12,8.0,0.12,violation,-0.1325036630947678,2.1
SRCBF,0.3,0.15,inward,12,8.0,0.12,arrived,0.0033528796938006034,9.600000000000001
RCBF,0.3,0.15,inward,13,8.0,0.12,violation,-0.1436959847813214,2.1
SRCBF,0.3,0.15,inward,13,8.0,0.12,arrived,0.002084318857367373,9.900000000000002
RCBF,0.3,0.15,inward,14,8.0,0.12,violation,-0.14321676519353954,2.1
SRCBF,0.3,0.15,inward,14,8.0,0.12,arrived,0.0021616534073544136,9.900000000000002
RCBF,0.3,0.15,inward,15,8.0,0.12,violation,-0.14108961085242333,2.1
SRCBF,0.3,0.15,inward,15,8.0,0.12,arrived,0.0024261181930333997,9.900000000000002
RCBF,0.3,0.15,inward,16,8.0,0.12,violation,-0.13892026182901063,2.1
SRCBF,0.3,0.15,inward,16,8.0,0.12,arrived,0.002676599434132787,9.600000000000001
RCBF,0.3,0.15,inward,17,8.0,0.12,violation,-0.14341844027527517,2.1
SRCBF,0.3,0.15,inward,17,8.0,0.12,arrived,0.0021351488877923153,9.900000000000002
RCBF,0.3,0.15,inward,18,8.0,0.12,violation,-0.13568877079418162,2.1
SRCBF,0.3,0.15,inward,18,8.0,0.12,arrived,0.0030265171387987566,9.600000000000001
RCBF,0.3,0.15,inward,19,8.0,0.12,violation,-0.1361163631468144,2.1
SRCBF,0.3,0.15,inward,19,8.0,0.12,arrived,0.002981459522306329,9.600000000000001
RCBF,0.3,0.45,bias,0,8.0,0.12,violation,-0.12919015955828272,2.4
SRCBF,0.3,0.45,bias,0,8.0,0.12,arrived,0.029982275055071894,8.7
RCBF,0.3,0.45,bias,1,8.0,0.12,violation,-0.0058569785899080795,2.4
SRCBF,0.3,0.45,bias,1,8.0,0.12,arrived,0.042979773178746905,6.299999999999998
RCBF,0.3,0.45,bias,2,8.0,0.12,violation,-0.06721083372657388,2.4
SRCBF,0.3,0.45,bias,2,8.0,0.12,arrived,0.03541375309948358,8.7
RCBF,0.3,0.45,bias,3,8.0,0.12,violation,-0.14863965457709283,2.4
SRCBF,0.3,0.45,bias,3,8.0,0.12,arrived,0.02419419880712803,8.099999999999998
RCBF,0.3,0.45,bias,4,8.0,0.12,violation,-0.044013195642591874,2.6999999999999997
SRCBF,0.3,0.45,bias,4,8.0,0.12,arrived,0.08051296843961842,9.3
RCBF,0.3,0.45,bias,5,8.0,0.12,arrived,0.005621266906800204,6.899999999999998
SRCBF,0.3,0.45,bias,5,8.0,0.12,arrived,0.08414368536745098,7.1999999999999975
RCBF,0.3,0.45,bias,6,8.0,0.12,violation,-0.016949450869722882,2.9999999999999996
SRCBF,0.3,0.45,bias,6,8.0,0.12,arrived,0.04382704912039248,9.3
RCBF,0.3,0.45,bias,7,8.0,0.12,violation,-0.07526414702992279,2.4
SRCBF,0.3,0.45,bias,7,8.0,0.12,arrived,0.06046563073482669,6.299999999999998
RCBF,0.3,0.45,bias,8,8.0,0.12,arrived,0.007636419629479918,6.299999999999998
SRCBF,0.3,0.45,bias,8,8.0,0.12,arrived,0.034121004517387865,6.299999999999998
RCBF,0.3,0.45,bias,9,8.0,0.12,violation,-0.10527072312557306,2.4
SRCBF,0.3,0.45,bias,9,8.0,0.12,arrived,0.03312698083692056,9.0
RCBF,0.3,0.45,bias,10,8.0,0.12,violation,-0.06208167719240576,2.4
SRCBF,0.3,0.45,bias,10,8.0,0.12,arrived,0.01950816639627928,8.099999999999998
RCBF,0.3,0.45,bias,11,8.0,0.12,violation,-0.01123896872399599,2.6999999999999997
SRCBF,0.3,0.45,bias,11,8.0,0.12,arrived,0.07596295350571047,9.3
RCBF,0.3,0.45,bias,12,8.0,0.12,violation,-0.031422493957314335,2.4
SRCBF,0.3,0.45,bias,12,8.0,0.12,arrived,0.04632718104688249,6.299999999999998
RCBF,0.3,0.45,bias,13,8.0,0.12,violation,-0.07045898779050819,2.4
SRCBF,0.3,0.45,bias,13,8.0,0.12,arrived,0.0710753884239278,6.599999999999998
RCBF,0.3,0.45,bias,14,8.0,0.12,arrived,0.011442764068841815,9.3
SRCBF,0.3,0.45,bias,14,8.0,0.12,arrived,0.04680794339556649,9.600000000000001
RCBF,0.3,0.45,bias,15,8.0,0.12,arrived,0.002656061565296075,6.899999999999998
SRCBF,0.3,0.45,bias,15,8.0,0.12,arrived,0.08328850070575478,6.899999999999998
RCBF,0.3,0.45,bias,16,8.0,0.12,violation,-0.11288520335327257,2.6999999999999997
SRCBF,0.3,0.45,bias,16,8.0,0.12,arrived,0.06052575261372972,9.600000000000001
RCBF,0.3,0.45,bias,17,8.0,0.12,arrived,0.0023748216839813985,7.499999999999997
SRCBF,0.3,0.45,bias,17,8.0,0.12,arrived,0.012961774760604894,7.499999999999997
RCBF,0.3,0.45,bias,18,8.0,0.12,violation,-0.00962445379071375,2.6999999999999997
SRCBF,0.3,0.45,bias,18,8.0,0.12,arrived,0.10225375058589203,7.799999999999997
RCBF,0.3,0.45,bias,19,8.0,0.12,violation,-0.04696041806440032,2.4
SRCBF,0.3,0.45,bias,19,8.0,0.12,arrived,0.05300528308192398,6.299999999999998
RCBF,0.3,0.45,inward,0,8.0,0.12,violation,-0.03878593256235563,2.1
SRCBF,0.3,0.45,inward,0,8.0,0.12,arrived,0.014385423203749359,8.399999999999999
RCBF,0.3,0.45,inward,1,8.0,0.12,violation,-0.03263416748618542,2.1
SRCBF,0.3,0.45,inward,1,8.0,0.12,arrived,0.01486499451533485,8.399999999999999
RCBF,0.3,0.45,inward,2,8.0,0.12,violation,-0.019885212541101205,2.1
SRCBF,0.3,0.45,inward,2,8.0,0.12,arrived,0.01582258032965933,8.399999999999999
RCBF,0.3,0.45,inward,3,8.0,0.12,violation,-0.010571670833541824,2.1
SRCBF,0.3,0.45,inward,3,8.0,0.12,arrived,0.016493474727408253,8.399999999999999
RCBF,0.3,0.45,inward,4,8.0,0.12,violation,-0.05317847201655923,2.1
SRCBF,0.3,0.45,inward,4,8.0,0.12,arrived,0.013214129946368725,8.7
RCBF,0.3,0.45,inward,5,8.0,0.12,violation,-0.04680411628371639,2.1
SRCBF,0.3,0.45,inward,5,8.0,0.12,arrived,0.013741813345923504,8.399999999999999
RCBF,0.3,0.45,inward,6,8.0,0.12,violation,-0.03394177967643275,2.1
SRCBF,0.3,0.45,inward,6,8.0,0.12,arrived,0.014764050085354419,8.399999999999999
RCBF,0.3,0.45,inward,7,8.0,0.12,violation,-0.038209153944974816,2.1
SRCBF,0.3,0.45,inward,7,8.0,0.12,arrived,0.01443089746529802,8.399999999999999
RCBF,0.3,0.45,inward,8,8.0,0.12,violation,-0.023272283711079145,2.1
SRCBF,0.3,0.45,inward,8,8.0,0.12,arrived,0.01557274379549023,8.399999999999999
RCBF,0.3,0.45,inward,9,8.0,0.12,violation,-0.049840980199104545,2.1
SRCBF,0.3,0.45,inward,9,8.0,0.12,arrived,0.013492253910166174,8.399999999999999
RCBF,0.3,0.45,inward,10,8.0,0.12,violation,-0.053766193870003254,2.1
SRCBF,0.3,0.45,inward,10,8.0,0.12,arrived,0.013164723821165514,8.7
RCBF,0.3,0.45,inward,11,8.0,0.12,violation,-0.012869350217597275,2.1
SRCBF,0.3,0.45,inward,11,8.0,0.12,arrived,0.016330099209901028,8.399999999999999
RCBF,0.3,0.45,inward,12,8.0,0.12,violation,-0.019322373123812908,2.1
SRCBF,0.3,0.45,inward,12,8.0,0.12,arrived,0.015863787270896323,8.399999999999999
RCBF,0.3,0.45,inward,13,8.0,0.12,violation,-0.04958889286456869,2.1
SRCBF,0.3,0.45,inward,13,8.0,0.12,arrived,0.013513095331110114,8.399999999999999
RCBF,0.3,0.45,inward,14,8.0,0.12,violation,-0.04801853775689613,2.1
SRCBF,0.3,0.45,inward,14,8.0,0.12,arrived,0.013642410346351497,8.399999999999999
RCBF,0.3,0.45,inward,15,8.0,0.12,violation,-0.04147872028428268,2.1
SRCBF,0.3,0.45,inward,15,8.0,0.12,arrived,0.014171682443900102,8.399999999999999
RCBF,0.3,0.45,inward,16,8.0,0.12,violation,-0.035361351055955614,2.1
SRCBF,0.3,0.45,inward,16,8.0,0.12,arrived,0.01465386220744258,8.399999999999999
RCBF,0.3,0.45,inward,17,8.0,0.12,violation,-0.04867436641671086,2.1
SRCBF,0.3,0.45,inward,17,8.0,0.12,arrived,0.013588511835133987,8.399999999999999
RCBF,0.3,0.45,inward,18,8.0,0.12,violation,-0.02697421952188095,2.1
SRCBF,0.3,0.45,inward,18,8.0,0.12,arrived,0.015295958919115615,8.399999999999999
RCBF,0.3,0.45,inward,19,8.0,0.12,violation,-0.028043438012036126,2.1
SRCBF,0.3,0.45,inward,19,8.0,0.12,arrived,0.015215276199952221,8.399999999999999
RCBF,0.4,0.15,bias,0,8.0,0.12,violation,-0.15639706197896974,2.4
SRCBF,0.4,0.15,bias,0,8.0,0.12,arrived,0.06530696915579881,10.000000000000004
RCBF,0.4,0.15,bias,1,8.0,0.12,violation,-0.0002108548725655579,2.0
SRCBF,0.4,0.15,bias,1,8.0,0.12,arrived,0.01778729226847453,7.200000000000002
RCBF,0.4,0.15,bias,2,8.0,0.12,violation,-0.11132258720389765,2.4
SRCBF,0.4,0.15,bias,2,8.0,0.12,arrived,0.06938309341997684,10.800000000000004
RCBF,0.4,0.15,bias,3,8.0,0.12,violation,-0.22190540259739555,2.4
SRCBF,0.4,0.15,bias,3,8.0,0.12,arrived,0.04987838225613661,10.400000000000004
RCBF,0.4,0.15,bias,4,8.0,0.12,violation,-0.11296931724508297,2.8
SRCBF,0.4,0.15,bias,4,8.0,0.12,arrived,0.10165997920757797,11.200000000000005
RCBF,0.4,0.15,bias,5,8.0,0.12,violation,-0.19944602248114207,2.4
SRCBF,0.4,0.15,bias,5,8.0,0.12,arrived,0.06671613392037723,8.000000000000002
RCBF,0.4,0.15,bias,6,8.0,0.12,violation,-0.038537598911713045,2.4
SRCBF,0.4,0.15,bias,6,8.0,0.12,arrived,0.0812963725956305,11.200000000000005
RCBF,0.4,0.15,bias,7,8.0,0.12,violation,-0.0713158595593838,2.4
SRCBF,0.4,0.15,bias,7,8.0,0.12,arrived,0.03541878930605069,7.200000000000002
RCBF,0.4,0.15,bias,8,8.0,0.12,violation,-0.0171682044575292,2.0
SRCBF,0.4,0.15,bias,8,8.0,0.12,arrived,0.009399938382233408,7.200000000000002
RCBF,0.4,0.15,bias,9,8.0,0.12,violation,-0.12323383603515747,2.4
SRCBF,0.4,0.15,bias,9,8.0,0.12,arrived,0.07190236113036463,10.000000000000004
RCBF,0.4,0.15,bias,10,8.0,0.12,violation,-0.2612738507967821,2.4
SRCBF,0.4,0.15,bias,10,8.0,0.12,arrived,0.04779470168368327,9.200000000000003
RCBF,0.4,0.15,bias,11,8.0,0.12,violation,-0.1373917699365852,2.8
SRCBF,0.4,0.15,bias,11,8.0,0.12,arrived,0.10126775809869992,10.800000000000004
RCBF,0.4,0.15,bias,12,8.0,0.12,violation,-0.0017924014155017431,2.4
SRCBF,0.4,0.15,bias,12,8.0,0.12,arrived,0.021693244051476435,7.200000000000002
RCBF,0.4,0.15,bias,13,8.0,0.12,violation,-0.15812505555927592,2.4
SRCBF,0.4,0.15,bias,13,8.0,0.12,arrived,0.04877692162160063,7.600000000000002
RCBF,0.4,0.15,bias,14,8.0,0.12,violation,-0.011778578551628227,2.4
SRCBF,0.4,0.15,bias,14,8.0,0.12,arrived,0.08619405579899886,11.600000000000005
RCBF,0.4,0.15,bias,15,8.0,0.12,violation,-0.20664086818063965,2.4
SRCBF,0.4,0.15,bias,15,8.0,0.12,arrived,0.06528622910502635,7.600000000000002
RCBF,0.4,0.15,bias,16,8.0,0.12,violation,-0.04721019479658617,2.8
SRCBF,0.4,0.15,bias,16,8.0,0.12,arrived,0.08086450528048694,13.200000000000006
RCBF,0.4,0.15,bias,17,8.0,0.12,violation,-0.13879254613271297,2.4
SRCBF,0.4,0.15,bias,17,8.0,0.12,arrived,0.029654328163158383,9.200000000000003
RCBF,0.4,0.15,bias,18,8.0,0.12,violation,-0.035709762759549624,2.4
SRCBF,0.4,0.15,bias,18,8.0,0.12,arrived,0.09548349277633406,8.800000000000002
RCBF,0.4,0.15,bias,19,8.0,0.12,violation,-0.02614030942018053,2.4
SRCBF,0.4,0.15,bias,19,8.0,0.12,arrived,0.02675893874265689,7.200000000000002
RCBF,0.4,0.15,inward,0,8.0,0.12,violation,-0.02972651636996837,2.0
SRCBF,0.4,0.15,inward,0,8.0,0.12,arrived,0.002808000966873836,9.600000000000003
RCBF,0.4,0.15,inward,1,8.0,0.12,violation,-0.027698331421482147,2.0
SRCBF,0.4,0.15,inward,1,8.0,0.12,arrived,0.003147848024175226,9.600000000000003
RCBF,0.4,0.15,inward,2,8.0,0.12,violation,-0.023033086634226208,2.0
SRCBF,0.4,0.15,inward,2,8.0,0.12,arrived,0.003887720561443375,9.600000000000003
RCBF,0.4,0.15,inward,3,8.0,0.12,violation,-0.01927079066616766,2.0
SRCBF,0.4,0.15,inward,3,8.0,0.12,arrived,0.004454476151409925,9.200000000000003
RCBF,0.4,0.15,inward,4,8.0,0.12,violation,-0.03381923752010285,2.0
SRCBF,0.4,0.15,inward,4,8.0,0.12,arrived,0.0020644118481017992,10.000000000000004
RCBF,0.4,0.15,inward,5,8.0,0.12,violation,-0.03212669882831776,2.0
SRCBF,0.4,0.15,inward,5,8.0,0.12,arrived,0.0023842245006591156,10.000000000000004
RCBF,0.4,0.15,inward,6,8.0,0.12,violation,-0.028142274060552475,2.0
SRCBF,0.4,0.15,inward,6,8.0,0.12,arrived,0.0030746079401653414,9.600000000000003
RCBF,0.4,0.15,inward,7,8.0,0.12,violation,-0.02954298957525625,2.0
SRCBF,0.4,0.15,inward,7,8.0,0.12,arrived,0.0028393444896575026,9.600000000000003
RCBF,0.4,0.15,inward,8,8.0,0.12,violation,-0.024329726952154185,2.0
SRCBF,0.4,0.15,inward,8,8.0,0.12,arrived,0.0036868349784942023,9.600000000000003
RCBF,0.4,0.15,inward,9,8.0,0.12,violation,-0.03295813387868163,2.0
SRCBF,0.4,0.15,inward,9,8.0,0.12,arrived,0.0022298756630861893,10.000000000000004
RCBF,0.4,0.15,inward,10,8.0,0.12,violation,-0.033964967996079065,2.0
SRCBF,0.4,0.15,inward,10,8.0,0.12,arrived,0.0020357394333807566,10.000000000000004
RCBF,0.4,0.15,inward,11,8.0,0.12,violation,-0.020224829023991364,2.0
SRCBF,0.4,0.15,inward,11,8.0,0.12,arrived,0.004312801610864114,9.600000000000003
RCBF,0.4,0.15,inward,12,8.0,0.12,violation,-0.022813804760924206,2.0
SRCBF,0.4,0.15,inward,12,8.0,0.12,arrived,0.00392138486109328,9.600000000000003
RCBF,0.4,0.15,inward,13,8.0,0.12,violation,-0.03289082373612995,2.0
SRCBF,0.4,0.15,inward,13,8.0,0.12,arrived,0.002242552767180217,10.000000000000004
RCBF,0.4,0.15,inward,14,8.0,0.12,violation,-0.0324645238003205,2.0
SRCBF,0.4,0.15,inward,14,8.0,0.12,arrived,0.0023220780302657396,10.000000000000004
RCBF,0.4,0.15,inward,15,8.0,0.12,violation,-0.03056448781908827,2.0
SRCBF,0.4,0.15,inward,15,8.0,0.12,arrived,0.0026631556813010437,9.600000000000003
RCBF,0.4,0.15,inward,16,8.0,0.12,violation,-0.02861649500995178,2.0
SRCBF,0.4,0.15,inward,16,8.0,0.12,arrived,0.002995699193690471,9.600000000000003
RCBF,0.4,0.15,inward,17,8.0,0.12,violation,-0.03264401802348127,2.0
SRCBF,0.4,0.15,inward,17,8.0,0.12,arrived,0.0022887502488707634,10.000000000000004
RCBF,0.4,0.15,inward,18,8.0,0.12,violation,-0.025700579427766046,2.0
SRCBF,0.4,0.15,inward,18,8.0,0.12,arrived,0.003470745778622941,9.600000000000003
RCBF,0.4,0.15,inward,19,8.0,0.12,violation,-0.026087234881638333,2.0
SRCBF,0.4,0.15,inward,19,8.0,0.12,arrived,0.0034090370150240412,9.600000000000003
RCBF,0.4,0.45,bias,0,8.0,0.12,violation,-0.13003322573925535,2.4
SRCBF,0.4,0.45,bias,0,8.0,0.12,arrived,0.041344967067814875,8.800000000000002
RCBF,0.4,0.45,bias,1,8.0,0.12,violation,-0.18729557685257414,2.4
SRCBF,0.4,0.45,bias,1,8.0,0.12,arrived,0.058062772691885534,6.400000000000001
RCBF,0.4,0.45,bias,2,8.0,0.12,violation,-0.0680718319817788,2.4
SRCBF,0.4,0.45,bias,2,8.0,0.12,arrived,0.04887053919386253,8.800000000000002
RCBF,0.4,0.45,bias,3,8.0,0.12,violation,-0.167334202753332,2.4
SRCBF,0.4,0.45,bias,3,8.0,0.12,arrived,0.03341869234066397,8.000000000000002
RCBF,0.4,0.45,bias,4,8.0,0.12,violation,-0.1137013819413587,2.8
SRCBF,0.4,0.45,bias,4,8.0,0.12,arrived,0.10916738774494694,9.200000000000003
RCBF,0.4,0.45,bias,5,8.0,0.12,arrived,0.0074835946417385335,6.800000000000002
SRCBF,0.4,0.45,bias,5,8.0,0.12,arrived,0.10298490336341004,7.200000000000002
RCBF,0.4,0.45,bias,6,8.0,0.12,violation,-0.07381980752031825,3.1999999999999997
SRCBF,0.4,0.45,bias,6,8.0,0.12,arrived,0.061366894597396415,9.200000000000003
RCBF,0.4,0.45,bias,7,8.0,0.12,violation,-0.11539433923818476,2.4
SRCBF,0.4,0.45,bias,7,8.0,0.12,arrived,0.07729634366893745,6.400000000000001
RCBF,0.4,0.45,bias,8,8.0,0.12,violation,-0.16699138758248833,2.4
SRCBF,0.4,0.45,bias,8,8.0,0.12,arrived,0.045741147658867276,6.400000000000001
RCBF,0.4,0.45,bias,9,8.0,0.12,violation,-0.10601429428529974,2.4
SRCBF,0.4,0.45,bias,9,8.0,0.12,arrived,0.04597228309774526,9.200000000000003
RCBF,0.4,0.45,bias,10,8.0,0.12,violation,-0.24243335883544181,2.4
SRCBF,0.4,0.45,bias,10,8.0,0.12,arrived,0.026738871101205985,8.000000000000002
RCBF,0.4,0.45,bias,11,8.0,0.12,violation,-0.07951859905734349,2.8
SRCBF,0.4,0.45,bias,11,8.0,0.12,arrived,0.10514594509075026,9.200000000000003
RCBF,0.4,0.45,bias,12,8.0,0.12,violation,-0.16073109672859398,2.4
SRCBF,0.4,0.45,bias,12,8.0,0.12,arrived,0.06265871278014523,6.400000000000001
RCBF,0.4,0.45,bias,13,8.0,0.12,violation,-0.06880261336614635,2.4
SRCBF,0.4,0.45,bias,13,8.0,0.12,arrived,0.08896066423350457,6.800000000000002
RCBF,0.4,0.45,bias,14,8.0,0.12,violation,-0.010420097573844544,4.8
SRCBF,0.4,0.45,bias,14,8.0,0.12,arrived,0.06638506310012737,9.600000000000003
RCBF,0.4,0.45,bias,15,8.0,0.12,arrived,0.004509764130941951,6.800000000000002
SRCBF,0.4,0.45,bias,15,8.0,0.12,arrived,0.10208639688737187,7.200000000000002
RCBF,0.4,0.45,bias,16,8.0,0.12,violation,-0.18822019614474694,2.8
SRCBF,0.4,0.45,bias,16,8.0,0.12,arrived,0.08494356394970437,9.600000000000003
RCBF,0.4,0.45,bias,17,8.0,0.12,violation,-0.2135628924759333,2.4
SRCBF,0.4,0.45,bias,17,8.0,0.12,arrived,0.018648802615910398,7.600000000000002
RCBF,0.4,0.45,bias,18,8.0,0.12,violation,-0.04291626981308183,2.8
SRCBF,0.4,0.45,bias,18,8.0,0.12,arrived,0.13452778783119224,8.000000000000002
RCBF,0.4,0.45,bias,19,8.0,0.12,violation,-0.14318372266953328,2.4
SRCBF,0.4,0.45,bias,19,8.0,0.12,arrived,0.0688678377428752,6.400000000000001
RCBF,0.4,0.45,inward,0,8.0,0.12,violation,-0.10657827652812113,2.4
SRCBF,0.4,0.45,inward,0,8.0,0.12,arrived,0.020622735357986866,8.400000000000002
RCBF,0.4,0.45,inward,1,8.0,0.12,violation,-0.1178110890725933,2.4
SRCBF,0.4,0.45,inward,1,8.0,0.12,arrived,0.021387992034684333,8.400000000000002
RCBF,0.4,0.45,inward,2,8.0,0.12,violation,-0.14110891695590944,2.4
SRCBF,0.4,0.45,inward,2,8.0,0.12,arrived,0.022910585699105868,8.400000000000002
RCBF,0.4,0.45,inward,3,8.0,0.12,violation,-0.15812824239453394,2.4
SRCBF,0.4,0.45,inward,3,8.0,0.12,arrived,0.02397316118888526,8.400000000000002
RCBF,0.4,0.45,inward,4,8.0,0.12,violation,-0.08035160287191645,2.4
SRCBF,0.4,0.45,inward,4,8.0,0.12,arrived,0.018745834867073152,8.400000000000002
RCBF,0.4,0.45,inward,5,8.0,0.12,violation,-0.09195562629900844,2.4
SRCBF,0.4,0.45,inward,5,8.0,0.12,arrived,0.019592795037225552,8.400000000000002
RCBF,0.4,0.45,inward,6,8.0,0.12,violation,-0.11542269623601764,2.4
SRCBF,0.4,0.45,inward,6,8.0,0.12,arrived,0.021227067123907428,8.400000000000002
RCBF,0.4,0.45,inward,7,8.0,0.12,violation,-0.10763101812382692,2.4
SRCBF,0.4,0.45,inward,7,8.0,0.12,arrived,0.020695378461288993,8.400000000000002
RCBF,0.4,0.45,inward,8,8.0,0.12,violation,-0.13491822491080574,2.4
SRCBF,0.4,0.45,inward,8,8.0,0.12,arrived,0.02251402337967945,8.400000000000002
RCBF,0.4,0.45,inward,9,8.0,0.12,violation,-0.08642456759584904,2.4
SRCBF,0.4,0.45,inward,9,8.0,0.12,arrived,0.01919252430701357,8.400000000000002
RCBF,0.4,0.45,inward,10,8.0,0.12,violation,-0.07928284114154993,2.4
SRCBF,0.4,0.45,inward,10,8.0,0.12,arrived,0.018666417985085837,8.400000000000002
RCBF,0.4,0.45,inward,11,8.0,0.12,violation,-0.15393045644034442,2.4
SRCBF,0.4,0.45,inward,11,8.0,0.12,arrived,0.0237147112839442,8.400000000000002
RCBF,0.4,0.45,inward,12,8.0,0.12,violation,-0.14213763213418107,2.4
SRCBF,0.4,0.45,inward,12,8.0,0.12,arrived,0.022975947205543412,8.400000000000002
RCBF,0.4,0.45,inward,13,8.0,0.12,violation,-0.08688351897720648,2.4
SRCBF,0.4,0.45,inward,13,8.0,0.12,arrived,0.019225971650580154,8.400000000000002
RCBF,0.4,0.45,inward,14,8.0,0.12,violation,-0.08974324776768139,2.4
SRCBF,0.4,0.45,inward,14,8.0,0.12,arrived,0.019433422945148604,8.400000000000002
RCBF,0.4,0.45,inward,15,8.0,0.12,violation,-0.1016647859110773,2.4
SRCBF,0.4,0.45,inward,15,8.0,0.12,arrived,0.020281069677545505,8.400000000000002
RCBF,0.4,0.45,inward,16,8.0,0.12,violation,-0.11283023033954087,2.4
SRCBF,0.4,0.45,inward,16,8.0,0.12,arrived,0.02105131346313094,8.400000000000002
RCBF,0.4,0.45,inward,17,8.0,0.12,violation,-0.08854878579750336,2.4
SRCBF,0.4,0.45,inward,17,8.0,0.12,arrived,0.01934697393257756,8.400000000000002
RCBF,0.4,0.45,inward,18,8.0,0.12,violation,-0.12815249000672368,2.4
SRCBF,0.4,0.45,inward,18,8.0,0.12,arrived,0.022074124647848414,8.400000000000002
RCBF,0.4,0.45,inward,19,8.0,0.12,violation,-0.12619856964820986,2.4
SRCBF,0.4,0.45,inward,19,8.0,0.12,arrived,0.02194578200204156,8.400000000000002
RCBF,0.5,0.15,bias,0,8.0,0.12,violation,-0.2521229550841686,2.5
SRCBF,0.5,0.15,bias,0,8.0,0.12,arrived,0.07797441193017651,10.5
RCBF,0.5,0.15,bias,1,8.0,0.12,violation,-3.597081036199601e-05,2.0
SRCBF,0.5,0.15,bias,1,8.0,0.12,arrived,0.019375124296892476,7.5
RCBF,0.5,0.15,bias,2,8.0,0.12,violation,-0.20658711491806114,2.5
SRCBF,0.5,0.15,bias,2,8.0,0.12,arrived,0.08492398593771278,11.0
RCBF,0.5,0.15,bias,3,8.0,0.12,violation,-0.3216143403223992,2.5
SRCBF,0.5,0.15,bias,3,8.0,0.12,arrived,0.06011373223471983,10.5
RCBF,0.5,0.15,bias,4,8.0,0.12,violation,-0.1598857651123241,3.5
SRCBF,0.5,0.15,bias,4,8.0,0.12,arrived,0.12433293242747834,11.0
RCBF,0.5,0.15,bias,5,8.0,0.12,violation,-0.2767136046732983,2.5
SRCBF,0.5,0.15,bias,5,8.0,0.12,arrived,0.08313006493825659,8.0
RCBF,0.5,0.15,bias,6,8.0,0.12,violation,-0.13108058687087554,2.5
SRCBF,0.5,0.15,bias,6,8.0,0.12,arrived,0.09985937627473851,11.5
RCBF,0.5,0.15,bias,7,8.0,0.12,violation,-0.09632531674583222,2.5
SRCBF,0.5,0.15,bias,7,8.0,0.12,arrived,0.04295301915916672,7.5
RCBF,0.5,0.15,bias,8,8.0,0.12,violation,-0.017125126153527903,2.0
SRCBF,0.5,0.15,bias,8,8.0,0.12,arrived,0.011611823534587673,7.5
RCBF,0.5,0.15,bias,9,8.0,0.12,violation,-0.2173320709700901,2.5
SRCBF,0.5,0.15,bias,9,8.0,0.12,arrived,0.08603692318873579,10.5
RCBF,0.5,0.15,bias,10,8.0,0.12,violation,-0.3593762651414423,2.5
SRCBF,0.5,0.15,bias,10,8.0,0.12,arrived,0.05648503734181498,9.5
RCBF,0.5,0.15,bias,11,8.0,0.12,violation,-0.05379296461135685,3.5
SRCBF,0.5,0.15,bias,11,8.0,0.12,arrived,0.12401063682126223,10.5
RCBF,0.5,0.15,bias,12,8.0,0.12,violation,-0.0021839651501028845,2.5
SRCBF,0.5,0.15,bias,12,8.0,0.12,arrived,0.022430482837959453,7.0
RCBF,0.5,0.15,bias,13,8.0,0.12,violation,-0.21343467930210924,2.5
SRCBF,0.5,0.15,bias,13,8.0,0.12,arrived,0.062489565255080426,7.5
RCBF,0.5,0.15,bias,14,8.0,0.12,violation,-0.10315434615515828,2.5
SRCBF,0.5,0.15,bias,14,8.0,0.12,arrived,0.10576395726191434,11.5
RCBF,0.5,0.15,bias,15,8.0,0.12,violation,-0.28295553719225974,2.5
SRCBF,0.5,0.15,bias,15,8.0,0.12,arrived,0.08175492158079656,8.0
RCBF,0.5,0.15,bias,16,8.0,0.12,violation,-0.0265892143368891,2.5
SRCBF,0.5,0.15,bias,16,8.0,0.12,arrived,0.10569296674898776,13.5
RCBF,0.5,0.15,bias,17,8.0,0.12,violation,-0.19159087205171788,2.5
SRCBF,0.5,0.15,bias,17,8.0,0.12,arrived,0.03526271391187363,9.5
RCBF,0.5,0.15,bias,18,8.0,0.12,violation,-0.11327352402309188,2.5
SRCBF,0.5,0.15,bias,18,8.0,0.12,arrived,0.11501124514501004,8.5
RCBF,0.5,0.15,bias,19,8.0,0.12,violation,-0.03484383081642595,2.5
SRCBF,0.5,0.15,bias,19,8.0,0.12,arrived,0.02778298031582227,7.0
RCBF,0.5,0.15,inward,0,8.0,0.12,violation,-0.02971860276752747,2.0
SRCBF,0.5,0.15,inward,0,8.0,0.12,arrived,0.0037742680567030007,9.5
RCBF,0.5,0.15,inward,1,8.0,0.12,violation,-0.02768934099410081,2.0
SRCBF,0.5,0.15,inward,1,8.0,0.12,arrived,0.00430342894601532,9.5
RCBF,0.5,0.15,inward,2,8.0,0.12,violation,-0.023021826983392835,2.0
SRCBF,0.5,0.15,inward,2,8.0,0.12,arrived,0.005457741776509484,9.5
RCBF,0.5,0.15,inward,3,8.0,0.12,violation,-0.019257867846583676,2.0
SRCBF,0.5,0.15,inward,3,8.0,0.12,arrived,0.00634312268360071,9.5
RCBF,0.5,0.15,inward,4,8.0,0.12,violation,-0.03381374368990864,2.0
SRCBF,0.5,0.15,inward,4,8.0,0.12,arrived,0.0026217200862536094,10.0
RCBF,0.5,0.15,inward,5,8.0,0.12,violation,-0.0321201548761314,2.0
SRCBF,0.5,0.15,inward,5,8.0,0.12,arrived,0.003116166721258029,10.0
RCBF,0.5,0.15,inward,6,8.0,0.12,violation,-0.028133513956727252,2.0
SRCBF,0.5,0.15,inward,6,8.0,0.12,arrived,0.004189314605635652,9.5
RCBF,0.5,0.15,inward,7,8.0,0.12,violation,-0.02953497581381037,2.0
SRCBF,0.5,0.15,inward,7,8.0,0.12,arrived,0.0038230302766130153,9.5
RCBF,0.5,0.15,inward,8,8.0,0.12,violation,-0.024319072756828874,2.0
SRCBF,0.5,0.15,inward,8,8.0,0.12,arrived,0.005144113541866391,9.5
RCBF,0.5,0.15,inward,9,8.0,0.12,violation,-0.032952095230352474,2.0
SRCBF,0.5,0.15,inward,9,8.0,0.12,arrived,0.0028772187150361006,10.0
RCBF,0.5,0.15,inward,10,8.0,0.12,violation,-0.03395956885608431,2.0
SRCBF,0.5,0.15,inward,10,8.0,0.12,arrived,0.0025775305649080593,10.0
RCBF,0.5,0.15,inward,11,8.0,0.12,violation,-0.020212315610705467,2.0
SRCBF,0.5,0.15,inward,11,8.0,0.12,arrived,0.0061217389744901984,9.5
RCBF,0.5,0.15,inward,12,8.0,0.12,violation,-0.022802444451105797,2.0
SRCBF,0.5,0.15,inward,12,8.0,0.12,arrived,0.005510311176966098,9.5
RCBF,0.5,0.15,inward,13,8.0,0.12,violation,-0.03288474347257697,2.0
SRCBF,0.5,0.15,inward,13,8.0,0.12,arrived,0.002896824178342916,10.0
RCBF,0.5,0.15,inward,14,8.0,0.12,violation,-0.03245818293178515,2.0
SRCBF,0.5,0.15,inward,14,8.0,0.12,arrived,0.003019896506033848,10.0
RCBF,0.5,0.15,inward,15,8.0,0.12,violation,-0.030557039197673275,2.0
SRCBF,0.5,0.15,inward,15,8.0,0.12,arrived,0.003549062576166939,9.5
RCBF,0.5,0.15,inward,16,8.0,0.12,violation,-0.028607984143763754,2.0
SRCBF,0.5,0.15,inward,16,8.0,0.12,arrived,0.0040664106243628595,9.5
RCBF,0.5,0.15,inward,17,8.0,0.12,violation,-0.032637786273360336,2.0
SRCBF,0.5,0.15,inward,17,8.0,0.12,arrived,0.0029683016824932906,10.0
RCBF,0.5,0.15,inward,18,8.0,0.12,violation,-0.02569058551852288,2.0
SRCBF,0.5,0.15,inward,18,8.0,0.12,arrived,0.004806906863356164,9.5
RCBF,0.5,0.15,inward,19,8.0,0.12,violation,-0.026077431210265845,2.0
SRCBF,0.5,0.15,inward,19,8.0,0.12,arrived,0.004710646211092073,9.5
RCBF,0.5,0.45,bias,0,8.0,0.12,violation,-0.22574668596378356,2.5
SRCBF,0.5,0.45,bias,0,8.0,0.12,arrived,0.05322054922635189,9.0
RCBF,0.5,0.45,bias,1,8.0,0.12,violation,-0.236122497826734,2.5
SRCBF,0.5,0.45,bias,1,8.0,0.12,arrived,0.07975178036419994,6.5
RCBF,0.5,0.45,bias,2,8.0,0.12,violation,-0.16114469169724177,2.5
SRCBF,0.5,0.45,bias,2,8.0,0.12,arrived,0.06294596665224828,9.0
RCBF,0.5,0.45,bias,3,8.0,0.12,violation,-0.26239905327216473,2.5
SRCBF,0.5,0.45,bias,3,8.0,0.12,arrived,0.04299449546637535,8.0
RCBF,0.5,0.45,bias,4,8.0,0.12,violation,-0.16445496235498935,3.0
SRCBF,0.5,0.45,bias,4,8.0,0.12,arrived,0.13419316117623037,9.5
RCBF,0.5,0.45,bias,5,8.0,0.12,violation,-0.044637068623289755,2.5
SRCBF,0.5,0.45,bias,5,8.0,0.12,arrived,0.13061840162404648,7.0
RCBF,0.5,0.45,bias,6,8.0,0.12,violation,-0.08938187597770075,2.5
SRCBF,0.5,0.45,bias,6,8.0,0.12,arrived,0.07915193990541947,9.5
RCBF,0.5,0.45,bias,7,8.0,0.12,violation,-0.1628593837534431,2.5
SRCBF,0.5,0.45,bias,7,8.0,0.12,arrived,0.10271125858221997,6.5
RCBF,0.5,0.45,bias,8,8.0,0.12,violation,-0.21123619995290543,2.5
SRCBF,0.5,0.45,bias,8,8.0,0.12,arrived,0.06424269381034575,6.5
RCBF,0.5,0.45,bias,9,8.0,0.12,violation,-0.20122733041657026,2.5
SRCBF,0.5,0.45,bias,9,8.0,0.12,arrived,0.059129680069564206,9.0
RCBF,0.5,0.45,bias,10,8.0,0.12,violation,-0.3412202417854388,2.5
SRCBF,0.5,0.45,bias,10,8.0,0.12,arrived,0.03425495602991968,8.0
RCBF,0.5,0.45,bias,11,8.0,0.12,violation,-0.20041411005597443,3.0
SRCBF,0.5,0.45,bias,11,8.0,0.12,arrived,0.13288616793726404,9.0
RCBF,0.5,0.45,bias,12,8.0,0.12,violation,-0.20812667434401333,2.5
SRCBF,0.5,0.45,bias,12,8.0,0.12,arrived,0.0855229215693718,6.5
RCBF,0.5,0.45,bias,13,8.0,0.12,violation,-0.11833141272965808,2.5
SRCBF,0.5,0.45,bias,13,8.0,0.12,arrived,0.11560379597792969,7.0
RCBF,0.5,0.45,bias,14,8.0,0.12,violation,-0.06785977124901088,2.5
SRCBF,0.5,0.45,bias,14,8.0,0.12,arrived,0.0855266292145902,9.5
RCBF,0.5,0.45,bias,15,8.0,0.12,violation,-0.04661354664402828,2.5
SRCBF,0.5,0.45,bias,15,8.0,0.12,arrived,0.12989916778160182,7.0
RCBF,0.5,0.45,bias,16,8.0,0.12,violation,-0.015476189325979717,3.0
SRCBF,0.5,0.45,bias,16,8.0,0.12,arrived,0.11145112303906568,9.5
RCBF,0.5,0.45,bias,17,8.0,0.12,violation,-0.2877542283697184,2.5
SRCBF,0.5,0.45,bias,17,8.0,0.12,arrived,0.023273799196733336,7.5
RCBF,0.5,0.45,bias,18,8.0,0.12,violation,-0.05450859340209957,3.0
SRCBF,0.5,0.45,bias,18,8.0,0.12,arrived,0.14930019137897543,8.0
RCBF,0.5,0.45,bias,19,8.0,0.12,violation,-0.1902290438413783,2.5
SRCBF,0.5,0.45,bias,19,8.0,0.12,arrived,0.09295055910214978,6.5
RCBF,0.5,0.45,inward,0,8.0,0.12,violation,-0.13769500546777902,2.5
SRCBF,0.5,0.45,inward,0,8.0,0.12,arrived,0.030406977008447744,8.5
RCBF,0.5,0.45,inward,1,8.0,0.12,violation,-0.15227898424506114,2.5
SRCBF,0.5,0.45,inward,1,8.0,0.12,arrived,0.03141756456705924,8.5
RCBF,0.5,0.45,inward,2,8.0,0.12,violation,-0.18234210522166572,2.5
SRCBF,0.5,0.45,inward,2,8.0,0.12,arrived,0.033412778299923174,8.0
RCBF,0.5,0.45,inward,3,8.0,0.12,violation,-0.2041216393967965,2.5
SRCBF,0.5,0.45,inward,3,8.0,0.12,arrived,0.03479265509866858,8.0
RCBF,0.5,0.45,inward,4,8.0,0.12,violation,-0.10345136032442426,2.5
SRCBF,0.5,0.45,inward,4,8.0,0.12,arrived,0.02790687278991999,8.5
RCBF,0.5,0.45,inward,5,8.0,0.12,violation,-0.11863354196825371,2.5
SRCBF,0.5,0.45,inward,5,8.0,0.12,arrived,0.029038799160543638,8.5
RCBF,0.5,0.45,inward,6,8.0,0.12,violation,-0.149182580210796,2.5
SRCBF,0.5,0.45,inward,6,8.0,0.12,arrived,0.031205477175781482,8.5
RCBF,0.5,0.45,inward,7,8.0,0.12,violation,-0.13906407289683298,2.5
SRCBF,0.5,0.45,inward,7,8.0,0.12,arrived,0.03050312910330555,8.5
RCBF,0.5,0.45,inward,8,8.0,0.12,violation,-0.17438005003436818,2.5
SRCBF,0.5,0.45,inward,8,8.0,0.12,arrived,0.03289513506431552,8.0
RCBF,0.5,0.45,inward,9,8.0,0.12,violation,-0.11140277765729778,2.5
SRCBF,0.5,0.45,inward,9,8.0,0.12,arrived,0.028504615696878233,8.5
RCBF,0.5,0.45,inward,10,8.0,0.12,violation,-0.10205073568486522,2.5
SRCBF,0.5,0.45,inward,10,8.0,0.12,arrived,0.027800422980241435,8.5
RCBF,0.5,0.45,inward,11,8.0,0.12,violation,-0.19876548980575615,2.5
SRCBF,0.5,0.45,inward,11,8.0,0.12,arrived,0.03445799311842768,8.0
RCBF,0.5,0.45,inward,12,8.0,0.12,violation,-0.18366320016061044,2.5
SRCBF,0.5,0.45,inward,12,8.0,0.12,arrived,0.033497958618364465,8.0
RCBF,0.5,0.45,inward,13,8.0,0.12,violation,-0.11200317625188727,2.5
SRCBF,0.5,0.45,inward,13,8.0,0.12,arrived,0.028549305401047942,8.5
RCBF,0.5,0.45,inward,14,8.0,0.12,violation,-0.1157425995396878,2.5
SRCBF,0.5,0.45,inward,14,8.0,0.12,arrived,0.02882627232478141,8.5
RCBF,0.5,0.45,inward,15,8.0,0.12,violation,-0.131299212442608,2.5
SRCBF,0.5,0.45,inward,15,8.0,0.12,arrived,0.029954124008107597,8.5
RCBF,0.5,0.45,inward,16,8.0,0.12,violation,-0.14581878959315564,2.5
SRCBF,0.5,0.45,inward,16,8.0,0.12,arrived,0.030973585515371105,8.5
RCBF,0.5,0.45,inward,17,8.0,0.12,violation,-0.11418105424222913,2.5
SRCBF,0.5,0.45,inward,17,8.0,0.12,arrived,0.028710899438827653,8.5
RCBF,0.5,0.45,inward,18,8.0,0.12,violation,-0.16565603017312558,2.5
SRCBF,0.5,0.45,inward,18,8.0,0.12,arrived,0.032319255933162316,8.5
RCBF,0.5,0.45,inward,19,8.0,0.12,violation,-0.1631323870322272,2.5
SRCBF,0.5,0.45,inward,19,8.0,0.12,arrived,0.032150912128670384,8.5
RCBF,0.6,0.15,bias,0,8.0,0.12,violation,-0.15579555241721543,2.4
SRCBF,0.6,0.15,bias,0,8.0,0.12,arrived,0.09030067706424716,10.199999999999998
RCBF,0.6,0.15,bias,1,8.0,0.12,violation,-0.40650157420058997,2.4
SRCBF,0.6,0.15,bias,1,8.0,0.12,arrived,0.024418092375667055,7.199999999999998
RCBF,0.6,0.15,bias,2,8.0,0.12,violation,-0.11105638906721149,2.4
SRCBF,0.6,0.15,bias,2,8.0,0.12,arrived,0.0990526720944781,10.799999999999997
RCBF,0.6,0.15,bias,3,8.0,0.12,violation,-0.22160220138026065,2.4
SRCBF,0.6,0.15,bias,3,8.0,0.12,arrived,0.07014144292285218,10.799999999999997
RCBF,0.6,0.15,bias,4,8.0,0.12,violation,-0.2151197187700158,3.0
SRCBF,0.6,0.15,bias,4,8.0,0.12,arrived,0.14782459005401782,11.399999999999997
RCBF,0.6,0.15,bias,5,8.0,0.12,violation,-0.19676145749554386,2.4
SRCBF,0.6,0.15,bias,5,8.0,0.12,arrived,0.0903326383744828,7.799999999999998
RCBF,0.6,0.15,bias,6,8.0,0.12,violation,-0.03836034031581825,2.4
SRCBF,0.6,0.15,bias,6,8.0,0.12,arrived,0.11742644196674779,11.399999999999997
RCBF,0.6,0.15,bias,7,8.0,0.12,violation,-0.3363610782838364,2.4
SRCBF,0.6,0.15,bias,7,8.0,0.12,arrived,0.04821249016346729,7.199999999999998
RCBF,0.6,0.15,bias,8,8.0,0.12,violation,-0.4364250346740429,2.4
SRCBF,0.6,0.15,bias,8,8.0,0.12,arrived,0.013214476780744389,7.199999999999998
RCBF,0.6,0.15,bias,9,8.0,0.12,violation,-0.12257738231275539,2.4
SRCBF,0.6,0.15,bias,9,8.0,0.12,arrived,0.09958702491331617,10.199999999999998
RCBF,0.6,0.15,bias,10,8.0,0.12,violation,-0.2603515728235216,2.4
SRCBF,0.6,0.15,bias,10,8.0,0.12,arrived,0.06497063417708926,9.599999999999998
RCBF,0.6,0.15,bias,11,8.0,0.12,violation,-0.2552431299964609,3.0
SRCBF,0.6,0.15,bias,11,8.0,0.12,arrived,0.1476829204557224,10.799999999999997
RCBF,0.6,0.15,bias,12,8.0,0.12,violation,-0.38716625631736357,2.4
SRCBF,0.6,0.15,bias,12,8.0,0.12,arrived,0.029646760372772585,7.199999999999998
RCBF,0.6,0.15,bias,13,8.0,0.12,violation,-0.2809450116301242,2.4
SRCBF,0.6,0.15,bias,13,8.0,0.12,arrived,0.06607420763341842,7.799999999999998
RCBF,0.6,0.15,bias,14,8.0,0.12,violation,-0.01158574545244262,2.4
SRCBF,0.6,0.15,bias,14,8.0,0.12,arrived,0.12463331192443672,11.399999999999997
RCBF,0.6,0.15,bias,15,8.0,0.12,violation,-0.20392687684522004,2.4
SRCBF,0.6,0.15,bias,15,8.0,0.12,arrived,0.08839161143996432,7.799999999999998
RCBF,0.6,0.15,bias,16,8.0,0.12,violation,-0.10149196524817494,3.0
SRCBF,0.6,0.15,bias,16,8.0,0.12,arrived,0.12830374420119306,13.799999999999995
RCBF,0.6,0.15,bias,17,8.0,0.12,violation,-0.34421091246154134,2.4
SRCBF,0.6,0.15,bias,17,8.0,0.12,arrived,0.04122946247007431,9.599999999999998
RCBF,0.6,0.15,bias,18,8.0,0.12,violation,-0.033302047948580826,2.4
SRCBF,0.6,0.15,bias,18,8.0,0.12,arrived,0.12988565210203107,8.399999999999999
RCBF,0.6,0.15,bias,19,8.0,0.12,violation,-0.3680632581959137,2.4
SRCBF,0.6,0.15,bias,19,8.0,0.12,arrived,0.03697895651019656,7.199999999999998
RCBF,0.6,0.15,inward,0,8.0,0.12,violation,-0.4653362080042866,2.4
SRCBF,0.6,0.15,inward,0,8.0,0.12,arrived,0.004719965008127325,9.599999999999998
RCBF,0.6,0.15,inward,1,8.0,0.12,violation,-0.4616032506142932,2.4
SRCBF,0.6,0.15,inward,1,8.0,0.12,arrived,0.0052429538166300915,9.599999999999998
RCBF,0.6,0.15,inward,2,8.0,0.12,violation,-0.4533063724103304,2.4
SRCBF,0.6,0.15,inward,2,8.0,0.12,arrived,0.006378002295226892,9.599999999999998
RCBF,0.6,0.15,inward,3,8.0,0.12,violation,-0.44683779709651805,2.4
SRCBF,0.6,0.15,inward,3,8.0,0.12,arrived,0.007244589259126077,9.599999999999998
RCBF,0.6,0.15,inward,4,8.0,0.12,violation,-0.4732300385693568,2.4
SRCBF,0.6,0.15,inward,4,8.0,0.12,arrived,0.0035705641338110716,10.199999999999998
RCBF,0.6,0.15,inward,5,8.0,0.12,violation,-0.469892039486334,2.4
SRCBF,0.6,0.15,inward,5,8.0,0.12,arrived,0.004065978415465743,9.599999999999998
RCBF,0.6,0.15,inward,6,8.0,0.12,violation,-0.46241268759545856,2.4
SRCBF,0.6,0.15,inward,6,8.0,0.12,arrived,0.0051303405467042484,9.599999999999998
RCBF,0.6,0.15,inward,7,8.0,0.12,violation,-0.4649945248380783,2.4
SRCBF,0.6,0.15,inward,7,8.0,0.12,arrived,0.004768248707189282,9.599999999999998
RCBF,0.6,0.15,inward,8,8.0,0.12,violation,-0.45557802880728376,2.4
SRCBF,0.6,0.15,inward,8,8.0,0.12,arrived,0.006070259172635373,9.599999999999998
RCBF,0.6,0.15,inward,9,8.0,0.12,violation,-0.47151590434328744,2.4
SRCBF,0.6,0.15,inward,9,8.0,0.12,arrived,0.003827127589062451,9.599999999999998
RCBF,0.6,0.15,inward,10,8.0,0.12,violation,-0.473523900060501,2.4
SRCBF,0.6,0.15,inward,10,8.0,0.12,arrived,0.0035260422436682592,10.199999999999998
RCBF,0.6,0.15,inward,11,8.0,0.12,violation,-0.44846218831984447,2.4
SRCBF,0.6,0.15,inward,11,8.0,0.12,arrived,0.0070281878427602695,9.599999999999998
RCBF,0.6,0.15,inward,12,8.0,0.12,violation,-0.4529245065590388,2.4
SRCBF,0.6,0.15,inward,12,8.0,0.12,arrived,0.006429543313605568,9.599999999999998
RCBF,0.6,0.15,inward,13,8.0,0.12,violation,-0.47138338116646966,2.4
SRCBF,0.6,0.15,inward,13,8.0,0.12,arrived,0.0038467611163000015,9.599999999999998
RCBF,0.6,0.15,inward,14,8.0,0.12,violation,-0.4705485050268789,2.4
SRCBF,0.6,0.15,inward,14,8.0,0.12,arrived,0.00396985787863291,9.599999999999998
RCBF,0.6,0.15,inward,15,8.0,0.12,violation,-0.4669074189763542,2.4
SRCBF,0.6,0.15,inward,15,8.0,0.12,arrived,0.00449669177050549,9.599999999999998
RCBF,0.6,0.15,inward,16,8.0,0.12,violation,-0.46328187076147,2.4
SRCBF,0.6,0.15,inward,16,8.0,0.12,arrived,0.00500895433395232,9.599999999999998
RCBF,0.6,0.15,inward,17,8.0,0.12,violation,-0.4708991168873212,2.4
SRCBF,0.6,0.15,inward,17,8.0,0.12,arrived,0.0039182837185616215,9.599999999999998
RCBF,0.6,0.15,inward,18,8.0,0.12,violation,-0.4580068982520432,2.4
SRCBF,0.6,0.15,inward,18,8.0,0.12,arrived,0.005738869466214158,9.599999999999998
RCBF,0.6,0.15,inward,19,8.0,0.12,violation,-0.4586974367120876,2.4
SRCBF,0.6,0.15,inward,19,8.0,0.12,arrived,0.005644164365604443,9.599999999999998
RCBF,0.6,0.45,bias,0,8.0,0.12,violation,-0.1317258196030009,2.4
SRCBF,0.6,0.45,bias,0,8.0,0.12,arrived,0.06597001340101061,8.999999999999998
RCBF,0.6,0.45,bias,1,8.0,0.12,violation,-0.18588913957760256,2.4
SRCBF,0.6,0.45,bias,1,8.0,0.12,arrived,0.07919966539185352,6.599999999999999
RCBF,0.6,0.45,bias,2,8.0,0.12,violation,-0.06980645870638269,2.4
SRCBF,0.6,0.45,bias,2,8.0,0.12,arrived,0.07785928526769859,8.999999999999998
RCBF,0.6,0.45,bias,3,8.0,0.12,violation,-0.16950364783223704,2.4
SRCBF,0.6,0.45,bias,3,8.0,0.12,arrived,0.05317865620691353,8.399999999999999
RCBF,0.6,0.45,bias,4,8.0,0.12,violation,-0.23743914483687745,3.0
SRCBF,0.6,0.45,bias,4,8.0,0.12,arrived,0.16298616001226596,8.999999999999998
RCBF,0.6,0.45,bias,5,8.0,0.12,arrived,0.011295227565551902,7.199999999999998
SRCBF,0.6,0.45,bias,5,8.0,0.12,arrived,0.14236613085060645,7.199999999999998
RCBF,0.6,0.45,bias,6,8.0,0.12,violation,-0.00030126159102472627,2.4
SRCBF,0.6,0.45,bias,6,8.0,0.12,arrived,0.09677329811570623,9.599999999999998
RCBF,0.6,0.45,bias,7,8.0,0.12,violation,-0.11269252551905284,2.4
SRCBF,0.6,0.45,bias,7,8.0,0.12,arrived,0.10610771228121518,6.599999999999999
RCBF,0.6,0.45,bias,8,8.0,0.12,violation,-0.22276362312006226,2.4
SRCBF,0.6,0.45,bias,8,8.0,0.12,arrived,0.06233623050137693,6.599999999999999
RCBF,0.6,0.45,bias,9,8.0,0.12,violation,-0.10750577032273001,2.4
SRCBF,0.6,0.45,bias,9,8.0,0.12,arrived,0.0724143847534715,8.999999999999998
RCBF,0.6,0.45,bias,10,8.0,0.12,violation,-0.24426277158467435,2.4
SRCBF,0.6,0.45,bias,10,8.0,0.12,arrived,0.04224986902339056,8.399999999999999
RCBF,0.6,0.45,bias,11,8.0,0.12,violation,-0.20044882152692378,3.0
SRCBF,0.6,0.45,bias,11,8.0,0.12,arrived,0.161029168796606,8.999999999999998
RCBF,0.6,0.45,bias,12,8.0,0.12,violation,-0.15918031622607454,2.4
SRCBF,0.6,0.45,bias,12,8.0,0.12,arrived,0.08567190743757613,6.599999999999999
RCBF,0.6,0.45,bias,13,8.0,0.12,violation,-0.06541609615597843,2.4
SRCBF,0.6,0.45,bias,13,8.0,0.12,arrived,0.1225332441347805,6.599999999999999
RCBF,0.6,0.45,bias,14,8.0,0.12,violation,-0.011630446901174984,3.6
SRCBF,0.6,0.45,bias,14,8.0,0.12,arrived,0.1047173607919869,9.599999999999998
RCBF,0.6,0.45,bias,15,8.0,0.12,arrived,0.008302837686542275,7.199999999999998
SRCBF,0.6,0.45,bias,15,8.0,0.12,arrived,0.14116197568365096,7.199999999999998
RCBF,0.6,0.45,bias,16,8.0,0.12,violation,-0.32475099569047816,3.0
SRCBF,0.6,0.45,bias,16,8.0,0.12,arrived,0.1347148020357538,9.599999999999998
RCBF,0.6,0.45,bias,17,8.0,0.12,violation,-0.30135194618503136,2.4
SRCBF,0.6,0.45,bias,17,8.0,0.12,arrived,0.028259008066240154,7.799999999999998
RCBF,0.6,0.45,bias,18,8.0,0.12,violation,-0.07407361297107806,3.0
SRCBF,0.6,0.45,bias,18,8.0,0.12,arrived,0.16890182837490286,7.799999999999998
RCBF,0.6,0.45,bias,19,8.0,0.12,violation,-0.1411111947881034,2.4
SRCBF,0.6,0.45,bias,19,8.0,0.12,arrived,0.09430364558708326,6.599999999999999
RCBF,0.6,0.45,inward,0,8.0,0.12,violation,-0.3029375973327014,2.4
SRCBF,0.6,0.45,inward,0,8.0,0.12,arrived,0.03113176032002829,8.399999999999999
RCBF,0.6,0.45,inward,1,8.0,0.12,violation,-0.2949664623327688,2.4
SRCBF,0.6,0.45,inward,1,8.0,0.12,arrived,0.032204989592824584,8.399999999999999
RCBF,0.6,0.45,inward,2,8.0,0.12,violation,-0.2787114220220278,2.4
SRCBF,0.6,0.45,inward,2,8.0,0.12,arrived,0.034345633122139674,8.399999999999999
RCBF,0.6,0.45,inward,3,8.0,0.12,violation,-0.26703940944466553,2.4
SRCBF,0.6,0.45,inward,3,8.0,0.12,arrived,0.03584327749952543,8.399999999999999
RCBF,0.6,0.45,inward,4,8.0,0.12,violation,-0.32195840505979867,2.4
SRCBF,0.6,0.45,inward,4,8.0,0.12,arrived,0.028507791513812664,8.399999999999999
RCBF,0.6,0.45,inward,5,8.0,0.12,violation,-0.3134659823268845,2.4
SRCBF,0.6,0.45,inward,5,8.0,0.12,arrived,0.02969036706588668,8.399999999999999
RCBF,0.6,0.45,inward,6,8.0,0.12,violation,-0.2966534613212727,2.4
SRCBF,0.6,0.45,inward,6,8.0,0.12,arrived,0.031979147076702574,8.399999999999999
RCBF,0.6,0.45,inward,7,8.0,0.12,violation,-0.3021864485026874,2.4
SRCBF,0.6,0.45,inward,7,8.0,0.12,arrived,0.031233557304211956,8.399999999999999
RCBF,0.6,0.45,inward,8,8.0,0.12,violation,-0.2829972080035764,2.4
SRCBF,0.6,0.45,inward,8,8.0,0.12,arrived,0.033787456732456755,8.399999999999999
RCBF,0.6,0.45,inward,9,8.0,0.12,violation,-0.31749772407250815,2.4
SRCBF,0.6,0.45,inward,9,8.0,0.12,arrived,0.02913117102331164,8.399999999999999
RCBF,0.6,0.45,inward,10,8.0,0.12,violation,-0.3227472569592069,2.4
SRCBF,0.6,0.45,inward,10,8.0,0.12,arrived,0.028397035259370984,8.399999999999999
RCBF,0.6,0.45,inward,11,8.0,0.12,violation,-0.26990412148684817,2.4
SRCBF,0.6,0.45,inward,11,8.0,0.12,arrived,0.03547874743240831,8.399999999999999
RCBF,0.6,0.45,inward,12,8.0,0.12,violation,-0.2780014261466809,2.4
SRCBF,0.6,0.45,inward,12,8.0,0.12,arrived,0.03443767301000722,8.399999999999999
RCBF,0.6,0.45,inward,13,8.0,0.12,violation,-0.31716208483470054,2.4
SRCBF,0.6,0.45,inward,13,8.0,0.12,arrived,0.029177877003267016,8.399999999999999
RCBF,0.6,0.45,inward,14,8.0,0.12,violation,-0.3150752186312511,2.4
SRCBF,0.6,0.45,inward,14,8.0,0.12,arrived,0.029467650227704145,8.399999999999999
RCBF,0.6,0.45,inward,15,8.0,0.12,violation,-0.30645522059988584,2.4
SRCBF,0.6,0.45,inward,15,8.0,0.12,arrived,0.03065320679694805,8.399999999999999
RCBF,0.6,0.45,inward,16,8.0,0.12,violation,-0.2984893249852607,2.4
SRCBF,0.6,0.45,inward,16,8.0,0.12,arrived,0.031732586856833,8.399999999999999
RCBF,0.6,0.45,inward,17,8.0,0.12,violation,-0.31594593107979296,2.4
SRCBF,0.6,0.45,inward,17,8.0,0.12,arrived,0.029346877767494783,8.399999999999999
RCBF,0.6,0.45,inward,18,8.0,0.12,violation,-0.28770793948327966,2.4
SRCBF,0.6,0.45,inward,18,8.0,0.12,arrived,0.03316879998629596,8.399999999999999
RCBF,0.6,0.45,inward,19,8.0,0.12,violation,-0.28907384227019706,2.4
SRCBF,0.6,0.45,inward,19,8.0,0.12,arrived,0.03298840963718486,8.399999999999999
RCBF,0.8,0.15,bias,0,8.0,0.12,violation,-0.155130558965359,2.4000000000000004
SRCBF,0.8,0.15,bias,0,8.0,0.12,arrived,0.11558225963868829,10.4
RCBF,0.8,0.15,bias,1,8.0,0.12,violation,-0.40555213664321127,2.4000000000000004
SRCBF,0.8,0.15,bias,1,8.0,0.12,arrived,0.02794218706994811,7.199999999999999
RCBF,0.8,0.15,bias,2,8.0,0.12,violation,-0.11074193150578238,2.4000000000000004
SRCBF,0.8,0.15,bias,2,8.0,0.12,arrived,0.127381458267131,11.200000000000001
RCBF,0.8,0.15,bias,3,8.0,0.12,violation,-0.22123690289688946,2.4000000000000004
SRCBF,0.8,0.15,bias,3,8.0,0.12,arrived,0.0894955052313704,10.4
RCBF,0.8,0.15,bias,4,8.0,0.12,violation,-0.31433354747724945,3.2
SRCBF,0.8,0.15,bias,4,8.0,0.12,arrived,0.19482363219054,11.200000000000001
RCBF,0.8,0.15,bias,5,8.0,0.12,violation,-0.1939731760961385,2.4000000000000004
SRCBF,0.8,0.15,bias,5,8.0,0.12,arrived,0.11277442359812695,7.999999999999999
RCBF,0.8,0.15,bias,6,8.0,0.12,violation,-0.03815037714207148,2.4000000000000004
SRCBF,0.8,0.15,bias,6,8.0,0.12,arrived,0.15192616108849966,12.000000000000002
RCBF,0.8,0.15,bias,7,8.0,0.12,violation,-0.3343892760453153,2.4000000000000004
SRCBF,0.8,0.15,bias,7,8.0,0.12,arrived,0.05765526764071416,7.199999999999999
RCBF,0.8,0.15,bias,8,8.0,0.12,violation,-0.43618681387988134,2.4000000000000004
SRCBF,0.8,0.15,bias,8,8.0,0.12,arrived,0.014429840189166598,7.999999999999999
RCBF,0.8,0.15,bias,9,8.0,0.12,violation,-0.12186032603717678,2.4000000000000004
SRCBF,0.8,0.15,bias,9,8.0,0.12,arrived,0.1277090909455063,10.4
RCBF,0.8,0.15,bias,10,8.0,0.12,violation,-0.2593513130241474,2.4000000000000004
SRCBF,0.8,0.15,bias,10,8.0,0.12,arrived,0.0821414053752455,9.6
RCBF,0.8,0.15,bias,11,8.0,0.12,violation,-0.36690919385349885,3.2
SRCBF,0.8,0.15,bias,11,8.0,0.12,arrived,0.1947487321130974,10.4
RCBF,0.8,0.15,bias,12,8.0,0.12,violation,-0.38605342185988484,2.4000000000000004
SRCBF,0.8,0.15,bias,12,8.0,0.12,arrived,0.0342326805992178,7.199999999999999
RCBF,0.8,0.15,bias,13,8.0,0.12,violation,-0.27848775035118734,2.4000000000000004
SRCBF,0.8,0.15,bias,13,8.0,0.12,arrived,0.08082209213008873,7.999999999999999
RCBF,0.8,0.15,bias,14,8.0,0.12,violation,-0.011365193688535502,2.4000000000000004
SRCBF,0.8,0.15,bias,14,8.0,0.12,arrived,0.16159095404810708,12.000000000000002
RCBF,0.8,0.15,bias,15,8.0,0.12,violation,-0.20111025303304986,2.4000000000000004
SRCBF,0.8,0.15,bias,15,8.0,0.12,arrived,0.11006930444468,7.999999999999999
RCBF,0.8,0.15,bias,16,8.0,0.12,violation,-0.15529715266756627,3.2
SRCBF,0.8,0.15,bias,16,8.0,0.12,arrived,0.17359642078630522,14.400000000000004
RCBF,0.8,0.15,bias,17,8.0,0.12,violation,-0.3434953607854564,2.4000000000000004
SRCBF,0.8,0.15,bias,17,8.0,0.12,arrived,0.051535830956136564,9.6
RCBF,0.8,0.15,bias,18,8.0,0.12,violation,-0.030797008791406677,2.4000000000000004
SRCBF,0.8,0.15,bias,18,8.0,0.12,arrived,0.1663942015064931,8.799999999999999
RCBF,0.8,0.15,bias,19,8.0,0.12,violation,-0.3665598944158331,2.4000000000000004
SRCBF,0.8,0.15,bias,19,8.0,0.12,arrived,0.0433882064644735,7.199999999999999
RCBF,0.8,0.15,inward,0,8.0,0.12,violation,-0.4650848475204813,2.4000000000000004
SRCBF,0.8,0.15,inward,0,8.0,0.12,arrived,0.004959162449144183,9.6
RCBF,0.8,0.15,inward,1,8.0,0.12,violation,-0.46131922525177294,2.4000000000000004
SRCBF,0.8,0.15,inward,1,8.0,0.12,arrived,0.005599472781537385,9.6
RCBF,0.8,0.15,inward,2,8.0,0.12,violation,-0.45295447210689965,2.4000000000000004
SRCBF,0.8,0.15,inward,2,8.0,0.12,arrived,0.006996935560238393,9.6
RCBF,0.8,0.15,inward,3,8.0,0.12,violation,-0.44643687139806576,2.4000000000000004
SRCBF,0.8,0.15,inward,3,8.0,0.12,arrived,0.008069499828131543,8.799999999999999
RCBF,0.8,0.15,inward,4,8.0,0.12,violation,-0.4730532943872406,2.4000000000000004
SRCBF,0.8,0.15,inward,4,8.0,0.12,arrived,0.003564899074784744,9.6
RCBF,0.8,0.15,inward,5,8.0,0.12,violation,-0.4696826974018586,2.4000000000000004
SRCBF,0.8,0.15,inward,5,8.0,0.12,arrived,0.004163027076365955,9.6
RCBF,0.8,0.15,inward,6,8.0,0.12,violation,-0.46213562282017623,2.4000000000000004
SRCBF,0.8,0.15,inward,6,8.0,0.12,arrived,0.005461373599405683,9.6
RCBF,0.8,0.15,inward,7,8.0,0.12,violation,-0.4647401127543056,2.4000000000000004
SRCBF,0.8,0.15,inward,7,8.0,0.12,arrived,0.005018159927022037,9.6
RCBF,0.8,0.15,inward,8,8.0,0.12,violation,-0.4552441194802463,2.4000000000000004
SRCBF,0.8,0.15,inward,8,8.0,0.12,arrived,0.0066171440609675836,9.6
RCBF,0.8,0.15,inward,9,8.0,0.12,violation,-0.471322205091327,2.4000000000000004
SRCBF,0.8,0.15,inward,9,8.0,0.12,arrived,0.0038739821173453537,9.6
RCBF,0.8,0.15,inward,10,8.0,0.12,violation,-0.4733501123021255,2.4000000000000004
SRCBF,0.8,0.15,inward,10,8.0,0.12,arrived,0.0035114377210997416,9.6
RCBF,0.8,0.15,inward,11,8.0,0.12,violation,-0.4480732803746966,2.4000000000000004
SRCBF,0.8,0.15,inward,11,8.0,0.12,arrived,0.007801256914119814,8.799999999999999
RCBF,0.8,0.15,inward,12,8.0,0.12,violation,-0.4525696230315506,2.4000000000000004
SRCBF,0.8,0.15,inward,12,8.0,0.12,arrived,0.00706060238502737,9.6
RCBF,0.8,0.15,inward,13,8.0,0.12,violation,-0.4711883906502172,2.4000000000000004
SRCBF,0.8,0.15,inward,13,8.0,0.12,arrived,0.0038976982470790844,9.6
RCBF,0.8,0.15,inward,14,8.0,0.12,violation,-0.47034544045629095,2.4000000000000004
SRCBF,0.8,0.15,inward,14,8.0,0.12,arrived,0.00404657362171279,9.6
RCBF,0.8,0.15,inward,15,8.0,0.12,violation,-0.46667026231415226,2.4000000000000004
SRCBF,0.8,0.15,inward,15,8.0,0.12,arrived,0.00468670214299971,9.6
RCBF,0.8,0.15,inward,16,8.0,0.12,violation,-0.4630123539943164,2.4000000000000004
SRCBF,0.8,0.15,inward,16,8.0,0.12,arrived,0.005312647108560387,9.6
RCBF,0.8,0.15,inward,17,8.0,0.12,violation,-0.47069943047474255,2.4000000000000004
SRCBF,0.8,0.15,inward,17,8.0,0.12,arrived,0.003984161772700334,9.6
RCBF,0.8,0.15,inward,18,8.0,0.12,violation,-0.4576927051052891,2.4000000000000004
SRCBF,0.8,0.15,inward,18,8.0,0.12,arrived,0.006208883366745743,9.6
RCBF,0.8,0.15,inward,19,8.0,0.12,violation,-0.4583889434135036,2.4000000000000004
SRCBF,0.8,0.15,inward,19,8.0,0.12,arrived,0.006092354971633851,9.6
RCBF,0.8,0.45,bias,0,8.0,0.12,violation,-0.1334233171931838,2.4000000000000004
SRCBF,0.8,0.45,bias,0,8.0,0.12,arrived,0.09064937878886747,8.799999999999999
RCBF,0.8,0.45,bias,1,8.0,0.12,violation,-0.1844467617638358,2.4000000000000004
SRCBF,0.8,0.45,bias,1,8.0,0.12,arrived,0.09592421192287337,6.3999999999999995
RCBF,0.8,0.45,bias,2,8.0,0.12,violation,-0.0715549246641668,2.4000000000000004
SRCBF,0.8,0.45,bias,2,8.0,0.12,arrived,0.10680139198401872,8.799999999999999
RCBF,0.8,0.45,bias,3,8.0,0.12,violation,-0.17168927556710034,2.4000000000000004
SRCBF,0.8,0.45,bias,3,8.0,0.12,arrived,0.07143769801416977,7.999999999999999
RCBF,0.8,0.45,bias,4,8.0,0.12,violation,-0.326789792212794,3.2
SRCBF,0.8,0.45,bias,4,8.0,0.12,arrived,0.2067343362053664,8.799999999999999
RCBF,0.8,0.45,bias,5,8.0,0.12,arrived,0.015222044196378404,7.199999999999999
SRCBF,0.8,0.45,bias,5,8.0,0.12,arrived,0.18106403429167683,7.199999999999999
RCBF,0.8,0.45,bias,6,8.0,0.12,violation,-0.001705400892545561,2.4000000000000004
SRCBF,0.8,0.45,bias,6,8.0,0.12,arrived,0.13327073374351894,9.6
RCBF,0.8,0.45,bias,7,8.0,0.12,violation,-0.10991749298074804,2.4000000000000004
SRCBF,0.8,0.45,bias,7,8.0,0.12,arrived,0.1311576307730451,6.3999999999999995
RCBF,0.8,0.45,bias,8,8.0,0.12,violation,-0.22236778006628588,2.4000000000000004
SRCBF,0.8,0.45,bias,8,8.0,0.12,arrived,0.07471529176556524,6.3999999999999995
RCBF,0.8,0.45,bias,9,8.0,0.12,violation,-0.1089996800392391,2.4000000000000004
SRCBF,0.8,0.45,bias,9,8.0,0.12,arrived,0.10083198686440509,9.6
RCBF,0.8,0.45,bias,10,8.0,0.12,violation,-0.24609295444931567,2.4000000000000004
SRCBF,0.8,0.45,bias,10,8.0,0.12,arrived,0.0583591613673029,8.799999999999999
RCBF,0.8,0.45,bias,11,8.0,0.12,violation,-0.2883468597551503,3.2
SRCBF,0.8,0.45,bias,11,8.0,0.12,arrived,0.20734940077235176,8.799999999999999
RCBF,0.8,0.45,bias,12,8.0,0.12,violation,-0.15758984450635194,2.4000000000000004
SRCBF,0.8,0.45,bias,12,8.0,0.12,arrived,0.10440081636696197,6.3999999999999995
RCBF,0.8,0.45,bias,13,8.0,0.12,violation,-0.06193275083499583,2.4000000000000004
SRCBF,0.8,0.45,bias,13,8.0,0.12,arrived,0.15343821641169164,7.199999999999999
RCBF,0.8,0.45,bias,14,8.0,0.12,violation,-0.08669259786311168,4.0
SRCBF,0.8,0.45,bias,14,8.0,0.12,arrived,0.1439510978332652,9.6
RCBF,0.8,0.45,bias,15,8.0,0.12,arrived,0.012209181771766997,7.199999999999999
SRCBF,0.8,0.45,bias,15,8.0,0.12,arrived,0.179317091847636,7.199999999999999
RCBF,0.8,0.45,bias,16,8.0,0.12,violation,-0.42814495593604024,3.2
SRCBF,0.8,0.45,bias,16,8.0,0.12,arrived,0.17916553157419113,9.6
RCBF,0.8,0.45,bias,17,8.0,0.12,violation,-0.30349318937787045,2.4000000000000004
SRCBF,0.8,0.45,bias,17,8.0,0.12,arrived,0.037225834014331216,7.999999999999999
RCBF,0.8,0.45,bias,18,8.0,0.12,violation,-0.0708013028361072,3.2
SRCBF,0.8,0.45,bias,18,8.0,0.12,arrived,0.21931774200144627,7.999999999999999
RCBF,0.8,0.45,bias,19,8.0,0.12,violation,-0.1389843809579263,2.4000000000000004
SRCBF,0.8,0.45,bias,19,8.0,0.12,arrived,0.11556709865059989,6.3999999999999995
RCBF,0.8,0.45,inward,0,8.0,0.12,violation,-0.30160848041338206,2.4000000000000004
SRCBF,0.8,0.45,inward,0,8.0,0.12,arrived,0.03895023708253986,7.999999999999999
RCBF,0.8,0.45,inward,1,8.0,0.12,violation,-0.29362077292055055,2.4000000000000004
SRCBF,0.8,0.45,inward,1,8.0,0.12,arrived,0.04039334211934176,7.999999999999999
RCBF,0.8,0.45,inward,2,8.0,0.12,violation,-0.27733810082590804,2.4000000000000004
SRCBF,0.8,0.45,inward,2,8.0,0.12,arrived,0.04328882730733696,7.999999999999999
RCBF,0.8,0.45,inward,3,8.0,0.12,violation,-0.26565099456759944,2.4000000000000004
SRCBF,0.8,0.45,inward,3,8.0,0.12,arrived,0.04532840105449876,7.999999999999999
RCBF,0.8,0.45,inward,4,8.0,0.12,violation,-0.32067761087041113,2.4000000000000004
SRCBF,0.8,0.45,inward,4,8.0,0.12,arrived,0.03544540862309831,7.999999999999999
RCBF,0.8,0.45,inward,5,8.0,0.12,violation,-0.3121620253887946,2.4000000000000004
SRCBF,0.8,0.45,inward,5,8.0,0.12,arrived,0.03702089940596409,7.999999999999999
RCBF,0.8,0.45,inward,6,8.0,0.12,violation,-0.29531110730430066,2.4000000000000004
SRCBF,0.8,0.45,inward,6,8.0,0.12,arrived,0.04008919523415533,7.999999999999999
RCBF,0.8,0.45,inward,7,8.0,0.12,violation,-0.3008556809208722,2.4000000000000004
SRCBF,0.8,0.45,inward,7,8.0,0.12,arrived,0.03908687495223617,7.999999999999999
RCBF,0.8,0.45,inward,8,8.0,0.12,violation,-0.28163040109825244,2.4000000000000004
SRCBF,0.8,0.45,inward,8,8.0,0.12,arrived,0.0425316037107033,7.999999999999999
RCBF,0.8,0.45,inward,9,8.0,0.12,violation,-0.31620443444884616,2.4000000000000004
SRCBF,0.8,0.45,inward,9,8.0,0.12,arrived,0.03627508370793453,7.999999999999999
RCBF,0.8,0.45,inward,10,8.0,0.12,violation,-0.3214687498087075,2.4000000000000004
SRCBF,0.8,0.45,inward,10,8.0,0.12,arrived,0.0352981907966341,7.999999999999999
RCBF,0.8,0.45,inward,11,8.0,0.12,violation,-0.26851906177432716,2.4000000000000004
SRCBF,0.8,0.45,inward,11,8.0,0.12,arrived,0.044830901294596326,7.999999999999999
RCBF,0.8,0.45,inward,12,8.0,0.12,violation,-0.27662707729753944,2.4000000000000004
SRCBF,0.8,0.45,inward,12,8.0,0.12,arrived,0.04341384082620159,7.999999999999999
RCBF,0.8,0.45,inward,13,8.0,0.12,violation,-0.3158678846930833,2.4000000000000004
SRCBF,0.8,0.45,inward,13,8.0,0.12,arrived,0.03633731998985901,7.999999999999999
RCBF,0.8,0.45,inward,14,8.0,0.12,violation,-0.3137754491523949,2.4000000000000004
SRCBF,0.8,0.45,inward,14,8.0,0.12,arrived,0.03672367748171934,7.999999999999999
RCBF,0.8,0.45,inward,15,8.0,0.12,violation,-0.3051340859106491,2.4000000000000004
SRCBF,0.8,0.45,inward,15,8.0,0.12,arrived,0.038308569946518545,7.999999999999999
RCBF,0.8,0.45,inward,16,8.0,0.12,violation,-0.29715070465795257,2.4000000000000004
SRCBF,0.8,0.45,inward,16,8.0,0.12,arrived,0.03975743448154134,7.999999999999999
RCBF,0.8,0.45,inward,17,8.0,0.12,violation,-0.3146484661359426,2.4000000000000004
SRCBF,0.8,0.45,inward,17,8.0,0.12,arrived,0.036562601927525584,7.999999999999999
RCBF,0.8,0.45,inward,18,8.0,0.12,violation,-0.2863489204949149,2.4000000000000004
SRCBF,0.8,0.45,inward,18,8.0,0.12,arrived,0.04169417074256343,7.999999999999999
RCBF,0.8,0.45,inward,19,8.0,0.12,violation,-0.2877172069473769,2.4000000000000004
SRCBF,0.8,0.45,inward,19,8.0,0.12,arrived,0.041450350572549755,7.999999999999999
RCBF,1.0,0.15,bias,0,8.0,0.12,violation,-0.6511379513727773,3.0
SRCBF,1.0,0.15,bias,0,8.0,0.12,arrived,0.15396867505553835,10.0
RCBF,1.0,0.15,bias,1,8.0,0.12,violation,-0.14221335567270754,4.0
SRCBF,1.0,0.15,bias,1,8.0,0.12,arrived,0.0219624748698366,8.0
RCBF,1.0,0.15,bias,2,8.0,0.12,violation,-0.6513861776177433,3.0
SRCBF,1.0,0.15,bias,2,8.0,0.12,arrived,0.16431887399285872,11.0
RCBF,1.0,0.15,bias,3,8.0,0.12,violation,-0.7047642220574649,3.0
SRCBF,1.0,0.15,bias,3,8.0,0.12,arrived,0.11797226054910848,11.0
RCBF,1.0,0.15,bias,4,8.0,0.12,violation,-0.41659391167653836,3.0
SRCBF,1.0,0.15,bias,4,8.0,0.12,arrived,0.24423285894235547,11.0
RCBF,1.0,0.15,bias,5,8.0,0.12,violation,-0.4210977973859461,3.0
SRCBF,1.0,0.15,bias,5,8.0,0.12,arrived,0.1609802761674246,8.0
RCBF,1.0,0.15,bias,6,8.0,0.12,violation,-0.5805073687429185,3.0
SRCBF,1.0,0.15,bias,6,8.0,0.12,arrived,0.19300326854510585,12.0
RCBF,1.0,0.15,bias,7,8.0,0.12,violation,-0.17579437131467723,3.0
SRCBF,1.0,0.15,bias,7,8.0,0.12,arrived,0.05168540359183871,8.0
RCBF,1.0,0.15,bias,8,8.0,0.12,violation,-0.01690165364855012,2.0
SRCBF,1.0,0.15,bias,8,8.0,0.12,arrived,0.009798387142642473,8.0
RCBF,1.0,0.15,bias,9,8.0,0.12,violation,-0.6230071787771977,3.0
SRCBF,1.0,0.15,bias,9,8.0,0.12,arrived,0.16962191627652035,10.0
RCBF,1.0,0.15,bias,10,8.0,0.12,violation,-0.6471631893104084,3.0
SRCBF,1.0,0.15,bias,10,8.0,0.12,arrived,0.11714508075774654,10.0
RCBF,1.0,0.15,bias,11,8.0,0.12,violation,-0.39776427164459416,3.0
SRCBF,1.0,0.15,bias,11,8.0,0.12,arrived,0.24458830898763884,11.0
RCBF,1.0,0.15,bias,12,8.0,0.12,violation,-0.0044074843346952886,3.0
SRCBF,1.0,0.15,bias,12,8.0,0.12,arrived,0.02700626321166677,8.0
RCBF,1.0,0.15,bias,13,8.0,0.12,violation,-0.361266314110398,3.0
SRCBF,1.0,0.15,bias,13,8.0,0.12,arrived,0.09690629118990313,8.0
RCBF,1.0,0.15,bias,14,8.0,0.12,violation,-0.5486893429828794,3.0
SRCBF,1.0,0.15,bias,14,8.0,0.12,arrived,0.2047300480019909,12.0
RCBF,1.0,0.15,bias,15,8.0,0.12,violation,-0.4179304700066925,3.0
SRCBF,1.0,0.15,bias,15,8.0,0.12,arrived,0.1545214677704293,8.0
RCBF,1.0,0.15,bias,16,8.0,0.12,violation,-0.47230493154800063,3.0
SRCBF,1.0,0.15,bias,16,8.0,0.12,arrived,0.2191322206570825,15.0
RCBF,1.0,0.15,bias,17,8.0,0.12,violation,-0.4424844326183506,3.0
SRCBF,1.0,0.15,bias,17,8.0,0.12,arrived,0.07258340598941682,10.0
RCBF,1.0,0.15,bias,18,8.0,0.12,violation,-0.35855049624111607,3.0
SRCBF,1.0,0.15,bias,18,8.0,0.12,arrived,0.25291437137849426,8.0
RCBF,1.0,0.15,bias,19,8.0,0.12,violation,-0.0535575800492023,3.0
SRCBF,1.0,0.15,bias,19,8.0,0.12,arrived,0.03635600992008048,8.0
RCBF,1.0,0.15,inward,0,8.0,0.12,violation,-0.02966206580287456,2.0
SRCBF,1.0,0.15,inward,0,8.0,0.12,arrived,0.0033974806738593655,9.0
RCBF,1.0,0.15,inward,1,8.0,0.12,violation,-0.02762489333875484,2.0
SRCBF,1.0,0.15,inward,1,8.0,0.12,arrived,0.003850681015148516,9.0
RCBF,1.0,0.15,inward,2,8.0,0.12,violation,-0.022940467511345708,2.0
SRCBF,1.0,0.15,inward,2,8.0,0.12,arrived,0.004844862547049966,9.0
RCBF,1.0,0.15,inward,3,8.0,0.12,violation,-0.01916387338782677,2.0
SRCBF,1.0,0.15,inward,3,8.0,0.12,arrived,0.005612711457787856,9.0
RCBF,1.0,0.15,inward,4,8.0,0.12,violation,-0.033774754377777993,2.0
SRCBF,1.0,0.15,inward,4,8.0,0.12,arrived,0.002415712551629423,9.0
RCBF,1.0,0.15,inward,5,8.0,0.12,violation,-0.032073586516549124,2.0
SRCBF,1.0,0.15,inward,5,8.0,0.12,arrived,0.0028360220588437013,9.0
RCBF,1.0,0.15,inward,6,8.0,0.12,violation,-0.028070764101157497,2.0
SRCBF,1.0,0.15,inward,6,8.0,0.12,arrived,0.003752813784506759,9.0
RCBF,1.0,0.15,inward,7,8.0,0.12,violation,-0.02947770588601295,2.0
SRCBF,1.0,0.15,inward,7,8.0,0.12,arrived,0.0034391772215643934,9.0
RCBF,1.0,0.15,inward,8,8.0,0.12,violation,-0.02424226011279107,2.0
SRCBF,1.0,0.15,inward,8,8.0,0.12,arrived,0.00457397657594294,9.0
RCBF,1.0,0.15,inward,9,8.0,0.12,violation,-0.03290918034940782,2.0
SRCBF,1.0,0.15,inward,9,8.0,0.12,arrived,0.0026327427489323263,9.0
RCBF,1.0,0.15,inward,10,8.0,0.12,violation,-0.03392126042404331,2.0
SRCBF,1.0,0.15,inward,10,8.0,0.12,arrived,0.00237820998356153,9.0
RCBF,1.0,0.15,inward,11,8.0,0.12,violation,-0.020121452216923963,2.0
SRCBF,1.0,0.15,inward,11,8.0,0.12,arrived,0.00542027952530999,9.0
RCBF,1.0,0.15,inward,12,8.0,0.12,violation,-0.02272032644708688,2.0
SRCBF,1.0,0.15,inward,12,8.0,0.12,arrived,0.004890324063590135,9.0
RCBF,1.0,0.15,inward,13,8.0,0.12,violation,-0.032841528169983425,2.0
SRCBF,1.0,0.15,inward,13,8.0,0.12,arrived,0.0026494103009245817,9.0
RCBF,1.0,0.15,inward,14,8.0,0.12,violation,-0.032413084417906024,2.0
SRCBF,1.0,0.15,inward,14,8.0,0.12,arrived,0.0027540861349342194,9.0
RCBF,1.0,0.15,inward,15,8.0,0.12,violation,-0.030503897666827484,2.0
SRCBF,1.0,0.15,inward,15,8.0,0.12,arrived,0.0032050792182218846,9.0
RCBF,1.0,0.15,inward,16,8.0,0.12,violation,-0.028547067913685886,2.0
SRCBF,1.0,0.15,inward,16,8.0,0.12,arrived,0.003647491005858483,9.0
RCBF,1.0,0.15,inward,17,8.0,0.12,violation,-0.03259347668265744,2.0
SRCBF,1.0,0.15,inward,17,8.0,0.12,arrived,0.0027101938415940996,9.0
RCBF,1.0,0.15,inward,18,8.0,0.12,violation,-0.025618701988660675,2.0
SRCBF,1.0,0.15,inward,18,8.0,0.12,arrived,0.00428336551492392,9.0
RCBF,1.0,0.15,inward,19,8.0,0.12,violation,-0.02600696235348665,2.0
SRCBF,1.0,0.15,inward,19,8.0,0.12,arrived,0.004200527211769778,9.0
RCBF,1.0,0.45,bias,0,8.0,0.12,violation,-0.6346564962158237,3.0
SRCBF,1.0,0.45,bias,0,8.0,0.12,arrived,0.11557388622734299,9.0
RCBF,1.0,0.45,bias,1,8.0,0.12,violation,-0.27179042103361073,3.0
SRCBF,1.0,0.45,bias,1,8.0,0.12,arrived,0.11982852032178448,7.0
RCBF,1.0,0.45,bias,2,8.0,0.12,violation,-0.5729301231872862,3.0
SRCBF,1.0,0.45,bias,2,8.0,0.12,arrived,0.1354900545078399,9.0
RCBF,1.0,0.45,bias,3,8.0,0.12,violation,-0.5960978148091345,3.0
SRCBF,1.0,0.45,bias,3,8.0,0.12,arrived,0.09417270054916249,8.0
RCBF,1.0,0.45,bias,4,8.0,0.12,violation,-0.2366293603351426,3.0
SRCBF,1.0,0.45,bias,4,8.0,0.12,arrived,0.27080287712092255,9.0
RCBF,1.0,0.45,bias,5,8.0,0.12,violation,-0.12175282035956059,3.0
SRCBF,1.0,0.45,bias,5,8.0,0.12,arrived,0.2728621430208744,7.0
RCBF,1.0,0.45,bias,6,8.0,0.12,violation,-0.5095928158167518,3.0
SRCBF,1.0,0.45,bias,6,8.0,0.12,arrived,0.16882478860576733,9.0
RCBF,1.0,0.45,bias,7,8.0,0.12,violation,-0.2032424360680074,3.0
SRCBF,1.0,0.45,bias,7,8.0,0.12,arrived,0.17515004528797662,7.0
RCBF,1.0,0.45,bias,8,8.0,0.12,violation,-0.25533178296435166,3.0
SRCBF,1.0,0.45,bias,8,8.0,0.12,arrived,0.09503032919246923,7.0
RCBF,1.0,0.45,bias,9,8.0,0.12,violation,-0.6321098298672785,3.0
SRCBF,1.0,0.45,bias,9,8.0,0.12,arrived,0.1287692425107403,9.0
RCBF,1.0,0.45,bias,10,8.0,0.12,violation,-0.6531998927556277,3.0
SRCBF,1.0,0.45,bias,10,8.0,0.12,arrived,0.07520086520820013,9.0
RCBF,1.0,0.45,bias,11,8.0,0.12,violation,-0.20059312310708077,3.0
SRCBF,1.0,0.45,bias,11,8.0,0.12,arrived,0.2694205328620696,9.0
RCBF,1.0,0.45,bias,12,8.0,0.12,violation,-0.2433809235792861,3.0
SRCBF,1.0,0.45,bias,12,8.0,0.12,arrived,0.13713505608128052,7.0
RCBF,1.0,0.45,bias,13,8.0,0.12,violation,-0.17148219365274264,3.0
SRCBF,1.0,0.45,bias,13,8.0,0.12,arrived,0.21520739263230304,7.0
RCBF,1.0,0.45,bias,14,8.0,0.12,violation,-0.4898463126054913,3.0
SRCBF,1.0,0.45,bias,14,8.0,0.12,arrived,0.1821110185318484,9.0
RCBF,1.0,0.45,bias,15,8.0,0.12,violation,-0.11849916465252275,3.0
SRCBF,1.0,0.45,bias,15,8.0,0.12,arrived,0.26927913750963395,7.0
RCBF,1.0,0.45,bias,16,8.0,0.12,violation,-0.3396019787250538,3.0
SRCBF,1.0,0.45,bias,16,8.0,0.12,arrived,0.22767745729022937,9.0
RCBF,1.0,0.45,bias,17,8.0,0.12,violation,-0.5468352651112425,3.0
SRCBF,1.0,0.45,bias,17,8.0,0.12,arrived,0.057907710867829976,8.0
RCBF,1.0,0.45,bias,18,8.0,0.12,violation,-0.061154534635704305,3.0
SRCBF,1.0,0.45,bias,18,8.0,0.12,arrived,0.3463307553075121,7.0
RCBF,1.0,0.45,bias,19,8.0,0.12,violation,-0.2264053183394672,3.0
SRCBF,1.0,0.45,bias,19,8.0,0.12,arrived,0.15151904288389995,7.0
RCBF,1.0,0.45,inward,0,8.0,0.12,violation,-0.19925429280940132,3.0
SRCBF,1.0,0.45,inward,0,8.0,0.12,arrived,0.053664175710500084,7.0
RCBF,1.0,0.45,inward,1,8.0,0.12,violation,-0.2185707056890075,3.0
SRCBF,1.0,0.45,inward,1,8.0,0.12,arrived,0.05822881475948816,7.0
RCBF,1.0,0.45,inward,2,8.0,0.12,violation,-0.2549874543598374,3.0
SRCBF,1.0,0.45,inward,2,8.0,0.12,arrived,0.06750379850840593,7.0
RCBF,1.0,0.45,inward,3,8.0,0.12,violation,-0.27871254109120747,3.0
SRCBF,1.0,0.45,inward,3,8.0,0.12,arrived,0.07412472907644696,7.0
RCBF,1.0,0.45,inward,4,8.0,0.12,violation,-0.14960844532946094,3.0
SRCBF,1.0,0.45,inward,4,8.0,0.12,arrived,0.042750543799345064,7.0
RCBF,1.0,0.45,inward,5,8.0,0.12,violation,-0.1723408301980337,3.0
SRCBF,1.0,0.45,inward,5,8.0,0.12,arrived,0.04762533773058586,7.0
RCBF,1.0,0.45,inward,6,8.0,0.12,violation,-0.21456190604526626,3.0
SRCBF,1.0,0.45,inward,6,8.0,0.12,arrived,0.05726347304634494,7.0
RCBF,1.0,0.45,inward,7,8.0,0.12,violation,-0.20111475234771303,3.0
SRCBF,1.0,0.45,inward,7,8.0,0.12,arrived,0.054094652276842625,7.0
RCBF,1.0,0.45,inward,8,8.0,0.12,violation,-0.24577342432101457,3.0
SRCBF,1.0,0.45,inward,8,8.0,0.12,arrived,0.06506371976907277,7.0
RCBF,1.0,0.45,inward,9,8.0,0.12,violation,-0.16165043776395127,3.0
SRCBF,1.0,0.45,inward,9,8.0,0.12,arrived,0.04531120099604158,7.0
RCBF,1.0,0.45,inward,10,8.0,0.12,violation,-0.14745788189568843,3.0
SRCBF,1.0,0.45,inward,10,8.0,0.12,arrived,0.04229770699365465,7.0
RCBF,1.0,0.45,inward,11,8.0,0.12,violation,-0.2730713350695425,3.0
SRCBF,1.0,0.45,inward,11,8.0,0.12,arrived,0.07250334905727451,7.0
RCBF,1.0,0.45,inward,12,8.0,0.12,violation,-0.25648742165947946,3.0
SRCBF,1.0,0.45,inward,12,8.0,0.12,arrived,0.06790760073849944,7.0
RCBF,1.0,0.45,inward,13,8.0,0.12,violation,-0.1625477657413028,3.0
SRCBF,1.0,0.45,inward,13,8.0,0.12,arrived,0.04550386745949808,7.0
RCBF,1.0,0.45,inward,14,8.0,0.12,violation,-0.16809740497674497,3.0
SRCBF,1.0,0.45,inward,14,8.0,0.12,arrived,0.04670172917790294,7.0
RCBF,1.0,0.45,inward,15,8.0,0.12,violation,-0.1904332807919571,3.0
SRCBF,1.0,0.45,inward,15,8.0,0.12,arrived,0.05164750503742521,7.0
RCBF,1.0,0.45,inward,16,8.0,0.12,violation,-0.21015068139436333,3.0
SRCBF,1.0,0.45,inward,16,8.0,0.12,arrived,0.05621248461504402,7.0
RCBF,1.0,0.45,inward,17,8.0,0.12,violation,-0.16578818822711183,3.0
SRCBF,1.0,0.45,inward,17,8.0,0.12,arrived,0.04620195399928928,7.0
RCBF,1.0,0.45,inward,18,8.0,0.12,violation,-0.23532676862118462,3.0
SRCBF,1.0,0.45,inward,18,8.0,0.12,arrived,0.062376979811075706,7.0
RCBF,1.0,0.45,inward,19,8.0,0.12,violation,-0.23223478312012835,3.0
SRCBF,1.0,0.45,inward,19,8.0,0.12,arrived,0.061597103254610874,7.0
