method,dt,offset,regime,seed,status,min_clearance,time,path_length,intervention,min_residual,max_speed
CBF,0.05,0.15,bias,0,arrived,0.019766865523899058,10.000000000000007,6.442366325846464,1.5815753845404528,-1.1102230246251565e-16,1.0
RCBF,0.05,0.15,bias,0,arrived,0.05873953876225413,10.15000000000001,6.479669588602952,1.7172107399726944,-2.220446049250313e-16,1.0000000000000002
SCBF,0.05,0.15,bias,0,arrived,0.02211862517648855,10.000000000000007,6.440316255098861,1.584322320588261,-2.220446049250313e-16,1.0
SRCBF,0.05,0.15,bias,0,arrived,0.0639645489006393,10.20000000000001,6.482529761382891,1.7304645299423942,-2.220446049250313e-16,1.0
CAP,0.05,0.15,bias,0,arrived,0.05873953876225413,10.15000000000001,6.479669588602952,1.7172107399726944,-2.220446049250313e-16,1.0000000000000002
CBF,0.05,0.15,bias,1,violation,-0.0034002832926228743,2.499999999999999,2.3587563518584997,0.3948308321139956,-1.1102230246251565e-16,1.0000000000000002
RCBF,0.05,0.15,bias,1,arrived,0.0232683684585987,7.049999999999983,6.188445114463487,1.0709558552102907,-1.1102230246251565e-16,1.0000000000000002
SCBF,0.05,0.15,bias,1,violation,-0.0036700730848222562,2.549999999999999,2.3767950520457344,0.431644817801078,-1.1102230246251565e-16,1.0000000000000002
SRCBF,0.05,0.15,bias,1,arrived,0.026285487706703248,7.049999999999983,6.183395377238336,1.074221074859963,-1.1102230246251565e-16,1.0000000000000002
CAP,0.05,0.15,bias,1,arrived,0.0232683684585987,7.049999999999983,6.188445114463487,1.0709558552102907,-1.1102230246251565e-16,1.0000000000000002
CBF,0.05,0.15,bias,2,arrived,0.021803859165690054,10.650000000000016,6.478294723404524,1.916945993829542,-1.1102230246251565e-16,1.0000000000000002
RCBF,0.05,0.15,bias,2,arrived,0.06105228400329532,10.85000000000002,6.5176549006169004,2.069086137061594,-1.1102230246251565e-16,1.0000000000000002
SCBF,0.05,0.15,bias,2,arrived,0.024140028177825568,10.700000000000017,6.479031246815954,1.9214075359345535,-1.1102230246251565e-16,1.0000000000000002
SRCBF,0.05,0.15,bias,2,arrived,0.06631380286362165,10.90000000000002,6.520792856981745,2.084796968678374,-2.220446049250313e-16,1.0
CAP,0.05,0.15,bias,2,arrived,0.06105228400329532,10.85000000000002,6.5176549006169004,2.069086137061594,-1.1102230246251565e-16,1.0000000000000002
CBF,0.05,0.15,bias,3,arrived,0.006270302005002559,10.050000000000008,6.515784717310588,2.095313156362115,-1.1102230246251565e-16,1.0000000000000002
RCBF,0.05,0.15,bias,3,arrived,0.04548056410410595,10.25000000000001,6.55609157280537,2.257443994035139,-2.220446049250313e-16,1.0
SCBF,0.05,0.15,bias,3,arrived,0.007514235453414453,10.100000000000009,6.516798381057297,2.0954954612004557,-1.1102230246251565e-16,1.0
SRCBF,0.05,0.15,bias,3,arrived,0.04962208147299041,10.300000000000011,6.559433088078365,2.2704439811134263,-1.1102230246251565e-16,1.0000000000000002
CAP,0.05,0.15,bias,3,arrived,0.04548056410410595,10.25000000000001,6.55609157280537,2.257443994035139,-2.220446049250313e-16,1.0
CBF,0.05,0.15,bias,4,arrived,0.013309157513065939,10.90000000000002,6.230823874132307,1.354199754055109,-2.220446049250313e-16,1.0000000000000002
RCBF,0.05,0.15,bias,4,arrived,0.051909375749286224,11.100000000000023,6.264067764477046,1.4831698307562584,-1.1102230246251565e-16,1.0000000000000002
SCBF,0.05,0.15,bias,4,arrived,0.015068453034688956,10.95000000000002,6.229868952825085,1.3604640904979108,-2.220446049250313e-16,1.0000000000000002
SRCBF,0.05,0.15,bias,4,arrived,0.05664856364899362,11.100000000000023,6.2636489602115235,1.4994587966066257,-5.551115123125783e-17,1.0000000000000002
CAP,0.05,0.15,bias,4,arrived,0.051909375749286224,11.100000000000023,6.264067764477046,1.4831698307562584,-1.1102230246251565e-16,1.0000000000000002
CBF,0.05,0.15,bias,5,arrived,0.026164925266511263,7.7499999999999805,6.1769872552429215,0.5343787640163723,-3.3306690738754696e-16,1.0000000000000002
RCBF,0.05,0.15,bias,5,arrived,0.06377480004850189,7.84999999999998,6.20720106899811,0.6093955699383213,-2.220446049250313e-16,1.0
SCBF,0.05,0.15,bias,5,arrived,0.029449779088996486,7.79999999999998,6.180345921830239,0.5366239215567266,-3.3306690738754696e-16,1.0000000000000002
SRCBF,0.05,0.15,bias,5,arrived,0.06977700715135071,7.89999999999998,6.211732128332887,0.6167419126575384,-6.938893903907228e-17,1.0
CAP,0.05,0.15,bias,5,arrived,0.06377480004850189,7.84999999999998,6.20720106899811,0.6093955699383213,-2.220446049250313e-16,1.0
CBF,0.05,0.15,bias,6,arrived,0.030235892954389332,11.150000000000023,6.4510632731667705,1.9624516311144822,-1.1102230246251565e-16,1.0000000000000002
RCBF,0.05,0.15,bias,6,arrived,0.06964799789431708,11.350000000000026,6.489292048739706,2.116197079094372,-1.1102230246251565e-16,1.0000000000000002
SCBF,0.05,0.15,bias,6,arrived,0.03308917844381465,11.200000000000024,6.451635885206521,1.9681066396156326,-1.1102230246251565e-16,1.0
SRCBF,0.05,0.15,bias,6,arrived,0.07545054711948662,11.400000000000027,6.492405093670787,2.1340883273645566,-2.220446049250313e-16,1.0000000000000002
CAP,0.05,0.15,bias,6,arrived,0.06964799789431708,11.350000000000026,6.489292048739706,2.116197079094372,-1.1102230246251565e-16,1.0000000000000002
CBF,0.05,0.15,bias,7,arrived,0.0011431277164051235,7.099999999999983,6.165449254949269,0.7338671717202032,-1.1102230246251565e-16,1.0000000000000002
RCBF,0.05,0.15,bias,7,arrived,0.03884207865324241,7.199999999999982,6.197133253881746,0.8260461687269824,-1.1102230246251565e-16,1.0000000000000002
SCBF,0.05,0.15,bias,7,arrived,0.0027597434872281834,7.099999999999983,6.161449540047368,0.7328821415914611,-1.1102230246251565e-16,1.0000000000000002
SRCBF,0.05,0.15,bias,7,arrived,0.04313666998153831,7.199999999999982,6.193750955509312,0.8310142185074588,-5.551115123125783e-17,1.0000000000000002
CAP,0.05,0.15,bias,7,arrived,0.03884207865324241,7.199999999999982,6.197133253881746,0.8260461687269824,-1.1102230246251565e-16,1.0000000000000002
CBF,0.05,0.15,bias,8,violation,-0.0005754993913124062,2.3999999999999995,2.2916677557343004,0.3354612299723156,-5.551115123125783e-17,1.0
RCBF,0.05,0.15,bias,8,arrived,0.014689703703761214,7.099999999999983,6.1949610588521296,1.2615457469812839,-5.551115123125783e-17,1.0000000000000002
SCBF,0.05,0.15,bias,8,violation,-0.0019259471750986412,2.4499999999999993,2.305259809972931,0.3762425078476508,-1.1102230246251565e-16,1.0
SRCBF,0.05,0.15,bias,8,arrived,0.016905647796195744,7.099999999999983,6.189097529529431,1.2631494924609379,-5.551115123125783e-17,1.0
CAP,0.05,0.15,bias,8,arrived,0.014689703703761214,7.099999999999983,6.1949610588521296,1.2615457469812839,-5.551115123125783e-17,1.0000000000000002
CBF,0.05,0.15,bias,9,arrived,0.025072416514179574,10.050000000000008,6.413175236090862,1.4543889533812482,-5.551115123125783e-17,1.0000000000000002
RCBF,0.05,0.15,bias,9,arrived,0.0640348225961993,10.20000000000001,6.450218563819109,1.5831048386654187,-1.1102230246251565e-16,1.0000000000000002
SCBF,0.05,0.15,bias,9,arrived,0.02779751780757178,10.050000000000008,6.411463312158138,1.4588197939629024,-8.326672684688674e-17,1.0000000000000002
SRCBF,0.05,0.15,bias,9,arrived,0.06963069876437089,10.25000000000001,6.453150857030494,1.59745840358103,-1.1102230246251565e-16,1.0000000000000002
CAP,0.05,0.15,bias,9,arrived,0.0640348225961993,10.20000000000001,6.450218563819109,1.5831048386654187,-1.1102230246251565e-16,1.0000000000000002
CBF,0.05,0.15,bias,10,arrived,0.007513466698391702,9.099999999999994,6.426477207613696,1.507867895311802,-1.1102230246251565e-16,1.0000000000000002
RCBF,0.05,0.15,bias,10,arrived,0.046271279634537255,9.249999999999996,6.464123326980161,1.6420420873140829,-1.1102230246251565e-16,1.0000000000000002
SCBF,0.05,0.15,bias,10,arrived,0.00910005041256412,9.099999999999994,6.423492905011621,1.5083756025018142,-2.220446049250313e-16,1.0000000000000002
SRCBF,0.05,0.15,bias,10,arrived,0.050676055218827454,9.299999999999997,6.467254224649992,1.653180542738796,-1.1102230246251565e-16,1.0
CAP,0.05,0.15,bias,10,arrived,0.046271279634537255,9.249999999999996,6.464123326980161,1.6420420873140829,-1.1102230246251565e-16,1.0000000000000002
CBF,0.05,0.15,bias,11,arrived,0.010014429065689168,10.600000000000016,6.178682754664037,1.1144826286085094,-1.1102230246251565e-16,1.0000000000000002
RCBF,0.05,0.15,bias,11,arrived,0.0488231556199743,10.700000000000017,6.2077423078503555,1.2294630552612067,-6.938893903907228e-17,1.0000000000000002
SCBF,0.05,0.15,bias,11,arrived,0.01171526535514178,10.600000000000016,6.1759497791863245,1.1189074142651694,-1.1102230246251565e-16,1.0000000000000002
SRCBF,0.05,0.15,bias,11,arrived,0.05318592475762152,10.750000000000018,6.2084254989790635,1.242708863797478,-2.220446049250313e-16,1.0000000000000002
CAP,0.05,0.15,bias,11,arrived,0.0488231556199743,10.700000000000017,6.2077423078503555,1.2294630552612067,-6.938893903907228e-17,1.0000000000000002
CBF,0.05,0.15,bias,12,violation,-0.0006919242184917351,2.499999999999999,2.3829468535598233,0.3723629233397743,-2.220446049250313e-16,1.0
RCBF,0.05,0.15,bias,12,arrived,0.02663417964927861,6.999999999999983,6.175250675125151,0.9477264443821164,-1.1102230246251565e-16,1.0000000000000002
SCBF,0.05,0.15,bias,12,violation,-0.0007507401045704354,2.549999999999999,2.4032721293847166,0.40719879124567154,-2.220446049250313e-16,1.0
SRCBF,0.05,0.15,bias,12,arrived,0.029936141445017994,6.999999999999983,6.17072714740901,0.9517148750756712,-1.6653345369377348e-16,1.0
CAP,0.05,0.15,bias,12,arrived,0.02663417964927861,6.999999999999983,6.175250675125151,0.9477264443821164,-1.1102230246251565e-16,1.0000000000000002
CBF,0.05,0.15,bias,13,arrived,0.012248946854346965,7.349999999999982,6.178064765530768,0.6539105317003551,-1.1102230246251565e-16,1.0000000000000002
RCBF,0.05,0.15,bias,13,arrived,0.04987323331868576,7.4499999999999815,6.209426737077192,0.7387481812261005,-2.220446049250313e-16,1.0000000000000002
SCBF,0.05,0.15,bias,13,arrived,0.014608328387554437,7.399999999999982,6.182609561677565,0.6547300705938608,-1.1102230246251565e-16,1.0000000000000002
SRCBF,0.05,0.15,bias,13,arrived,0.05491258401258148,7.499999999999981,6.214886700872554,0.745693403200825,-1.1102230246251565e-16,1.0
CAP,0.05,0.15,bias,13,arrived,0.04987323331868576,7.4499999999999815,6.209426737077192,0.7387481812261005,-2.220446049250313e-16,1.0000000000000002
CBF,0.05,0.15,bias,14,arrived,0.03381880659650527,11.200000000000024,6.424442449445189,1.885204242546856,-2.220446049250313e-16,1.0000000000000002
RCBF,0.05,0.15,bias,14,arrived,0.07326256065158443,11.400000000000027,6.462233625776197,2.036107350930918,-5.551115123125783e-17,1.0000000000000002
SCBF,0.05,0.15,bias,14,arrived,0.03689495232055606,11.250000000000025,6.424991887515719,1.8924305204164766,-1.1102230246251565e-16,1.0000000000000002
SRCBF,0.05,0.15,bias,14,arrived,0.07929941426919263,11.450000000000028,6.465266052579793,2.0551626629080806,-1.1102230246251565e-16,1.0000000000000002
CAP,0.05,0.15,bias,14,arrived,0.07326256065158443,11.400000000000027,6.462233625776197,2.036107350930918,-5.551115123125783e-17,1.0000000000000002
CBF,0.05,0.15,bias,15,arrived,0.025031224074679725,7.649999999999981,6.169326116653725,0.5245945491487788,-2.220446049250313e-16,1.0
RCBF,0.05,0.15,bias,15,arrived,0.06261984443311253,7.7499999999999805,6.199531787783145,0.5989341227438718,-1.1102230246251565e-16,1.0000000000000002
SCBF,0.05,0.15,bias,15,arrived,0.028260023872230033,7.699999999999981,6.173084143171671,0.5270145053229242,-1.1102230246251565e-16,1.0000000000000002
SRCBF,0.05,0.15,bias,15,arrived,0.06855735829457965,7.79999999999998,6.20433967373205,0.6064526389637861,-1.1102230246251565e-16,1.0000000000000002
CAP,0.05,0.15,bias,15,arrived,0.06261984443311253,7.7499999999999805,6.199531787783145,0.5989341227438718,-1.1102230246251565e-16,1.0000000000000002
CBF,0.05,0.15,bias,16,violation,-0.0007966917611235136,7.199999999999982,3.4338101221710002,2.9895138659588216,-2.220446049250313e-16,1.0000000000000002
RCBF,0.05,0.15,bias,16,arrived,0.03188647008121481,12.900000000000048,6.358030754860126,3.2431903706707264,-1.1102230246251565e-16,1.0000000000000002
SCBF,0.05,0.15,bias,16,violation,-0.000864639219902652,7.249999999999982,3.4503920019878858,3.0015302228886553,-2.220446049250313e-16,1.0000000000000002
SRCBF,0.05,0.15,bias,16,arrived,0.03498223601643635,12.950000000000049,6.358609630290681,3.2747571921462013,-2.220446049250313e-16,1.0000000000000002
CAP,0.05,0.15,bias,16,arrived,0.03188647008121481,12.900000000000048,6.358030754860126,3.2431903706707264,-1.1102230246251565e-16,1.0000000000000002
CBF,0.05,0.15,bias,17,violation,-0.00012381800508332041,2.6999999999999984,2.257972256075897,0.5404130222449234,-1.1102230246251565e-16,1.0000000000000002
RCBF,0.05,0.15,bias,17,arrived,0.03084839527702221,9.049999999999994,6.496492679694064,2.072594192370083,-3.3306690738754696e-16,1.0000000000000002
SCBF,0.05,0.15,bias,17,violation,-0.0017090037681422032,2.799999999999998,2.2754034563393994,0.6312698169512753,-2.220446049250313e-16,1.0000000000000002
SRCBF,0.05,0.15,bias,17,arrived,0.0340047493038631,9.049999999999994,6.494439641312442,2.0816309918642,-5.551115123125783e-17,1.0000000000000002
CAP,0.05,0.15,bias,17,arrived,0.03084839527702221,9.049999999999994,6.496492679694064,2.072594192370083,-3.3306690738754696e-16,1.0000000000000002
CBF,0.05,0.15,bias,18,arrived,0.0445918059993492,8.699999999999989,6.1384076220179296,0.4076891585835356,-3.3306690738754696e-16,1.0000000000000002
RCBF,0.05,0.15,bias,18,arrived,0.08289100919911996,8.79999999999999,6.166282928568633,0.4711525017354328,-1.1102230246251565e-16,1.0000000000000002
SCBF,0.05,0.15,bias,18,arrived,0.048840956829628634,8.699999999999989,6.138082283841406,0.4116307534870872,-2.220446049250313e-16,1.0000000000000002
SRCBF,0.05,0.15,bias,18,arrived,0.08997051125897138,8.79999999999999,6.167471158682404,0.4797641947365017,-1.1102230246251565e-16,1.0
CAP,0.05,0.15,bias,18,arrived,0.08289100919911996,8.79999999999999,6.166282928568633,0.4711525017354328,-1.1102230246251565e-16,1.0000000000000002
CBF,0.05,0.15,bias,19,violation,-0.0016667720266004826,2.5999999999999988,2.4450893795712667,0.42939231246316656,-1.1102230246251565e-16,1.0
RCBF,0.05,0.15,bias,19,arrived,0.031586688336986746,7.049999999999983,6.180538544447555,0.8942763901455839,-1.1102230246251565e-16,1.0
SCBF,0.05,0.15,bias,19,violation,-0.0010785449686966375,2.6499999999999986,2.468720540790448,0.46175401229126756,-2.220446049250313e-16,1.0
SRCBF,0.05,0.15,bias,19,arrived,0.03528872938669736,7.049999999999983,6.176598364079891,0.8993989149992534,-2.220446049250313e-16,1.0
CAP,0.05,0.15,bias,19,arrived,0.031586688336986746,7.049999999999983,6.180538544447555,0.8942763901455839,-1.1102230246251565e-16,1.0
CBF,0.2,0.15,bias,0,arrived,0.016447827998972486,9.999999999999996,6.480993144815323,1.6928879011362898,-5.551115123125783e-17,1.0
RCBF,0.2,0.15,bias,0,arrived,0.05560019970452901,10.199999999999996,6.520241512300704,1.8338657573534374,-1.1102230246251565e-16,1.0
SCBF,0.2,0.15,bias,0,arrived,0.026490410623806415,9.999999999999996,6.476674232359669,1.7161912233861043,-5.551115123125783e-17,1.0000000000000002
SRCBF,0.2,0.15,bias,0,arrived,0.07797391332687043,10.199999999999996,6.525088817470677,1.8932996046554225,-4.163336342344337e-17,1.0
CAP,0.2,0.15,bias,0,arrived,0.05560019970452901,10.199999999999996,6.520241512300704,1.8338657573534374,-1.1102230246251565e-16,1.0
CBF,0.2,0.15,bias,1,violation,-0.012145170397218297,2.4,2.3281133915060237,0.3137835096212679,-1.1102230246251565e-16,1.0
RCBF,0.2,0.15,bias,1,arrived,0.020053088435296185,7.200000000000004,6.2661074149132565,1.186568047404177,-4.85722573273506e-17,1.0
SCBF,0.2,0.15,bias,1,violation,-0.01053295757022743,2.6,2.3940115712610845,0.48246957087423215,-1.1102230246251565e-16,1.0
SRCBF,0.2,0.15,bias,1,arrived,0.034132255279250456,7.200000000000004,6.246875804205119,1.2013808208172423,-1.1102230246251565e-16,1.0
CAP,0.2,0.15,bias,1,arrived,0.020053088435296185,7.200000000000004,6.2661074149132565,1.186568047404177,-4.85722573273506e-17,1.0
CBF,0.2,0.15,bias,2,arrived,0.019019028848142105,10.599999999999994,6.512589545851534,2.041732957810818,-1.1102230246251565e-16,1.0000000000000002
RCBF,0.2,0.15,bias,2,arrived,0.05846314745768366,10.799999999999994,6.550734237170888,2.193048231349691,-5.551115123125783e-17,1.0
SCBF,0.2,0.15,bias,2,arrived,0.029057992013806655,10.799999999999994,6.5179591331660465,2.0669573994272596,-5.551115123125783e-17,1.0
SRCBF,0.2,0.15,bias,2,arrived,0.08094106948386193,10.999999999999993,6.567407351536112,2.2699143350364497,-2.220446049250313e-16,1.0
CAP,0.2,0.15,bias,2,arrived,0.05846314745768366,10.799999999999994,6.550734237170888,2.193048231349691,-5.551115123125783e-17,1.0
CBF,0.2,0.15,bias,3,arrived,0.0031591112042445024,9.999999999999996,6.550571050097741,2.241400415363209,-2.220446049250313e-16,1.0
RCBF,0.2,0.15,bias,3,arrived,0.042507225979142804,10.199999999999996,6.59154244587203,2.415526904502601,-5.551115123125783e-17,1.0
SCBF,0.2,0.15,bias,3,arrived,0.008345443102348082,10.199999999999996,6.558388071737747,2.244611317880702,-3.469446951953614e-17,1.0000000000000002
SRCBF,0.2,0.15,bias,3,arrived,0.06020324963622181,10.399999999999995,6.607255749238674,2.4614659775336993,-3.469446951953614e-17,1.0
CAP,0.2,0.15,bias,3,arrived,0.042507225979142804,10.199999999999996,6.59154244587203,2.415526904502601,-5.551115123125783e-17,1.0
CBF,0.2,0.15,bias,4,arrived,0.03076557575590544,10.799999999999994,6.259464263051998,1.4537931967521782,-2.220446049250313e-16,1.0000000000000002
RCBF,0.2,0.15,bias,4,arrived,0.06865111307514937,10.999999999999993,6.291934044441392,1.5841295435305185,-1.1102230246251565e-16,1.0000000000000002
SCBF,0.2,0.15,bias,4,arrived,0.043500447859507796,10.999999999999993,6.257555159804751,1.4879572056559778,-1.1102230246251565e-16,1.0000000000000002
SRCBF,0.2,0.15,bias,4,arrived,0.09176049922562479,11.199999999999992,6.2982439694094055,1.657748696070079,-5.551115123125783e-17,1.0000000000000002
CAP,0.2,0.15,bias,4,arrived,0.06865111307514937,10.999999999999993,6.291934044441392,1.5841295435305185,-1.1102230246251565e-16,1.0000000000000002
CBF,0.2,0.15,bias,5,arrived,0.02331209055190897,7.800000000000004,6.2231899039873815,0.596160775235847,0.0,1.0
RCBF,0.2,0.15,bias,5,arrived,0.0605087554030872,7.800000000000004,6.246002779421023,0.6804443680793356,-5.551115123125783e-17,1.0
SCBF,0.2,0.15,bias,5,arrived,0.040245042195960146,7.800000000000004,6.2135895221870685,0.5991854331142928,-4.163336342344337e-17,1.0
SRCBF,0.2,0.15,bias,5,arrived,0.08878922675350975,8.000000000000004,6.2603312211060524,0.7028262077839331,-5.551115123125783e-17,1.0000000000000002
CAP,0.2,0.15,bias,5,arrived,0.0605087554030872,7.800000000000004,6.246002779421023,0.6804443680793356,-5.551115123125783e-17,1.0
CBF,0.2,0.15,bias,6,arrived,0.02797722976342687,11.199999999999992,6.4875783767673285,2.096303486311656,-5.551115123125783e-17,1.0
RCBF,0.2,0.15,bias,6,arrived,0.06758570811419551,11.399999999999991,6.52413940774531,2.2417682738125286,-8.326672684688674e-17,1.0
SCBF,0.2,0.15,bias,6,arrived,0.04035717053935617,11.199999999999992,6.4842350167740594,2.112077944582391,-5.551115123125783e-17,1.0
SRCBF,0.2,0.15,bias,6,arrived,0.09244136222780441,11.399999999999991,6.532651266479354,2.324290682734977,-1.6653345369377348e-16,1.0
CAP,0.2,0.15,bias,6,arrived,0.06758570811419551,11.399999999999991,6.52413940774531,2.2417682738125286,-8.326672684688674e-17,1.0
CBF,0.2,0.15,bias,7,violation,-0.0018222075756382239,2.6,2.4559603937440833,0.41556395732509743,-6.938893903907228e-18,1.0
RCBF,0.2,0.15,bias,7,arrived,0.03555337178376061,7.200000000000004,6.241360105612873,0.9112663695401242,-5.551115123125783e-17,1.0
SCBF,0.2,0.15,bias,7,arrived,0.006578229791757595,7.200000000000004,6.211982672281635,0.8145984643323367,-2.7755575615628914e-17,1.0
SRCBF,0.2,0.15,bias,7,arrived,0.0550024468753989,7.200000000000004,6.229718444586552,0.9415144146312837,-5.898059818321144e-17,1.0
CAP,0.2,0.15,bias,7,arrived,0.03555337178376061,7.200000000000004,6.241360105612873,0.9112663695401242,-5.551115123125783e-17,1.0
CBF,0.2,0.15,bias,8,violation,-0.018902471821948374,2.4,2.3097451111636977,0.3397064678980991,0.0,1.0
RCBF,0.2,0.15,bias,8,arrived,0.012146142671486393,7.200000000000004,6.260787314050469,1.4002392303536286,-1.3877787807814457e-17,1.0000000000000002
SCBF,0.2,0.15,bias,8,violation,-0.003812438686383257,2.4,2.2856264411537652,0.3320760743476333,-1.3877787807814457e-17,1.0
SRCBF,0.2,0.15,bias,8,arrived,0.022658411790138278,7.200000000000004,6.2384328800059885,1.4059267735865106,-5.2909066017292616e-17,1.0
CAP,0.2,0.15,bias,8,arrived,0.012146142671486393,7.200000000000004,6.260787314050469,1.4002392303536286,-1.3877787807814457e-17,1.0000000000000002
CBF,0.2,0.15,bias,9,arrived,0.021857876583426417,9.999999999999996,6.449432030122446,1.5583091886791562,-9.71445146547012e-17,1.0
RCBF,0.2,0.15,bias,9,arrived,0.06104278165450172,10.199999999999996,6.487849436399529,1.6886836641778311,-1.1102230246251565e-16,1.0
SCBF,0.2,0.15,bias,9,arrived,0.03372755326046295,9.999999999999996,6.4448871246711965,1.584481071545212,-1.1102230246251565e-16,1.0
SRCBF,0.2,0.15,bias,9,arrived,0.08511015074135242,10.399999999999995,6.5021298390961775,1.7533725944676373,-2.220446049250313e-16,1.0
CAP,0.2,0.15,bias,9,arrived,0.06104278165450172,10.199999999999996,6.487849436399529,1.6886836641778311,-1.1102230246251565e-16,1.0
CBF,0.2,0.15,bias,10,arrived,0.003295439776060949,9.2,6.478534672394599,1.6397885515730473,-1.1102230246251565e-16,1.0
RCBF,0.2,0.15,bias,10,arrived,0.04230430550428976,9.2,6.50332351236484,1.7729124559710825,-3.469446951953614e-17,1.0
SCBF,0.2,0.15,bias,10,arrived,0.010537672893823014,9.2,6.466812803114592,1.6307760634211157,-1.1102230246251565e-16,1.0
SRCBF,0.2,0.15,bias,10,arrived,0.06147002719260186,9.399999999999999,6.516891302005443,1.8144376194072325,-2.7755575615628914e-17,1.0
CAP,0.2,0.15,bias,10,arrived,0.04230430550428976,9.2,6.50332351236484,1.7729124559710825,-3.469446951953614e-17,1.0
CBF,0.2,0.15,bias,11,arrived,0.029048248306007385,10.399999999999995,6.204758024119471,1.203074909768898,-5.551115123125783e-17,1.0
RCBF,0.2,0.15,bias,11,arrived,0.06662488111588794,10.599999999999994,6.235893448190579,1.3179489969971534,-4.163336342344337e-17,1.0
SCBF,0.2,0.15,bias,11,arrived,0.03794400574800194,10.599999999999994,6.200921453446802,1.2284947244159528,-5.551115123125783e-17,1.0
SRCBF,0.2,0.15,bias,11,arrived,0.0887189656199261,10.799999999999994,6.240737399538158,1.3825737530173854,-5.551115123125783e-17,1.0
CAP,0.2,0.15,bias,11,arrived,0.06662488111588794,10.599999999999994,6.235893448190579,1.3179489969971534,-4.163336342344337e-17,1.0
CBF,0.2,0.15,bias,12,violation,-0.009040701272585827,2.4,2.346607818524973,0.29573344259539136,-2.7755575615628914e-17,1.0
RCBF,0.2,0.15,bias,12,arrived,0.02357700909898086,7.0000000000000036,6.218544029946625,1.051849908218828,-1.3877787807814457e-17,1.0000000000000002
SCBF,0.2,0.15,bias,12,violation,-0.00600864496195086,2.6,2.4209465384076694,0.45735761952650145,-2.0816681711721685e-17,1.0
SRCBF,0.2,0.15,bias,12,arrived,0.039345921133721706,7.0000000000000036,6.200478309841595,1.069223321910364,-5.551115123125783e-17,1.0000000000000002
CAP,0.2,0.15,bias,12,arrived,0.02357700909898086,7.0000000000000036,6.218544029946625,1.051849908218828,-1.3877787807814457e-17,1.0000000000000002
CBF,0.2,0.15,bias,13,arrived,0.008512224406549085,7.400000000000004,6.23131135883514,0.7318221013362808,-2.0816681711721685e-17,1.0000000000000002
RCBF,0.2,0.15,bias,13,arrived,0.04642922762853685,7.400000000000004,6.246210993256988,0.8138385488053255,-1.1102230246251565e-16,1.0000000000000002
SCBF,0.2,0.15,bias,13,arrived,0.02162298779698557,7.400000000000004,6.215656638235154,0.7267434662109362,-6.938893903907228e-17,1.0000000000000002
SRCBF,0.2,0.15,bias,13,arrived,0.06961776624323734,7.600000000000004,6.268179867596414,0.8492589489304802,-5.551115123125783e-17,1.0000000000000002
CAP,0.2,0.15,bias,13,arrived,0.04642922762853685,7.400000000000004,6.246210993256988,0.8138385488053255,-1.1102230246251565e-16,1.0000000000000002
CBF,0.2,0.15,bias,14,arrived,0.03182411169716115,11.199999999999992,6.457886989670498,2.009541455503911,-1.1102230246251565e-16,1.0
RCBF,0.2,0.15,bias,14,arrived,0.07136063866245324,11.399999999999991,6.495497930631828,2.1628217237998597,-4.163336342344337e-17,1.0
SCBF,0.2,0.15,bias,14,arrived,0.045274681348302925,11.199999999999992,6.454874111462094,2.0336080308504982,-1.1102230246251565e-16,1.0
SRCBF,0.2,0.15,bias,14,arrived,0.09741281031450999,11.59999999999999,6.509283982110571,2.239428832769963,-4.163336342344337e-17,1.0
CAP,0.2,0.15,bias,14,arrived,0.07136063866245324,11.399999999999991,6.495497930631828,2.1628217237998597,-4.163336342344337e-17,1.0
CBF,0.2,0.15,bias,15,arrived,0.022168090611327518,7.600000000000004,6.205571414113578,0.5876394781634996,-2.7755575615628914e-17,1.0
RCBF,0.2,0.15,bias,15,arrived,0.059455229926055675,7.800000000000004,6.2487268258149,0.668233515865222,-4.163336342344337e-17,1.0
SCBF,0.2,0.15,bias,15,arrived,0.03908038372030376,7.600000000000004,6.194786220915014,0.5886029537585314,-5.551115123125783e-17,1.0
SRCBF,0.2,0.15,bias,15,arrived,0.08751076429766236,7.800000000000004,6.242675308275944,0.6918886809032144,-5.551115123125783e-17,1.0
CAP,0.2,0.15,bias,15,arrived,0.059455229926055675,7.800000000000004,6.2487268258149,0.668233515865222,-4.163336342344337e-17,1.0
CBF,0.2,0.15,bias,16,arrived,0.009505684081491883,12.799999999999986,6.355108151692492,3.2336484933265552,-4.163336342344337e-17,1.0
RCBF,0.2,0.15,bias,16,arrived,0.050096441736220076,12.999999999999986,6.38226678072389,3.493789458557674,-5.551115123125783e-17,1.0
SCBF,0.2,0.15,bias,16,arrived,0.018233485776287695,12.799999999999986,6.346347863184926,3.2917163438786794,-6.938893903907228e-17,1.0000000000000002
SRCBF,0.2,0.15,bias,16,arrived,0.0680732666314845,13.199999999999985,6.387135765567918,3.63526212346786,-4.163336342344337e-17,1.0
CAP,0.2,0.15,bias,16,arrived,0.050096441736220076,12.999999999999986,6.38226678072389,3.493789458557674,-5.551115123125783e-17,1.0
CBF,0.2,0.15,bias,17,violation,-0.008778567641278934,2.6,2.255993266099721,0.46205366195049274,-1.1102230246251565e-16,1.0000000000000002
RCBF,0.2,0.15,bias,17,arrived,0.02745123276892769,9.0,6.530481676738826,2.2291496578668095,-1.1102230246251565e-16,1.0000000000000002
SCBF,0.2,0.15,bias,17,violation,-0.005386095196555307,2.8000000000000003,2.27296915910805,0.626823335440895,-1.1102230246251565e-16,1.0000000000000002
SRCBF,0.2,0.15,bias,17,arrived,0.04081440572864847,9.2,6.5498763391932435,2.2799731476330933,-2.7755575615628914e-17,1.0000000000000002
CAP,0.2,0.15,bias,17,arrived,0.02745123276892769,9.0,6.530481676738826,2.2291496578668095,-1.1102230246251565e-16,1.0000000000000002
CBF,0.2,0.15,bias,18,arrived,0.04500912587844941,8.600000000000001,6.167725977863797,0.4553092654521399,-2.7755575615628914e-17,1.0000000000000002
RCBF,0.2,0.15,bias,18,arrived,0.08306508925532219,8.600000000000001,6.188941962324997,0.514915923466885,-1.1102230246251565e-16,1.0000000000000002
SCBF,0.2,0.15,bias,18,arrived,0.06723735505993478,8.600000000000001,6.163220875343943,0.4652860707249445,-5.551115123125783e-17,1.0000000000000002
SRCBF,0.2,0.15,bias,18,arrived,0.11614087303406861,8.8,6.206130913242828,0.5586506551075545,-5.551115123125783e-17,1.0000000000000002
CAP,0.2,0.15,bias,18,arrived,0.08306508925532219,8.600000000000001,6.188941962324997,0.514915923466885,-1.1102230246251565e-16,1.0000000000000002
CBF,0.2,0.15,bias,19,violation,-0.004438656755239245,2.4,2.3486673867810812,0.2799389640454499,-2.7755575615628914e-17,1.0000000000000002
RCBF,0.2,0.15,bias,19,arrived,0.028406366543368367,7.0000000000000036,6.21267989188783,0.990251064175917,-2.7755575615628914e-17,1.0000000000000002
SCBF,0.2,0.15,bias,19,violation,-0.0032108929980643186,2.8000000000000003,2.54650664076548,0.5848517023258397,-2.2659825404947043e-17,1.0000000000000002
SRCBF,0.2,0.15,bias,19,arrived,0.04571160791827378,7.200000000000004,6.241724638150653,1.0129611221015382,-2.220446049250313e-16,1.0000000000000002
CAP,0.2,0.15,bias,19,arrived,0.028406366543368367,7.0000000000000036,6.21267989188783,0.990251064175917,-2.7755575615628914e-17,1.0000000000000002
CBF,0.5,0.15,bias,0,violation,-0.10193713092931744,2.5,2.3233246902570057,0.04561406813235466,-2.220446049250313e-16,1.0
RCBF,0.5,0.15,bias,0,violation,-0.04217650618431701,2.5,2.2646289136023356,0.08905886309951948,-1.1102230246251565e-16,1.0
SCBF,0.5,0.15,bias,0,arrived,0.034906347537284166,10.0,6.566202481535779,2.0015126997449366,-1.1102230246251565e-16,1.0
SRCBF,0.5,0.15,bias,0,arrived,0.10782375296482094,10.5,6.654298802485961,2.3002122742126474,-5.551115123125783e-17,1.0
CAP,0.5,0.15,bias,0,arrived,0.07376762269595938,10.0,6.6111915926021885,2.168157280294504,-5.551115123125783e-17,1.0
CBF,0.5,0.15,bias,1,violation,-3.597081036199601e-05,2.0,2.2293331338516174,0.0,0.6395753680512346,1.0
RCBF,0.5,0.15,bias,1,violation,-3.597081036199601e-05,2.0,2.2293331338516174,0.0,0.5195753680512347,1.0
SCBF,0.5,0.15,bias,1,violation,-0.019713813155847526,2.5,2.3420084648589783,0.37948165436850667,-1.3877787807814457e-17,1.0
SRCBF,0.5,0.15,bias,1,arrived,0.04613882268844338,7.5,6.395713820362569,1.4811987971884437,-8.326672684688674e-17,1.0
CAP,0.5,0.15,bias,1,arrived,0.011719959835931437,7.5,6.458174290230778,1.5412045754856845,0.0,1.0
CBF,0.5,0.15,bias,2,violation,-0.11563590706940907,2.5,2.3313894453115678,0.016628880908780255,3.3306690738754696e-16,1.0
RCBF,0.5,0.15,bias,2,violation,-0.05575777561444384,2.5,2.2718665112010066,0.04571293378234254,1.1102230246251565e-16,1.0
SCBF,0.5,0.15,bias,2,arrived,0.0401443404854499,11.0,6.610983960908861,2.372141339668175,-2.7755575615628914e-17,1.0
SRCBF,0.5,0.15,bias,2,arrived,0.11439678210742987,11.0,6.6757266555612205,2.6996696116385204,-5.551115123125783e-17,1.0
CAP,0.5,0.15,bias,2,arrived,0.08025580601066784,11.0,6.664906891670393,2.5551122188882354,-1.3877787807814457e-17,1.0
CBF,0.5,0.15,bias,3,violation,-0.09313405336183722,2.5,2.3110639296185806,0.10503180882087383,-1.1102230246251565e-16,1.0
RCBF,0.5,0.15,bias,3,violation,-0.03324556870921602,2.5,2.2520596414629956,0.16723104603414043,-5.551115123125783e-17,1.0
SCBF,0.5,0.15,bias,3,arrived,0.009134770724149921,10.0,6.639173483872151,2.5835229285213317,-5.551115123125783e-17,1.0
SRCBF,0.5,0.15,bias,3,arrived,0.08351844409294262,10.5,6.72307324693696,2.9079280588075482,0.0,1.0
CAP,0.5,0.15,bias,3,arrived,0.056820187550154166,10.5,6.71204045913609,2.805941242720547,-2.7755575615628914e-17,1.0
CBF,0.5,0.15,bias,4,arrived,0.009101741716671885,10.5,6.366212475511895,1.715478447829146,0.0,1.0
RCBF,0.5,0.15,bias,4,arrived,0.009101741716671885,11.0,6.49810465517709,1.90508146505923,-1.3877787807814457e-17,1.0
SCBF,0.5,0.15,bias,4,arrived,0.08421738882702157,11.0,6.3202030679050125,1.7537229772664287,-1.1102230246251565e-16,1.0
SRCBF,0.5,0.15,bias,4,arrived,0.16003433285913193,11.5,6.384031289224779,2.0229174568619244,-1.1102230246251565e-16,1.0
CAP,0.5,0.15,bias,4,arrived,0.12111026146880166,11.0,6.385595131815611,1.9216241577331572,-1.1102230246251565e-16,1.0
CBF,0.5,0.15,bias,5,violation,-0.05746157792918383,2.5,2.4165860136768558,0.10728596396694434,-1.1102230246251565e-16,1.0
RCBF,0.5,0.15,bias,5,arrived,0.0004730399044480249,8.0,6.362317541073319,0.8048153854711095,0.0,1.0
SCBF,0.5,0.15,bias,5,arrived,0.05264184028573926,8.0,6.32582759982423,0.7846043201762879,-6.938893903907228e-17,1.0
SRCBF,0.5,0.15,bias,5,arrived,0.12030142465122773,8.0,6.370507657575021,0.9357123257504703,-1.1102230246251565e-16,1.0000000000000002
CAP,0.5,0.15,bias,5,arrived,0.08034213067605567,8.0,6.362378427016167,0.885061843126439,-5.551115123125783e-17,1.0
CBF,0.5,0.15,bias,6,violation,-0.13108058687087554,2.5,2.34194378951157,0.0,0.00032881715989019344,1.0
RCBF,0.5,0.15,bias,6,violation,-0.07133944801094194,2.5,2.2823501946698714,0.007160596001175501,1.1102230246251565e-16,1.0
SCBF,0.5,0.15,bias,6,arrived,0.05653890353990454,11.5,6.576116478312143,2.423178670412466,-2.7755575615628914e-17,1.0
SRCBF,0.5,0.15,bias,6,arrived,0.13192368537658927,11.5,6.637385799451645,2.747322138134035,-8.326672684688674e-17,1.0
CAP,0.5,0.15,bias,6,arrived,0.09515194823449413,11.5,6.631554029898889,2.605505024135828,-2.7755575615628914e-17,1.0000000000000002
CBF,0.5,0.15,bias,7,violation,-0.035624328109123415,2.5,2.4125042001738732,0.3306080557665229,0.0,1.0
RCBF,0.5,0.15,bias,7,arrived,0.022662263977246244,7.5,6.3879084088960525,1.1249564821019775,-4.163336342344337e-17,1.0
SCBF,0.5,0.15,bias,7,arrived,0.003217326075046101,7.5,6.34963213858179,1.011798078123181,-2.7755575615628914e-17,1.0
SRCBF,0.5,0.15,bias,7,arrived,0.07354934352702469,7.5,6.37672204529811,1.185850316286532,-7.28583859910259e-17,1.0
CAP,0.5,0.15,bias,7,arrived,0.04246249696155513,7.5,6.420780516661562,1.2196924061783225,-2.7755575615628914e-17,1.0
CBF,0.5,0.15,bias,8,violation,-0.017125126153527903,2.0,2.2392063054034934,0.0,0.6084258711106959,1.0
RCBF,0.5,0.15,bias,8,violation,-0.017125126153527903,2.0,2.2392063054034934,0.0,0.4884258711106958,1.0
SCBF,0.5,0.15,bias,8,violation,-0.03253008426500814,2.5,2.323685424842534,0.3980528508269017,-1.3877787807814457e-17,1.0
SRCBF,0.5,0.15,bias,8,arrived,0.03206816210968233,7.5,6.377559517894774,1.722248789073509,-1.1102230246251565e-16,1.0
CAP,0.5,0.15,bias,8,arrived,0.005088721589615153,7.5,6.453658390669969,1.777737804190852,-1.3877787807814457e-17,1.0
CBF,0.5,0.15,bias,9,violation,-0.10768605916101448,2.5,2.329982753728097,0.024338189562987042,1.1102230246251565e-16,1.0
RCBF,0.5,0.15,bias,9,violation,-0.04796718328985805,2.5,2.271209993180207,0.058013458389082576,0.0,1.0
SCBF,0.5,0.15,bias,9,arrived,0.04568566324341239,10.0,6.532641364673024,1.8522424657293803,-6.938893903907228e-17,1.0
SRCBF,0.5,0.15,bias,9,arrived,0.1186063099787994,10.5,6.617066194747209,2.134803390618483,-5.551115123125783e-17,1.0
CAP,0.5,0.15,bias,9,arrived,0.0813966074438528,10.5,6.60250442219083,2.007000545095882,-8.326672684688674e-17,1.0
CBF,0.5,0.15,bias,10,violation,-0.07688973426552226,2.5,2.3070745499029526,0.16279202073827237,5.551115123125783e-17,1.0
RCBF,0.5,0.15,bias,10,violation,-0.017221642967800488,2.5,2.2515862971800105,0.2384639872447358,5.551115123125783e-17,1.0
SCBF,0.5,0.15,bias,10,arrived,0.010156666292076011,9.5,6.583308816393178,1.9394243807451486,-2.7755575615628914e-17,1.0
SRCBF,0.5,0.15,bias,10,arrived,0.08380166122252752,9.5,6.6367580104990775,2.189772568406617,-2.7755575615628914e-17,1.0
CAP,0.5,0.15,bias,10,arrived,0.05387945626462787,9.5,6.626100254024742,2.125869725960231,-5.551115123125783e-17,1.0
CBF,0.5,0.15,bias,11,arrived,0.021029334499754082,10.5,6.303369350621638,1.4308855559644986,-1.3877787807814457e-17,1.0
RCBF,0.5,0.15,bias,11,arrived,0.021029334499754082,10.5,6.402709031203032,1.5994739522155963,0.0,1.0
SCBF,0.5,0.15,bias,11,arrived,0.08398723397050656,10.5,6.258202968021803,1.4619382483346428,-2.7755575615628914e-17,1.0
SRCBF,0.5,0.15,bias,11,arrived,0.1593798998800917,11.0,6.321399485257013,1.705364453908873,-2.7755575615628914e-17,1.0
CAP,0.5,0.15,bias,11,arrived,0.12086624545191182,10.5,6.326395832770147,1.621436793160587,-2.7755575615628914e-17,1.0
CBF,0.5,0.15,bias,12,violation,-0.03356579193620135,2.5,2.4127284700703724,0.43101309036682395,1.3877787807814457e-17,1.0
RCBF,0.5,0.15,bias,12,arrived,0.010597712718190988,7.0,6.327805315474525,1.3246901836795224,-5.551115123125783e-17,1.0
SCBF,0.5,0.15,bias,12,violation,-0.013317570683347935,2.5,2.361475650281016,0.3658971477014661,-2.220446049250313e-16,1.0
SRCBF,0.5,0.15,bias,12,arrived,0.052465702706174344,7.5,6.3866199663449486,1.3311750724994322,-1.1102230246251565e-16,1.0
CAP,0.5,0.15,bias,12,arrived,0.014420397296580068,7.0,6.346869053689324,1.3955068722950212,-1.1102230246251565e-16,1.0
CBF,0.5,0.15,bias,13,violation,-0.0431806896779795,2.5,2.408193537116292,0.22864045972562716,0.0,1.0
RCBF,0.5,0.15,bias,13,arrived,0.01497303339611733,7.5,6.351954293288585,0.98174661188786,-2.7755575615628914e-17,1.0
SCBF,0.5,0.15,bias,13,arrived,0.023286926797135732,7.5,6.327046608638512,0.9272231288091856,-5.551115123125783e-17,1.0
SRCBF,0.5,0.15,bias,13,arrived,0.09349925217211053,7.5,6.3548814019026105,1.0844043333552769,-2.7755575615628914e-17,1.0
CAP,0.5,0.15,bias,13,arrived,0.06084946806618785,7.5,6.37607281695733,1.0824796690164749,-2.7755575615628914e-17,1.0
CBF,0.5,0.15,bias,14,violation,-0.10315434615515828,2.5,2.3122699643489333,0.0,0.06643878976086526,1.0
RCBF,0.5,0.15,bias,14,violation,-0.07641622810718274,2.5,2.2855962434666335,0.00143440162114039,0.0,1.0
SCBF,0.5,0.15,bias,14,arrived,0.06375653615414911,11.5,6.544483808513822,2.3408196847142047,-2.7755575615628914e-17,1.0
SRCBF,0.5,0.15,bias,14,arrived,0.13921399153344405,11.5,6.6038298925644465,2.6571007398213844,-2.7755575615628914e-17,1.0
CAP,0.5,0.15,bias,14,arrived,0.1010986497379397,11.5,6.601364883756977,2.518530523553869,-1.1102230246251565e-16,1.0
CBF,0.5,0.15,bias,15,violation,-0.054727922077450586,2.5,2.4221276912129532,0.11697791860505193,0.0,1.0
RCBF,0.5,0.15,bias,15,arrived,0.003128635870602081,7.5,6.310346593327852,0.79186157087104,0.0,1.0
SCBF,0.5,0.15,bias,15,arrived,0.050184118651842025,7.5,6.276843278647016,0.7734067582254132,-2.7755575615628914e-17,1.0000000000000002
SRCBF,0.5,0.15,bias,15,arrived,0.1182178600481597,8.0,6.37354132994599,0.9212779793279885,-1.3877787807814457e-17,1.0
CAP,0.5,0.15,bias,15,arrived,0.07909817290091414,8.0,6.364498741562645,0.8752098100712035,-4.163336342344337e-17,1.0
CBF,0.5,0.15,bias,16,violation,-0.0265892143368891,2.5,2.2299259510807934,0.0,0.25942469642225097,1.0
RCBF,0.5,0.15,bias,16,violation,-0.0265892143368891,2.5,2.2299259510807934,0.0,0.13942469642225108,1.0
SCBF,0.5,0.15,bias,16,arrived,0.05965807577354887,13.5,6.411910667486419,3.9191130581118117,-2.220446049250313e-16,1.0
SRCBF,0.5,0.15,bias,16,arrived,0.13400676936890643,14.0,6.465177706775875,4.4656346611548425,-1.1102230246251565e-16,1.0
CAP,0.5,0.15,bias,16,arrived,0.10372526467464671,13.5,6.455046175853063,4.251066549908554,-1.1102230246251565e-16,1.0
CBF,0.5,0.15,bias,17,violation,-0.06354123209327933,2.5,2.286037745578253,0.29923949614785583,-2.7755575615628914e-17,1.0
RCBF,0.5,0.15,bias,17,violation,-0.003726274660916018,2.5,2.2335745123213915,0.39927320494513624,0.0,1.0
SCBF,0.5,0.15,bias,17,violation,-0.002675978712197269,2.5,2.227756392489676,0.3516015078008417,-1.1102230246251565e-16,1.0
SRCBF,0.5,0.15,bias,17,arrived,0.054966872947287526,9.5,6.68043731967981,2.683112850078465,-1.3877787807814457e-17,1.0
CAP,0.5,0.15,bias,17,arrived,0.033884796467587686,9.5,6.691289982281497,2.678174723165335,-7.632783294297951e-17,1.0
CBF,0.5,0.15,bias,18,violation,-0.09819704490069592,2.5,2.434404450494301,0.000491238555611969,-2.220446049250313e-16,1.0
RCBF,0.5,0.15,bias,18,violation,-0.04025499909204722,2.5,2.3801048321835654,0.011452577466375624,-2.220446049250313e-16,1.0
SCBF,0.5,0.15,bias,18,arrived,0.10204829864254572,8.5,6.233808652082475,0.6034517128420758,-5.551115123125783e-17,1.0
SRCBF,0.5,0.15,bias,18,arrived,0.16756989453850435,9.0,6.307004752226592,0.7548489321585707,-5.551115123125783e-17,1.0
CAP,0.5,0.15,bias,18,arrived,0.10999575180206833,8.5,6.2695663281427905,0.6721691848193335,-1.1102230246251565e-16,1.0
CBF,0.5,0.15,bias,19,violation,-0.03352249119041839,2.5,2.413763665899169,0.3933422662826846,-2.7755575615628914e-17,1.0
RCBF,0.5,0.15,bias,19,arrived,0.01968611740067716,7.0,6.315819001884713,1.2385402477255265,-5.551115123125783e-17,1.0
SCBF,0.5,0.15,bias,19,violation,-0.005104819733276256,2.5,2.363599473309744,0.3546034911092293,0.0,1.0
SRCBF,0.5,0.15,bias,19,arrived,0.06085678140250783,7.5,6.384609372565177,1.2674993156469838,-1.734723475976807e-17,1.0
CAP,0.5,0.15,bias,19,arrived,0.023844844032227086,7.0,6.340238494863895,1.3231975954737714,-2.42861286636753e-17,1.0
CBF,0.8,0.15,bias,0,violation,-0.155130558965359,2.4000000000000004,2.374879659109717,0.0,0.8739708066555024,1.0
RCBF,0.8,0.15,bias,0,violation,-0.155130558965359,2.4000000000000004,2.374879659109717,0.0,0.7539708066555025,1.0
SCBF,0.8,0.15,bias,0,arrived,0.042215084483464116,10.4,6.697865395547603,2.2598986561639482,-1.3877787807814457e-17,1.0
SRCBF,0.8,0.15,bias,0,arrived,0.14377174686441463,10.4,6.784322686351446,2.64874343775848,0.0,1.0
CAP,0.8,0.15,bias,0,arrived,0.11454876572483108,10.4,6.798784890945203,2.597676399428089,-1.3877787807814457e-17,1.0000000000000002
CBF,0.8,0.15,bias,1,violation,-0.40555213664321127,2.4000000000000004,2.6751435583344185,0.0,0.3136693298685357,1.0
RCBF,0.8,0.15,bias,1,violation,-0.40555213664321127,2.4000000000000004,2.6751435583344185,0.0,0.1936693298685358,1.0
SCBF,0.8,0.15,bias,1,violation,-0.027968168914463076,2.4000000000000004,2.291333480502667,0.1960812766664817,0.0,1.0
SRCBF,0.8,0.15,bias,1,arrived,0.059104193488912826,7.199999999999999,6.418872979906522,1.8024643210026277,-4.85722573273506e-17,1.0
CAP,0.8,0.15,bias,1,arrived,0.027271895603731444,7.199999999999999,6.440268421891962,1.765025366330731,-5.551115123125783e-17,1.0
CBF,0.8,0.15,bias,2,violation,-0.11074193150578238,2.4000000000000004,2.326427886545389,0.0,0.9737834110736727,1.0
RCBF,0.8,0.15,bias,2,violation,-0.11074193150578238,2.4000000000000004,2.326427886545389,0.0,0.8537834110736728,1.0
SCBF,0.8,0.15,bias,2,arrived,0.048338519938399216,10.4,6.7085173159464,2.680946105858816,-1.1102230246251565e-16,1.0
SRCBF,0.8,0.15,bias,2,arrived,0.15140219081107986,11.200000000000001,6.819634932633143,3.0953556199388017,-1.1102230246251565e-16,1.0
CAP,0.8,0.15,bias,2,arrived,0.12629108214591256,11.200000000000001,6.831422303225389,3.0392230052274267,-5.551115123125783e-17,1.0
CBF,0.8,0.15,bias,3,violation,-0.22123690289688946,2.4000000000000004,2.43836561061981,0.0,0.7540724979465376,0.9999999999999999
RCBF,0.8,0.15,bias,3,violation,-0.22123690289688946,2.4000000000000004,2.43836561061981,0.0,0.6340724979465377,0.9999999999999999
SCBF,0.8,0.15,bias,3,arrived,0.007483411094028947,10.4,6.783841742291921,2.8588442571722763,-1.734723475976807e-18,1.0000000000000002
SRCBF,0.8,0.15,bias,3,arrived,0.11031935846407004,11.200000000000001,6.888345105541673,3.300441153893095,-2.7755575615628914e-17,1.0
CAP,0.8,0.15,bias,3,arrived,0.08852674613405043,10.4,6.868757332544208,3.2479384789563523,-8.673617379884035e-19,1.0
CBF,0.8,0.15,bias,4,violation,-0.0308331778489066,3.2,2.2867752248342357,0.39342558464219024,0.0,1.0
RCBF,0.8,0.15,bias,4,arrived,0.06384142418902206,10.4,6.403177784029443,1.9997174240457567,-2.7755575615628914e-17,1.0
SCBF,0.8,0.15,bias,4,arrived,0.11477747560606211,11.200000000000001,6.420477705400722,2.106240871365288,-5.551115123125783e-17,1.0
SRCBF,0.8,0.15,bias,4,arrived,0.21855513348097189,11.200000000000001,6.483182203907965,2.4598699918042435,-8.326672684688674e-17,1.0
CAP,0.8,0.15,bias,4,arrived,0.19374969808114528,11.200000000000001,6.5043552201697254,2.41883363976662,-2.7755575615628914e-17,1.0
CBF,0.8,0.15,bias,5,violation,-0.1939731760961385,2.4000000000000004,2.514303082099797,0.0,0.6979517975587652,1.0
RCBF,0.8,0.15,bias,5,violation,-0.1939731760961385,2.4000000000000004,2.514303082099797,0.0,0.5779517975587651,1.0
SCBF,0.8,0.15,bias,5,arrived,0.062096175728012626,7.999999999999999,6.425461156692005,0.9188603824138512,-5.551115123125783e-17,1.0
SRCBF,0.8,0.15,bias,5,arrived,0.15588848395255128,7.999999999999999,6.489424790278485,1.1441671830579447,-2.7755575615628914e-17,1.0000000000000002
CAP,0.8,0.15,bias,5,arrived,0.11190035605341808,7.999999999999999,6.494928600220442,1.1065959047153648,-1.3877787807814457e-17,1.0
CBF,0.8,0.15,bias,6,violation,-0.03815037714207148,2.4000000000000004,2.2492149888769353,0.0,1.119408391238951,1.0
RCBF,0.8,0.15,bias,6,violation,-0.03815037714207148,2.4000000000000004,2.2492149888769353,0.0,0.9994083912389509,1.0
SCBF,0.8,0.15,bias,6,arrived,0.0725397097210998,11.200000000000001,6.67959475771512,2.761367723387744,-1.1102230246251565e-16,1.0
SRCBF,0.8,0.15,bias,6,arrived,0.17613674831496473,12.000000000000002,6.7817820733110015,3.1767919992302325,-1.1102230246251565e-16,1.0
CAP,0.8,0.15,bias,6,arrived,0.1507545083081011,12.000000000000002,6.797992730008776,3.1294748722694274,-2.7755575615628914e-17,1.0
CBF,0.8,0.15,bias,7,violation,-0.3343892760453153,2.4000000000000004,2.634305970891977,0.0,0.4242622085998883,1.0
RCBF,0.8,0.15,bias,7,violation,-0.3343892760453153,2.4000000000000004,2.634305970891977,0.0,0.3042622085998884,1.0
SCBF,0.8,0.15,bias,7,violation,-0.0006974868877899221,3.2,2.6880542329606607,0.8343647257048166,-1.1102230246251565e-16,1.0
SRCBF,0.8,0.15,bias,7,arrived,0.09337321620268269,7.999999999999999,6.549553138873551,1.449348008430698,-6.938893903907228e-18,1.0
CAP,0.8,0.15,bias,7,arrived,0.05692397147633488,7.199999999999999,6.426696133789418,1.4105775613706266,-2.0816681711721685e-17,1.0
CBF,0.8,0.15,bias,8,violation,-0.43618681387988134,2.4000000000000004,2.6870432788873977,0.0,0.2780891857288238,1.0000000000000002
RCBF,0.8,0.15,bias,8,violation,-0.43618681387988134,2.4000000000000004,2.6870432788873977,0.0,0.1580891857288239,1.0000000000000002
SCBF,0.8,0.15,bias,8,violation,-0.04275787949895693,2.4000000000000004,2.2881290672501624,0.20760310948186472,-5.551115123125783e-17,1.0
SRCBF,0.8,0.15,bias,8,arrived,0.041995646605265335,7.999999999999999,6.578010055263922,2.076566003226732,-3.469446951953614e-17,1.0
CAP,0.8,0.15,bias,8,arrived,0.013790296179478023,7.999999999999999,6.603520978593754,2.0457634224583896,-5.551115123125783e-17,1.0
CBF,0.8,0.15,bias,9,violation,-0.12186032603717678,2.4000000000000004,2.342543750575631,0.0,0.9376324887568304,1.0
RCBF,0.8,0.15,bias,9,violation,-0.12186032603717678,2.4000000000000004,2.342543750575631,0.0,0.8176324887568305,1.0
SCBF,0.8,0.15,bias,9,arrived,0.05665334087816831,9.6,6.633458319527735,2.114585666494556,-2.220446049250313e-16,1.0
SRCBF,0.8,0.15,bias,9,arrived,0.1579664644818355,10.4,6.749298366893516,2.4807696247828046,-2.220446049250313e-16,1.0
CAP,0.8,0.15,bias,9,arrived,0.12664100320661265,10.4,6.762975047340771,2.430394734009335,-2.220446049250313e-16,1.0
CBF,0.8,0.15,bias,10,violation,-0.2593513130241474,2.4000000000000004,2.4827925045928207,0.0,0.656061473444815,1.0
RCBF,0.8,0.15,bias,10,violation,-0.2593513130241474,2.4000000000000004,2.4827925045928207,0.0,0.5360614734448149,1.0
SCBF,0.8,0.15,bias,10,arrived,0.01239157398328472,9.6,6.706943191404635,2.162601323691211,-2.7755575615628914e-17,1.0
SRCBF,0.8,0.15,bias,10,arrived,0.11216182783155593,9.6,6.775796529054054,2.5384330527784016,-5.551115123125783e-17,1.0
CAP,0.8,0.15,bias,10,arrived,0.08122972690631358,9.6,6.790377880361814,2.496100096125855,-1.1102230246251565e-16,1.0
CBF,0.8,0.15,bias,11,violation,-0.043804379581318664,3.2,2.3246239719974846,0.3476976114051333,5.551115123125783e-17,1.0
RCBF,0.8,0.15,bias,11,arrived,0.04498880373316716,10.4,6.418265340695621,1.7584613460952232,-5.551115123125783e-17,1.0
SCBF,0.8,0.15,bias,11,arrived,0.11543273343051152,10.4,6.347946934532383,1.7822849168983397,-1.1102230246251565e-16,1.0000000000000002
SRCBF,0.8,0.15,bias,11,arrived,0.21872783250428807,11.200000000000001,6.433459253911992,2.097893813558514,-1.1102230246251565e-16,1.0
CAP,0.8,0.15,bias,11,arrived,0.19370017598395262,10.4,6.435396873515535,2.075210615789194,-1.1102230246251565e-16,1.0000000000000002
CBF,0.8,0.15,bias,12,violation,-0.38605342185988484,2.4000000000000004,2.672539298770919,0.0,0.3395102350262581,1.0
RCBF,0.8,0.15,bias,12,violation,-0.38605342185988484,2.4000000000000004,2.672539298770919,0.0,0.21951023502625822,1.0
SCBF,0.8,0.15,bias,12,violation,-0.020677476107116233,2.4000000000000004,2.3005054561861575,0.1869263051041918,1.1102230246251565e-16,1.0
SRCBF,0.8,0.15,bias,12,arrived,0.0666479433032271,7.199999999999999,6.416523446616549,1.6232306611863787,0.0,1.0
CAP,0.8,0.15,bias,12,arrived,0.033555191911147864,7.199999999999999,6.436695057889935,1.586004520078159,-4.336808689942018e-19,1.0000000000000002
CBF,0.8,0.15,bias,13,violation,-0.27848775035118734,2.4000000000000004,2.5856777295097912,0.0,0.5309869923031515,1.0000000000000002
RCBF,0.8,0.15,bias,13,violation,-0.27848775035118734,2.4000000000000004,2.5856777295097912,0.0,0.4109869923031514,1.0000000000000002
SCBF,0.8,0.15,bias,13,arrived,0.02578858867584588,7.199999999999999,6.363463637932006,1.0704712958158176,-1.3877787807814457e-17,1.0
SRCBF,0.8,0.15,bias,13,arrived,0.11971376716567783,7.999999999999999,6.534624027160335,1.3275925541019733,-2.7755575615628914e-17,1.0
CAP,0.8,0.15,bias,13,arrived,0.08003013140066517,7.999999999999999,6.54086769692678,1.2878521293528793,-5.551115123125783e-17,1.0
CBF,0.8,0.15,bias,14,violation,-0.011365193688535502,2.4000000000000004,2.2205757099847148,0.0,1.1713624587297375,1.0
RCBF,0.8,0.15,bias,14,violation,-0.011365193688535502,2.4000000000000004,2.2205757099847148,0.0,1.0513624587297374,1.0
SCBF,0.8,0.15,bias,14,arrived,0.08272103091029537,11.200000000000001,6.645973047599081,2.686661951323504,-1.1102230246251565e-16,1.0
SRCBF,0.8,0.15,bias,14,arrived,0.18636841066809362,12.000000000000002,6.746392953355116,3.0924409956549135,-5.551115123125783e-17,1.0
CAP,0.8,0.15,bias,14,arrived,0.16039043093437433,12.000000000000002,6.763533596669603,3.0459024953840315,-2.7755575615628914e-17,1.0
CBF,0.8,0.15,bias,15,violation,-0.20111025303304986,2.4000000000000004,2.526240000290881,0.0,0.6794583526898227,1.0
RCBF,0.8,0.15,bias,15,violation,-0.20111025303304986,2.4000000000000004,2.526240000290881,0.0,0.5594583526898226,1.0
SCBF,0.8,0.15,bias,15,arrived,0.05909569355840294,7.999999999999999,6.426393774056272,0.9068932955156475,-1.1102230246251565e-16,1.0
SRCBF,0.8,0.15,bias,15,arrived,0.15270894889094988,7.999999999999999,6.4863914634264335,1.1284453555413076,-1.1102230246251565e-16,1.0
CAP,0.8,0.15,bias,15,arrived,0.10920852569988615,7.999999999999999,6.492085470814071,1.0922371027646172,-1.1102230246251565e-16,1.0
CBF,0.8,0.15,bias,16,violation,-0.0020651558306914453,3.2,2.2075234734349323,0.5250817178143277,-2.7755575615628914e-17,1.0
RCBF,0.8,0.15,bias,16,violation,-0.02105252561183235,7.199999999999999,2.8222371043481553,3.648191074939845,-1.3877787807814457e-17,1.0
SCBF,0.8,0.15,bias,16,arrived,0.08746535514522435,13.600000000000003,6.478000070977651,4.677564724057388,-1.3877787807814457e-17,1.0
SRCBF,0.8,0.15,bias,16,arrived,0.1907323141002233,14.400000000000004,6.543431476233334,5.443369460623531,-9.71445146547012e-17,1.0
CAP,0.8,0.15,bias,16,arrived,0.17330741486864565,14.400000000000004,6.55721400952974,5.336858609505129,-2.7755575615628914e-17,1.0
CBF,0.8,0.15,bias,17,violation,-0.3434953607854564,2.4000000000000004,2.558416701379816,0.0,0.4971818896584015,1.0
RCBF,0.8,0.15,bias,17,violation,-0.3434953607854564,2.4000000000000004,2.558416701379816,0.0,0.3771818896584016,1.0
SCBF,0.8,0.15,bias,17,violation,-0.02921085346532093,3.2,2.3528656021028405,0.9468957933066933,-7.860465750519907e-19,1.0
SRCBF,0.8,0.15,bias,17,arrived,0.07216151587811737,9.6,6.82247024159631,3.0909981800533286,-5.551115123125783e-17,1.0
CAP,0.8,0.15,bias,17,arrived,0.050709669276607805,9.6,6.846884983335375,3.0408893027375483,-5.551115123125783e-17,1.0
CBF,0.8,0.15,bias,18,violation,-0.030797008791406677,2.4000000000000004,2.3521473955213485,0.0,1.0508057953281318,1.0
RCBF,0.8,0.15,bias,18,violation,-0.030797008791406677,2.4000000000000004,2.3521473955213485,0.0,0.9308057953281316,1.0
SCBF,0.8,0.15,bias,18,arrived,0.12185030339216629,7.999999999999999,6.324159821636389,0.7583167881871824,-8.326672684688674e-17,1.0
SRCBF,0.8,0.15,bias,18,arrived,0.2164875444547678,8.799999999999999,6.420368717526345,0.9535927206191908,-1.1102230246251565e-16,1.0
CAP,0.8,0.15,bias,18,arrived,0.1653550009774719,8.799999999999999,6.428438948727707,0.9236927985640578,0.0,1.0
CBF,0.8,0.15,bias,19,violation,-0.3665598944158331,2.4000000000000004,2.6591332401062195,0.0,0.3690657819839771,1.0
RCBF,0.8,0.15,bias,19,violation,-0.3665598944158331,2.4000000000000004,2.6591332401062195,0.0,0.24906578198397722,1.0
SCBF,0.8,0.15,bias,19,violation,-0.010594728498356298,2.4000000000000004,2.297208195368732,0.1784138717967287,0.0,1.0
SRCBF,0.8,0.15,bias,19,arrived,0.0771348270369413,7.199999999999999,6.41573706161522,1.5466322213790789,-5.551115123125783e-17,1.0
CAP,0.8,0.15,bias,19,arrived,0.0426905684906308,7.199999999999999,6.435136826079005,1.5086559424261623,-1.1102230246251565e-16,1.0
CBF,0.05,0.15,inward,0,violation,-0.004402431793151251,2.3999999999999995,2.244971035640675,0.361721547257597,-1.1102230246251565e-16,1.0000000000000002
RCBF,0.05,0.15,inward,0,arrived,0.003052178890950996,9.900000000000006,6.2210130993961785,1.9455317179957117,-1.1102230246251565e-16,1.0000000000000002
SCBF,0.05,0.15,inward,0,violation,-0.0003353086606290301,2.3999999999999995,2.2395383010110557,0.35885303691616377,-1.1102230246251565e-16,1.0000000000000002
SRCBF,0.05,0.15,inward,0,arrived,0.003653801663500822,9.900000000000006,6.216749789361841,1.9448004007953406,-1.1102230246251565e-16,1.0000000000000002
CAP,0.05,0.15,inward,0,arrived,0.003052178890950996,9.900000000000006,6.2210130993961785,1.9455317179957117,-1.1102230246251565e-16,1.0000000000000002
CBF,0.05,0.15,inward,1,violation,-0.004192920978754344,2.3999999999999995,2.250282556372755,0.35808123894953225,-1.1102230246251565e-16,1.0
RCBF,0.05,0.15,inward,1,arrived,0.0033084695544495224,9.800000000000004,6.209458939459987,1.856992522579877,-1.1102230246251565e-16,1.0
SCBF,0.05,0.15,inward,1,violation,-9.338975250661186e-05,2.3999999999999995,2.244713888929759,0.35518394495982425,-1.1102230246251565e-16,1.0
SRCBF,0.05,0.15,inward,1,arrived,0.003955700688014874,9.850000000000005,6.2066956107806535,1.8562248641120633,-5.551115123125783e-17,1.0000000000000002
CAP,0.05,0.15,inward,1,arrived,0.0033084695544495224,9.800000000000004,6.209458939459987,1.856992522579877,-1.1102230246251565e-16,1.0
CBF,0.05,0.15,inward,2,violation,-0.0037116099651334222,2.3999999999999995,2.261587734609027,0.3500137377914686,-1.1102230246251565e-16,1.0
RCBF,0.05,0.15,inward,2,arrived,0.0038292274999767173,9.700000000000003,6.190070640630032,1.6973935672784026,-1.1102230246251565e-16,1.0000000000000002
SCBF,0.05,0.15,inward,2,violation,-0.005481070335400018,2.4499999999999993,2.2708375352055525,0.3931003116078903,-2.220446049250313e-16,1.0
SRCBF,0.05,0.15,inward,2,arrived,0.004552201615397267,9.700000000000003,6.185805241386184,1.696494947929952,-2.220446049250313e-16,1.0
CAP,0.05,0.15,inward,2,arrived,0.0038292274999767173,9.700000000000003,6.190070640630032,1.6973935672784026,-1.1102230246251565e-16,1.0000000000000002
CBF,0.05,0.15,inward,3,violation,-0.0033239745986800573,2.3999999999999995,2.270025953326977,0.34375187374630317,-2.220446049250313e-16,1.0000000000000002
RCBF,0.05,0.15,inward,3,arrived,0.004196705986292848,9.600000000000001,6.176005359411937,1.5967879630101747,-1.1102230246251565e-16,1.0000000000000002
SCBF,0.05,0.15,inward,3,violation,-0.005075133928017395,2.4499999999999993,2.280103511684907,0.38603401524879544,-2.220446049250313e-16,1.0000000000000002
SRCBF,0.05,0.15,inward,3,arrived,0.00496879541292039,9.600000000000001,6.171726692642406,1.5957897043421563,-2.220446049250313e-16,1.0000000000000002
CAP,0.05,0.15,inward,3,arrived,0.004196705986292848,9.600000000000001,6.176005359411937,1.5967879630101747,-1.1102230246251565e-16,1.0000000000000002
CBF,0.05,0.15,inward,4,violation,-0.004825859262935883,2.3999999999999995,2.233089445536603,0.36943632917730407,-1.1102230246251565e-16,1.0000000000000002
RCBF,0.05,0.15,inward,4,arrived,0.0024262991976662374,10.100000000000009,6.24867462857918,2.1935632467919928,-1.1102230246251565e-16,1.0000000000000002
SCBF,0.05,0.15,inward,4,violation,-0.0007984373807465861,2.3999999999999995,2.2279547652110905,0.366430225776624,-2.220446049250313e-16,1.0000000000000002
SRCBF,0.05,0.15,inward,4,arrived,0.0029276811843804706,10.100000000000009,6.244475503985145,2.1929078381607154,-1.1102230246251565e-16,1.0000000000000002
CAP,0.05,0.15,inward,4,arrived,0.0024262991976662374,10.100000000000009,6.24867462857918,2.1935632467919928,-1.1102230246251565e-16,1.0000000000000002
CBF,0.05,0.15,inward,5,violation,-0.004650627508556937,2.3999999999999995,2.2382409270004033,0.36617147548511053,-1.1102230246251565e-16,1.0000000000000002
RCBF,0.05,0.15,inward,5,arrived,0.002704607228296907,10.000000000000007,6.235777797880318,2.0755010373720197,-1.1102230246251565e-16,1.0000000000000002
SCBF,0.05,0.15,inward,5,violation,-0.0006214152962858988,2.3999999999999995,2.232991764317896,0.36333335917441584,-1.1102230246251565e-16,1.0000000000000002
SRCBF,0.05,0.15,inward,5,arrived,0.0032579772600969115,10.000000000000007,6.23151641444525,2.0748187111005554,-1.1102230246251565e-16,1.0000000000000002
CAP,0.05,0.15,inward,5,arrived,0.002704607228296907,10.000000000000007,6.235777797880318,2.0755010373720197,-1.1102230246251565e-16,1.0000000000000002
CBF,0.05,0.15,inward,6,violation,-0.00423876493431341,2.3999999999999995,2.2491443569544662,0.35887009315239105,-1.1102230246251565e-16,1.0
RCBF,0.05,0.15,inward,6,arrived,0.003253793880137912,9.850000000000005,6.212755369689013,1.875104721186684,-9.71445146547012e-17,1.0
SCBF,0.05,0.15,inward,6,violation,-0.00014635105291771477,2.3999999999999995,2.2436042497181115,0.35597930966880387,-5.551115123125783e-17,1.0
SRCBF,0.05,0.15,inward,6,arrived,0.00389455841730757,9.850000000000005,6.208507100493467,1.8743413712794652,-1.1102230246251565e-16,1.0000000000000002
CAP,0.05,0.15,inward,6,arrived,0.003253793880137912,9.850000000000005,6.212755369689013,1.875104721186684,-9.71445146547012e-17,1.0
CBF,0.05,0.15,inward,7,violation,-0.004383465968802014,2.3999999999999995,2.2454641257401424,0.3613881109265968,-1.1102230246251565e-16,1.0000000000000002
RCBF,0.05,0.15,inward,7,arrived,0.0030760927164547036,9.900000000000006,6.220181558434813,1.9368545840496108,-1.1102230246251565e-16,1.0000000000000002
SCBF,0.05,0.15,inward,7,violation,-0.00031342244058152335,2.3999999999999995,2.240018472903582,0.358517101689955,-1.1102230246251565e-16,1.0000000000000002
SRCBF,0.05,0.15,inward,7,arrived,0.003682405839278813,9.900000000000006,6.21593831745614,1.936123265448582,-1.1102230246251565e-16,1.0000000000000002
CAP,0.05,0.15,inward,7,arrived,0.0030760927164547036,9.900000000000006,6.220181558434813,1.9368545840496108,-1.1102230246251565e-16,1.0000000000000002
CBF,0.05,0.15,inward,8,violation,-0.0038453070467124872,2.3999999999999995,2.2585520118503393,0.3522189726885778,-1.1102230246251565e-16,1.0
RCBF,0.05,0.15,inward,8,arrived,0.0036954119822453224,9.700000000000003,6.194241360841429,1.737065281341977,-1.1102230246251565e-16,1.0000000000000002
SCBF,0.05,0.15,inward,8,violation,-0.005621187739313749,2.4499999999999993,2.2674934983985953,0.39558891833367255,-1.1102230246251565e-16,1.0
SRCBF,0.05,0.15,inward,8,arrived,0.004393863520825825,9.750000000000004,6.191491647220785,1.736211293158577,-1.1102230246251565e-16,1.0000000000000002
CAP,0.05,0.15,inward,8,arrived,0.0036954119822453224,9.700000000000003,6.194241360841429,1.737065281341977,-1.1102230246251565e-16,1.0000000000000002
CBF,0.05,0.15,inward,9,violation,-0.004736682194036668,2.3999999999999995,2.235761710661361,0.36775930160400594,-1.1102230246251565e-16,1.0
RCBF,0.05,0.15,inward,9,arrived,0.0025730844893174787,10.050000000000008,6.241917184878159,2.129904786906077,-1.1102230246251565e-16,1.0000000000000002
SCBF,0.05,0.15,inward,9,violation,-0.0007094450508139394,2.3999999999999995,2.2305670739569634,0.36484709801443066,-2.220446049250313e-16,1.0
SRCBF,0.05,0.15,inward,9,arrived,0.003099759039928207,10.050000000000008,6.237702936787216,2.129236420201029,-1.1102230246251565e-16,1.0
CAP,0.05,0.15,inward,9,arrived,0.0025730844893174787,10.050000000000008,6.241917184878159,2.129904786906077,-1.1102230246251565e-16,1.0000000000000002
CBF,0.05,0.15,inward,10,violation,-0.004840957116394651,2.3999999999999995,2.232625038033443,0.369723926872751,-1.1102230246251565e-16,1.0000000000000002
RCBF,0.05,0.15,inward,10,arrived,0.002399453627895065,10.100000000000009,6.249634660917735,2.2052262360482486,-2.220446049250313e-16,1.0000000000000002
SCBF,0.05,0.15,inward,10,violation,-0.0008134948121684138,2.3999999999999995,2.2275013118722327,0.3667018363559856,-5.551115123125783e-17,1.0000000000000002
SRCBF,0.05,0.15,inward,10,arrived,0.002897608924134598,10.100000000000009,6.245394897900891,2.204576907297775,-1.1102230246251565e-16,1.0000000000000002
CAP,0.05,0.15,inward,10,arrived,0.002399453627895065,10.100000000000009,6.249634660917735,2.2052262360482486,-2.220446049250313e-16,1.0000000000000002
CBF,0.05,0.15,inward,11,violation,-0.003422230979071128,2.3999999999999995,2.2679334653684315,0.3453217313233102,-5.551115123125783e-17,1.0
RCBF,0.05,0.15,inward,11,arrived,0.0041062197872153705,9.600000000000001,6.178631506347253,1.6205441230419502,-1.1102230246251565e-16,1.0000000000000002
SCBF,0.05,0.15,inward,11,violation,-0.005177988620997609,2.4499999999999993,2.2778095782963046,0.3878055847991167,-1.1102230246251565e-16,1.0
SRCBF,0.05,0.15,inward,11,arrived,0.004868175451330337,9.650000000000002,6.175917721484994,1.6195717666312446,-1.1102230246251565e-16,1.0000000000000002
CAP,0.05,0.15,inward,11,arrived,0.0041062197872153705,9.600000000000001,6.178631506347253,1.6205441230419502,-1.1102230246251565e-16,1.0000000000000002
CBF,0.05,0.15,inward,12,violation,-0.003689005135775192,2.3999999999999995,2.2620940929945736,0.3496433328068578,-5.551115123125783e-17,1.0
RCBF,0.05,0.15,inward,12,arrived,0.003851467800523256,9.700000000000003,6.1893693377490075,1.6909718671755758,-1.1102230246251565e-16,1.0
SCBF,0.05,0.15,inward,12,violation,-0.0054573858959442445,2.4499999999999993,2.2713947555314737,0.3926823217362627,-1.1102230246251565e-16,1.0
SRCBF,0.05,0.15,inward,12,arrived,0.0045784761903399085,9.700000000000003,6.185130476589677,1.6900695295800832,-1.1102230246251565e-16,1.0000000000000002
CAP,0.05,0.15,inward,12,arrived,0.003851467800523256,9.700000000000003,6.1893693377490075,1.6909718671755758,-1.1102230246251565e-16,1.0
CBF,0.05,0.15,inward,13,violation,-0.004729713773459765,2.3999999999999995,2.235965853807811,0.3676296872377246,-1.1102230246251565e-16,1.0000000000000002
RCBF,0.05,0.15,inward,13,arrived,0.0025839453790598155,10.050000000000008,6.241518241855649,2.125266791315046,-1.1102230246251565e-16,1.0000000000000002
SCBF,0.05,0.15,inward,13,violation,-0.000702487536338281,2.3999999999999995,2.23076684370186,0.36472478496439203,-1.1102230246251565e-16,1.0000000000000002
SRCBF,0.05,0.15,inward,13,arrived,0.0031128384212721905,10.050000000000008,6.237316242342868,2.124599753841668,-1.1102230246251565e-16,1.0000000000000002
CAP,0.05,0.15,inward,13,arrived,0.0025839453790598155,10.050000000000008,6.241518241855649,2.125266791315046,-1.1102230246251565e-16,1.0000000000000002
CBF,0.05,0.15,inward,14,violation,-0.004685587387251666,2.3999999999999995,2.2372443864005542,0.366813267916502,-2.220446049250313e-16,1.0000000000000002
RCBF,0.05,0.15,inward,14,arrived,0.0026518389074509097,10.000000000000007,6.2375945330766065,2.096873400576006,-1.1102230246251565e-16,1.0000000000000002
SCBF,0.05,0.15,inward,14,violation,-0.0006584196260346342,2.3999999999999995,2.2320186221075415,0.36395448566286376,-1.1102230246251565e-16,1.0000000000000002
SRCBF,0.05,0.15,inward,14,arrived,0.003194543219639856,10.000000000000007,6.233332701113515,2.0962059800517148,-1.1102230246251565e-16,1.0000000000000002
CAP,0.05,0.15,inward,14,arrived,0.0026518389074509097,10.000000000000007,6.2375945330766065,2.096873400576006,-1.1102230246251565e-16,1.0000000000000002
CBF,0.05,0.15,inward,15,violation,-0.0044890492563423035,2.3999999999999995,2.242683880568015,0.3632554009556969,-1.1102230246251565e-16,1.0
RCBF,0.05,0.15,inward,15,arrived,0.002938287292249986,9.900000000000006,6.224835063408581,1.9871665733482748,-2.220446049250313e-16,1.0
SCBF,0.05,0.15,inward,15,violation,-0.0004352250293886417,2.3999999999999995,2.237311953943116,0.3603980055848973,-2.220446049250313e-16,1.0
SRCBF,0.05,0.15,inward,15,arrived,0.003520574941439092,9.950000000000006,6.222099819000453,1.98646185279215,-1.1102230246251565e-16,1.0
CAP,0.05,0.15,inward,15,arrived,0.002938287292249986,9.900000000000006,6.224835063408581,1.9871665733482748,-2.220446049250313e-16,1.0
CBF,0.05,0.15,inward,16,violation,-0.004287744725851805,2.3999999999999995,2.247914089367747,0.35971748654940816,-3.3306690738754696e-16,1.0000000000000002
RCBF,0.05,0.15,inward,16,arrived,0.0031945444117614796,9.850000000000005,6.2147347056455375,1.8951780436226284,-1.1102230246251565e-16,1.0000000000000002
SCBF,0.05,0.15,inward,16,violation,-0.00020291971797525843,2.3999999999999995,2.242405187560696,0.356833531852723,-2.220446049250313e-16,1.0000000000000002
SRCBF,0.05,0.15,inward,16,arrived,0.0038239017275109033,9.850000000000005,6.210424849047599,1.894426710662925,-1.1102230246251565e-16,1.0000000000000002
CAP,0.05,0.15,inward,16,arrived,0.0031945444117614796,9.850000000000005,6.2147347056455375,1.8951780436226284,-1.1102230246251565e-16,1.0000000000000002
CBF,0.05,0.15,inward,17,violation,-0.004704165379744385,2.3999999999999995,2.236709017914729,0.36715610098253415,-1.1102230246251565e-16,1.0000000000000002
RCBF,0.05,0.15,inward,17,arrived,0.0026234360051132777,10.000000000000007,6.238581567026807,2.108627110488923,-1.1102230246251565e-16,1.0000000000000002
SCBF,0.05,0.15,inward,17,violation,-0.0006769751722741635,2.3999999999999995,2.2314943245016403,0.36427792514717205,-1.1102230246251565e-16,1.0000000000000002
SRCBF,0.05,0.15,inward,17,arrived,0.0031603744528709843,10.050000000000008,6.235866408970423,2.107962479553657,-1.1102230246251565e-16,1.0000000000000002
CAP,0.05,0.15,inward,17,arrived,0.0026234360051132777,10.000000000000007,6.238581567026807,2.108627110488923,-1.1102230246251565e-16,1.0000000000000002
CBF,0.05,0.15,inward,18,violation,-0.003986718225391539,2.3999999999999995,2.2552588612500646,0.3545799695383068,-1.1102230246251565e-16,1.0000000000000002
RCBF,0.05,0.15,inward,18,arrived,0.003545899175076417,9.750000000000004,6.200494945862727,1.7825712436792756,-2.220446049250313e-16,1.0000000000000002
SCBF,0.05,0.15,inward,18,violation,-0.00576945952145258,2.4499999999999993,2.26385905687562,0.3982535283264192,-1.1102230246251565e-16,1.0000000000000002
SRCBF,0.05,0.15,inward,18,arrived,0.004220549952962727,9.750000000000004,6.196190308405661,1.7817532986648768,-1.1102230246251565e-16,1.0000000000000002
CAP,0.05,0.15,inward,18,arrived,0.003545899175076417,9.750000000000004,6.200494945862727,1.7825712436792756,-2.220446049250313e-16,1.0000000000000002
CBF,0.05,0.15,inward,19,violation,-0.004026616016920226,2.3999999999999995,2.254313038438971,0.35525176881139003,-2.220446049250313e-16,1.0000000000000002
RCBF,0.05,0.15,inward,19,arrived,0.0035009785057623644,9.750000000000004,6.201859752844197,1.796165431971952,-5.551115123125783e-17,1.0000000000000002
SCBF,0.05,0.15,inward,19,violation,-0.005811307039892855,2.4499999999999993,2.262813838124194,0.3990117804121784,-2.220446049250313e-16,1.0000000000000002
SRCBF,0.05,0.15,inward,19,arrived,0.0041704815811913765,9.800000000000004,6.199099260453705,1.7953578781034154,-1.249000902703301e-16,1.0000000000000002
CAP,0.05,0.15,inward,19,arrived,0.0035009785057623644,9.750000000000004,6.201859752844197,1.796165431971952,-5.551115123125783e-17,1.0000000000000002
CBF,0.2,0.15,inward,0,violation,-0.0020710789996144507,2.1999999999999997,2.2215008649988963,0.17144986778585466,0.0,1.0
RCBF,0.2,0.15,inward,0,arrived,0.003741408823587311,9.799999999999997,6.257426385464175,2.117849980241521,-2.7755575615628914e-17,1.0000000000000002
SCBF,0.2,0.15,inward,0,violation,-0.009375692295365723,2.4,2.245253991047291,0.3530368194307095,-1.1102230246251565e-16,1.0
SRCBF,0.2,0.15,inward,0,arrived,0.007937317223707607,9.799999999999997,6.2408213204723895,2.1108792082315286,-1.1102230246251565e-16,1.0
CAP,0.2,0.15,inward,0,arrived,0.003741408823587311,9.799999999999997,6.257426385464175,2.117849980241521,-2.7755575615628914e-17,1.0000000000000002
CBF,0.2,0.15,inward,1,violation,-0.0016825241655823442,2.1999999999999997,2.2242900264532044,0.16904955155676424,-2.7755575615628914e-17,1.0
RCBF,0.2,0.15,inward,1,arrived,0.004089645504852912,9.799999999999997,6.2495285362912405,2.022793522454463,-4.163336342344337e-17,1.0
SCBF,0.2,0.15,inward,1,violation,-0.009040591832898182,2.4,2.2500876024824694,0.35004828884677897,-1.1102230246251565e-16,1.0
SRCBF,0.2,0.15,inward,1,arrived,0.008658899094975414,9.799999999999997,6.23234222789397,2.0159022124959214,-2.7755575615628914e-17,1.0
CAP,0.2,0.15,inward,1,arrived,0.004089645504852912,9.799999999999997,6.2495285362912405,2.022793522454463,-4.163336342344337e-17,1.0
CBF,0.2,0.15,inward,2,violation,-0.0007970834682291539,2.1999999999999997,2.2304358852598276,0.1636824716680847,0.0,1.0
RCBF,0.2,0.15,inward,2,arrived,0.004833211910170054,9.599999999999998,6.226448604151753,1.8502611268701412,-5.551115123125783e-17,1.0
SCBF,0.2,0.15,inward,2,violation,-0.00828884188768586,2.4,2.26049671231962,0.3434313327148892,-5.551115123125783e-17,1.0
SRCBF,0.2,0.15,inward,2,arrived,0.010192759317092515,9.599999999999998,6.209678329379978,1.8454881238783947,-4.163336342344337e-17,1.0
CAP,0.2,0.15,inward,2,arrived,0.004833211910170054,9.599999999999998,6.226448604151753,1.8502611268701412,-5.551115123125783e-17,1.0
CBF,0.2,0.15,inward,3,violation,-8.918383498790483e-05,2.1999999999999997,2.235182495995353,0.1594891408184201,-2.7755575615628914e-17,1.0000000000000002
RCBF,0.2,0.15,inward,3,arrived,0.005392279388677812,9.599999999999998,6.215488116754557,1.74190076381769,-2.0816681711721685e-17,1.0000000000000002
SCBF,0.2,0.15,inward,3,violation,-0.007696610385227953,2.4,2.2683590577917556,0.33829869093000225,-2.7755575615628914e-17,1.0000000000000002
SRCBF,0.2,0.15,inward,3,arrived,0.011173098209613208,9.599999999999998,6.1989566704328825,1.7377356430866233,-1.1102230246251565e-16,1.0000000000000002
CAP,0.2,0.15,inward,3,arrived,0.005392279388677812,9.599999999999998,6.215488116754557,1.74190076381769,-2.0816681711721685e-17,1.0000000000000002
CBF,0.2,0.15,inward,4,violation,-0.002866066775945253,2.1999999999999997,2.2155468645505723,0.1764571276177845,0.0,1.0
RCBF,0.2,0.15,inward,4,arrived,0.002831768815084623,9.999999999999996,6.28466271894638,2.3845756942039755,-5.551115123125783e-17,1.0
SCBF,0.2,0.15,inward,4,violation,-0.010077116763727356,2.4,2.234604827613736,0.35938138906280714,0.0,1.0
SRCBF,0.2,0.15,inward,4,arrived,0.006314402337211922,9.999999999999996,6.2686369523201115,2.376155948867687,-5.551115123125783e-17,1.0
CAP,0.2,0.15,inward,4,arrived,0.002831768815084623,9.999999999999996,6.28466271894638,2.3845756942039755,-5.551115123125783e-17,1.0
CBF,0.2,0.15,inward,5,violation,-0.0025350288313320535,2.1999999999999997,2.218074321543376,0.17435513540417832,-1.1102230246251565e-16,1.0
RCBF,0.2,0.15,inward,5,arrived,0.003267546557514267,9.999999999999996,6.275538218756023,2.258030712589425,-3.469446951953614e-17,1.0
SCBF,0.2,0.15,inward,5,violation,-0.009781777925109703,2.4,2.2391911552946104,0.35669395566245343,0.0,1.0
SRCBF,0.2,0.15,inward,5,arrived,0.007020631468426908,9.999999999999996,6.258824228325676,2.2495542275848797,-1.1102230246251565e-16,1.0
CAP,0.2,0.15,inward,5,arrived,0.003267546557514267,9.999999999999996,6.275538218756023,2.258030712589425,-3.469446951953614e-17,1.0
CBF,0.2,0.15,inward,6,violation,-0.0017673496382759613,2.1999999999999997,2.223686582470926,0.1695711305729217,-2.7755575615628914e-17,1.0
RCBF,0.2,0.15,inward,6,arrived,0.004015013544160562,9.799999999999997,6.2514169706584255,2.0421765438175368,-5.551115123125783e-17,1.0
SCBF,0.2,0.15,inward,6,violation,-0.009113425909723194,2.4,2.249048495764379,0.35069571406063493,-2.220446049250313e-16,1.0
SRCBF,0.2,0.15,inward,6,arrived,0.008504344714269196,9.799999999999997,6.234028068879561,2.035290347710903,-1.1102230246251565e-16,1.0
CAP,0.2,0.15,inward,6,arrived,0.004015013544160562,9.799999999999997,6.2514169706584255,2.0421765438175368,-5.551115123125783e-17,1.0
CBF,0.2,0.15,inward,7,violation,-0.00203580469940301,2.1999999999999997,2.221756831156597,0.17123076504078055,-2.7755575615628914e-17,1.0
RCBF,0.2,0.15,inward,7,arrived,0.0037737446569535704,9.799999999999997,6.256655647135717,2.108489671440638,-4.85722573273506e-17,1.0
SCBF,0.2,0.15,inward,7,violation,-0.009345105747273874,2.4,2.245701009675892,0.3527629822839331,-2.220446049250313e-16,1.0
SRCBF,0.2,0.15,inward,7,arrived,0.008004348706683984,9.799999999999997,6.239971895515317,2.1015650532624703,-2.220446049250313e-16,1.0
CAP,0.2,0.15,inward,7,arrived,0.0037737446569535704,9.799999999999997,6.256655647135717,2.108489671440638,-4.85722573273506e-17,1.0
CBF,0.2,0.15,inward,8,violation,-0.0010422145363828683,2.1999999999999997,2.228760002855814,0.16515448957195358,0.0,1.0000000000000002
RCBF,0.2,0.15,inward,8,arrived,0.004633008194422139,9.599999999999998,6.230581956448176,1.8932179977882997,-3.469446951953614e-17,1.0000000000000002
SCBF,0.2,0.15,inward,8,violation,-0.008495579323012259,2.4,2.257686741941071,0.3452394545174979,-6.938893903907228e-18,1.0000000000000002
SRCBF,0.2,0.15,inward,8,arrived,0.009781087415328349,9.599999999999998,6.214069395428575,1.8880533446728869,-4.163336342344337e-17,1.0000000000000002
CAP,0.2,0.15,inward,8,arrived,0.004633008194422139,9.599999999999998,6.230581956448176,1.8932179977882997,-3.469446951953614e-17,1.0000000000000002
CBF,0.2,0.15,inward,9,violation,-0.0026971471580521378,2.1999999999999997,2.2168466070221022,0.1753812742478844,0.0,1.0
RCBF,0.2,0.15,inward,9,arrived,0.0030575702652285708,9.999999999999996,6.279979798652052,2.3161668874074857,-2.7755575615628914e-17,1.0
SCBF,0.2,0.15,inward,9,violation,-0.00992569909882024,2.4,2.2369774753350233,0.35800039308221965,-5.551115123125783e-17,1.0
SRCBF,0.2,0.15,inward,9,arrived,0.006681510273363611,9.999999999999996,6.263227867744844,2.30782014166406,-1.1102230246251565e-16,1.0
CAP,0.2,0.15,inward,9,arrived,0.0030575702652285708,9.999999999999996,6.279979798652052,2.3161668874074857,-2.7755575615628914e-17,1.0
CBF,0.2,0.15,inward,10,violation,-0.002894773977567877,2.1999999999999997,2.215323648949865,0.17664068389688845,0.0,1.0
RCBF,0.2,0.15,inward,10,arrived,0.002792575473496095,9.999999999999996,6.285562648714297,2.3971530760499062,-1.3877787807814457e-17,1.0
SCBF,0.2,0.15,inward,10,violation,-0.010103020824300257,2.4,2.234194001744103,0.35961836043090945,-2.220446049250313e-16,1.0
SRCBF,0.2,0.15,inward,10,arrived,0.006250380083418827,9.999999999999996,6.269637899650245,2.3886602615691923,-2.220446049250313e-16,1.0
CAP,0.2,0.15,inward,10,arrived,0.002792575473496095,9.999999999999996,6.285562648714297,2.3971530760499062,-1.3877787807814457e-17,1.0
CBF,0.2,0.15,inward,11,violation,-0.0002682605764635637,2.1999999999999997,2.2339939030696865,0.1605419256447163,2.7755575615628914e-17,1.0
RCBF,0.2,0.15,inward,11,arrived,0.005253278546430762,9.599999999999998,6.218382482297614,1.7675392737764537,-1.3877787807814457e-17,1.0
SCBF,0.2,0.15,inward,11,violation,-0.007845811903291255,2.4,2.266402603404682,0.3395852729143317,-2.7755575615628914e-17,1.0
SRCBF,0.2,0.15,inward,11,arrived,0.010950256041082573,9.599999999999998,6.201395055223977,1.7630777833941023,-4.163336342344337e-17,1.0
CAP,0.2,0.15,inward,11,arrived,0.005253278546430762,9.599999999999998,6.218382482297614,1.7675392737764537,-1.3877787807814457e-17,1.0
CBF,0.2,0.15,inward,12,violation,-0.0007556917769486748,2.1999999999999997,2.2307171253639644,0.16343493733175957,0.0,1.0
RCBF,0.2,0.15,inward,12,arrived,0.004866651586409865,9.599999999999998,6.22579290059799,1.8433202684327328,-2.0816681711721685e-17,1.0
SCBF,0.2,0.15,inward,12,violation,-0.008254024284864103,2.4,2.260966409326709,0.34312766353238894,-1.1102230246251565e-16,1.0
SRCBF,0.2,0.15,inward,12,arrived,0.010261408448245302,9.599999999999998,6.20897101539886,1.8385921657415578,-5.551115123125783e-17,1.0
CAP,0.2,0.15,inward,12,arrived,0.004866651586409865,9.599999999999998,6.22579290059799,1.8433202684327328,-2.0816681711721685e-17,1.0
CBF,0.2,0.15,inward,13,violation,-0.0026839894681885967,2.1999999999999997,2.216946930038846,0.1752977648341275,-1.1102230246251565e-16,1.0
RCBF,0.2,0.15,inward,13,arrived,0.0030748414006909197,9.999999999999996,6.2796582674571075,2.31120585854037,-2.7755575615628914e-17,1.0
SCBF,0.2,0.15,inward,13,violation,-0.009913970799582117,2.4,2.2371593157946426,0.35789371145311943,0.0,1.0
SRCBF,0.2,0.15,inward,13,arrived,0.006709479457011058,9.999999999999996,6.262841733822511,2.302842476748907,-1.1102230246251565e-16,1.0000000000000002
CAP,0.2,0.15,inward,13,arrived,0.0030748414006909197,9.999999999999996,6.2796582674571075,2.31120585854037,-2.7755575615628914e-17,1.0
CBF,0.2,0.15,inward,14,violation,-0.0026007960511463812,2.1999999999999997,2.2175784188884946,0.17477068831363615,-1.1102230246251565e-16,1.0
RCBF,0.2,0.15,inward,14,arrived,0.0031830844101897737,9.999999999999996,6.277483395313673,2.2809113655722353,-4.85722573273506e-17,1.0
SCBF,0.2,0.15,inward,14,violation,-0.009840014071273662,2.4,2.2382999746264276,0.3572218970821947,-1.1102230246251565e-16,1.0
SRCBF,0.2,0.15,inward,14,arrived,0.006884453697842741,9.999999999999996,6.260518466518547,2.272411258289818,-5.551115123125783e-17,1.0
CAP,0.2,0.15,inward,14,arrived,0.0031830844101897737,9.999999999999996,6.277483395313673,2.2809113655722353,-4.85722573273506e-17,1.0
CBF,0.2,0.15,inward,15,violation,-0.0022324707638360364,2.1999999999999997,2.2203220188480395,0.1724554790431091,-2.7755575615628914e-17,1.0
RCBF,0.2,0.15,inward,15,arrived,0.0035913204671844667,9.799999999999997,6.261204254582816,2.1628253622039937,-2.7755575615628914e-17,1.0000000000000002
SCBF,0.2,0.15,inward,15,violation,-0.009516113303001839,2.4,2.243185373254165,0.35429682087010494,-1.1102230246251565e-16,1.0
SRCBF,0.2,0.15,inward,15,arrived,0.007626221036427849,9.799999999999997,6.244903686097628,2.155497238352576,-1.1102230246251565e-16,1.0000000000000002
CAP,0.2,0.15,inward,15,arrived,0.0035913204671844667,9.799999999999997,6.261204254582816,2.1628253622039937,-2.7755575615628914e-17,1.0000000000000002
CBF,0.2,0.15,inward,16,violation,-0.0018580925749221988,2.1999999999999997,2.2230377795373304,0.17013058473681708,-1.1102230246251565e-16,1.0
RCBF,0.2,0.15,inward,16,arrived,0.0039343608854516265,9.799999999999997,6.2530694349657026,2.0636665942465737,-2.7755575615628914e-17,1.0
SCBF,0.2,0.15,inward,16,violation,-0.009191530897273759,2.4,2.2479273283961647,0.35139129192372753,-5.551115123125783e-17,1.0
SRCBF,0.2,0.15,inward,16,arrived,0.008337250811942032,9.799999999999997,6.2359336096740074,2.056824181239268,-5.551115123125783e-17,1.0
CAP,0.2,0.15,inward,16,arrived,0.0039343608854516265,9.799999999999997,6.2530694349657026,2.0636665942465737,-2.7755575615628914e-17,1.0
CBF,0.2,0.15,inward,17,violation,-0.002635796201484575,2.1999999999999997,2.217313332228928,0.17499223837870587,0.0,1.0
RCBF,0.2,0.15,inward,17,arrived,0.0031377430699041087,9.999999999999996,6.278533308499984,2.2934476687741823,-5.551115123125783e-17,1.0
SCBF,0.2,0.15,inward,17,violation,-0.009871087364480502,2.4,2.2378219636810246,0.35750397539814166,-1.1102230246251565e-16,1.0
SRCBF,0.2,0.15,inward,17,arrived,0.00681122438611681,9.999999999999996,6.261471070976541,2.284999712891972,-1.1102230246251565e-16,1.0
CAP,0.2,0.15,inward,17,arrived,0.0031377430699041087,9.999999999999996,6.278533308499984,2.2934476687741823,-5.551115123125783e-17,1.0
CBF,0.2,0.15,inward,18,violation,-0.0013021339178027613,2.1999999999999997,2.2269625825876393,0.16672677209268333,0.0,1.0
RCBF,0.2,0.15,inward,18,arrived,0.004416319155032711,9.599999999999998,6.235431858335299,1.942534003464039,-4.163336342344337e-17,1.0
SCBF,0.2,0.15,inward,18,violation,-0.008715876456119598,2.4,2.2546504717447,0.3471757406423482,-2.220446049250313e-16,1.0
SRCBF,0.2,0.15,inward,18,arrived,0.009334328805898906,9.799999999999997,6.2252599461194995,1.9366843056035554,-1.1102230246251565e-16,1.0
CAP,0.2,0.15,inward,18,arrived,0.004416319155032711,9.599999999999998,6.235431858335299,1.942534003464039,-4.163336342344337e-17,1.0
CBF,0.2,0.15,inward,19,violation,-0.0013755993037127823,2.1999999999999997,2.2264504798534435,0.16717334057160843,0.0,1.0
RCBF,0.2,0.15,inward,19,arrived,0.004354167800796782,9.599999999999998,6.236888208697482,1.9572436479381174,-6.938893903907228e-17,1.0
SCBF,0.2,0.15,inward,19,violation,-0.008778363544174383,2.4,2.2537808285750813,0.3477267927358637,-6.938893903907228e-18,1.0
SRCBF,0.2,0.15,inward,19,arrived,0.009205984737293171,9.799999999999997,6.2267427669150255,1.9511422826189515,-5.551115123125783e-17,1.0
CAP,0.2,0.15,inward,19,arrived,0.004354167800796782,9.599999999999998,6.236888208697482,1.9572436479381174,-6.938893903907228e-17,1.0
CBF,0.5,0.15,inward,0,violation,-0.02971860276752747,2.0,2.2394511903971512,0.0,0.5834842280232418,1.0
RCBF,0.5,0.15,inward,0,violation,-0.02971860276752747,2.0,2.2394511903971512,0.0,0.46348422802324174,1.0
SCBF,0.5,0.15,inward,0,violation,-0.04279748067574163,2.5,2.2827530932416185,0.41732215518124977,1.3877787807814457e-17,1.0
SRCBF,0.5,0.15,inward,0,arrived,0.012659502870021044,10.0,6.318329057999086,2.4692115860146497,-3.469446951953614e-17,1.0
CAP,0.5,0.15,inward,0,arrived,0.0014095209197249048,9.5,6.354451171979678,2.53660209342907,-4.163336342344337e-17,1.0
CBF,0.5,0.15,inward,1,violation,-0.02768934099410081,2.0,2.239370087340449,0.0,0.5885043231849696,1.0
RCBF,0.5,0.15,inward,1,violation,-0.02768934099410081,2.0,2.239370087340449,0.0,0.4685043231849695,1.0
SCBF,0.5,0.15,inward,1,violation,-0.04208785865676834,2.5,2.287888317442429,0.41443733624189444,2.7755575615628914e-17,1.0
SRCBF,0.5,0.15,inward,1,arrived,0.01384733865048049,9.5,6.295292932264512,2.3656534372185734,-6.938893903907228e-17,1.0
CAP,0.5,0.15,inward,1,arrived,0.0016160964887702578,9.5,6.3449773627776205,2.4294300034257663,-4.163336342344337e-17,1.0
CBF,0.5,0.15,inward,2,violation,-0.023021826983392835,2.0,2.239191974806915,0.0,0.600182286267081,1.0
RCBF,0.5,0.15,inward,2,violation,-0.023021826983392835,2.0,2.239191974806915,0.0,0.4801822862670809,1.0
SCBF,0.5,0.15,inward,2,violation,-0.040528582884357234,2.5,2.298984573987886,0.4080455660168971,0.0,1.0
SRCBF,0.5,0.15,inward,2,arrived,0.016396602164465146,9.5,6.275196545246118,2.171768248598812,-3.469446951953614e-17,1.0
CAP,0.5,0.15,inward,2,arrived,0.0020681086528313575,9.5,6.327917183374213,2.234756913022168,-2.220446049250313e-16,1.0
CBF,0.5,0.15,inward,3,violation,-0.019257867846583676,2.0,2.239054238946065,0.0,0.6096958892517264,1.0
RCBF,0.5,0.15,inward,3,violation,-0.019257867846583676,2.0,2.239054238946065,0.0,0.48969588925172625,1.0
SCBF,0.5,0.15,inward,3,violation,-0.039324165073979844,2.5,2.3073919746722322,0.4030800950119657,0.0,0.9999999999999999
SRCBF,0.5,0.15,inward,3,arrived,0.018322061604313378,9.5,6.262451075684822,2.04804827860584,-4.5102810375396984e-17,1.0
CAP,0.5,0.15,inward,3,arrived,0.0024160786140799972,9.5,6.319954077801669,2.1154946850176133,-1.1102230246251565e-16,1.0
CBF,0.5,0.15,inward,4,violation,-0.03381374368990864,2.0,2.239626653329171,0.0,0.5735278196459421,1.0000000000000002
RCBF,0.5,0.15,inward,4,violation,-0.03381374368990864,2.0,2.239626653329171,0.0,0.45352781964594224,1.0000000000000002
SCBF,0.5,0.15,inward,4,violation,-0.04432741850775557,2.5,2.271495653383318,0.4234487773163194,-1.1102230246251565e-16,1.0000000000000002
SRCBF,0.5,0.15,inward,4,arrived,0.01000352529532944,10.0,6.337037019483653,2.767952570898677,-1.1102230246251565e-16,1.0000000000000002
CAP,0.5,0.15,inward,4,arrived,0.000961019359844717,10.0,6.383628088082907,2.827982924904345,-2.220446049250313e-16,1.0000000000000002
CBF,0.5,0.15,inward,5,violation,-0.0321201548761314,2.0,2.2395515782687445,0.0,0.5776089309435309,1.0
RCBF,0.5,0.15,inward,5,violation,-0.0321201548761314,2.0,2.2395515782687445,0.0,0.45760893094353083,1.0
SCBF,0.5,0.15,inward,5,violation,-0.04367415422709886,2.5,2.276332802145828,0.42085261312392663,-1.3877787807814457e-17,1.0
SRCBF,0.5,0.15,inward,5,arrived,0.011157902807557907,10.0,6.3260563384873105,2.6233283457571455,-2.7755575615628914e-17,1.0
CAP,0.5,0.15,inward,5,arrived,0.0011531816785065319,10.0,6.379461530835833,2.688763304925251,-1.3877787807814457e-17,1.0
CBF,0.5,0.15,inward,6,violation,-0.028133513956727252,2.0,2.2393876063311238,0.0,0.5874019526514788,1.0
RCBF,0.5,0.15,inward,6,violation,-0.028133513956727252,2.0,2.2393876063311238,0.0,0.46740195265147866,1.0
SCBF,0.5,0.15,inward,6,violation,-0.04224120105518159,2.5,2.2867832944340702,0.41506234565822253,-2.220446049250313e-16,1.0
SRCBF,0.5,0.15,inward,6,arrived,0.01359238099889759,9.5,6.297362686554407,2.387134180549445,-2.220446049250313e-16,1.0
CAP,0.5,0.15,inward,6,arrived,0.0015715139496004227,9.5,6.3469727792371575,2.451493851439787,-2.220446049250313e-16,1.0
CBF,0.5,0.15,inward,7,violation,-0.02953497581381037,2.0,2.239443731072937,0.0,0.5839366728225424,1.0
RCBF,0.5,0.15,inward,7,violation,-0.02953497581381037,2.0,2.239443731072937,0.0,0.4639366728225425,1.0
SCBF,0.5,0.15,inward,7,violation,-0.04273224944900844,2.5,2.283227444301503,0.4170578368011065,0.0,1.0
SRCBF,0.5,0.15,inward,7,arrived,0.012769593250045896,9.5,6.302408745115575,2.459235079033884,-2.7755575615628914e-17,1.0
CAP,0.5,0.15,inward,7,arrived,0.0014285398849510633,9.5,6.353563230135786,2.526192597204154,-4.163336342344337e-17,1.0
CBF,0.5,0.15,inward,8,violation,-0.024319072756828874,2.0,2.239240530961712,0.0,0.5969214841366375,1.0
RCBF,0.5,0.15,inward,8,violation,-0.024319072756828874,2.0,2.239240530961712,0.0,0.4769214841366376,1.0
SCBF,0.5,0.15,inward,8,violation,-0.04095358616557909,2.5,2.295984779757086,0.4097930513690252,-3.3306690738754696e-16,1.0
SRCBF,0.5,0.15,inward,8,arrived,0.015708772533307713,9.5,6.28037068500959,2.220503686507464,-2.220446049250313e-16,1.0
CAP,0.5,0.15,inward,8,arrived,0.0019451100903481455,9.5,6.331876481738407,2.2828739367379267,-2.220446049250313e-16,1.0
CBF,0.5,0.15,inward,9,violation,-0.032952095230352474,2.0,2.2395878967735277,0.0,0.5755961284257637,1.0000000000000002
RCBF,0.5,0.15,inward,9,violation,-0.032952095230352474,2.0,2.2395878967735277,0.0,0.4555961284257636,1.0000000000000002
SCBF,0.5,0.15,inward,9,violation,-0.04399051624606087,2.5,2.273995656688905,0.42211436094685345,-1.1102230246251565e-16,1.0000000000000002
SRCBF,0.5,0.15,inward,9,arrived,0.010603576433784179,10.0,6.330849043789884,2.689731911355917,-1.1102230246251565e-16,1.0000000000000002
CAP,0.5,0.15,inward,9,arrived,0.0010602693474757174,10.0,6.380654580209094,2.751948015135017,-2.220446049250313e-16,1.0000000000000002
CBF,0.5,0.15,inward,10,violation,-0.03395956885608431,2.0,2.2396333482706567,0.0,0.5731797129794938,1.0
RCBF,0.5,0.15,inward,10,violation,-0.03395956885608431,2.0,2.2396333482706567,0.0,0.45317971297949367,1.0
SCBF,0.5,0.15,inward,10,violation,-0.04438552894188896,2.5,2.2710633459823013,0.42367784610785003,-1.1102230246251565e-16,1.0
SRCBF,0.5,0.15,inward,10,arrived,0.009898832410143221,10.0,6.33820627418562,2.782298670006489,-2.220446049250313e-16,1.0
CAP,0.5,0.15,inward,10,arrived,0.0009438641336921849,10.0,6.384316501277886,2.8421010844473873,-2.220446049250313e-16,1.0
CBF,0.5,0.15,inward,11,violation,-0.020212315610705467,2.0,2.239088770733271,0.0,0.6072767805524518,1.0
RCBF,0.5,0.15,inward,11,violation,-0.020212315610705467,2.0,2.239088770733271,0.0,0.4872767805524517,1.0
SCBF,0.5,0.15,inward,11,violation,-0.03962591987489139,2.5,2.305298132302968,0.4043255310741472,0.0,1.0
SRCBF,0.5,0.15,inward,11,arrived,0.017842729472243635,9.5,6.26535153792404,2.077182789070469,-4.163336342344337e-17,1.0000000000000002
CAP,0.5,0.15,inward,11,arrived,0.002328968732620118,9.5,6.321486913879714,2.1431760532687156,-4.85722573273506e-17,1.0
CBF,0.5,0.15,inward,12,violation,-0.022802444451105797,2.0,2.2391838240359476,0.0,0.600734728966389,1.0
RCBF,0.5,0.15,inward,12,violation,-0.022802444451105797,2.0,2.2391838240359476,0.0,0.48073472896638914,1.0
SCBF,0.5,0.15,inward,12,violation,-0.04045725628859731,2.5,2.299486275888479,0.40775199957054425,-1.3877787807814457e-17,1.0
SRCBF,0.5,0.15,inward,12,arrived,0.016511580908044943,9.5,6.274359259630577,2.1638644794013766,-2.0816681711721685e-17,1.0
CAP,0.5,0.15,inward,12,arrived,0.002088738796877987,9.5,6.327309759967357,2.2270102923144734,-6.938893903907228e-18,1.0
CBF,0.5,0.15,inward,13,violation,-0.03288474347257697,2.0,2.2395849195084683,0.0,0.5757585465651778,1.0
RCBF,0.5,0.15,inward,13,violation,-0.03288474347257697,2.0,2.2395849195084683,0.0,0.45575854656517767,1.0
SCBF,0.5,0.15,inward,13,violation,-0.043964603557401616,2.5,2.2741874775148374,0.42201130922183516,0.0,1.0
SRCBF,0.5,0.15,inward,13,arrived,0.010649286906170174,10.0,6.3304179558865235,2.6840475245162,-2.7755575615628914e-17,1.0
CAP,0.5,0.15,inward,13,arrived,0.0010678894168397735,10.0,6.3804986686267045,2.7464878787544547,-4.163336342344337e-17,1.0
CBF,0.5,0.15,inward,14,violation,-0.03245818293178515,2.0,2.239566219110733,0.0,0.5767894316426242,1.0
RCBF,0.5,0.15,inward,14,violation,-0.03245818293178515,2.0,2.239566219110733,0.0,0.4567894316426243,1.0
SCBF,0.5,0.15,inward,14,violation,-0.04380175327663838,2.5,2.2753914112633673,0.4213624373039771,0.0,1.0
SRCBF,0.5,0.15,inward,14,arrived,0.010935273237536403,10.0,6.327864643376041,2.6493409387888893,-6.938893903907228e-18,1.0000000000000002
CAP,0.5,0.15,inward,14,arrived,0.0011157375454418084,10.0,6.379757163415772,2.7133556464642985,-1.3877787807814457e-17,1.0
CBF,0.5,0.15,inward,15,violation,-0.030557039197673275,2.0,2.239485603159108,0.0,0.5814236587883165,1.0
RCBF,0.5,0.15,inward,15,violation,-0.030557039197673275,2.0,2.239485603159108,0.0,0.46142365878831637,1.0
SCBF,0.5,0.15,inward,15,violation,-0.04309828515567016,2.5,2.280559634081378,0.4185383759254172,0.0,1.0
SRCBF,0.5,0.15,inward,15,arrived,0.012149153955643421,10.0,6.320058473220671,2.5176222858095088,-4.683753385137379e-17,1.0
CAP,0.5,0.15,inward,15,arrived,0.0013217281269531922,9.5,6.358357962919349,2.5861701727773023,-1.3877787807814457e-17,1.0
CBF,0.5,0.15,inward,16,violation,-0.028607984143763754,2.0,2.239406456874198,0.0,0.5862264808786828,1.0
RCBF,0.5,0.15,inward,16,violation,-0.028607984143763754,2.0,2.239406456874198,0.0,0.4662264808786827,1.0
SCBF,0.5,0.15,inward,16,violation,-0.042406169339393895,2.5,2.2855916425133977,0.4157337991980811,-1.1102230246251565e-16,1.0
SRCBF,0.5,0.15,inward,16,arrived,0.013317081279054288,9.5,6.299160324306242,2.4107820594038034,-1.1102230246251565e-16,1.0
CAP,0.5,0.15,inward,16,arrived,0.0015235184180358852,9.5,6.349159197058888,2.475886872861096,-2.220446049250313e-16,1.0
CBF,0.5,0.15,inward,17,violation,-0.032637786273360336,2.0,2.239574061018126,0.0,0.5763549179358589,1.0
RCBF,0.5,0.15,inward,17,violation,-0.032637786273360336,2.0,2.239574061018126,0.0,0.4563549179358588,1.0
SCBF,0.5,0.15,inward,17,violation,-0.04387006215203748,2.5,2.274886745388801,0.4216348659839585,-1.1102230246251565e-16,1.0
SRCBF,0.5,0.15,inward,17,arrived,0.010815577004300914,10.0,6.328902570453675,2.6636882428525275,-1.1102230246251565e-16,1.0
CAP,0.5,0.15,inward,17,arrived,0.001095675649494643,10.0,6.380018216900965,2.7270087401002847,-4.640385298237959e-17,1.0
CBF,0.5,0.15,inward,18,violation,-0.02569058551852277,2.0,2.2392926018259716,0.0,0.5934858736142435,1.0
RCBF,0.5,0.15,inward,18,violation,-0.02569058551852277,2.0,2.2392926018259716,0.0,0.47348587361424344,1.0
SCBF,0.5,0.15,inward,18,violation,-0.04140946970420378,2.5,2.292746799808095,0.4116635790925892,-1.1102230246251565e-16,1.0
SRCBF,0.5,0.15,inward,18,arrived,0.014965437554984029,9.5,6.286222782145204,2.2760717181921506,-1.1102230246251565e-16,1.0
CAP,0.5,0.15,inward,18,arrived,0.0018130190962013515,9.5,6.336736875954552,2.338433390162387,-1.1102230246251565e-16,1.0
CBF,0.5,0.15,inward,19,violation,-0.026077431210265845,2.0,2.239307440494737,0.0,0.5925192492409654,1.0
RCBF,0.5,0.15,inward,19,violation,-0.026077431210265845,2.0,2.239307440494737,0.0,0.47251924924096556,1.0
SCBF,0.5,0.15,inward,19,violation,-0.04153939166482523,2.5,2.2918200861987184,0.4121957814003558,1.3877787807814457e-17,1.0
SRCBF,0.5,0.15,inward,19,arrived,0.014752466741209891,9.5,6.287935352850199,2.2925680543344127,-1.3877787807814457e-17,1.0
CAP,0.5,0.15,inward,19,arrived,0.0017753412817848035,9.5,6.338229088622464,2.35506205126691,-1.3877787807814457e-17,1.0
CBF,0.8,0.15,inward,0,violation,-0.4650848475204813,2.4000000000000004,2.6872205870641426,0.0,0.2500162764493359,1.0
RCBF,0.8,0.15,inward,0,violation,-0.4650848475204813,2.4000000000000004,2.6872205870641426,0.0,0.13001627644933578,1.0
SCBF,0.8,0.15,inward,0,violation,-0.05330152319410253,2.4000000000000004,2.272727215515647,0.21859829877669218,5.551115123125783e-17,1.0
SRCBF,0.8,0.15,inward,0,arrived,0.017808067600016075,9.6,6.394124079072015,2.871233149650449,-5.551115123125783e-17,1.0
CAP,0.8,0.15,inward,0,arrived,0.004377180374207423,9.6,6.413676737310896,2.840891056740178,-5.551115123125783e-17,1.0000000000000002
CBF,0.8,0.15,inward,1,violation,-0.46131922525177294,2.4000000000000004,2.6871056596654044,0.0,0.25540702495079914,1.0
RCBF,0.8,0.15,inward,1,violation,-0.46131922525177294,2.4000000000000004,2.6871056596654044,0.0,0.13540702495079904,1.0
SCBF,0.8,0.15,inward,1,violation,-0.052425239646451294,2.4000000000000004,2.2751803645762867,0.21644344575209457,5.551115123125783e-17,1.0
SRCBF,0.8,0.15,inward,1,arrived,0.019940184906461544,9.6,6.382065926811948,2.749691612085451,-1.3877787807814457e-17,1.0
CAP,0.8,0.15,inward,1,arrived,0.00501514118070534,9.6,6.401053485418691,2.7178975315005878,-4.163336342344337e-17,1.0
CBF,0.8,0.15,inward,2,violation,-0.45295447210689965,2.4000000000000004,2.6868535311971233,0.0,0.26789529882304497,1.0
RCBF,0.8,0.15,inward,2,violation,-0.45295447210689965,2.4000000000000004,2.6868535311971233,0.0,0.14789529882304508,1.0
SCBF,0.8,0.15,inward,2,violation,-0.05049147281918598,2.4000000000000004,2.2807199275107766,0.21154877302912026,1.1102230246251565e-16,1.0
SRCBF,0.8,0.15,inward,2,arrived,0.02454531756309941,9.6,6.3573747632037305,2.526824145641496,-1.3877787807814457e-17,1.0
CAP,0.8,0.15,inward,2,arrived,0.0064077395886026345,9.6,6.375887527412026,2.495286084371157,0.0,1.0
CBF,0.8,0.15,inward,3,violation,-0.44643687139806576,2.4000000000000004,2.6866588163283964,0.0,0.27803195055957264,1.0
RCBF,0.8,0.15,inward,3,violation,-0.44643687139806576,2.4000000000000004,2.6866588163283964,0.0,0.15803195055957253,1.0
SCBF,0.8,0.15,inward,3,violation,-0.04899137377370133,2.4000000000000004,2.2851068985369816,0.20765659535903486,-5.551115123125783e-17,1.0
SRCBF,0.8,0.15,inward,3,arrived,0.028036373086852473,8.799999999999999,6.318632816946257,2.3879462396042066,-5.551115123125783e-17,1.0
CAP,0.8,0.15,inward,3,arrived,0.007476646491833661,8.799999999999999,6.340779605644864,2.359048388315392,-1.3877787807814457e-17,1.0
CBF,0.8,0.15,inward,4,violation,-0.4730532943872406,2.4000000000000004,2.687469476081351,0.0,0.23925453037430378,1.0
RCBF,0.8,0.15,inward,4,violation,-0.4730532943872406,2.4000000000000004,2.687469476081351,0.0,0.11925453037430389,1.0
SCBF,0.8,0.15,inward,4,violation,-0.05517995619904392,2.4000000000000004,2.267649857179044,0.22301091566860928,5.551115123125783e-17,1.0
SRCBF,0.8,0.15,inward,4,arrived,0.013114512347592422,9.6,6.414966523487064,3.1902160437711706,-2.7755575615628914e-17,1.0
CAP,0.8,0.15,inward,4,arrived,0.002988845642846183,9.6,6.439629500514662,3.1675215660055582,-2.7755575615628914e-17,1.0
CBF,0.8,0.15,inward,5,violation,-0.4696826974018586,2.4000000000000004,2.687362943713241,0.0,0.24368078332666565,1.0
RCBF,0.8,0.15,inward,5,violation,-0.4696826974018586,2.4000000000000004,2.687362943713241,0.0,0.12368078332666577,1.0
SCBF,0.8,0.15,inward,5,violation,-0.05437999104869751,2.4000000000000004,2.269775394129813,0.2211739232990221,0.0,1.0
SRCBF,0.8,0.15,inward,5,arrived,0.015136880762516736,9.6,6.408399980251522,3.043142370431359,0.0,1.0
CAP,0.8,0.15,inward,5,arrived,0.003584222046946306,9.6,6.429573355403222,3.016386189753906,-2.7755575615628914e-17,1.0
CBF,0.8,0.15,inward,6,violation,-0.46213562282017623,2.4000000000000004,2.687130478692424,0.0,0.25422467757369005,0.9999999999999999
RCBF,0.8,0.15,inward,6,violation,-0.46213562282017623,2.4000000000000004,2.687130478692424,0.0,0.13422467757369017,0.9999999999999999
SCBF,0.8,0.15,inward,6,violation,-0.05261481887514896,2.4000000000000004,2.2746461145973598,0.21691359373596725,0.0,0.9999999999999999
SRCBF,0.8,0.15,inward,6,arrived,0.019481535712714937,9.6,6.384638603940295,2.7747607103671665,-6.938893903907228e-18,1.0
CAP,0.8,0.15,inward,6,arrived,0.0048775388124489005,9.6,6.403694204704527,2.743184588088633,-6.938893903907228e-18,1.0000000000000002
CBF,0.8,0.15,inward,7,violation,-0.4647401127543056,2.4000000000000004,2.6872100136978334,0.0,0.25050285446888076,1.0
RCBF,0.8,0.15,inward,7,violation,-0.4647401127543056,2.4000000000000004,2.6872100136978334,0.0,0.13050285446888088,1.0
SCBF,0.8,0.15,inward,7,violation,-0.05322108584810947,2.4000000000000004,2.2729505735406113,0.21840255450616605,-1.1102230246251565e-16,1.0
SRCBF,0.8,0.15,inward,7,arrived,0.01800511414542938,9.6,6.393009161456188,2.8594501539719746,-5.551115123125783e-17,1.0
CAP,0.8,0.15,inward,7,arrived,0.0044359557157189755,9.6,6.41248277428036,2.8289252123786306,-1.1102230246251565e-16,1.0
CBF,0.8,0.15,inward,8,violation,-0.4552441194802463,2.4000000000000004,2.6869222282985885,0.0,0.2644141045889823,1.0
RCBF,0.8,0.15,inward,8,violation,-0.4552441194802463,2.4000000000000004,2.6869222282985885,0.0,0.14441410458898218,1.0
SCBF,0.8,0.15,inward,8,violation,-0.051019554565807756,2.4000000000000004,2.279192610569365,0.21290119306042932,0.0,0.9999999999999999
SRCBF,0.8,0.15,inward,8,arrived,0.02330018608815776,9.6,6.364259207712428,2.5822600423559146,-1.3877787807814457e-17,1.0
CAP,0.8,0.15,inward,8,arrived,0.006029251016876125,9.6,6.382270691068339,2.5502519352793254,-3.469446951953614e-17,1.0
CBF,0.8,0.15,inward,9,violation,-0.471322205091327,2.4000000000000004,2.687414472674572,0.0,0.24150111703760624,0.9999999999999999
RCBF,0.8,0.15,inward,9,violation,-0.471322205091327,2.4000000000000004,2.687414472674572,0.0,0.12150111703760613,0.9999999999999999
SCBF,0.8,0.15,inward,9,violation,-0.05476784311151539,2.4000000000000004,2.26873681961245,0.22207383330486608,-5.551115123125783e-17,0.9999999999999999
SRCBF,0.8,0.15,inward,9,arrived,0.014161302313482005,9.6,6.412781591496891,3.112047999568523,-5.551115123125783e-17,1.0
CAP,0.8,0.15,inward,9,arrived,0.0032964518726403824,9.6,6.434802126349229,3.0871715006672837,-2.7755575615628914e-17,1.0
CBF,0.8,0.15,inward,10,violation,-0.4733501123021255,2.4000000000000004,2.6874789791363844,0.0,0.23887560548761022,1.0
RCBF,0.8,0.15,inward,10,violation,-0.4733501123021255,2.4000000000000004,2.6874789791363844,0.0,0.11887560548761034,1.0
SCBF,0.8,0.15,inward,10,violation,-0.05525093406359216,2.4000000000000004,2.267464583715163,0.22317007457856733,0.0,0.9999999999999999
SRCBF,0.8,0.15,inward,10,arrived,0.012933064121665283,9.6,6.414492564458188,3.204626796655052,-3.469446951953614e-17,1.0
CAP,0.8,0.15,inward,10,arrived,0.0029356547804950672,9.6,6.440354275807096,3.181934684494638,-2.7755575615628914e-17,1.0
CBF,0.8,0.15,inward,11,violation,-0.4480732803746966,2.4000000000000004,2.686707611863376,0.0,0.27545693414173555,1.0
RCBF,0.8,0.15,inward,11,violation,-0.4480732803746966,2.4000000000000004,2.686707611863376,0.0,0.15545693414173545,1.0
SCBF,0.8,0.15,inward,11,violation,-0.049367675841661574,2.4000000000000004,2.2840002772187864,0.20863921058837398,-1.1102230246251565e-16,1.0
SRCBF,0.8,0.15,inward,11,arrived,0.02716675097136323,8.799999999999999,6.321314038311272,2.42040284666138,-1.1102230246251565e-16,1.0
CAP,0.8,0.15,inward,11,arrived,0.007209317564806472,8.799999999999999,6.342753538821537,2.390679726820024,-1.1102230246251565e-16,1.0
CBF,0.8,0.15,inward,12,violation,-0.4525696230315506,2.4000000000000004,2.686842002255334,0.0,0.26848469918306883,1.0
RCBF,0.8,0.15,inward,12,violation,-0.4525696230315506,2.4000000000000004,2.686842002255334,0.0,0.14848469918306895,1.0
SCBF,0.8,0.15,inward,12,violation,-0.05040277932551773,2.4000000000000004,2.280977386284153,0.21132063293497222,1.1102230246251565e-16,1.0
SRCBF,0.8,0.15,inward,12,arrived,0.024753584449481614,9.6,6.356284890426627,2.51787163772507,-1.3877787807814457e-17,1.0
CAP,0.8,0.15,inward,12,arrived,0.006471188698677355,9.6,6.37490038401315,2.4864381500746227,0.0,1.0
CBF,0.8,0.15,inward,13,violation,-0.4711883906502172,2.4000000000000004,2.6874102479822204,0.0,0.24167722139894998,1.0
RCBF,0.8,0.15,inward,13,violation,-0.4711883906502172,2.4000000000000004,2.6874102479822204,0.0,0.12167722139894988,1.0
SCBF,0.8,0.15,inward,13,violation,-0.054736104857887824,2.4000000000000004,2.26882127088363,0.22200081052894524,5.551115123125783e-17,1.0
SRCBF,0.8,0.15,inward,13,arrived,0.014241468517911082,9.6,6.412448737343149,3.1062529720324465,0.0,1.0
CAP,0.8,0.15,inward,13,arrived,0.003320059995001734,9.6,6.434394569439982,3.0812093583343514,-3.469446951953614e-18,1.0
CBF,0.8,0.15,inward,14,violation,-0.47034544045629095,2.4000000000000004,2.687383714557417,0.0,0.24279404076514433,1.0
RCBF,0.8,0.15,inward,14,violation,-0.47034544045629095,2.4000000000000004,2.687383714557417,0.0,0.12279404076514444,1.0
SCBF,0.8,0.15,inward,14,violation,-0.05453651871545695,2.4000000000000004,2.269354574893949,0.2215390344252804,1.1102230246251565e-16,1.0
SRCBF,0.8,0.15,inward,14,arrived,0.014744210616226328,9.6,6.410244699149741,3.0704577092731284,-1.3877787807814457e-17,1.0
CAP,0.8,0.15,inward,14,arrived,0.0034682718538205926,9.6,6.431742771084546,3.0444183064366546,-2.7755575615628914e-17,1.0
CBF,0.8,0.15,inward,15,violation,-0.46667026231415226,2.4000000000000004,2.6872693741485323,0.0,0.24779812605804885,1.0
RCBF,0.8,0.15,inward,15,violation,-0.46667026231415226,2.4000000000000004,2.6872693741485323,0.0,0.12779812605804897,1.0
SCBF,0.8,0.15,inward,15,violation,-0.053672124263407284,2.4000000000000004,2.271703461055679,0.21949410811295278,0.0,1.0
SRCBF,0.8,0.15,inward,15,arrived,0.016896479168746703,9.6,6.399219915646927,2.927293248080096,-4.163336342344337e-17,1.0
CAP,0.8,0.15,inward,15,arrived,0.004105765708136366,9.6,6.419210400137924,2.8979363530507927,-2.7755575615628914e-17,1.0
CBF,0.8,0.15,inward,16,violation,-0.4630123539943164,2.4000000000000004,2.687157188030596,0.0,0.2529630960648369,1.0
RCBF,0.8,0.15,inward,16,violation,-0.4630123539943164,2.4000000000000004,2.687157188030596,0.0,0.1329630960648368,1.0
SCBF,0.8,0.15,inward,16,violation,-0.052818638150928354,2.4000000000000004,2.2740738173016846,0.21741672610010201,0.0,1.0
SRCBF,0.8,0.15,inward,16,arrived,0.01898685987405524,9.6,6.387435736440995,2.802445052209505,-2.0816681711721685e-17,1.0
CAP,0.8,0.15,inward,16,arrived,0.004729352777911089,9.6,6.406597364686348,2.771160296115835,-1.3877787807814457e-17,1.0
CBF,0.8,0.15,inward,17,violation,-0.47069943047474255,2.4000000000000004,2.6873948407491115,0.0,0.24232349726305136,1.0
RCBF,0.8,0.15,inward,17,violation,-0.47069943047474255,2.4000000000000004,2.6873948407491115,0.0,0.12232349726305125,1.0
SCBF,0.8,0.15,inward,17,violation,-0.05462026255420904,2.4000000000000004,2.2691303468585606,0.22173332021318692,5.551115123125783e-17,1.0
SRCBF,0.8,0.15,inward,17,arrived,0.014533552945778516,9.6,6.411191558994529,3.0853426342952712,-5.551115123125783e-17,1.0
CAP,0.8,0.15,inward,17,arrived,0.003406135239608976,9.6,6.432872887085097,3.0597096318497385,-3.469446951953614e-17,1.0
CBF,0.8,0.15,inward,18,violation,-0.4576927051052891,2.4000000000000004,2.6869959289066276,0.0,0.2607417213450207,1.0
RCBF,0.8,0.15,inward,18,violation,-0.4576927051052891,2.4000000000000004,2.6869959289066276,0.0,0.14074172134502083,1.0
SCBF,0.8,0.15,inward,18,violation,-0.05158520059631155,2.4000000000000004,2.277568086702796,0.21433753614850481,-5.551115123125783e-17,1.0
SRCBF,0.8,0.15,inward,18,arrived,0.02195641159207573,9.6,6.371191425246439,2.645951116961791,-5.551115123125783e-17,1.0
CAP,0.8,0.15,inward,18,arrived,0.005622402948764704,9.6,6.390037182376911,2.613753411036972,-5.551115123125783e-17,1.0
CBF,0.8,0.15,inward,19,violation,-0.4583889434135036,2.4000000000000004,2.6870169372298025,0.0,0.2597075432554896,1.0
RCBF,0.8,0.15,inward,19,violation,-0.4583889434135036,2.4000000000000004,2.6870169372298025,0.0,0.13970754325548973,1.0
SCBF,0.8,0.15,inward,19,violation,-0.05174624250288151,2.4000000000000004,2.2771079233077662,0.21474391881506333,1.1102230246251565e-16,1.0
SRCBF,0.8,0.15,inward,19,arrived,0.021571845212600693,9.6,6.3731956753601775,2.6649566851336557,-2.7755575615628914e-17,1.0
CAP,0.8,0.15,inward,19,arrived,0.005506281016638859,9.6,6.392172797026711,2.6327696486144907,1.3877787807814457e-17,1.0
CBF,0.05,0.45,bias,0,violation,-8.358641360395325e-06,2.9999999999999973,2.38835512422908,0.5122884099247743,-1.1102230246251565e-16,1.0
RCBF,0.05,0.45,bias,0,arrived,0.01126628727482526,8.699999999999989,6.155536604845121,1.1673898828821139,-2.220446049250313e-16,1.0000000000000002
SCBF,0.05,0.45,bias,0,violation,-0.00213605835701558,3.099999999999997,2.4228488787594236,0.5786577508083965,-1.1102230246251565e-16,1.0
SRCBF,0.05,0.45,bias,0,arrived,0.012537352304040628,8.74999999999999,6.155386834570247,1.1714922649993975,-2.220446049250313e-16,1.0000000000000002
CAP,0.05,0.45,bias,0,arrived,0.01126628727482526,8.699999999999989,6.155536604845121,1.1673898828821139,-2.220446049250313e-16,1.0000000000000002
CBF,0.05,0.45,bias,1,arrived,0.012811205628463274,6.249999999999986,5.955098687941275,0.20486193328916838,-1.1102230246251565e-16,1.0000000000000002
RCBF,0.05,0.45,bias,1,arrived,0.049518756507587525,6.299999999999986,5.973016746102296,0.2520679253982679,-5.551115123125783e-17,1.0000000000000002
SCBF,0.05,0.45,bias,1,arrived,0.01541318736751518,6.249999999999986,5.953039621744959,0.20625272687863846,-1.1102230246251565e-16,1.0000000000000002
SRCBF,0.05,0.45,bias,1,arrived,0.054630190584534555,6.299999999999986,5.971122037647728,0.2568134275013558,-1.1102230246251565e-16,1.0000000000000002
CAP,0.05,0.45,bias,1,arrived,0.049518756507587525,6.299999999999986,5.973016746102296,0.2520679253982679,-5.551115123125783e-17,1.0000000000000002
CBF,0.05,0.45,bias,2,violation,-0.0015713073442972236,3.1999999999999966,2.500999704360531,0.5585379314385761,-5.551115123125783e-17,1.0
RCBF,0.05,0.45,bias,2,arrived,0.013359158144563121,8.899999999999991,6.129948846844395,0.9770602908350751,-2.220446049250313e-16,1.0000000000000002
SCBF,0.05,0.45,bias,2,violation,-0.0015447287388743458,3.2499999999999964,2.5186663636071263,0.5827884771702724,-1.1102230246251565e-16,1.0
SRCBF,0.05,0.45,bias,2,arrived,0.014777399916945488,8.899999999999991,6.126055287513086,0.9812970364644862,-2.220446049250313e-16,1.0000000000000002
CAP,0.05,0.45,bias,2,arrived,0.013359158144563121,8.899999999999991,6.129948846844395,0.9770602908350751,-2.220446049250313e-16,1.0000000000000002
CBF,0.05,0.45,bias,3,violation,-0.0009492921118470221,2.799999999999998,2.4009221535144545,0.38044175046182876,-1.1102230246251565e-16,1.0
RCBF,0.05,0.45,bias,3,arrived,0.010351220138632433,8.04999999999998,6.113555281790543,0.9310268760787956,-1.1102230246251565e-16,1.0
SCBF,0.05,0.45,bias,3,violation,-0.00132532554288467,2.849999999999998,2.4170560626976774,0.4103067708726695,-2.220446049250313e-16,1.0
SRCBF,0.05,0.45,bias,3,arrived,0.011472947375723797,8.04999999999998,6.10896816061245,0.933669720533446,-1.1102230246251565e-16,1.0000000000000002
CAP,0.05,0.45,bias,3,arrived,0.010351220138632433,8.04999999999998,6.113555281790543,0.9310268760787956,-1.1102230246251565e-16,1.0
CBF,0.05,0.45,bias,4,arrived,0.018359620273118993,9.55,5.979202947885801,0.3143835637737393,-1.1102230246251565e-16,1.0000000000000002
RCBF,0.05,0.45,bias,4,arrived,0.056787820971830105,9.600000000000001,5.999648823048306,0.37047324591464564,-2.220446049250313e-16,1.0000000000000002
SCBF,0.05,0.45,bias,4,arrived,0.020636292498828257,9.55,5.978315111233635,0.31719732868643685,-1.1102230246251565e-16,1.0000000000000002
SRCBF,0.05,0.45,bias,4,arrived,0.06181243803372538,9.650000000000002,6.001524348464084,0.3776929396014242,-1.1102230246251565e-16,1.0000000000000002
CAP,0.05,0.45,bias,4,arrived,0.056787820971830105,9.600000000000001,5.999648823048306,0.37047324591464564,-2.220446049250313e-16,1.0000000000000002
CBF,0.05,0.45,bias,5,arrived,0.047690474615084355,7.099999999999983,5.991087686078741,0.08588981527928578,-1.1102230246251565e-16,1.0000000000000002
RCBF,0.05,0.45,bias,5,arrived,0.08515723846900214,7.199999999999982,6.013228115529997,0.11589268236626545,-3.3306690738754696e-16,1.0000000000000002
SCBF,0.05,0.45,bias,5,arrived,0.05237471267688909,7.149999999999983,5.997290287192678,0.0888394774397458,-2.220446049250313e-16,1.0000000000000002
SRCBF,0.05,0.45,bias,5,arrived,0.09244005536749211,7.199999999999982,6.014078213096698,0.12113789957239067,-1.1102230246251565e-16,1.0000000000000002
CAP,0.05,0.45,bias,5,arrived,0.08515723846900214,7.199999999999982,6.013228115529997,0.11589268236626545,-3.3306690738754696e-16,1.0000000000000002
CBF,0.05,0.45,bias,6,violation,-8.915481663962499e-05,3.599999999999995,2.664590259389871,0.6985877778986359,-5.551115123125783e-17,1.0
RCBF,0.05,0.45,bias,6,arrived,0.01853401942034827,9.399999999999999,6.122157365892446,0.9510652878918667,-1.1102230246251565e-16,1.0000000000000002
SCBF,0.05,0.45,bias,6,violation,-0.0001499218105952549,3.649999999999995,2.6860985886923077,0.7146793240088313,-2.220446049250313e-16,1.0
SRCBF,0.05,0.45,bias,6,arrived,0.020480878054016327,9.399999999999999,6.118998323015839,0.9572211443863567,-1.1102230246251565e-16,1.0000000000000002
CAP,0.05,0.45,bias,6,arrived,0.01853401942034827,9.399999999999999,6.122157365892446,0.9510652878918667,-1.1102230246251565e-16,1.0000000000000002
CBF,0.05,0.45,bias,7,arrived,0.02840934705710474,6.399999999999985,5.958630140492749,0.1418391530478101,-1.1102230246251565e-16,1.0000000000000002
RCBF,0.05,0.45,bias,7,arrived,0.0650383672824767,6.449999999999985,5.976152089794666,0.1807182188910032,-2.220446049250313e-16,1.0000000000000002
SCBF,0.05,0.45,bias,7,arrived,0.031940965509214214,6.449999999999985,5.9680991121786375,0.14441872730447625,-1.1102230246251565e-16,1.0000000000000002
SRCBF,0.05,0.45,bias,7,arrived,0.07118830118311026,6.499999999999985,5.985887407324573,0.18610268667906435,-2.7755575615628914e-17,1.0000000000000002
CAP,0.05,0.45,bias,7,arrived,0.0650383672824767,6.449999999999985,5.976152089794666,0.1807182188910032,-2.220446049250313e-16,1.0000000000000002
CBF,0.05,0.45,bias,8,arrived,0.002644368487558446,6.199999999999986,5.950081489857274,0.24998089645953836,-1.1102230246251565e-16,1.0
RCBF,0.05,0.45,bias,8,arrived,0.03952273620315594,6.249999999999986,5.967892759786525,0.30269422315701333,-5.551115123125783e-17,1.0
SCBF,0.05,0.45,bias,8,arrived,0.00462105737149654,6.199999999999986,5.947236940205683,0.2500357925610882,-5.551115123125783e-17,1.0
SRCBF,0.05,0.45,bias,8,arrived,0.04398966278095151,6.249999999999986,5.9650641038294125,0.3062270273909607,-1.1102230246251565e-16,1.0000000000000002
CAP,0.05,0.45,bias,8,arrived,0.03952273620315594,6.249999999999986,5.967892759786525,0.30269422315701333,-5.551115123125783e-17,1.0
CBF,0.05,0.45,bias,9,violation,-0.001219058728415101,3.1999999999999966,2.425054896571334,0.6431869334154487,-1.1102230246251565e-16,1.0000000000000002
RCBF,0.05,0.45,bias,9,arrived,0.01241671829095714,9.049999999999994,6.172735668650763,1.2598386384133369,-5.551115123125783e-17,1.0000000000000002
SCBF,0.05,0.45,bias,9,violation,-0.001085083080785032,3.2499999999999964,2.4381306003577587,0.6715167427248347,-1.1102230246251565e-16,1.0000000000000002
SRCBF,0.05,0.45,bias,9,arrived,0.01346650036864483,9.049999999999994,6.168432151133536,1.2652492863800318,-2.220446049250313e-16,1.0000000000000002
CAP,0.05,0.45,bias,9,arrived,0.01241671829095714,9.049999999999994,6.172735668650763,1.2598386384133369,-5.551115123125783e-17,1.0000000000000002
CBF,0.05,0.45,bias,10,violation,-0.0004587469478543049,2.6999999999999984,2.3164542454384724,0.3977156546359543,-1.1102230246251565e-16,1.0
RCBF,0.05,0.45,bias,10,arrived,0.00888511426237415,8.04999999999998,6.157081121300659,1.2530223748071507,-2.220446049250313e-16,1.0000000000000002
SCBF,0.05,0.45,bias,10,violation,-0.0008971587285759863,2.7499999999999982,2.327448722332638,0.43287007483818796,-1.1102230246251565e-16,1.0
SRCBF,0.05,0.45,bias,10,arrived,0.009862705093540147,8.04999999999998,6.1514672113048405,1.2548838268880294,-1.1102230246251565e-16,1.0
CAP,0.05,0.45,bias,10,arrived,0.00888511426237415,8.04999999999998,6.157081121300659,1.2530223748071507,-2.220446049250313e-16,1.0000000000000002
CBF,0.05,0.45,bias,11,arrived,0.015613666513390245,9.45,5.951466225671932,0.24948506337147966,-2.220446049250313e-16,1.0000000000000002
RCBF,0.05,0.45,bias,11,arrived,0.053942599989942,9.5,5.969978699296101,0.29953872175616136,-1.1102230246251565e-16,1.0000000000000002
SCBF,0.05,0.45,bias,11,arrived,0.01777873722490908,9.45,5.950821156952084,0.25222935159434984,-2.220446049250313e-16,1.0000000000000002
SRCBF,0.05,0.45,bias,11,arrived,0.05885304130665492,9.5,5.970471142302559,0.3062699995985778,-3.3306690738754696e-16,1.0000000000000002
CAP,0.05,0.45,bias,11,arrived,0.053942599989942,9.5,5.969978699296101,0.29953872175616136,-1.1102230246251565e-16,1.0000000000000002
CBF,0.05,0.45,bias,12,arrived,0.016104302309056684,6.199999999999986,5.938524799435518,0.1713592274370416,-1.1102230246251565e-16,1.0
RCBF,0.05,0.45,bias,12,arrived,0.05275111753555517,6.249999999999986,5.956194691603526,0.21463797464790932,-2.220446049250313e-16,1.0
SCBF,0.05,0.45,bias,12,arrived,0.018969659801544303,6.199999999999986,5.936660386609274,0.17289067530691268,-1.1102230246251565e-16,1.0000000000000002
SRCBF,0.05,0.45,bias,12,arrived,0.058101329370179866,6.299999999999986,5.9666598608085115,0.21896625227135877,-1.1102230246251565e-16,1.0
CAP,0.05,0.45,bias,12,arrived,0.05275111753555517,6.249999999999986,5.956194691603526,0.21463797464790932,-2.220446049250313e-16,1.0
CBF,0.05,0.45,bias,13,arrived,0.037932838175901096,6.699999999999984,5.983067434280229,0.12034815736136155,-8.326672684688674e-17,1.0
RCBF,0.05,0.45,bias,13,arrived,0.07482302806928576,6.749999999999984,6.0002846966216135,0.15589140951664865,-1.1102230246251565e-16,1.0000000000000002
SCBF,0.05,0.45,bias,13,arrived,0.042044492195869365,6.699999999999984,5.982634077644692,0.12325170268522401,-1.1102230246251565e-16,1.0
SRCBF,0.05,0.45,bias,13,arrived,0.08154315240297527,6.749999999999984,6.000287082462477,0.16141185536949473,-1.1102230246251565e-16,1.0000000000000002
CAP,0.05,0.45,bias,13,arrived,0.07482302806928576,6.749999999999984,6.0002846966216135,0.15589140951664865,-1.1102230246251565e-16,1.0000000000000002
CBF,0.05,0.45,bias,14,violation,-0.00023272034275523268,3.8499999999999943,2.7798963273935455,0.7893561279852895,-2.220446049250313e-16,1.0000000000000002
RCBF,0.05,0.45,bias,14,arrived,0.02127406001510368,9.600000000000001,6.1252121469147305,0.9790758663922193,-6.591949208711867e-17,1.0000000000000002
SCBF,0.05,0.45,bias,14,violation,-0.00046267895540430537,3.899999999999994,2.8040186092723194,0.8018028409485138,-1.1102230246251565e-16,1.0000000000000002
SRCBF,0.05,0.45,bias,14,arrived,0.023474337484161723,9.600000000000001,6.122408466541482,0.9866520654977123,-1.1102230246251565e-16,1.0000000000000002
CAP,0.05,0.45,bias,14,arrived,0.02127406001510368,9.600000000000001,6.1252121469147305,0.9790758663922193,-6.591949208711867e-17,1.0000000000000002
CBF,0.05,0.45,bias,15,arrived,0.04712603155397488,7.049999999999983,5.990351772025916,0.08257157897488979,-1.1102230246251565e-16,1.0
RCBF,0.05,0.45,bias,15,arrived,0.08438490801823628,7.099999999999983,6.006402491293215,0.11207964830225063,-2.220446049250313e-16,1.0000000000000002
SCBF,0.05,0.45,bias,15,arrived,0.0516823751063038,7.049999999999983,5.990506802068621,0.08540247316090196,-1.1102230246251565e-16,1.0000000000000002
SRCBF,0.05,0.45,bias,15,arrived,0.09164974581488938,7.099999999999983,6.007111227263439,0.11716376392425319,-1.1102230246251565e-16,1.0
CAP,0.05,0.45,bias,15,arrived,0.08438490801823628,7.099999999999983,6.006402491293215,0.11207964830225063,-2.220446049250313e-16,1.0000000000000002
CBF,0.05,0.45,bias,16,violation,-0.000782749450389697,4.199999999999993,3.21763967486492,0.5187584422487072,-1.1102230246251565e-16,1.0000000000000002
RCBF,0.05,0.45,bias,16,arrived,0.03585472718478022,9.650000000000002,6.043061019312,0.5941933740682903,-2.220446049250313e-16,1.0000000000000002
SCBF,0.05,0.45,bias,16,violation,-0.001316282927785184,4.249999999999993,3.2495202177172335,0.5205770718405477,-2.220446049250313e-16,1.0000000000000002
SRCBF,0.05,0.45,bias,16,arrived,0.03919749356107771,9.700000000000003,6.043624213222626,0.6016959456200301,-2.220446049250313e-16,1.0000000000000002
CAP,0.05,0.45,bias,16,arrived,0.03585472718478022,9.650000000000002,6.043061019312,0.5941933740682903,-2.220446049250313e-16,1.0000000000000002
CBF,0.05,0.45,bias,17,violation,-0.0005943721330882168,2.549999999999999,2.3308846879868965,0.3200519112211319,-2.220446049250313e-16,1.0000000000000002
RCBF,0.05,0.45,bias,17,arrived,0.007741947682341155,7.399999999999982,6.110264632887962,1.0304774038622766,-6.938893903907228e-17,1.0000000000000002
SCBF,0.05,0.45,bias,17,violation,-0.001777798001259323,2.5999999999999988,2.345475350715031,0.3544687860814678,-1.1102230246251565e-16,1.0000000000000002
SRCBF,0.05,0.45,bias,17,arrived,0.008897604421289285,7.399999999999982,6.104605234763644,1.0313099744325385,-1.1102230246251565e-16,1.0000000000000002
CAP,0.05,0.45,bias,17,arrived,0.007741947682341155,7.399999999999982,6.110264632887962,1.0304774038622766,-6.938893903907228e-17,1.0000000000000002
CBF,0.05,0.45,bias,18,arrived,0.056105245679194726,8.04999999999998,5.972141053530797,0.05035972867802218,-1.1102230246251565e-16,1.0
RCBF,0.05,0.45,bias,18,arrived,0.0930972797642794,8.14999999999998,5.989171146541293,0.07356305806677241,-2.220446049250313e-16,1.0000000000000002
SCBF,0.05,0.45,bias,18,arrived,0.061699925161920466,8.09999999999998,5.976126174493209,0.05330205695102711,-1.1102230246251565e-16,1.0000000000000002
SRCBF,0.05,0.45,bias,18,arrived,0.1012437917878728,8.14999999999998,5.991061681140811,0.0784401565348652,-1.1102230246251565e-16,1.0
CAP,0.05,0.45,bias,18,arrived,0.0930972797642794,8.14999999999998,5.989171146541293,0.07356305806677241,-2.220446049250313e-16,1.0000000000000002
CBF,0.05,0.45,bias,19,arrived,0.021294726044340795,6.299999999999986,5.953645174414637,0.15889067727917847,-1.1102230246251565e-16,1.0000000000000002
RCBF,0.05,0.45,bias,19,arrived,0.05793488295654137,6.349999999999985,5.971172535247788,0.2001268660118237,-1.1102230246251565e-16,1.0
SCBF,0.05,0.45,bias,19,arrived,0.024488293620868018,6.299999999999986,5.951907124795247,0.16042649774598441,-1.1102230246251565e-16,1.0
SRCBF,0.05,0.45,bias,19,arrived,0.06365818219191266,6.349999999999985,5.9696755252655835,0.20463670276540336,-2.220446049250313e-16,1.0000000000000002
CAP,0.05,0.45,bias,19,arrived,0.05793488295654137,6.349999999999985,5.971172535247788,0.2001268660118237,-1.1102230246251565e-16,1.0
CBF,0.2,0.45,bias,0,violation,-0.004087099849968245,3.0000000000000004,2.3928239621660046,0.539620078968542,-2.0816681711721685e-17,1.0
RCBF,0.2,0.45,bias,0,arrived,0.026675378258343097,8.8,6.201033670676495,1.2913532745973786,-3.8163916471489756e-17,1.0000000000000002
SCBF,0.2,0.45,bias,0,violation,-0.002527397558678479,3.2000000000000006,2.4406871664867236,0.6633202084812758,-1.734723475976807e-17,1.0
SRCBF,0.2,0.45,bias,0,arrived,0.03671470323611581,8.8,6.183926191446894,1.3163016760696502,-2.220446049250313e-16,1.0
CAP,0.2,0.45,bias,0,arrived,0.026675378258343097,8.8,6.201033670676495,1.2913532745973786,-3.8163916471489756e-17,1.0000000000000002
CBF,0.2,0.45,bias,1,arrived,0.014259654263094612,6.200000000000003,5.983545918359457,0.24417737028402356,-3.469446951953614e-17,1.0000000000000002
RCBF,0.2,0.45,bias,1,arrived,0.04999876876786069,6.200000000000003,5.988567144965276,0.2936322466452574,-1.1102230246251565e-16,1.0
SCBF,0.2,0.45,bias,1,arrived,0.030187040267718013,6.200000000000003,5.970033190976035,0.24114118348533203,-1.1102230246251565e-16,1.0
SRCBF,0.2,0.45,bias,1,arrived,0.07632232660622984,6.400000000000003,6.026181213257055,0.3094033247673728,-1.1102230246251565e-16,1.0000000000000002
CAP,0.2,0.45,bias,1,arrived,0.04999876876786069,6.200000000000003,5.988567144965276,0.2936322466452574,-1.1102230246251565e-16,1.0
CBF,0.2,0.45,bias,2,violation,-0.001017487848121612,3.2000000000000006,2.5009927564011787,0.6039069675078259,-2.7755575615628914e-17,1.0
RCBF,0.2,0.45,bias,2,arrived,0.03089811095388406,8.8,6.1602095917385125,1.0831031280586436,-4.683753385137379e-17,1.0
SCBF,0.2,0.45,bias,2,violation,-0.002896133942625445,3.600000000000001,2.6782611937763248,0.7902446569674212,-5.551115123125783e-17,1.0
SRCBF,0.2,0.45,bias,2,arrived,0.042382512703183384,9.0,6.157686601417209,1.1084623415784771,-5.551115123125783e-17,1.0000000000000002
CAP,0.2,0.45,bias,2,arrived,0.03089811095388406,8.8,6.1602095917385125,1.0831031280586436,-4.683753385137379e-17,1.0
CBF,0.2,0.45,bias,3,violation,-0.008753542995980745,2.8000000000000003,2.4074212309353613,0.3979938430192206,0.0,1.0
RCBF,0.2,0.45,bias,3,arrived,0.021915710626226215,8.000000000000004,6.146374440061606,1.040572078715238,-1.1102230246251565e-16,1.0
SCBF,0.2,0.45,bias,3,violation,-0.008094532487221029,3.0000000000000004,2.471648193321511,0.527747654412845,-1.734723475976807e-17,1.0
SRCBF,0.2,0.45,bias,3,arrived,0.03139948347127497,8.200000000000003,6.150112039264633,1.0527033515633317,-1.6653345369377348e-16,1.0
CAP,0.2,0.45,bias,3,arrived,0.021915710626226215,8.000000000000004,6.146374440061606,1.040572078715238,-1.1102230246251565e-16,1.0
CBF,0.2,0.45,bias,4,arrived,0.03587266533679112,9.399999999999999,5.998659537694766,0.35004231869769914,-2.7755575615628914e-17,1.0000000000000002
RCBF,0.2,0.45,bias,4,arrived,0.07267043940635975,9.399999999999999,6.020868162983936,0.41358669986799423,-3.3306690738754696e-16,1.0000000000000002
SCBF,0.2,0.45,bias,4,arrived,0.04781847674801287,9.399999999999999,5.994361733263204,0.3612089992700774,-2.220446049250313e-16,1.0000000000000002
SRCBF,0.2,0.45,bias,4,arrived,0.1002652140074054,9.599999999999998,6.026450590184298,0.44148082870904726,-3.3306690738754696e-16,1.0000000000000002
CAP,0.2,0.45,bias,4,arrived,0.07267043940635975,9.399999999999999,6.020868162983936,0.41358669986799423,-3.3306690738754696e-16,1.0000000000000002
CBF,0.2,0.45,bias,5,arrived,0.05417324970315507,7.0000000000000036,6.008672107359537,0.1030267258944051,-5.551115123125783e-17,1.0
RCBF,0.2,0.45,bias,5,arrived,0.09011916749515181,7.200000000000004,6.042098542731938,0.13296354233010257,-2.7755575615628914e-17,1.0000000000000002
SCBF,0.2,0.45,bias,5,arrived,0.0801544787355295,7.200000000000004,6.030314264475003,0.11185915650892693,-8.326672684688674e-17,1.0
SRCBF,0.2,0.45,bias,5,arrived,0.12656683336072583,7.200000000000004,6.046998605198328,0.1592976098788747,-5.551115123125783e-17,1.0
CAP,0.2,0.45,bias,5,arrived,0.09011916749515181,7.200000000000004,6.042098542731938,0.13296354233010257,-2.7755575615628914e-17,1.0000000000000002
CBF,0.2,0.45,bias,6,violation,-0.0011649534020886643,4.400000000000001,3.2534297559067697,0.9407697500960617,-1.1102230246251565e-16,1.0
RCBF,0.2,0.45,bias,6,arrived,0.03689854778751522,9.399999999999999,6.158863161845951,1.0566021895088338,-1.1102230246251565e-16,1.0
SCBF,0.2,0.45,bias,6,violation,-0.0004200140757756321,4.600000000000001,3.3828028834833184,0.9353436365902726,-4.163336342344337e-17,1.0
SRCBF,0.2,0.45,bias,6,arrived,0.049866571856731934,9.399999999999999,6.143272514090847,1.0764714860748317,-2.220446049250313e-16,1.0
CAP,0.2,0.45,bias,6,arrived,0.03689854778751522,9.399999999999999,6.158863161845951,1.0566021895088338,-1.1102230246251565e-16,1.0
CBF,0.2,0.45,bias,7,arrived,0.03265050312183082,6.400000000000003,5.993633436047839,0.1641092851827213,-1.1102230246251565e-16,1.0
RCBF,0.2,0.45,bias,7,arrived,0.06729720046480359,6.400000000000003,6.002918475192025,0.21145941088642986,-5.551115123125783e-17,1.0
SCBF,0.2,0.45,bias,7,arrived,0.05119768106879796,6.400000000000003,5.988698361598702,0.17534747216597352,-1.1102230246251565e-16,1.0
SRCBF,0.2,0.45,bias,7,arrived,0.09741362795939623,6.600000000000003,6.03732257828959,0.2286082301294138,-2.7755575615628914e-17,1.0
CAP,0.2,0.45,bias,7,arrived,0.06729720046480359,6.400000000000003,6.002918475192025,0.21145941088642986,-5.551115123125783e-17,1.0
CBF,0.2,0.45,bias,8,arrived,0.0035516088592403294,6.200000000000003,5.9937533326281605,0.2990542688592733,-6.938893903907228e-18,1.0
RCBF,0.2,0.45,bias,8,arrived,0.04025792394814143,6.200000000000003,5.99498943088587,0.3486899758428069,-3.469446951953614e-17,1.0
SCBF,0.2,0.45,bias,8,arrived,0.01675416245565209,6.200000000000003,5.975899066391886,0.28892250289995675,-5.551115123125783e-17,1.0
SRCBF,0.2,0.45,bias,8,arrived,0.06304033832628386,6.200000000000003,5.980900620883473,0.36608139701865616,-2.0816681711721685e-17,1.0
CAP,0.2,0.45,bias,8,arrived,0.04025792394814143,6.200000000000003,5.99498943088587,0.3486899758428069,-3.469446951953614e-17,1.0
CBF,0.2,0.45,bias,9,violation,-0.0018790167392159773,3.2000000000000006,2.4248656873095222,0.6797786488583012,-2.220446049250313e-16,1.0
RCBF,0.2,0.45,bias,9,arrived,0.02916506686017728,9.0,6.205127826955822,1.3889895766612723,-2.220446049250313e-16,1.0
SCBF,0.2,0.45,bias,9,violation,-0.0005269836644167247,3.400000000000001,2.471511974711981,0.7905260607349929,-1.1102230246251565e-16,1.0
SRCBF,0.2,0.45,bias,9,arrived,0.039982370539734635,9.2,6.204172026112429,1.4216113433606965,-2.220446049250313e-16,1.0
CAP,0.2,0.45,bias,9,arrived,0.02916506686017728,9.0,6.205127826955822,1.3889895766612723,-2.220446049250313e-16,1.0
CBF,0.2,0.45,bias,10,violation,-0.007188239506726313,2.6,2.2984813710655416,0.33196497249688955,0.0,1.0
RCBF,0.2,0.45,bias,10,arrived,0.017610375821430102,8.000000000000004,6.1907043158388815,1.406984679125116,-3.469446951953614e-17,1.0000000000000002
SCBF,0.2,0.45,bias,10,violation,-0.005981253982549228,2.8000000000000003,2.333207197608327,0.472283437292983,0.0,1.0
SRCBF,0.2,0.45,bias,10,arrived,0.025244034215876066,8.200000000000003,6.192869513926335,1.404006050289248,-2.7755575615628914e-17,1.0
CAP,0.2,0.45,bias,10,arrived,0.017610375821430102,8.000000000000004,6.1907043158388815,1.406984679125116,-3.469446951953614e-17,1.0000000000000002
CBF,0.2,0.45,bias,11,arrived,0.03175957907566884,9.2,5.965066057576926,0.2776805765199044,-2.7755575615628914e-17,1.0
RCBF,0.2,0.45,bias,11,arrived,0.0713060071265742,9.399999999999999,5.990730255657628,0.33447325256745747,-1.1102230246251565e-16,1.0
SCBF,0.2,0.45,bias,11,arrived,0.04701097694953915,9.399999999999999,5.969122773704998,0.2918955016796522,-1.1102230246251565e-16,1.0000000000000002
SRCBF,0.2,0.45,bias,11,arrived,0.09450460637508984,9.399999999999999,5.991269299639936,0.3607142271895956,-2.7755575615628914e-17,1.0000000000000002
CAP,0.2,0.45,bias,11,arrived,0.0713060071265742,9.399999999999999,5.990730255657628,0.33447325256745747,-1.1102230246251565e-16,1.0
CBF,0.2,0.45,bias,12,arrived,0.018901613261986694,6.200000000000003,5.976295147270845,0.2024228286522251,-1.1102230246251565e-16,1.0
RCBF,0.2,0.45,bias,12,arrived,0.05359037626488283,6.200000000000003,5.986277698466126,0.2554146452659107,-2.7755575615628914e-17,1.0000000000000002
SCBF,0.2,0.45,bias,12,arrived,0.03526192611824486,6.200000000000003,5.967186377951726,0.2052191288067068,-5.551115123125783e-17,1.0
SRCBF,0.2,0.45,bias,12,arrived,0.08132625572729535,6.400000000000003,6.020928052818008,0.2661894421191929,-4.163336342344337e-17,1.0
CAP,0.2,0.45,bias,12,arrived,0.05359037626488283,6.200000000000003,5.986277698466126,0.2554146452659107,-2.7755575615628914e-17,1.0000000000000002
CBF,0.2,0.45,bias,13,arrived,0.0422976076884809,6.600000000000003,5.99799186840642,0.13813650401268768,-1.1102230246251565e-16,1.0000000000000002
RCBF,0.2,0.45,bias,13,arrived,0.07851906579005119,6.800000000000003,6.04099171347805,0.17756743479525214,-1.1102230246251565e-16,1.0000000000000002
SCBF,0.2,0.45,bias,13,arrived,0.06422627245845958,6.800000000000003,6.030206594194439,0.15486661223394022,-1.1102230246251565e-16,1.0000000000000002
SRCBF,0.2,0.45,bias,13,arrived,0.11057293011799385,6.800000000000003,6.04222959868362,0.2020001148181228,-5.551115123125783e-17,1.0000000000000002
CAP,0.2,0.45,bias,13,arrived,0.07851906579005119,6.800000000000003,6.04099171347805,0.17756743479525214,-1.1102230246251565e-16,1.0000000000000002
CBF,0.2,0.45,bias,14,arrived,0.0011033211781706909,9.399999999999999,6.130347928695453,0.965939147551998,-2.0816681711721685e-17,1.0
RCBF,0.2,0.45,bias,14,arrived,0.038865123045157324,9.599999999999998,6.159839152448323,1.0800241390776097,-2.7755575615628914e-17,1.0
SCBF,0.2,0.45,bias,14,arrived,0.00402405560745811,9.399999999999999,6.113675197693559,0.9661341747695751,-1.1102230246251565e-16,1.0
SRCBF,0.2,0.45,bias,14,arrived,0.05474535994666507,9.599999999999998,6.1472408907133715,1.107771692392293,-1.3877787807814457e-17,1.0
CAP,0.2,0.45,bias,14,arrived,0.038865123045157324,9.599999999999998,6.159839152448323,1.0800241390776097,-2.7755575615628914e-17,1.0
CBF,0.2,0.45,bias,15,arrived,0.053325368866544376,7.0000000000000036,6.014351222792543,0.09973884911828397,-1.1102230246251565e-16,1.0
RCBF,0.2,0.45,bias,15,arrived,0.08937600411636248,7.0000000000000036,6.023688045190351,0.12848545089985072,-1.1102230246251565e-16,1.0
SCBF,0.2,0.45,bias,15,arrived,0.07943010219742819,7.0000000000000036,6.012484946020805,0.10815804569311595,-5.551115123125783e-17,1.0
SRCBF,0.2,0.45,bias,15,arrived,0.1257535442906058,7.200000000000004,6.051661416416574,0.15490420922764608,-5.551115123125783e-17,1.0000000000000002
CAP,0.2,0.45,bias,15,arrived,0.08937600411636248,7.0000000000000036,6.023688045190351,0.12848545089985072,-1.1102230246251565e-16,1.0
CBF,0.2,0.45,bias,16,arrived,0.013604797160919113,9.399999999999999,6.045813590453998,0.5795549864413171,-1.1102230246251565e-16,1.0
RCBF,0.2,0.45,bias,16,arrived,0.05403419770054496,9.599999999999998,6.070772099634564,0.6523320255627572,-1.1102230246251565e-16,1.0
SCBF,0.2,0.45,bias,16,arrived,0.022708808914447598,9.599999999999998,6.039598609742627,0.5824102296851044,-1.1102230246251565e-16,1.0
SRCBF,0.2,0.45,bias,16,arrived,0.0714313101565166,9.599999999999998,6.06698861938879,0.6905800943096588,-1.1102230246251565e-16,1.0
CAP,0.2,0.45,bias,16,arrived,0.05403419770054496,9.599999999999998,6.070772099634564,0.6523320255627572,-1.1102230246251565e-16,1.0
CBF,0.2,0.45,bias,17,violation,-0.005407419152100079,2.4,2.2945223903009837,0.2192325244332207,-5.551115123125783e-17,1.0000000000000002
RCBF,0.2,0.45,bias,17,arrived,0.012963891254884619,7.400000000000004,6.151555524961038,1.1570590083281165,-4.163336342344337e-17,1.0000000000000002
SCBF,0.2,0.45,bias,17,violation,-0.004625890561016921,2.6,2.3351148424055914,0.3508953781481605,-2.7755575615628914e-17,1.0000000000000002
SRCBF,0.2,0.45,bias,17,arrived,0.020994894011256093,7.400000000000004,6.1254126466545955,1.161093887042513,-4.163336342344337e-17,1.0000000000000002
CAP,0.2,0.45,bias,17,arrived,0.012963891254884619,7.400000000000004,6.151555524961038,1.1570590083281165,-4.163336342344337e-17,1.0000000000000002
CBF,0.2,0.45,bias,18,arrived,0.06736232345447579,8.000000000000004,5.988941828463934,0.060192320270724464,-2.7755575615628914e-17,1.0000000000000002
RCBF,0.2,0.45,bias,18,arrived,0.10467211735256643,8.000000000000004,6.001009255288147,0.08382230917896848,0.0,1.0000000000000002
SCBF,0.2,0.45,bias,18,arrived,0.09483847228421982,8.000000000000004,5.993020839296126,0.07163931871974294,-1.1102230246251565e-16,1.0000000000000002
SRCBF,0.2,0.45,bias,18,arrived,0.1422622829987772,8.000000000000004,6.010654441065856,0.10957461882789207,0.0,1.0000000000000002
CAP,0.2,0.45,bias,18,arrived,0.10467211735256643,8.000000000000004,6.001009255288147,0.08382230917896848,0.0,1.0000000000000002
CBF,0.2,0.45,bias,19,arrived,0.024586989681460003,6.200000000000003,5.9664563115596305,0.1857901701128562,-5.551115123125783e-17,1.0000000000000002
RCBF,0.2,0.45,bias,19,arrived,0.05907104609589964,6.400000000000003,6.022884158204527,0.23797529250208077,-1.3877787807814457e-17,1.0000000000000002
SCBF,0.2,0.45,bias,19,arrived,0.041991935976792294,6.400000000000003,6.005063064141578,0.19209222437450701,-5.551115123125783e-17,1.0000000000000002
SRCBF,0.2,0.45,bias,19,arrived,0.08809023284969308,6.400000000000003,6.012405945282058,0.24996671130349885,-1.1102230246251565e-16,1.0000000000000002
CAP,0.2,0.45,bias,19,arrived,0.05907104609589964,6.400000000000003,6.022884158204527,0.23797529250208077,-1.3877787807814457e-17,1.0000000000000002
CBF,0.5,0.45,bias,0,violation,-0.12953044627229637,2.5,2.376953041829819,0.018799005553782645,1.1102230246251565e-16,1.0
RCBF,0.5,0.45,bias,0,violation,-0.06988779613898732,2.5,2.3182634056934073,0.04926725344546842,1.1102230246251565e-16,1.0
SCBF,0.5,0.45,bias,0,violation,-0.0046709975071068666,4.0,2.7617280298414526,1.2101300910453456,-5.551115123125783e-17,1.0
SRCBF,0.5,0.45,bias,0,arrived,0.06932619450564381,9.0,6.2640620249223975,1.67098158887949,9.540979117872439e-18,1.0
CAP,0.5,0.45,bias,0,arrived,0.05218481304941436,9.0,6.281707042267797,1.5983523736674357,-2.42861286636753e-17,1.0000000000000002
CBF,0.5,0.45,bias,1,violation,-0.032111632718879624,2.5,2.617910078988649,0.10847762976821189,-5.551115123125783e-17,1.0
RCBF,0.5,0.45,bias,1,arrived,0.02293544336796649,6.5,6.147157779598238,0.3914726635216795,0.0,1.0
SCBF,0.5,0.45,bias,1,arrived,0.04453640221196886,6.5,6.125616815844037,0.360878994564125,-2.7755575615628914e-17,1.0
SRCBF,0.5,0.45,bias,1,arrived,0.1086491727232779,6.5,6.140223974403846,0.45638179539373597,0.0,1.0
CAP,0.5,0.45,bias,1,arrived,0.07773994224207015,6.5,6.150945077712471,0.43734355316622536,-2.7755575615628914e-17,1.0
CBF,0.5,0.45,bias,2,violation,-0.14537412779440895,2.5,2.406426212490259,0.0005064555329882149,0.0,1.0
RCBF,0.5,0.45,bias,2,violation,-0.0858547889107758,2.5,2.347610638637386,0.011525607186177794,1.1102230246251565e-16,1.0
SCBF,0.5,0.45,bias,2,arrived,0.008235874827235312,9.0,6.18434784363475,1.1678322100675131,-2.7755575615628914e-17,1.0
SRCBF,0.5,0.45,bias,2,arrived,0.08183755688779304,9.0,6.217427207461846,1.4097625870149555,-5.551115123125783e-17,1.0
CAP,0.5,0.45,bias,2,arrived,0.06172997056809559,9.0,6.239619678896285,1.341187782906076,-3.469446951953614e-17,1.0
CBF,0.5,0.45,bias,3,violation,-0.12467626720693714,2.5,2.402902609514202,0.03912455821191308,-1.1102230246251565e-16,1.0
RCBF,0.5,0.45,bias,3,violation,-0.0653471734983554,2.5,2.3458272099989568,0.07989221044591803,0.0,1.0
SCBF,0.5,0.45,bias,3,violation,-0.004199341989011396,3.0,2.424789718709323,0.5414496138622874,-5.551115123125783e-17,1.0
SRCBF,0.5,0.45,bias,3,arrived,0.059814143873726966,8.0,6.1918513291967665,1.3646712514903259,-3.9898639947466563e-17,1.0
CAP,0.5,0.45,bias,3,arrived,0.04194627638738335,8.0,6.207523643637132,1.3043662227832096,-2.7755575615628914e-17,1.0
CBF,0.5,0.45,bias,4,arrived,0.03003113957037784,9.0,6.037276440948152,0.4259998575923053,0.0,1.0
RCBF,0.5,0.45,bias,4,arrived,0.08473444237701067,9.0,6.064294402030806,0.5011741481702542,0.0,1.0
SCBF,0.5,0.45,bias,4,arrived,0.10525769458552803,9.0,6.038706018938287,0.478499935760882,-2.7755575615628914e-17,1.0
SRCBF,0.5,0.45,bias,4,arrived,0.17694578486423418,9.5,6.089647937986724,0.599336409028385,-1.1102230246251565e-16,1.0
CAP,0.5,0.45,bias,4,arrived,0.12760172709032558,9.5,6.112151785256208,0.5825024366151437,-2.7755575615628914e-17,1.0
CBF,0.5,0.45,bias,5,violation,-0.044637068623289755,2.5,2.6178641587571096,0.0,0.042202080220339,1.0
RCBF,0.5,0.45,bias,5,violation,-0.00919332678704754,2.5,2.5876067733261423,0.003026258161021298,2.220446049250313e-16,1.0
SCBF,0.5,0.45,bias,5,arrived,0.12231379239602236,7.0,6.074009528306462,0.17983359973178015,-2.7755575615628914e-17,1.0
SRCBF,0.5,0.45,bias,5,arrived,0.1829202228446405,7.0,6.105558369172544,0.2700985402107326,-8.326672684688674e-17,1.0
CAP,0.5,0.45,bias,5,arrived,0.1260497848602442,7.0,6.0898777551007575,0.2090504512520301,-8.326672684688674e-17,1.0000000000000002
CBF,0.5,0.45,bias,6,violation,-0.08938187597770075,2.5,2.34194378951157,0.0,0.13673209186818835,1.0
RCBF,0.5,0.45,bias,6,violation,-0.08938187597770075,2.5,2.34194378951157,0.0,0.01673209186818836,1.0
SCBF,0.5,0.45,bias,6,arrived,0.0283756489307726,9.0,6.146884363167762,1.139104372357245,0.0,1.0
SRCBF,0.5,0.45,bias,6,arrived,0.10127910739371315,9.5,6.210509652471573,1.3668361538546265,-4.85722573273506e-17,1.0
CAP,0.5,0.45,bias,6,arrived,0.0776128422734067,9.5,6.236608118027241,1.3044138210035812,-1.1102230246251565e-16,1.0
CBF,0.5,0.45,bias,7,violation,-0.03574621348617024,2.5,2.636909639371652,0.04162360499329637,0.0,1.0
RCBF,0.5,0.45,bias,7,arrived,0.018796394655705484,6.5,6.121893198048285,0.29287519468062284,-4.163336342344337e-17,1.0000000000000002
SCBF,0.5,0.45,bias,7,arrived,0.07725001928100927,6.5,6.092011778235533,0.271126720451012,-2.7755575615628914e-17,1.0
SRCBF,0.5,0.45,bias,7,arrived,0.13813474478342835,6.5,6.114065567406516,0.36877909524159214,-1.1102230246251565e-16,1.0
CAP,0.5,0.45,bias,7,arrived,0.09983448563209985,6.5,6.110615282049879,0.32186058091246145,-5.551115123125783e-17,1.0
CBF,0.5,0.45,bias,8,violation,-0.037043751203313935,2.5,2.600999895562331,0.14704122156949467,5.551115123125783e-17,1.0
RCBF,0.5,0.45,bias,8,arrived,0.018435431232787458,6.0,6.026397550731493,0.46433940558921966,-5.551115123125783e-17,1.0
SCBF,0.5,0.45,bias,8,arrived,0.0244896082425754,6.0,6.005290906279308,0.42074993011100514,-2.7755575615628914e-17,1.0
SRCBF,0.5,0.45,bias,8,arrived,0.09022915694445532,6.5,6.1435248068787365,0.521394452006979,-2.220446049250313e-16,1.0000000000000002
CAP,0.5,0.45,bias,8,arrived,0.06260261390015509,6.5,6.164440086592303,0.5145817352251535,-2.7755575615628914e-17,1.0
CBF,0.5,0.45,bias,9,violation,-0.132964513434234,2.5,2.370930190398273,0.009424209502521172,-1.1102230246251565e-16,1.0
RCBF,0.5,0.45,bias,9,violation,-0.07323943333351957,2.5,2.311821734663528,0.03309895483204326,-1.1102230246251565e-16,1.0
SCBF,0.5,0.45,bias,9,arrived,0.0022489913024218433,9.0,6.21943091472111,1.509670329706421,-1.1102230246251565e-16,1.0
SRCBF,0.5,0.45,bias,9,arrived,0.07610383197511905,9.0,6.24191977538637,1.786600494331397,-5.551115123125783e-17,1.0
CAP,0.5,0.45,bias,9,arrived,0.0579629336339853,9.0,6.271751214225447,1.7084361311802398,-1.1102230246251565e-16,1.0
CBF,0.5,0.45,bias,10,violation,-0.10265370192300693,2.5,2.349634753752891,0.11635211648590602,0.0,1.0
RCBF,0.5,0.45,bias,10,violation,-0.04304907714991835,2.5,2.293057982121309,0.1814394290405072,-5.551115123125783e-17,1.0
SCBF,0.5,0.45,bias,10,violation,-0.019345072267606178,3.0,2.3796786405492045,0.6720259081323696,-3.469446951953614e-18,1.0
SRCBF,0.5,0.45,bias,10,arrived,0.047247409321329314,8.5,6.293634139549162,1.7766251760138903,-3.3306690738754696e-16,1.0
CAP,0.5,0.45,bias,10,arrived,0.03356708176006595,8.0,6.239565226749474,1.7344201940526256,-2.42861286636753e-17,1.0
CBF,0.5,0.45,bias,11,arrived,0.014903519922910613,9.0,6.012976250481757,0.3488233661939315,-5.551115123125783e-17,1.0
RCBF,0.5,0.45,bias,11,arrived,0.07246676048135248,9.0,6.027749248994597,0.4071677279052156,1.3877787807814457e-17,1.0
SCBF,0.5,0.45,bias,11,arrived,0.10258142556118,9.0,6.011838599188078,0.39977110966652685,-5.551115123125783e-17,1.0
SRCBF,0.5,0.45,bias,11,arrived,0.17397621906703975,9.5,6.056723588873991,0.5042711259210452,-5.551115123125783e-17,1.0
CAP,0.5,0.45,bias,11,arrived,0.12985436611191814,9.0,6.066040563321325,0.5000656930404399,-5.551115123125783e-17,1.0
CBF,0.5,0.45,bias,12,violation,-0.034806925558116264,2.5,2.639698932082264,0.07860840343632669,0.0,1.0
RCBF,0.5,0.45,bias,12,arrived,0.01987765617434767,6.5,6.138623404943672,0.34023006096246655,-5.551115123125783e-17,1.0
SCBF,0.5,0.45,bias,12,arrived,0.053622565806318634,6.5,6.114671174967362,0.31388695631558844,-2.7755575615628914e-17,1.0
SRCBF,0.5,0.45,bias,12,arrived,0.11609303018258488,6.5,6.138363972633883,0.4077115034428331,-2.220446049250313e-16,1.0
CAP,0.5,0.45,bias,12,arrived,0.08323021246414397,6.5,6.1366403457746586,0.37913747167150597,-5.551115123125783e-17,1.0000000000000002
CBF,0.5,0.45,bias,13,violation,-0.04418711439750256,2.5,2.629021524154796,0.013837738406449585,2.220446049250313e-16,1.0
RCBF,0.5,0.45,bias,13,arrived,0.010385069609281983,6.5,6.103898715249449,0.2732921642101559,-2.7755575615628914e-17,1.0
SCBF,0.5,0.45,bias,13,arrived,0.09697575210437193,6.5,6.0536428323560845,0.2362660935102516,2.7755575615628914e-17,1.0
SRCBF,0.5,0.45,bias,13,arrived,0.15652985658576635,7.0,6.164043699081446,0.3405167310125028,-2.7755575615628914e-17,1.0
CAP,0.5,0.45,bias,13,arrived,0.11207076144843531,7.0,6.144108066661559,0.27634534293448976,-8.326672684688674e-17,1.0
CBF,0.5,0.45,bias,14,violation,-0.06785977124901088,2.5,2.3122699643489333,0.0,0.1836355087582041,1.0
RCBF,0.5,0.45,bias,14,violation,-0.06785977124901088,2.5,2.3122699643489333,0.0,0.063635508758204,1.0
SCBF,0.5,0.45,bias,14,arrived,0.03612025238992245,9.5,6.169709685329812,1.1749524909464957,-8.326672684688674e-17,1.0
SRCBF,0.5,0.45,bias,14,arrived,0.10919738925642453,9.5,6.200614686986458,1.3995645459519301,-1.6653345369377348e-16,1.0
CAP,0.5,0.45,bias,14,arrived,0.08389891351130518,9.5,6.232762144706539,1.337172235172694,-1.1102230246251565e-16,1.0
CBF,0.5,0.45,bias,15,violation,-0.04661354664402828,2.5,2.630345006279396,0.0,0.0334777131909747,1.0
RCBF,0.5,0.45,bias,15,violation,-0.007311267032138691,2.5,2.596968565453091,0.0037430530573315944,-2.220446049250313e-16,1.0
SCBF,0.5,0.45,bias,15,arrived,0.12102392015625374,7.0,6.079053102499615,0.17536607542819233,-5.551115123125783e-17,1.0
SRCBF,0.5,0.45,bias,15,arrived,0.18144712708413024,7.0,6.1102043848799985,0.26418250970377427,-5.551115123125783e-17,1.0
CAP,0.5,0.45,bias,15,arrived,0.12540502116533236,7.0,6.094425452549888,0.2040603807297844,-5.551115123125783e-17,1.0
CBF,0.5,0.45,bias,16,arrived,0.03091628507959976,9.0,6.09863816227563,0.717956238955835,-2.7755575615628914e-17,1.0
RCBF,0.5,0.45,bias,16,arrived,0.04456254263599024,9.5,6.1703295180931335,0.8351938416985224,-5.551115123125783e-17,1.0
SCBF,0.5,0.45,bias,16,arrived,0.06971554640246069,9.5,6.089981394442113,0.7320591107444056,0.0,1.0
SRCBF,0.5,0.45,bias,16,arrived,0.14257935967028967,9.5,6.123798136985432,0.8907091297097895,0.0,1.0
CAP,0.5,0.45,bias,16,arrived,0.10936641039121908,9.5,6.1530961457018325,0.8581529889317945,0.0,1.0
CBF,0.5,0.45,bias,17,violation,-0.08725825079417049,2.5,2.366947547322206,0.1991864018945391,0.0,1.0
RCBF,0.5,0.45,bias,17,violation,-0.028020054978867726,2.5,2.31753495742841,0.2821265390383464,0.0,1.0
SCBF,0.5,0.45,bias,17,violation,-0.01172383561232837,2.5,2.305136803674555,0.3074365996481844,-2.7755575615628914e-17,1.0
SRCBF,0.5,0.45,bias,17,arrived,0.037306471851994205,7.5,6.2029859796553,1.4714269556459447,-1.1102230246251565e-16,1.0
CAP,0.5,0.45,bias,17,arrived,0.021888390715996464,7.5,6.234846333282657,1.4699551295711264,-4.5102810375396984e-17,1.0
CBF,0.5,0.45,bias,18,arrived,0.07245759219841996,7.5,6.003332577687981,0.08201086887563669,0.0,1.0
RCBF,0.5,0.45,bias,18,arrived,0.09134923968770092,7.5,6.033959061007357,0.13700190910754953,0.0,1.0
SCBF,0.5,0.45,bias,18,arrived,0.1566955116445875,8.0,6.0505895317841905,0.12382012888879398,0.0,1.0
SRCBF,0.5,0.45,bias,18,arrived,0.22005054352658893,8.0,6.07826415319593,0.19058456178771524,-1.1102230246251565e-16,1.0
CAP,0.5,0.45,bias,18,arrived,0.14279383598230333,8.0,6.075534111643429,0.1601728039756033,-1.1102230246251565e-16,1.0
CBF,0.5,0.45,bias,19,violation,-0.03394140579281513,2.5,2.6395733926183276,0.063620980480287,0.0,1.0
RCBF,0.5,0.45,bias,19,arrived,0.020660226338606313,6.5,6.132152781978618,0.31830959317615376,-2.7755575615628914e-17,1.0
SCBF,0.5,0.45,bias,19,arrived,0.06348778141642952,6.5,6.107093133868653,0.29612416058098845,-2.7755575615628914e-17,1.0
SRCBF,0.5,0.45,bias,19,arrived,0.12537974796900353,6.5,6.1303677631693185,0.3903428229464765,0.0,1.0
CAP,0.5,0.45,bias,19,arrived,0.09044160634759457,6.5,6.127743822256934,0.35519305461725126,1.3877787807814457e-17,1.0
CBF,0.8,0.45,bias,0,violation,-0.1334233171931838,2.4000000000000004,2.374879659109717,0.0,0.9662577594471705,1.0
RCBF,0.8,0.45,bias,0,violation,-0.1334233171931838,2.4000000000000004,2.374879659109717,0.0,0.8462577594471706,1.0
SCBF,0.8,0.45,bias,0,arrived,0.000303750991812457,8.799999999999999,6.292490417398451,1.6540504672936602,-2.7755575615628914e-17,1.0
SRCBF,0.8,0.45,bias,0,arrived,0.1022014424823543,8.799999999999999,6.316724893653501,2.020681551756678,-1.3877787807814457e-17,1.0
CAP,0.8,0.45,bias,0,arrived,0.09049905887910392,8.799999999999999,6.3576574527018,1.9972008132034031,-1.3877787807814457e-17,1.0
CBF,0.8,0.45,bias,1,violation,-0.1844467617638358,2.4000000000000004,2.6751435583344185,0.0,0.622038046386364,1.0
RCBF,0.8,0.45,bias,1,violation,-0.1844467617638358,2.4000000000000004,2.6751435583344185,0.0,0.5020380463863641,1.0
SCBF,0.8,0.45,bias,1,arrived,0.044765141915658946,6.3999999999999995,6.178685804213087,0.4353024554080247,3.469446951953614e-17,1.0
SRCBF,0.8,0.45,bias,1,arrived,0.13347601610872062,6.3999999999999995,6.189888086299856,0.5958880221680957,-5.551115123125783e-17,1.0
CAP,0.8,0.45,bias,1,arrived,0.09520538238173415,6.3999999999999995,6.203512925504013,0.5668089846016826,-2.7755575615628914e-17,1.0
CBF,0.8,0.45,bias,2,violation,-0.0715549246641668,2.4000000000000004,2.326427886545389,0.0,1.098842476963001,1.0
RCBF,0.8,0.45,bias,2,violation,-0.0715549246641668,2.4000000000000004,2.326427886545389,0.0,0.9788424769630008,1.0
SCBF,0.8,0.45,bias,2,arrived,0.018669229555619005,8.799999999999999,6.259338177870161,1.4179575198273164,-2.220446049250313e-16,1.0
SRCBF,0.8,0.45,bias,2,arrived,0.11988792463933062,8.799999999999999,6.289049347709144,1.7309663556604695,-3.469446951953614e-18,1.0
CAP,0.8,0.45,bias,2,arrived,0.1066279533351967,8.799999999999999,6.325668747129633,1.710506624003907,-2.7755575615628914e-17,1.0
CBF,0.8,0.45,bias,3,violation,-0.17168927556710034,2.4000000000000004,2.43836561061981,0.0,0.8964489107583593,0.9999999999999999
RCBF,0.8,0.45,bias,3,violation,-0.17168927556710034,2.4000000000000004,2.43836561061981,0.0,0.7764489107583592,0.9999999999999999
SCBF,0.8,0.45,bias,3,violation,-0.00491052992832075,3.2,2.47177772306106,0.6741557885974878,-1.1102230246251565e-16,0.9999999999999999
SRCBF,0.8,0.45,bias,3,arrived,0.08520344557574389,7.999999999999999,6.250110900654068,1.6369813404060254,-1.1102230246251565e-16,1.0
CAP,0.8,0.45,bias,3,arrived,0.07072425615989197,7.999999999999999,6.293074150264276,1.6279720574450236,-1.1102230246251565e-16,1.0
CBF,0.8,0.45,bias,4,violation,-0.09369207729118445,3.2,2.584646019241287,0.09723829129043729,0.0,1.0
RCBF,0.8,0.45,bias,4,violation,-0.0065916101759959655,3.2,2.5182404081195138,0.1756966245731188,0.0,1.0
SCBF,0.8,0.45,bias,4,arrived,0.14797047935472674,8.799999999999999,6.128950517367788,0.6753616333583746,-2.7755575615628914e-17,1.0
SRCBF,0.8,0.45,bias,4,arrived,0.2449241009404992,8.799999999999999,6.1743194819988965,0.8319652976466623,-2.7755575615628914e-17,1.0
CAP,0.8,0.45,bias,4,arrived,0.2056125371433739,8.799999999999999,6.198822437791934,0.836289720059455,-2.7755575615628914e-17,1.0
CBF,0.8,0.45,bias,5,arrived,0.015222044196378404,7.199999999999999,6.232657391855783,0.2960203272322276,-6.938893903907228e-18,1.0
RCBF,0.8,0.45,bias,5,arrived,0.015222044196378404,7.199999999999999,6.309833785917717,0.42433337787678016,0.0,1.0
SCBF,0.8,0.45,bias,5,arrived,0.1393759871233402,7.199999999999999,6.191626042849912,0.27015428137919767,-1.1102230246251565e-16,1.0
SRCBF,0.8,0.45,bias,5,arrived,0.2285932917425133,7.199999999999999,6.234086710265139,0.378345562561271,-1.1102230246251565e-16,1.0
CAP,0.8,0.45,bias,5,arrived,0.18015442961059125,7.199999999999999,6.2356462431637505,0.3583027233925145,-1.1102230246251565e-16,1.0
CBF,0.8,0.45,bias,6,violation,-0.001705400892545561,2.4000000000000004,2.2492149888769353,0.0,1.232397483611353,1.0
RCBF,0.8,0.45,bias,6,violation,-0.001705400892545561,2.4000000000000004,2.2492149888769353,0.0,1.1123974836113528,1.0
SCBF,0.8,0.45,bias,6,arrived,0.047114739091387636,8.799999999999999,6.223129364455016,1.3986316421637441,-6.938893903907228e-17,1.0
SRCBF,0.8,0.45,bias,6,arrived,0.14836119222563648,9.6,6.303450659971323,1.7049895530192432,-2.0816681711721685e-17,1.0
CAP,0.8,0.45,bias,6,arrived,0.13305013160807133,9.6,6.332308464018033,1.6885702356380654,0.0,1.0
CBF,0.8,0.45,bias,7,violation,-0.10991749298074804,2.4000000000000004,2.634305970891977,0.0,0.7526131898889323,1.0
RCBF,0.8,0.45,bias,7,violation,-0.10991749298074804,2.4000000000000004,2.634305970891977,0.0,0.6326131898889322,1.0
SCBF,0.8,0.45,bias,7,arrived,0.08365661350366738,6.3999999999999995,6.155410537752587,0.3509776132084892,-6.938893903907228e-17,1.0
SRCBF,0.8,0.45,bias,7,arrived,0.1718920008024004,6.3999999999999995,6.165979749226812,0.4838793005897389,-6.938893903907228e-17,1.0
CAP,0.8,0.45,bias,7,arrived,0.13038111720931322,6.3999999999999995,6.178985146098843,0.45847076450045376,0.0,1.0
CBF,0.8,0.45,bias,8,violation,-0.22236778006628588,2.4000000000000004,2.6870432788873977,0.0,0.5749974660410687,1.0000000000000002
RCBF,0.8,0.45,bias,8,violation,-0.22236778006628588,2.4000000000000004,2.6870432788873977,0.0,0.4549974660410686,1.0000000000000002
SCBF,0.8,0.45,bias,8,arrived,0.02156923723647064,6.3999999999999995,6.180208882957669,0.491017050088615,-1.1102230246251565e-16,1.0
SRCBF,0.8,0.45,bias,8,arrived,0.11093722610987644,6.3999999999999995,6.192138449284003,0.6733480080607598,-3.642919299551295e-17,1.0
CAP,0.8,0.45,bias,8,arrived,0.07401803053192846,6.3999999999999995,6.2070815636448256,0.6432920954554658,-1.1102230246251565e-16,1.0
CBF,0.8,0.45,bias,9,violation,-0.1089996800392391,2.4000000000000004,2.342543750575631,0.0,1.011362078888675,1.0
RCBF,0.8,0.45,bias,9,violation,-0.1089996800392391,2.4000000000000004,2.342543750575631,0.0,0.8913620788886751,1.0
SCBF,0.8,0.45,bias,9,arrived,0.010698277099451703,8.799999999999999,6.284241821144266,1.7974689596834907,-2.220446049250313e-16,1.0
SRCBF,0.8,0.45,bias,9,arrived,0.11147049570866252,9.6,6.369354098587332,2.1582176055391455,-1.1102230246251565e-16,1.0
CAP,0.8,0.45,bias,9,arrived,0.1006600868045181,9.6,6.402843017935214,2.141606741649528,-3.3306690738754696e-16,1.0
CBF,0.8,0.45,bias,10,violation,-0.24609295444931567,2.4000000000000004,2.4827925045928207,0.0,0.72954968630148,1.0
RCBF,0.8,0.45,bias,10,violation,-0.24609295444931567,2.4000000000000004,2.4827925045928207,0.0,0.6095496863014801,1.0
SCBF,0.8,0.45,bias,10,violation,-0.02687534366344324,3.2,2.4094885341729526,0.7754362263699485,0.0,1.0
SRCBF,0.8,0.45,bias,10,arrived,0.06766539646435321,8.799999999999999,6.402639585317875,2.123655038323094,-3.469446951953614e-17,1.0
CAP,0.8,0.45,bias,10,arrived,0.05774052921909634,8.799999999999999,6.428180315571602,2.095372227832281,-1.3877787807814457e-17,1.0
CBF,0.8,0.45,bias,11,violation,-0.12593338853185754,3.2,2.6501846368261095,0.04848830159401407,0.0,1.0
RCBF,0.8,0.45,bias,11,violation,-0.04081880345488442,3.2,2.5781983207699954,0.10727711729159811,1.1102230246251565e-16,1.0
SCBF,0.8,0.45,bias,11,arrived,0.14787093187092848,8.799999999999999,6.086114676788274,0.5681375875532501,0.0,1.0
SRCBF,0.8,0.45,bias,11,arrived,0.24355411179455233,8.799999999999999,6.139339183972146,0.7255292740345715,0.0,1.0
CAP,0.8,0.45,bias,11,arrived,0.20724755765696634,8.799999999999999,6.160747017297267,0.7316122211657606,-5.551115123125783e-17,1.0
CBF,0.8,0.45,bias,12,violation,-0.15758984450635194,2.4000000000000004,2.672539298770919,0.0,0.6725026286964885,1.0
RCBF,0.8,0.45,bias,12,violation,-0.15758984450635194,2.4000000000000004,2.672539298770919,0.0,0.5525026286964886,1.0
SCBF,0.8,0.45,bias,12,arrived,0.05460851694830415,6.3999999999999995,6.176212493912491,0.3907562153408016,0.0,1.0
SRCBF,0.8,0.45,bias,12,arrived,0.14283759720756073,6.3999999999999995,6.184274173893209,0.5346061146753035,0.0,1.0
CAP,0.8,0.45,bias,12,arrived,0.10366676491017568,6.3999999999999995,6.198709997713711,0.509062782613712,-5.551115123125783e-17,1.0
CBF,0.8,0.45,bias,13,violation,-0.06193275083499583,2.4000000000000004,2.5856777295097912,0.0,0.8532282536254923,1.0000000000000002
RCBF,0.8,0.45,bias,13,violation,-0.06193275083499583,2.4000000000000004,2.5856777295097912,0.0,0.7332282536254922,1.0000000000000002
SCBF,0.8,0.45,bias,13,arrived,0.10822289309048405,6.3999999999999995,6.124722268254192,0.3204086542319304,-5.551115123125783e-17,1.0
SRCBF,0.8,0.45,bias,13,arrived,0.1968588560750164,7.199999999999999,6.2708987608702085,0.4451097512694767,0.0,1.0
CAP,0.8,0.45,bias,13,arrived,0.1526096489614155,7.199999999999999,6.272210254821528,0.4202397005067365,-4.163336342344337e-17,1.0
CBF,0.8,0.45,bias,14,arrived,0.01695591321537493,8.799999999999999,6.244973351339996,1.3725197810155603,-6.938893903907228e-18,1.0
RCBF,0.8,0.45,bias,14,violation,-0.007014180381651247,4.0,2.7610166253302912,1.1184305537006747,0.0,1.0
SCBF,0.8,0.45,bias,14,arrived,0.05844400309175346,9.6,6.251098517247649,1.4461601864601845,-1.1102230246251565e-16,1.0
SRCBF,0.8,0.45,bias,14,arrived,0.15878967804988653,9.6,6.301173651150184,1.7468795532404928,-1.1102230246251565e-16,1.0000000000000002
CAP,0.8,0.45,bias,14,arrived,0.14371157726842354,9.6,6.331666773179509,1.7336751497862106,-1.1102230246251565e-16,1.0
CBF,0.8,0.45,bias,15,arrived,0.012209181771766997,7.199999999999999,6.236956843494046,0.29336803366669656,2.0816681711721685e-17,1.0
RCBF,0.8,0.45,bias,15,arrived,0.012209181771766997,7.199999999999999,6.3138161464678735,0.4211566837464208,-9.71445146547012e-17,1.0
SCBF,0.8,0.45,bias,15,arrived,0.1374947334276787,7.199999999999999,6.194207349325862,0.26498404778389345,-1.1102230246251565e-16,1.0
SRCBF,0.8,0.45,bias,15,arrived,0.22646401334303223,7.199999999999999,6.233803407624841,0.3705443972289887,-1.1102230246251565e-16,1.0
CAP,0.8,0.45,bias,15,arrived,0.17841598673365056,7.199999999999999,6.235641022948332,0.3513896245213992,-1.1102230246251565e-16,1.0
CBF,0.8,0.45,bias,16,violation,-0.06851062886756387,3.2,2.4828175251994558,0.23283579584218983,-5.551115123125783e-17,1.0
RCBF,0.8,0.45,bias,16,arrived,0.0225388536251937,8.799999999999999,6.195605510956787,0.9219540100699751,-5.551115123125783e-17,1.0
SCBF,0.8,0.45,bias,16,arrived,0.10280787088170373,8.799999999999999,6.158721751497598,0.9671609583048731,2.7755575615628914e-17,1.0
SRCBF,0.8,0.45,bias,16,arrived,0.2028659221505833,9.6,6.2223544296483375,1.1649101968476197,0.0,1.0
CAP,0.8,0.45,bias,16,arrived,0.17816888797072572,9.6,6.252053306667348,1.1620293288612924,0.0,1.0
CBF,0.8,0.45,bias,17,violation,-0.30349318937787045,2.4000000000000004,2.558416701379816,0.0,0.6012539952875011,1.0
RCBF,0.8,0.45,bias,17,violation,-0.30349318937787045,2.4000000000000004,2.558416701379816,0.0,0.48125399528750124,1.0
SCBF,0.8,0.45,bias,17,violation,-0.008963036196506846,2.4000000000000004,2.2629033042360285,0.11268331147270734,0.0,1.0
SRCBF,0.8,0.45,bias,17,arrived,0.055514942184474836,7.999999999999999,6.373997542006819,1.7806951900398695,-1.6653345369377348e-16,1.0
CAP,0.8,0.45,bias,17,arrived,0.03657811740473249,7.999999999999999,6.407887850601327,1.7601449589693487,-1.1102230246251565e-16,1.0
CBF,0.8,0.45,bias,18,arrived,0.05586576528530762,7.199999999999999,6.010430723782028,0.05346960122745508,0.0,1.0
RCBF,0.8,0.45,bias,18,arrived,0.10690621236135145,7.199999999999999,6.0437740035045495,0.11462707925123394,0.0,1.0
SCBF,0.8,0.45,bias,18,arrived,0.1833184485631073,7.199999999999999,6.104388021403758,0.2254185112779565,0.0,1.0
SRCBF,0.8,0.45,bias,18,arrived,0.2744482648081046,7.999999999999999,6.180300137236989,0.31301212215697233,0.0,1.0
CAP,0.8,0.45,bias,18,arrived,0.21824546271396295,7.999999999999999,6.186117825387572,0.30744933984012646,0.0,1.0
CBF,0.8,0.45,bias,19,violation,-0.1389843809579263,2.4000000000000004,2.6591332401062195,0.0,0.7003594056881234,1.0
RCBF,0.8,0.45,bias,19,violation,-0.1389843809579263,2.4000000000000004,2.6591332401062195,0.0,0.5803594056881233,1.0
SCBF,0.8,0.45,bias,19,arrived,0.06667085885877733,6.3999999999999995,6.169565453305821,0.3738966605388945,5.551115123125783e-17,1.0
SRCBF,0.8,0.45,bias,19,arrived,0.15483854575555134,6.3999999999999995,6.17872216440563,0.5130494444343375,-5.551115123125783e-17,1.0
CAP,0.8,0.45,bias,19,arrived,0.11481798731783321,6.3999999999999995,6.1924682582148405,0.4875207816934553,-4.5102810375396984e-17,1.0
CBF,0.05,0.45,inward,0,violation,-0.0003440983301016276,2.4499999999999993,2.4599976699862527,0.23045169866690562,-2.220446049250313e-16,1.0
RCBF,0.05,0.45,inward,0,arrived,0.009928070916086718,8.74999999999999,5.988504640907382,0.5602563927775811,-8.326672684688674e-17,1.0000000000000002
SCBF,0.05,0.45,inward,0,violation,-0.0019319372118250522,2.499999999999999,2.4869046506299743,0.2563651613100793,-5.551115123125783e-17,1.0
SRCBF,0.05,0.45,inward,0,arrived,0.011103919878633017,8.74999999999999,5.986448294194922,0.5619326705859821,-1.1102230246251565e-16,1.0000000000000002
CAP,0.05,0.45,inward,0,arrived,0.009928070916086718,8.74999999999999,5.988504640907382,0.5602563927775811,-8.326672684688674e-17,1.0000000000000002
CBF,0.05,0.45,inward,1,violation,-0.0049814534539888156,2.499999999999999,2.5016590230248386,0.2492615440773625,-1.1102230246251565e-16,1.0
RCBF,0.05,0.45,inward,1,arrived,0.010026690590680953,8.74999999999999,5.983780795325348,0.5365964991724907,-5.551115123125783e-17,1.0000000000000002
SCBF,0.05,0.45,inward,1,violation,-0.0013196920031739445,2.499999999999999,2.4948672306705793,0.24787923567843465,-5.551115123125783e-17,1.0
SRCBF,0.05,0.45,inward,1,arrived,0.011219143655031405,8.74999999999999,5.981861539658534,0.5385776698211012,-2.220446049250313e-16,1.0
CAP,0.05,0.45,inward,1,arrived,0.010026690590680953,8.74999999999999,5.983780795325348,0.5365964991724907,-5.551115123125783e-17,1.0000000000000002
CBF,0.05,0.45,inward,2,violation,-0.003719545690691106,2.499999999999999,2.517120584478469,0.23159711747101494,-6.245004513516506e-17,1.0000000000000002
RCBF,0.05,0.45,inward,2,arrived,0.010270930277999635,8.699999999999989,5.97337275306581,0.491811700795673,-2.220446049250313e-16,1.0000000000000002
SCBF,0.05,0.45,inward,2,violation,-1.9331210462381065e-05,2.499999999999999,2.510644567748228,0.23100393568102862,-1.1102230246251565e-16,1.0000000000000002
SRCBF,0.05,0.45,inward,2,arrived,0.011572984594151348,8.699999999999989,5.971541681218426,0.4936283853724702,-2.220446049250313e-16,1.0000000000000002
CAP,0.05,0.45,inward,2,arrived,0.010270930277999635,8.699999999999989,5.97337275306581,0.491811700795673,-2.220446049250313e-16,1.0000000000000002
CBF,0.05,0.45,inward,3,violation,-0.0027985062756730184,2.499999999999999,2.5279557051670603,0.21947304260419856,-1.6653345369377348e-16,1.0
RCBF,0.05,0.45,inward,3,arrived,0.010506110423694315,8.699999999999989,5.96760698025042,0.462243515165611,-3.3306690738754696e-16,1.0
SCBF,0.05,0.45,inward,3,violation,-0.004246199264875683,2.549999999999999,2.558434999775004,0.24162470874896053,-1.1102230246251565e-16,1.0
SRCBF,0.05,0.45,inward,3,arrived,0.011737070927654636,8.699999999999989,5.965793724493994,0.4637165272742508,-1.1102230246251565e-16,1.0000000000000002
CAP,0.05,0.45,inward,3,arrived,0.010506110423694315,8.699999999999989,5.96760698025042,0.462243515165611,-3.3306690738754696e-16,1.0
CBF,0.05,0.45,inward,4,violation,-0.0018599257930018709,2.4499999999999993,2.4419309374801874,0.249996508064139,-1.1102230246251565e-16,1.0000000000000002
RCBF,0.05,0.45,inward,4,arrived,0.009595836741882802,8.79999999999999,6.002428350884068,0.6218394486766716,-1.1102230246251565e-16,1.0000000000000002
SCBF,0.05,0.45,inward,4,violation,-0.0033646420816644262,2.499999999999999,2.4673952385415525,0.2773762619167337,-1.1102230246251565e-16,1.0000000000000002
SRCBF,0.05,0.45,inward,4,arrived,0.010757433342220235,8.79999999999999,6.00000413486089,0.6227589900590035,-2.220446049250313e-16,1.0000000000000002
CAP,0.05,0.45,inward,4,arrived,0.009595836741882802,8.79999999999999,6.002428350884068,0.6218394486766716,-1.1102230246251565e-16,1.0000000000000002
CBF,0.05,0.45,inward,5,violation,-0.0012462154317760543,2.4499999999999993,2.450266406149359,0.24150697397138088,-5.551115123125783e-17,1.0
RCBF,0.05,0.45,inward,5,arrived,0.009769634684590689,8.79999999999999,5.996702868096443,0.5933889022865243,-5.551115123125783e-17,1.0
SCBF,0.05,0.45,inward,5,violation,-0.0027300428499975604,2.499999999999999,2.4761989171396084,0.26786535492725366,-2.220446049250313e-16,1.0
SRCBF,0.05,0.45,inward,5,arrived,0.010887147622385407,8.79999999999999,5.994431016005961,0.5946524181060473,-2.220446049250313e-16,1.0000000000000002
CAP,0.05,0.45,inward,5,arrived,0.009769634684590689,8.79999999999999,5.996702868096443,0.5933889022865243,-5.551115123125783e-17,1.0
CBF,0.05,0.45,inward,6,violation,-0.005110967726020044,2.499999999999999,2.500027531996461,0.2511454948727976,-1.1102230246251565e-16,1.0
RCBF,0.05,0.45,inward,6,arrived,0.010006366253226373,8.74999999999999,5.984757089844165,0.5415053644790998,-5.551115123125783e-17,1.0000000000000002
SCBF,0.05,0.45,inward,6,violation,-0.0014498253406713957,2.499999999999999,2.493191865484628,0.24965900738933444,-1.1102230246251565e-16,1.0
SRCBF,0.05,0.45,inward,6,arrived,0.0111953385173158,8.74999999999999,5.9828079764423565,0.5434237330167869,-6.245004513516506e-17,1.0
CAP,0.05,0.45,inward,6,arrived,0.010006366253226373,8.74999999999999,5.984757089844165,0.5415053644790998,-5.551115123125783e-17,1.0000000000000002
CBF,0.05,0.45,inward,7,violation,-0.0002791703099672693,2.4499999999999993,2.460684803508493,0.2296750705451679,-1.1102230246251565e-16,1.0000000000000002
RCBF,0.05,0.45,inward,7,arrived,0.00993764887179438,8.74999999999999,5.988047525136924,0.5579758785322213,-1.1102230246251565e-16,1.0000000000000002
SCBF,0.05,0.45,inward,7,violation,-0.0018745315402218798,2.499999999999999,2.4876600909888995,0.2555572742489083,-2.220446049250313e-16,1.0000000000000002
SRCBF,0.05,0.45,inward,7,arrived,0.01111507960022895,8.74999999999999,5.98600305211374,0.5596817896754263,-2.220446049250313e-16,1.0000000000000002
CAP,0.05,0.45,inward,7,arrived,0.00993764887179438,8.74999999999999,5.988047525136924,0.5579758785322213,-1.1102230246251565e-16,1.0000000000000002
CBF,0.05,0.45,inward,8,violation,-0.004054664520486417,2.499999999999999,2.5130878397436986,0.23616754458239386,-1.1102230246251565e-16,1.0000000000000002
RCBF,0.05,0.45,inward,8,arrived,0.010219153878325171,8.699999999999989,5.975611723995334,0.503198520510116,-5.551115123125783e-17,1.0000000000000002
SCBF,0.05,0.45,inward,8,violation,-0.0003880521661272507,2.499999999999999,2.5066099534805173,0.2355061839389136,-1.1102230246251565e-16,1.0000000000000002
SRCBF,0.05,0.45,inward,8,arrived,0.011509874663333974,8.699999999999989,5.973788251925865,0.5051301508198235,-1.1102230246251565e-16,1.0000000000000002
CAP,0.05,0.45,inward,8,arrived,0.010219153878325171,8.699999999999989,5.975611723995334,0.503198520510116,-5.551115123125783e-17,1.0000000000000002
CBF,0.05,0.45,inward,9,violation,-0.001540403944976454,2.4499999999999993,2.446331011386524,0.2455241040280115,-2.220446049250313e-16,1.0
RCBF,0.05,0.45,inward,9,arrived,0.00968902934757121,8.79999999999999,5.999377520244548,0.6066942019323295,-1.1102230246251565e-16,1.0
SCBF,0.05,0.45,inward,9,violation,-0.003032363552560202,2.499999999999999,2.472038890822518,0.2723549649608543,-2.220446049250313e-16,1.0
SRCBF,0.05,0.45,inward,9,arrived,0.010826811678835702,8.79999999999999,5.997028541193204,0.6077978757226964,-6.938893903907228e-17,1.0000000000000002
CAP,0.05,0.45,inward,9,arrived,0.00968902934757121,8.79999999999999,5.999377520244548,0.6066942019323295,-1.1102230246251565e-16,1.0
CBF,0.05,0.45,inward,10,violation,-0.0019161815806263416,2.4499999999999993,2.4411490287299045,0.25079295876097674,-2.220446049250313e-16,1.0
RCBF,0.05,0.45,inward,10,arrived,0.009577716963514615,8.79999999999999,6.002979496005645,0.6245652540882647,-8.326672684688674e-17,1.0000000000000002
SCBF,0.05,0.45,inward,10,violation,-0.003423158805772375,2.499999999999999,2.4665694245493146,0.278270092181401,-1.1102230246251565e-16,1.0
SRCBF,0.05,0.45,inward,10,arrived,0.010744706262402759,8.84999999999999,6.002066166919009,0.6254514790233228,-5.551115123125783e-17,1.0000000000000002
CAP,0.05,0.45,inward,10,arrived,0.009577716963514615,8.79999999999999,6.002979496005645,0.6245652540882647,-8.326672684688674e-17,1.0000000000000002
CBF,0.05,0.45,inward,11,violation,-0.003025672511508315,2.499999999999999,2.5253157294306874,0.22240449033897036,-1.1102230246251565e-16,1.0000000000000002
RCBF,0.05,0.45,inward,11,arrived,0.010372619085126766,8.699999999999989,5.968993212749839,0.4693108042477707,-5.551115123125783e-17,1.0000000000000002
SCBF,0.05,0.45,inward,11,violation,-0.004481403758114122,2.549999999999999,2.5556903263393917,0.24487676825158566,-1.1102230246251565e-16,1.0000000000000002
SRCBF,0.05,0.45,inward,11,arrived,0.01169781606163256,8.699999999999989,5.967155464487866,0.4708710162341065,-1.1102230246251565e-16,1.0000000000000002
CAP,0.05,0.45,inward,11,arrived,0.010372619085126766,8.699999999999989,5.968993212749839,0.4693108042477707,-5.551115123125783e-17,1.0000000000000002
CBF,0.05,0.45,inward,12,violation,-0.0036638669182224026,2.499999999999999,2.5177857654699953,0.23084606739609087,-1.1102230246251565e-16,1.0000000000000002
RCBF,0.05,0.45,inward,12,arrived,0.0102793595355275,8.699999999999989,5.973008136119719,0.4899533780946068,-2.220446049250313e-16,1.0000000000000002
SCBF,0.05,0.45,inward,12,violation,-0.0051424506960918714,2.549999999999999,2.5478509067702206,0.25423136998012763,-1.1102230246251565e-16,1.0000000000000002
SRCBF,0.05,0.45,inward,12,arrived,0.01158328676339182,8.699999999999989,5.971177070669044,0.4917503915751995,-1.1102230246251565e-16,1.0000000000000002
CAP,0.05,0.45,inward,12,arrived,0.0102793595355275,8.699999999999989,5.973008136119719,0.4899533780946068,-2.220446049250313e-16,1.0000000000000002
CBF,0.05,0.45,inward,13,violation,-0.0015162655521913093,2.4499999999999993,2.446660646154938,0.2451897492660285,-2.220446049250313e-16,1.0
RCBF,0.05,0.45,inward,13,arrived,0.009695849068153128,8.79999999999999,5.999151296913787,0.6055728074601365,-1.1102230246251565e-16,1.0
SCBF,0.05,0.45,inward,13,violation,-0.0030072672236557407,2.499999999999999,2.472386535602449,0.27197942814958304,-1.1102230246251565e-16,1.0
SRCBF,0.05,0.45,inward,13,arrived,0.010831919225251507,8.79999999999999,5.996809154613868,0.6066900210285106,-1.1102230246251565e-16,1.0
CAP,0.05,0.45,inward,13,arrived,0.009695849068153128,8.79999999999999,5.999151296913787,0.6055728074601365,-1.1102230246251565e-16,1.0
CBF,0.05,0.45,inward,14,violation,-0.0013658842468423638,2.4499999999999993,2.448705731946116,0.24311774388230573,-1.1102230246251565e-16,1.0000000000000002
RCBF,0.05,0.45,inward,14,arrived,0.009737803408168322,8.79999999999999,5.9977592680389,0.5986566411284294,-2.220446049250313e-16,1.0000000000000002
SCBF,0.05,0.45,inward,14,violation,-0.0028509358924930783,2.499999999999999,2.4745426198382585,0.26965173603074477,-1.1102230246251565e-16,1.0000000000000002
SRCBF,0.05,0.45,inward,14,arrived,0.010863329252278509,8.79999999999999,5.995459172490478,0.5998570823873481,-2.220446049250313e-16,1.0000000000000002
CAP,0.05,0.45,inward,14,arrived,0.009737803408168322,8.79999999999999,5.9977592680389,0.5986566411284294,-2.220446049250313e-16,1.0000000000000002
CBF,0.05,0.45,inward,15,violation,-0.0006471635679314858,2.4499999999999993,2.45676742510738,0.23411030535779803,-5.551115123125783e-17,1.0000000000000002
RCBF,0.05,0.45,inward,15,arrived,0.009882401952069575,8.74999999999999,5.990683219427986,0.5710805176225162,-5.551115123125783e-17,1.0000000000000002
SCBF,0.05,0.45,inward,15,violation,-0.002199953610685479,2.499999999999999,2.4833523873317715,0.260170989462397,-2.7755575615628914e-17,1.0000000000000002
SRCBF,0.05,0.45,inward,15,arrived,0.011006023659948738,8.79999999999999,5.990100171036959,0.5726162260395201,-1.1102230246251565e-16,1.0000000000000002
CAP,0.05,0.45,inward,15,arrived,0.009882401952069575,8.74999999999999,5.990683219427986,0.5710805176225162,-5.551115123125783e-17,1.0000000000000002
CBF,0.05,0.45,inward,16,violation,-0.005251590760760316,2.499999999999999,2.4982460235927495,0.2532063184434962,-5.551115123125783e-17,1.0
RCBF,0.05,0.45,inward,16,arrived,0.009983918928934132,8.74999999999999,5.985835627083758,0.5469069281296078,-5.551115123125783e-17,1.0
SCBF,0.05,0.45,inward,16,violation,-0.0015911035804037077,2.499999999999999,2.4913627381457895,0.25160574468546376,-1.1102230246251565e-16,1.0
SRCBF,0.05,0.45,inward,16,arrived,0.011169083024838211,8.74999999999999,5.9838516591775495,0.5487559190959382,-1.1102230246251565e-16,1.0000000000000002
CAP,0.05,0.45,inward,16,arrived,0.009983918928934132,8.74999999999999,5.985835627083758,0.5469069281296078,-5.551115123125783e-17,1.0
CBF,0.05,0.45,inward,17,violation,-0.0014286909102352308,2.4499999999999993,2.4478533791436847,0.24398081264231072,-2.220446049250313e-16,1.0000000000000002
RCBF,0.05,0.45,inward,17,arrived,0.009720392000759137,8.79999999999999,5.998337030843832,0.6015305751756194,-6.245004513516506e-17,1.0000000000000002
SCBF,0.05,0.45,inward,17,violation,-0.0029162238507011162,2.499999999999999,2.473644159198199,0.2706214097120295,-1.1102230246251565e-16,1.0000000000000002
SRCBF,0.05,0.45,inward,17,arrived,0.010850296155144434,8.79999999999999,5.996019487952498,0.6026964899506918,-1.1102230246251565e-16,1.0000000000000002
CAP,0.05,0.45,inward,17,arrived,0.009720392000759137,8.79999999999999,5.998337030843832,0.6015305751756194,-6.245004513516506e-17,1.0000000000000002
CBF,0.05,0.45,inward,18,violation,-0.004421046343042412,2.499999999999999,2.5086197360108367,0.24126343765382768,-2.220446049250313e-16,1.0
RCBF,0.05,0.45,inward,18,arrived,0.010160425263308182,8.699999999999989,5.978166159202618,0.5160554419753726,-2.220446049250313e-16,1.0
SCBF,0.05,0.45,inward,18,violation,-0.0007564380815583416,2.499999999999999,2.5020178262682493,0.24032215937896323,-2.220446049250313e-16,1.0
SRCBF,0.05,0.45,inward,18,arrived,0.01131968559131824,8.74999999999999,5.977872676181423,0.5181073787394476,-1.1102230246251565e-16,1.0000000000000002
CAP,0.05,0.45,inward,18,arrived,0.010160425263308182,8.699999999999989,5.978166159202618,0.5160554419753726,-2.220446049250313e-16,1.0
CBF,0.05,0.45,inward,19,violation,-0.004526889742785034,2.499999999999999,2.5073170357106966,0.24275505319782853,-1.1102230246251565e-16,1.0
RCBF,0.05,0.45,inward,19,arrived,0.010142575084860384,8.74999999999999,5.980450148191158,0.5198516681229307,-1.1102230246251565e-16,1.0000000000000002
SCBF,0.05,0.45,inward,19,violation,-0.000862839696054829,2.499999999999999,2.5006792704702665,0.24173167998701375,-1.1102230246251565e-16,1.0
SRCBF,0.05,0.45,inward,19,arrived,0.011300791418343725,8.74999999999999,5.978617150730452,0.5219384297462938,-1.1102230246251565e-16,1.0000000000000002
CAP,0.05,0.45,inward,19,arrived,0.010142575084860384,8.74999999999999,5.980450148191158,0.5198516681229307,-1.1102230246251565e-16,1.0000000000000002
CBF,0.2,0.45,inward,0,violation,-0.01013016400889466,2.4,2.443977800223201,0.2071569710554635,-1.3877787807814457e-17,1.0000000000000002
RCBF,0.2,0.45,inward,0,arrived,0.01745678892556579,8.600000000000001,6.013637672673469,0.6199853194436601,-3.469446951953614e-17,1.0000000000000002
SCBF,0.2,0.45,inward,0,violation,-0.008188466535088534,2.6,2.5424933219445727,0.31503423213013293,-5.551115123125783e-17,1.0000000000000002
SRCBF,0.2,0.45,inward,0,arrived,0.0297223763907013,8.600000000000001,6.005330014444668,0.6351446590158871,-5.551115123125783e-17,1.0000000000000002
CAP,0.2,0.45,inward,0,arrived,0.01745678892556579,8.600000000000001,6.013637672673469,0.6199853194436601,-3.469446951953614e-17,1.0000000000000002
CBF,0.2,0.45,inward,1,violation,-0.009458862203369,2.4,2.4511454441361478,0.20070059695753253,-1.1102230246251565e-16,1.0000000000000002
RCBF,0.2,0.45,inward,1,arrived,0.017947241317703977,8.600000000000001,6.008850799265628,0.5947879733683483,-2.7755575615628914e-17,1.0000000000000002
SCBF,0.2,0.45,inward,1,violation,-0.00722914063235236,2.6,2.551017352041221,0.30459490693894964,-1.1102230246251565e-16,1.0000000000000002
SRCBF,0.2,0.45,inward,1,arrived,0.030473092762425713,8.600000000000001,6.000293470166563,0.6087877365420026,-5.551115123125783e-17,1.0000000000000002
CAP,0.2,0.45,inward,1,arrived,0.017947241317703977,8.600000000000001,6.008850799265628,0.5947879733683483,-2.7755575615628914e-17,1.0000000000000002
CBF,0.2,0.45,inward,2,violation,-0.008093613146582523,2.4,2.465595449117658,0.1881590699141139,-1.1102230246251565e-16,1.0
RCBF,0.2,0.45,inward,2,arrived,0.018923521680425326,8.600000000000001,5.998966000715336,0.5470122566077805,-4.163336342344337e-17,1.0
SCBF,0.2,0.45,inward,2,violation,-0.005287850408473238,2.6,2.5679817872278936,0.28397247054223346,-1.3877787807814457e-17,1.0
SRCBF,0.2,0.45,inward,2,arrived,0.031962043556969855,8.600000000000001,5.991089031079766,0.5589047166084151,-5.551115123125783e-17,1.0000000000000002
CAP,0.2,0.45,inward,2,arrived,0.018923521680425326,8.600000000000001,5.998966000715336,0.5470122566077805,-4.163336342344337e-17,1.0
CBF,0.2,0.45,inward,3,violation,-0.0071167397671559884,2.4,2.4758480171666357,0.17969588374202394,0.0,1.0000000000000002
RCBF,0.2,0.45,inward,3,arrived,0.019605253195170147,8.600000000000001,5.992531572054526,0.5153585074228361,-6.245004513516506e-17,1.0000000000000002
SCBF,0.2,0.45,inward,3,violation,-0.003906369677648458,2.6,2.57984721328149,0.2697311124200377,-2.7755575615628914e-17,1.0000000000000002
SRCBF,0.2,0.45,inward,3,arrived,0.03299771916823935,8.600000000000001,5.984579404501024,0.5258653216849629,-5.551115123125783e-17,1.0000000000000002
CAP,0.2,0.45,inward,3,arrived,0.019605253195170147,8.600000000000001,5.992531572054526,0.5153585074228361,-6.245004513516506e-17,1.0000000000000002
CBF,0.2,0.45,inward,4,violation,-0.011736003207680867,2.4,2.4266249490557725,0.22332508167119222,-2.0816681711721685e-17,1.0
RCBF,0.2,0.45,inward,4,arrived,0.016254348260452356,8.600000000000001,6.026520266325103,0.6861814643049532,-2.7755575615628914e-17,1.0000000000000002
SCBF,0.2,0.45,inward,4,violation,-0.010496974434163975,2.6,2.5215413667065563,0.34077931957497015,-1.1102230246251565e-16,1.0
SRCBF,0.2,0.45,inward,4,arrived,0.02797730468157611,8.600000000000001,6.0179845268424295,0.7005860441652318,-2.7755575615628914e-17,1.0
CAP,0.2,0.45,inward,4,arrived,0.016254348260452356,8.600000000000001,6.026520266325103,0.6861814643049532,-2.7755575615628914e-17,1.0000000000000002
CBF,0.2,0.45,inward,5,violation,-0.011018403168271518,2.4,2.4344187497920955,0.21597777557709336,-2.220446049250313e-16,1.0
RCBF,0.2,0.45,inward,5,arrived,0.016796890382316354,8.600000000000001,6.0204774927497,0.6555241401081504,-2.220446049250313e-16,1.0
SCBF,0.2,0.45,inward,5,violation,-0.009462919872274989,2.6,2.5310080724742803,0.3291419567376237,-1.1102230246251565e-16,1.0
SRCBF,0.2,0.45,inward,5,arrived,0.028744812924925922,8.600000000000001,6.012249486779119,0.6709884129006083,-2.7755575615628914e-17,1.0
CAP,0.2,0.45,inward,5,arrived,0.016796890382316354,8.600000000000001,6.0204774927497,0.6555241401081504,-2.220446049250313e-16,1.0
CBF,0.2,0.45,inward,6,violation,-0.009600842875075788,2.4,2.4496332333395143,0.20205063211542518,-5.551115123125783e-17,1.0000000000000002
RCBF,0.2,0.45,inward,6,arrived,0.017844093271884298,8.600000000000001,6.009890722196244,0.6000039996799518,-1.1102230246251565e-16,1.0000000000000002
SCBF,0.2,0.45,inward,6,violation,-0.00743176837434445,2.6,2.5492251239709804,0.30678661576822297,-2.7755575615628914e-17,1.0000000000000002
SRCBF,0.2,0.45,inward,6,arrived,0.03031536234994081,8.600000000000001,6.001330176243302,0.614257780804288,-3.599551212651875e-17,1.0000000000000002
CAP,0.2,0.45,inward,6,arrived,0.017844093271884298,8.600000000000001,6.009890722196244,0.6000039996799518,-1.1102230246251565e-16,1.0000000000000002
CBF,0.2,0.45,inward,7,violation,-0.010066858568382187,2.4,2.444655700368731,0.20654025365137235,-4.85722573273506e-17,1.0000000000000002
RCBF,0.2,0.45,inward,7,arrived,0.01750334016006594,8.600000000000001,6.013176685369289,0.6175497020698542,-6.245004513516506e-17,1.0000000000000002
SCBF,0.2,0.45,inward,7,violation,-0.008097860138955193,2.6,2.5433026900208837,0.3140415104775988,0.0,1.0000000000000002
SRCBF,0.2,0.45,inward,7,arrived,0.029793710895852255,8.600000000000001,6.004840382559612,0.6326049808310559,-3.469446951953614e-17,1.0000000000000002
CAP,0.2,0.45,inward,7,arrived,0.01750334016006594,8.600000000000001,6.013176685369289,0.6175497020698542,-6.245004513516506e-17,1.0000000000000002
CBF,0.2,0.45,inward,8,violation,-0.008453056255131819,2.4,2.4618059463093673,0.1913821269598191,-1.1102230246251565e-16,1.0
RCBF,0.2,0.45,inward,8,arrived,0.018669184108124903,8.600000000000001,6.001466127375633,0.5591821146361383,-2.220446049250313e-16,1.0
SCBF,0.2,0.45,inward,8,violation,-0.00579772834104042,2.6,2.5635606828215716,0.28932161564669856,-1.1102230246251565e-16,1.0
SRCBF,0.2,0.45,inward,8,arrived,0.031574820652387925,8.600000000000001,5.9933792456644746,0.5715744653933896,-1.1102230246251565e-16,1.0
CAP,0.2,0.45,inward,8,arrived,0.018669184108124903,8.600000000000001,6.001466127375633,0.5591821146361383,-2.220446049250313e-16,1.0
CBF,0.2,0.45,inward,9,violation,-0.01135896646569845,2.4,2.4307283994070565,0.2194406950491462,-1.1102230246251565e-16,1.0
RCBF,0.2,0.45,inward,9,arrived,0.01654047647930179,8.600000000000001,6.023286969313822,0.6698495682198086,-1.1102230246251565e-16,1.0000000000000002
SCBF,0.2,0.45,inward,9,violation,-0.00995316262812096,2.6,2.5265372717319687,0.3346384906653284,-6.938893903907228e-17,1.0
SRCBF,0.2,0.45,inward,9,arrived,0.028382536787289858,8.600000000000001,6.0149203549398145,0.6848286503440775,-9.71445146547012e-17,1.0000000000000002
CAP,0.2,0.45,inward,9,arrived,0.01654047647930179,8.600000000000001,6.023286969313822,0.6698495682198086,-1.1102230246251565e-16,1.0000000000000002
CBF,0.2,0.45,inward,10,violation,-0.011802705114786871,2.4,2.4258969617873785,0.2240177149454241,-1.1102230246251565e-16,1.0000000000000002
RCBF,0.2,0.45,inward,10,arrived,0.016203479396708742,8.600000000000001,6.027105810695137,0.6891235533400686,-1.1102230246251565e-16,1.0000000000000002
SCBF,0.2,0.45,inward,10,violation,-0.010593298921549477,2.6,2.5206523097933724,0.3418717365795207,-1.1102230246251565e-16,1.0000000000000002
SRCBF,0.2,0.45,inward,10,arrived,0.027905153406977856,8.8,6.024636400895783,0.703422253683926,-1.1102230246251565e-16,1.0000000000000002
CAP,0.2,0.45,inward,10,arrived,0.016203479396708742,8.600000000000001,6.027105810695137,0.6891235533400686,-1.1102230246251565e-16,1.0000000000000002
CBF,0.2,0.45,inward,11,violation,-0.007356211459356832,2.4,2.4733405137533184,0.1817297633666866,-2.220446049250313e-16,1.0
RCBF,0.2,0.45,inward,11,arrived,0.019439402185101207,8.600000000000001,5.994067694280067,0.52292920230694,-1.1102230246251565e-16,1.0
SCBF,0.2,0.45,inward,11,violation,-0.004244465970679401,2.6,2.5769579968269465,0.27318179183458324,-1.1102230246251565e-16,1.0
SRCBF,0.2,0.45,inward,11,arrived,0.032746055420867726,8.600000000000001,5.986151290756027,0.5337979452749346,-5.551115123125783e-17,1.0
CAP,0.2,0.45,inward,11,arrived,0.019439402185101207,8.600000000000001,5.994067694280067,0.52292920230694,-1.1102230246251565e-16,1.0
CBF,0.2,0.45,inward,12,violation,-0.008034104461823177,2.4,2.466221893454805,0.18763103975466333,0.0,1.0
RCBF,0.2,0.45,inward,12,arrived,0.01896544624115737,8.600000000000001,5.998559185480297,0.5450249651394118,-3.469446951953614e-17,1.0
SCBF,0.2,0.45,inward,12,violation,-0.005203518320456069,2.6,2.568710774917589,0.28309248839577167,-2.0816681711721685e-17,1.0
SRCBF,0.2,0.45,inward,12,arrived,0.03202582825362643,8.600000000000001,5.990718910967465,0.5568379860567143,-5.898059818321144e-17,1.0
CAP,0.2,0.45,inward,12,arrived,0.01896544624115737,8.600000000000001,5.998559185480297,0.5450249651394118,-3.469446951953614e-17,1.0
CBF,0.2,0.45,inward,13,violation,-0.011330606702100843,2.4,2.4310362780250285,0.21915065700208075,-2.220446049250313e-16,1.0
RCBF,0.2,0.45,inward,13,arrived,0.016561902109832438,8.600000000000001,6.023049007250293,0.6686413639528517,-1.1102230246251565e-16,1.0
SCBF,0.2,0.45,inward,13,violation,-0.00991230399146048,2.6,2.526911059455136,0.33417894927757347,-1.1102230246251565e-16,1.0
SRCBF,0.2,0.45,inward,13,arrived,0.028412839700891812,8.600000000000001,6.014694435992209,0.6836620477198279,-3.469446951953614e-17,1.0
CAP,0.2,0.45,inward,13,arrived,0.016561902109832438,8.600000000000001,6.023049007250293,0.6686413639528517,-1.1102230246251565e-16,1.0
CBF,0.2,0.45,inward,14,violation,-0.01115431023878144,2.4,2.432947836415305,0.21735444188255257,-7.632783294297951e-17,1.0
RCBF,0.2,0.45,inward,14,arrived,0.016694793898493265,8.600000000000001,6.021586087636569,0.6611931508060989,-4.85722573273506e-17,1.0
SCBF,0.2,0.45,inward,14,violation,-0.009658450517307293,2.6,2.5292285786577047,0.331329681446609,0.0,1.0
SRCBF,0.2,0.45,inward,14,arrived,0.02860066396182981,8.600000000000001,6.013304324699682,0.676467533290395,-1.1102230246251565e-16,1.0
CAP,0.2,0.45,inward,14,arrived,0.016694793898493265,8.600000000000001,6.021586087636569,0.6611931508060989,-4.85722573273506e-17,1.0
CBF,0.2,0.45,inward,15,violation,-0.010426744184367953,2.4,2.4407961135921394,0.2100676496894729,2.0816681711721685e-17,1.0000000000000002
RCBF,0.2,0.45,inward,15,arrived,0.017237856901334836,8.600000000000001,6.015844016551792,0.6315656173498944,-2.0816681711721685e-17,1.0000000000000002
SCBF,0.2,0.45,inward,15,violation,-0.008613343160026377,2.6,2.5386855909268586,0.31970775609414603,-2.7755575615628914e-17,1.0000000000000002
SRCBF,0.2,0.45,inward,15,arrived,0.029386658751966332,8.600000000000001,6.007664932403206,0.6471968731999063,0.0,1.0000000000000002
CAP,0.2,0.45,inward,15,arrived,0.017237856901334836,8.600000000000001,6.015844016551792,0.6315656173498944,-2.0816681711721685e-17,1.0000000000000002
CBF,0.2,0.45,inward,16,violation,-0.009755409841135765,2.4,2.447984731627865,0.20352985890974834,-5.551115123125783e-17,1.0
RCBF,0.2,0.45,inward,16,arrived,0.017731447585990212,8.600000000000001,6.010959722882463,0.6057493279259889,-2.7755575615628914e-17,1.0
SCBF,0.2,0.45,inward,16,violation,-0.007652522288641106,2.6,2.547267640708533,0.30918253898355164,-5.551115123125783e-17,1.0
SRCBF,0.2,0.45,inward,16,arrived,0.03014301511662676,8.600000000000001,6.002476119701501,0.6202758200609375,-6.938893903907228e-18,1.0
CAP,0.2,0.45,inward,16,arrived,0.017731447585990212,8.600000000000001,6.010959722882463,0.6057493279259889,-2.7755575615628914e-17,1.0
CBF,0.2,0.45,inward,17,violation,-0.011227860244809929,2.4,2.432150831817147,0.21810238866581932,-2.220446049250313e-16,1.0
RCBF,0.2,0.45,inward,17,arrived,0.01663941462817653,8.600000000000001,6.022192989114031,0.6642874640173267,-2.220446049250313e-16,1.0
SCBF,0.2,0.45,inward,17,violation,-0.00976432738824351,2.6,2.528262993334579,0.33251682169939933,-1.1102230246251565e-16,1.0
SRCBF,0.2,0.45,inward,17,arrived,0.028522419893508677,8.600000000000001,6.013881278414984,0.6794570276059737,-2.7755575615628914e-17,1.0
CAP,0.2,0.45,inward,17,arrived,0.01663941462817653,8.600000000000001,6.022192989114031,0.6642874640173267,-2.220446049250313e-16,1.0
CBF,0.2,0.45,inward,18,violation,-0.008848576376672579,2.4,2.4576242581656755,0.19499451457453265,2.0816681711721685e-17,1.0
RCBF,0.2,0.45,inward,18,arrived,0.01838710639332186,8.600000000000001,6.004301982468723,0.5729074899282094,-2.7755575615628914e-17,1.0000000000000002
SCBF,0.2,0.45,inward,18,violation,-0.006359782952658821,2.6,2.5586592773220214,0.29527437083815716,-5.551115123125783e-17,1.0
SRCBF,0.2,0.45,inward,18,arrived,0.03114481449965867,8.600000000000001,5.996008764195925,0.5858928081706171,-6.245004513516506e-17,1.0
CAP,0.2,0.45,inward,18,arrived,0.01838710639332186,8.600000000000001,6.004301982468723,0.5729074899282094,-2.7755575615628914e-17,1.0000000000000002
CBF,0.2,0.45,inward,19,violation,-0.00896334245717001,2.4,2.4564084283920105,0.1960554235899873,0.0,1.0
RCBF,0.2,0.45,inward,19,arrived,0.01830481908650816,8.600000000000001,6.005141412531025,0.5769565623417682,-2.0816681711721685e-17,1.0
SCBF,0.2,0.45,inward,19,violation,-0.006523070952997867,2.6,2.557229656447429,0.2970146345114979,-2.7755575615628914e-17,1.0
SRCBF,0.2,0.45,inward,19,arrived,0.031019263167217592,8.600000000000001,5.996793456216415,0.5901230288761427,-5.551115123125783e-17,1.0000000000000002
CAP,0.2,0.45,inward,19,arrived,0.01830481908650816,8.600000000000001,6.005141412531025,0.5769565623417682,-2.0816681711721685e-17,1.0
CBF,0.5,0.45,inward,0,violation,-0.05228646159537398,2.5,2.5135972256764116,0.24648399210657274,0.0,1.0
RCBF,0.5,0.45,inward,0,arrived,0.004706622757719936,8.5,6.077960368425543,0.7772624045023613,1.3877787807814457e-17,1.0
SCBF,0.5,0.45,inward,0,violation,-0.006762108272981182,2.5,2.475643203445052,0.28729885987686643,-2.7755575615628914e-17,1.0
SRCBF,0.5,0.45,inward,0,arrived,0.052050910357389735,8.5,6.061449399625054,0.7975178270321399,-2.42861286636753e-17,1.0000000000000002
CAP,0.5,0.45,inward,0,arrived,0.029465605733917433,8.5,6.091229661534242,0.8278847291141581,1.610040226140974e-17,1.0
CBF,0.5,0.45,inward,1,violation,-0.05378077660638636,2.5,2.52126080983619,0.23179723734279212,0.0,1.0
RCBF,0.5,0.45,inward,1,arrived,0.003213136155897134,8.0,6.056101450307515,0.7455542645386027,-4.163336342344337e-17,1.0
SCBF,0.5,0.45,inward,1,violation,-0.005171404784234279,2.5,2.483940547891598,0.28176086444587717,0.0,0.9999999999999999
SRCBF,0.5,0.45,inward,1,arrived,0.05333854617491984,8.5,6.0571116818047805,0.7695869700294202,-1.1102230246251565e-16,1.0
CAP,0.5,0.45,inward,1,arrived,0.030398801949073184,8.5,6.0831986395738555,0.7962131261495753,0.0,1.0
CBF,0.5,0.45,inward,2,violation,-0.05699129231902933,2.5,2.5370080280837266,0.2029420435199151,2.7755575615628914e-17,1.0
RCBF,0.5,0.45,inward,2,violation,-0.0001295627539170674,2.5,2.506399769757766,0.286592882974911,2.7755575615628914e-17,1.0
SCBF,0.5,0.45,inward,2,violation,-0.0019666650470876457,2.5,2.500721362521223,0.2708335486452124,2.7755575615628914e-17,1.0
SRCBF,0.5,0.45,inward,2,arrived,0.055920330058170764,8.5,6.049911005757319,0.717748832364723,-1.3877787807814457e-17,1.0
CAP,0.5,0.45,inward,2,arrived,0.0322346752521967,8.0,6.05293607868874,0.7347415095574644,-4.5102810375396984e-17,1.0
CBF,0.5,0.45,inward,3,violation,-0.0594251822242533,2.5,2.548432994032444,0.18318419734338484,-1.1102230246251565e-16,1.0
RCBF,0.5,0.45,inward,3,violation,-0.002717331691357794,2.5,2.51632946011563,0.2630182450310189,0.0,1.0
SCBF,0.5,0.45,inward,3,violation,-0.010741151984035358,3.0,2.8765112426705124,0.5054680259299364,-1.1102230246251565e-16,1.0
SRCBF,0.5,0.45,inward,3,arrived,0.057738890602444304,8.5,6.0436509159946645,0.6838684237927024,-1.1102230246251565e-16,1.0
CAP,0.5,0.45,inward,3,arrived,0.033498979992810596,8.0,6.043205007222706,0.6930655678411484,-6.938893903907228e-17,1.0
CBF,0.5,0.45,inward,4,violation,-0.048947470540592675,2.5,2.4954189802197235,0.28283891242109005,2.7755575615628914e-17,1.0
RCBF,0.5,0.45,inward,4,arrived,0.007865907296395691,8.5,6.0961262325357435,0.8584599050944112,1.3877787807814457e-17,1.0
SCBF,0.5,0.45,inward,4,violation,-0.010608000984155042,2.5,2.45564295655505,0.30095519087609285,5.551115123125783e-17,1.0
SRCBF,0.5,0.45,inward,4,arrived,0.04891775847627944,8.5,6.074022042857874,0.8714867641227956,-1.5612511283791264e-17,1.0
CAP,0.5,0.45,inward,4,arrived,0.027147962882953736,8.5,6.109065179022008,0.9089688793650957,-2.0816681711721685e-17,1.0
CBF,0.5,0.45,inward,5,violation,-0.050397654786666135,2.5,2.503520413775828,0.2663885449341516,5.551115123125783e-17,1.0
RCBF,0.5,0.45,inward,5,arrived,0.006527209891517338,8.5,6.087735557615065,0.8212273648989501,-1.3877787807814457e-17,1.0
SCBF,0.5,0.45,inward,5,violation,-0.008882204460482823,2.5,2.4646093164163325,0.2947837560217565,-2.220446049250313e-16,1.0
SRCBF,0.5,0.45,inward,5,arrived,0.05032750508181294,8.5,6.068017398091417,0.8371342930420069,-1.1102230246251565e-16,1.0
CAP,0.5,0.45,inward,5,arrived,0.028198827572292418,8.5,6.101305686219322,0.8714571127577644,-3.2959746043559335e-17,1.0
CBF,0.5,0.45,inward,6,violation,-0.053460014346492835,2.5,2.5196360400873803,0.23487701141498044,-2.7755575615628914e-17,1.0
RCBF,0.5,0.45,inward,6,arrived,0.003537350878279777,8.0,6.057390092398373,0.7521530615248665,-2.7755575615628914e-17,1.0
SCBF,0.5,0.45,inward,6,violation,-0.005507014289218071,2.5,2.482188414212662,0.2829233628499937,-2.7755575615628914e-17,1.0
SRCBF,0.5,0.45,inward,6,arrived,0.05306724017048925,8.5,6.05798464813014,0.7753551705789661,-7.45931094670027e-17,1.0
CAP,0.5,0.45,inward,6,arrived,0.03020313629782656,8.5,6.0848788150624795,0.8028302749613215,-1.734723475976807e-17,1.0
CBF,0.5,0.45,inward,7,violation,-0.05242495165185945,2.5,2.5143179918965792,0.2450855805101528,-5.551115123125783e-17,1.0
RCBF,0.5,0.45,inward,7,arrived,0.00457007055220926,8.5,6.077290409953501,0.774216943035799,-5.551115123125783e-17,1.0
SCBF,0.5,0.45,inward,7,violation,-0.006611677298890117,2.5,2.4764271148458477,0.28677215484273416,0.0,1.0
SRCBF,0.5,0.45,inward,7,arrived,0.05217287072207233,8.5,6.061017481069774,0.7948117590653577,-2.7755575615628914e-17,1.0
CAP,0.5,0.45,inward,7,arrived,0.029554487138539587,8.5,6.090463031231591,0.8248559977058983,-1.8214596497756474e-17,1.0
CBF,0.5,0.45,inward,8,violation,-0.05612413622904677,2.5,2.532838814089835,0.21040236559911024,2.7755575615628914e-17,1.0
RCBF,0.5,0.45,inward,8,arrived,0.0007897111385450906,8.0,6.047487729522161,0.7004330144375495,-4.163336342344337e-17,1.0
SCBF,0.5,0.45,inward,8,violation,-0.0028064905455962297,2.5,2.4963143466845104,0.27366538065915635,0.0,1.0
SRCBF,0.5,0.45,inward,8,arrived,0.055245243318519766,8.5,6.051599701181748,0.7307768234695982,-4.163336342344337e-17,1.0
CAP,0.5,0.45,inward,8,arrived,0.03175923234769429,8.0,6.056639332072309,0.7505535691536681,-6.938893903907228e-18,1.0
CBF,0.5,0.45,inward,9,violation,-0.04970083017743354,2.5,2.499672043848432,0.27415587774845074,-2.7755575615628914e-17,1.0
RCBF,0.5,0.45,inward,9,arrived,0.007177449458002139,8.5,6.091664289933038,0.8387037962399928,-2.0816681711721685e-17,1.0
SCBF,0.5,0.45,inward,9,violation,-0.009699780069438724,2.5,2.4603602249656036,0.2976991474268939,-3.3306690738754696e-16,1.0
SRCBF,0.5,0.45,inward,9,arrived,0.049660473960750795,8.5,6.070788908581484,0.8531674358728916,-1.1102230246251565e-16,1.0
CAP,0.5,0.45,inward,9,arrived,0.0277032122069909,8.5,6.10488904121656,0.888965922613533,-6.938893903907228e-17,1.0
CBF,0.5,0.45,inward,10,violation,-0.04881619516486635,2.5,2.494667244458175,0.28438399572923667,0.0,1.0
RCBF,0.5,0.45,inward,10,arrived,0.007984234726540973,8.5,6.096927634172512,0.8620000286081766,-1.3877787807814457e-17,1.0
SCBF,0.5,0.45,inward,10,violation,-0.010769015516687075,2.5,2.454806922137056,0.3015342739753996,-1.1102230246251565e-16,0.9999999999999999
SRCBF,0.5,0.45,inward,10,arrived,0.048785887040323384,8.5,6.074612080599754,0.8747912435397039,-4.85722573273506e-17,1.0
CAP,0.5,0.45,inward,10,arrived,0.027049007942604786,8.5,6.109827165839368,0.912577162959149,-2.0816681711721685e-17,1.0
CBF,0.5,0.45,inward,11,violation,-0.05881820576630703,2.5,2.5456189547523107,0.18795618242991036,0.0,1.0
RCBF,0.5,0.45,inward,11,violation,-0.0020726785910627488,2.5,2.5138747165719253,0.2687302135413115,2.7755575615628914e-17,1.0
SCBF,0.5,0.45,inward,11,violation,-0.000252479719491161,2.5,2.5097406381028877,0.26512914988755903,-2.220446049250313e-16,1.0
SRCBF,0.5,0.45,inward,11,arrived,0.05729523796877656,8.5,6.0452293732307405,0.6920298119670936,-1.1102230246251565e-16,1.0
CAP,0.5,0.45,inward,11,arrived,0.03319276787074976,8.0,6.045544513380547,0.7031093829216707,0.0,1.0
CBF,0.5,0.45,inward,12,violation,-0.057136344354244084,2.5,2.537700001872799,0.20171663227912479,2.7755575615628914e-17,1.0
RCBF,0.5,0.45,inward,12,violation,-0.00028400379495241435,2.5,2.506998388322895,0.2851363082797402,-1.3877787807814457e-17,1.0
SCBF,0.5,0.45,inward,12,violation,-0.0018278944894367655,2.5,2.5014502805395993,0.2703679150462367,-2.7755575615628914e-17,1.0
SRCBF,0.5,0.45,inward,12,arrived,0.056031783440794514,8.5,6.049645472177036,0.7156332767528245,-1.3877787807814457e-17,1.0
CAP,0.5,0.45,inward,12,arrived,0.03231285199595868,8.0,6.052329234607607,0.7321488067312474,-2.0816681711721685e-17,1.0
CBF,0.5,0.45,inward,13,violation,-0.04975826829608898,2.5,2.4999922446803486,0.2735062916648865,-2.7755575615628914e-17,1.0
RCBF,0.5,0.45,inward,13,arrived,0.00712432558559728,8.5,6.091333412379462,0.8372351916895532,-6.938893903907228e-17,1.0
SCBF,0.5,0.45,inward,13,violation,-0.00963159747413267,2.5,2.460714479328814,0.2974554350462154,-5.551115123125783e-17,1.0
SRCBF,0.5,0.45,inward,13,arrived,0.04971615685455766,8.5,6.0705527293911,0.8518138866902007,-1.3877787807814457e-17,1.0
CAP,0.5,0.45,inward,13,arrived,0.027744696894859255,8.5,6.104583853778575,0.8874879306999336,-1.0408340855860843e-17,1.0
CBF,0.5,0.45,inward,14,violation,-0.05011773157124977,2.5,2.501983802210175,0.2694794546185348,-5.551115123125783e-17,1.0
RCBF,0.5,0.45,inward,14,arrived,0.006789907556487784,8.5,6.089291641573908,0.8281599485334704,-5.551115123125783e-17,1.0
SCBF,0.5,0.45,inward,14,violation,-0.009208155422050779,2.5,2.4629149548251092,0.29594422763339356,0.0,1.0
SRCBF,0.5,0.45,inward,14,arrived,0.05006174436857114,8.5,6.069106500152141,0.8434749760536676,0.0,1.0
CAP,0.5,0.45,inward,14,arrived,0.02800171283063735,8.5,6.1027144168844325,0.8783818839142804,0.0,1.0
CBF,0.5,0.45,inward,15,violation,-0.05164445995401046,2.5,2.510225387126037,0.25307175434684165,-2.7755575615628914e-17,1.0
RCBF,0.5,0.45,inward,15,arrived,0.005334375492651144,8.5,6.081146950386343,0.7916849810413868,-5.551115123125783e-17,1.0000000000000002
SCBF,0.5,0.45,inward,15,violation,-0.007468045328636763,2.5,2.471966400228421,0.2897785360042887,-1.1102230246251565e-16,1.0
SRCBF,0.5,0.45,inward,15,arrived,0.05147802361049325,8.5,6.0635367718857776,0.8104004162342417,-1.1102230246251565e-16,1.0
CAP,0.5,0.45,inward,15,arrived,0.029046738108747916,8.5,6.09484618866798,0.8421925042430067,6.938893903907228e-18,1.0
CBF,0.5,0.45,inward,16,violation,-0.053113679513275835,2.5,2.51786970054317,0.23824609459728716,2.7755575615628914e-17,1.0
RCBF,0.5,0.45,inward,16,arrived,0.0038852332969259162,8.5,6.074047330218999,0.759402147263532,-2.7755575615628914e-17,1.0
SCBF,0.5,0.45,inward,16,violation,-0.005872877109692198,2.5,2.4802793109099475,0.28419431763979397,0.0,1.0
SRCBF,0.5,0.45,inward,16,arrived,0.05277126086937323,8.5,6.058962031810327,0.7817188128796074,-3.8163916471489756e-17,1.0
CAP,0.5,0.45,inward,16,arrived,0.02998908967642311,8.5,6.086719275668907,0.810083364640383,-2.949029909160572e-17,1.0
CBF,0.5,0.45,inward,17,violation,-0.04996726285557784,2.5,2.501152708396845,0.2711570617858201,-2.7755575615628914e-17,1.0
RCBF,0.5,0.45,inward,17,arrived,0.0069302987695039064,8.5,6.090140283507678,0.8319347529544459,-5.551115123125783e-17,1.0
SCBF,0.5,0.45,inward,17,violation,-0.00938472752679842,2.5,2.4619972853806034,0.29657389474826296,0.0,1.0
SRCBF,0.5,0.45,inward,17,arrived,0.0499176840406651,8.5,6.069705261794083,0.8469382050808913,0.0,1.0
CAP,0.5,0.45,inward,17,arrived,0.027894669089808644,8.5,6.103488540451411,0.882163826848374,-1.3877787807814457e-17,1.0
CBF,0.5,0.45,inward,18,violation,-0.05518790804824947,2.5,2.5282710153573413,0.21872580774935252,-2.7755575615628914e-17,1.0000000000000002
RCBF,0.5,0.45,inward,18,arrived,0.0017690452950488433,8.0,6.050766154802497,0.7178388463967812,-2.7755575615628914e-17,1.0000000000000002
SCBF,0.5,0.45,inward,18,violation,-0.0037338397797336276,2.5,2.491456213484355,0.2768191527045788,0.0,1.0000000000000002
SRCBF,0.5,0.45,inward,18,arrived,0.05449860363088399,8.5,6.053627761070476,0.745617028329432,-3.881443777498106e-17,1.0000000000000002
CAP,0.5,0.45,inward,18,arrived,0.03122958450504587,8.5,6.076092986064999,0.7682571691471349,6.938893903907228e-18,1.0000000000000002
CBF,0.5,0.45,inward,19,violation,-0.05491980268063912,2.5,2.526949321872277,0.22116300116559573,-2.7755575615628914e-17,1.0000000000000002
RCBF,0.5,0.45,inward,19,arrived,0.0020468394377737287,8.0,6.051744004795899,0.722970933802221,-2.7755575615628914e-17,1.0000000000000002
SCBF,0.5,0.45,inward,19,violation,-0.004003559239565524,2.5,2.4900447389612834,0.27774153722849176,-2.7755575615628914e-17,1.0
SRCBF,0.5,0.45,inward,19,arrived,0.054281199285798665,8.5,6.054249886647936,0.7500241553975834,0.0,1.0
CAP,0.5,0.45,inward,19,arrived,0.031074614957616764,8.5,6.077414582326643,0.7734546583552785,-2.7755575615628914e-17,1.0000000000000002
CBF,0.8,0.45,inward,0,violation,-0.30160848041338206,2.4000000000000004,2.680629747059568,0.0,0.48409927664429864,1.0
RCBF,0.8,0.45,inward,0,violation,-0.30160848041338206,2.4000000000000004,2.680629747059568,0.0,0.36409927664429875,1.0
SCBF,0.8,0.45,inward,0,violation,-0.008368421102478374,2.4000000000000004,2.37958403108456,0.13032814848007332,0.0,1.0
SRCBF,0.8,0.45,inward,0,arrived,0.07097349166831268,7.999999999999999,6.112836058988883,0.9935294857750592,-5.551115123125783e-17,1.0
CAP,0.8,0.45,inward,0,arrived,0.03831323098722572,7.999999999999999,6.124074716814743,0.9656996618276991,-1.3877787807814457e-17,1.0
CBF,0.8,0.45,inward,1,violation,-0.29362077292055055,2.4000000000000004,2.680323697837308,0.0,0.49982481546704005,0.9999999999999999
RCBF,0.8,0.45,inward,1,violation,-0.29362077292055055,2.4000000000000004,2.680323697837308,0.0,0.37982481546704017,0.9999999999999999
SCBF,0.8,0.45,inward,1,violation,-0.00630207947824557,2.4000000000000004,2.385383916290529,0.12563893811231008,0.0,0.9999999999999999
SRCBF,0.8,0.45,inward,1,arrived,0.07271407159594279,7.999999999999999,6.106168838159639,0.9595075216087721,-5.551115123125783e-17,1.0
CAP,0.8,0.45,inward,1,arrived,0.03975189504312038,7.999999999999999,6.117034795815478,0.9313380186382593,-5.551115123125783e-17,1.0
CBF,0.8,0.45,inward,2,violation,-0.27733810082590804,2.4000000000000004,2.6797019707881082,0.0,0.5326629995998513,1.0
RCBF,0.8,0.45,inward,2,violation,-0.27733810082590804,2.4000000000000004,2.6797019707881082,0.0,0.4126629995998512,1.0
SCBF,0.8,0.45,inward,2,violation,-0.0021228064638021404,2.4000000000000004,2.3972816388941403,0.11617960391379001,1.1102230246251565e-16,1.0
SRCBF,0.8,0.45,inward,2,arrived,0.07621584530533687,7.999999999999999,6.093137624193014,0.8936364349246566,-2.42861286636753e-17,1.0
CAP,0.8,0.45,inward,2,arrived,0.042638010429863926,7.999999999999999,6.103443248223308,0.8651159950803641,6.938893903907228e-18,1.0
CBF,0.8,0.45,inward,3,violation,-0.26565099456759944,2.4000000000000004,2.6792577020856427,0.0,0.5568493620383669,1.0
RCBF,0.8,0.45,inward,3,violation,-0.26565099456759944,2.4000000000000004,2.6792577020856427,0.0,0.436849362038367,1.0
SCBF,0.8,0.45,inward,3,violation,-0.012796253246711409,3.2,2.9323623783799646,0.5735397821912821,0.0,0.9999999999999999
SRCBF,0.8,0.45,inward,3,arrived,0.07869194656784773,7.999999999999999,6.084306659637958,0.849104444102815,0.0,1.0
CAP,0.8,0.45,inward,3,arrived,0.0446706102498472,7.999999999999999,6.094369952835594,0.8205990470948825,-4.163336342344337e-17,1.0
CBF,0.8,0.45,inward,4,violation,-0.32067761087041113,2.4000000000000004,2.6813628405286885,0.0,0.4476440080651025,1.0
RCBF,0.8,0.45,inward,4,violation,-0.32067761087041113,2.4000000000000004,2.6813628405286885,0.0,0.3276440080651024,1.0
SCBF,0.8,0.45,inward,4,violation,-0.013341565605057948,2.4000000000000004,2.3658479587767878,0.14161212294014947,-1.1102230246251565e-16,1.0
SRCBF,0.8,0.45,inward,4,arrived,0.06675444238877104,7.999999999999999,6.129333980556198,1.0795732685132418,-5.204170427930421e-17,1.0
CAP,0.8,0.45,inward,4,arrived,0.03481856097107949,7.999999999999999,6.141732448733712,1.053033710148132,-5.551115123125783e-17,1.0
CBF,0.8,0.45,inward,5,violation,-0.3121620253887946,2.4000000000000004,2.6810350605195152,0.0,0.4637291321819169,1.0
RCBF,0.8,0.45,inward,5,violation,-0.3121620253887946,2.4000000000000004,2.6810350605195152,0.0,0.34372913218191703,1.0
SCBF,0.8,0.45,inward,5,violation,-0.011113950827596586,2.4000000000000004,2.371961799984092,0.13656071654002075,1.1102230246251565e-16,1.0
SRCBF,0.8,0.45,inward,5,arrived,0.06864994838238103,7.999999999999999,6.121878544984333,1.0402870325204296,-2.7755575615628914e-17,1.0
CAP,0.8,0.45,inward,5,arrived,0.03638959504090511,7.999999999999999,6.133711314297268,1.0130850805403715,1.3877787807814457e-17,1.0
CBF,0.8,0.45,inward,6,violation,-0.29531110730430066,2.4000000000000004,2.680388408493395,0.0,0.4964754271798564,1.0000000000000002
RCBF,0.8,0.45,inward,6,violation,-0.29531110730430066,2.4000000000000004,2.680388408493395,0.0,0.3764754271798565,1.0000000000000002
SCBF,0.8,0.45,inward,6,violation,-0.006738490475838854,2.4000000000000004,2.3841544489908593,0.12662890885402894,-1.1102230246251565e-16,1.0
SRCBF,0.8,0.45,inward,6,arrived,0.0723470049128414,7.999999999999999,6.107565779232627,0.9666111100197199,-5.551115123125783e-17,1.0
CAP,0.8,0.45,inward,6,arrived,0.039448696721021026,7.999999999999999,6.118505152647991,0.9385040210963751,-5.551115123125783e-17,1.0
CBF,0.8,0.45,inward,7,violation,-0.3008556809208722,2.4000000000000004,2.6806008760841915,0.0,0.4855701881224691,1.0
RCBF,0.8,0.45,inward,7,violation,-0.3008556809208722,2.4000000000000004,2.6806008760841915,0.0,0.3655701881224692,1.0
SCBF,0.8,0.45,inward,7,violation,-0.008173242041254802,2.4000000000000004,2.380129542095871,0.12988506925413157,-2.220446049250313e-16,1.0
SRCBF,0.8,0.45,inward,7,arrived,0.07113818595508525,7.999999999999999,6.112200766112413,0.9902735845058874,-1.6653345369377348e-16,1.0
CAP,0.8,0.45,inward,7,arrived,0.038449454847905185,7.999999999999999,6.1234014952515174,0.9624068584342765,-1.1102230246251565e-16,1.0
CBF,0.8,0.45,inward,8,violation,-0.28163040109825255,2.4000000000000004,2.679865568165794,0.0,0.523907371080453,1.0
RCBF,0.8,0.45,inward,8,violation,-0.28163040109825255,2.4000000000000004,2.679865568165794,0.0,0.40390737108045294,1.0
SCBF,0.8,0.45,inward,8,violation,-0.003220097904736541,2.4000000000000004,2.3941360133265617,0.11865848275249238,0.0,1.0
SRCBF,0.8,0.45,inward,8,arrived,0.0752986719290688,7.999999999999999,6.0964942939974245,0.9105592512540456,-4.163336342344337e-17,1.0
CAP,0.8,0.45,inward,8,arrived,0.04188329687290315,7.999999999999999,6.106922104399078,0.8820882548493469,-4.85722573273506e-17,1.0000000000000002
CBF,0.8,0.45,inward,9,violation,-0.31620443444884616,2.4000000000000004,2.6811905810347714,0.0,0.45605340244106873,1.0
RCBF,0.8,0.45,inward,9,violation,-0.31620443444884616,2.4000000000000004,2.6811905810347714,0.0,0.3360534024410686,1.0
SCBF,0.8,0.45,inward,9,violation,-0.012170081314907821,2.4000000000000004,2.3690552785443675,0.1389566835147178,1.1102230246251565e-16,1.0
SRCBF,0.8,0.45,inward,9,arrived,0.06775250113855591,7.999999999999999,6.125402303945348,1.0587593289716695,0.0,1.0
CAP,0.8,0.45,inward,9,arrived,0.0356459114173836,7.999999999999999,6.137493886554847,1.031854019021478,-2.7755575615628914e-17,1.0
CBF,0.8,0.45,inward,10,violation,-0.3214687498087075,2.4000000000000004,2.681393324688698,0.0,0.44616604784572533,1.0
RCBF,0.8,0.45,inward,10,violation,-0.3214687498087075,2.4000000000000004,2.681393324688698,0.0,0.32616604784572545,1.0
SCBF,0.8,0.45,inward,10,violation,-0.013549060492208165,2.4000000000000004,2.3652817062716744,0.14208214663708132,0.0,1.0
SRCBF,0.8,0.45,inward,10,arrived,0.06657736762312205,7.999999999999999,6.130032515922109,1.083295852153742,-1.0408340855860843e-17,1.0
CAP,0.8,0.45,inward,10,arrived,0.03467175043651238,7.999999999999999,6.1424875185983066,1.056825152181437,0.0,1.0
CBF,0.8,0.45,inward,11,violation,-0.26851906177432716,2.4000000000000004,2.6793665619494766,0.0,0.5508677948836284,1.0
RCBF,0.8,0.45,inward,11,violation,-0.26851906177432716,2.4000000000000004,2.6793665619494766,0.0,0.43086779488362825,1.0
SCBF,0.8,0.45,inward,11,violation,-0.013458773052491768,3.2,2.9276430602653445,0.5794404608703305,5.038829596626382e-17,1.0
SRCBF,0.8,0.45,inward,11,arrived,0.07808715326516302,7.999999999999999,6.086430705501196,0.8598269197417037,-1.3877787807814457e-17,1.0
CAP,0.8,0.45,inward,11,arrived,0.04417484048016618,7.999999999999999,6.0965413731652065,0.8312979586932963,-5.551115123125783e-17,1.0
CBF,0.8,0.45,inward,12,violation,-0.27662707729753944,2.4000000000000004,2.679674892371982,0.0,0.5341200729160115,1.0
RCBF,0.8,0.45,inward,12,violation,-0.27662707729753944,2.4000000000000004,2.679674892371982,0.0,0.4141200729160114,1.0
SCBF,0.8,0.45,inward,12,violation,-0.0019413516904752681,2.4000000000000004,2.3978033268127095,0.11577009196242638,0.0,1.0
SRCBF,0.8,0.45,inward,12,arrived,0.07636737023898343,7.999999999999999,6.092587305584348,0.8908630090038563,-5.204170427930421e-17,1.0
CAP,0.8,0.45,inward,12,arrived,0.042762605458152914,7.999999999999999,6.102874427482725,0.8623372775204192,-3.469446951953614e-17,1.0
CBF,0.8,0.45,inward,13,violation,-0.3158678846930833,2.4000000000000004,2.681177627707754,0.0,0.4566897046029228,1.0
RCBF,0.8,0.45,inward,13,violation,-0.3158678846930833,2.4000000000000004,2.681177627707754,0.0,0.3366897046029229,1.0
SCBF,0.8,0.45,inward,13,violation,-0.012082060713472731,2.4000000000000004,2.3692969721418757,0.13875705976499583,1.1102230246251565e-16,1.0
SRCBF,0.8,0.45,inward,13,arrived,0.06782737925036231,7.999999999999999,6.125107816099712,1.0572092896656016,-3.122502256758253e-17,1.0
CAP,0.8,0.45,inward,13,arrived,0.03570797131829573,7.999999999999999,6.137177182962095,1.0302780658127402,-3.469446951953614e-17,1.0000000000000002
CBF,0.8,0.45,inward,14,violation,-0.3137754491523949,2.4000000000000004,2.6810971151559406,0.0,0.46065698357100326,1.0
RCBF,0.8,0.45,inward,14,violation,-0.3137754491523949,2.4000000000000004,2.6810971151559406,0.0,0.3406569835710034,1.0
SCBF,0.8,0.45,inward,14,violation,-0.011535185863757902,2.4000000000000004,2.3708008368157696,0.1375165234178819,0.0,1.0
SRCBF,0.8,0.45,inward,14,arrived,0.06829226033111668,7.999999999999999,6.123281374444024,1.0476217674214339,0.0,1.0
CAP,0.8,0.45,inward,14,arrived,0.03609322759932754,7.999999999999999,6.135215346092343,1.0205344026962724,-5.551115123125783e-17,1.0
CBF,0.8,0.45,inward,15,violation,-0.3051340859106491,2.4000000000000004,2.6807650326702976,0.0,0.47724187878452284,1.0
RCBF,0.8,0.45,inward,15,violation,-0.3051340859106491,2.4000000000000004,2.6807650326702976,0.0,0.35724187878452274,1.0
SCBF,0.8,0.45,inward,15,violation,-0.00928369734190393,2.4000000000000004,2.3770323630191417,0.13240608855945388,0.0,1.0
SRCBF,0.8,0.45,inward,15,arrived,0.07020033756872301,7.999999999999999,6.115829371435255,1.0089172316687631,-5.551115123125783e-17,1.0
CAP,0.8,0.45,inward,15,arrived,0.037673490009972777,7.999999999999999,6.127253501936352,0.9812740372324469,-5.551115123125783e-17,1.0
CBF,0.8,0.45,inward,16,violation,-0.29715070465795257,2.4000000000000004,2.6804588670797758,0.0,0.49284336732940526,1.0
RCBF,0.8,0.45,inward,16,violation,-0.29715070465795257,2.4000000000000004,2.6804588670797758,0.0,0.37284336732940515,1.0
SCBF,0.8,0.45,inward,16,violation,-0.007213967693266876,2.4000000000000004,2.3828176885826604,0.12770778064787278,1.1102230246251565e-16,1.0
SRCBF,0.8,0.45,inward,16,arrived,0.07194675424493402,7.999999999999999,6.109094775821433,0.974400204071777,-4.163336342344337e-17,1.0
CAP,0.8,0.45,inward,16,arrived,0.0391179629770988,7.999999999999999,6.120117362427558,0.9463667736644408,-1.3877787807814457e-17,1.0
CBF,0.8,0.45,inward,17,violation,-0.3146484661359426,2.4000000000000004,2.6811307023289372,0.0,0.45899939661420464,1.0
RCBF,0.8,0.45,inward,17,violation,-0.3146484661359426,2.4000000000000004,2.6811307023289372,0.0,0.33899939661420475,1.0
SCBF,0.8,0.45,inward,17,violation,-0.011763276734577777,2.4000000000000004,2.3701731405108064,0.13803398021031596,0.0,1.0
SRCBF,0.8,0.45,inward,17,arrived,0.06809843793946391,7.999999999999999,6.124042457993226,1.0516115670274189,-5.551115123125783e-17,1.0
CAP,0.8,0.45,inward,17,arrived,0.035932612457876045,7.999999999999999,6.136032349472402,1.0245883093035781,-4.163336342344337e-17,1.0
CBF,0.8,0.45,inward,18,violation,-0.2863489204949149,2.4000000000000004,2.6800456614866293,0.0,0.5143633872301635,1.0
RCBF,0.8,0.45,inward,18,violation,-0.2863489204949149,2.4000000000000004,2.6800456614866293,0.0,0.3943633872301636,1.0
SCBF,0.8,0.45,inward,18,violation,-0.004430033285273582,2.4000000000000004,2.3906855291173503,0.12139618081951649,-1.1102230246251565e-16,1.0
SRCBF,0.8,0.45,inward,18,arrived,0.07428554747390659,7.999999999999999,6.100250693999742,0.9295237962187551,-5.551115123125783e-17,1.0
CAP,0.8,0.45,inward,18,arrived,0.0410485904570157,7.999999999999999,6.110833776167855,0.9011423238126741,-1.1102230246251565e-16,1.0
CBF,0.8,0.45,inward,19,violation,-0.2877172069473769,2.4000000000000004,2.680097932921152,0.0,0.5116119046849712,1.0
RCBF,0.8,0.45,inward,19,violation,-0.2877172069473769,2.4000000000000004,2.680097932921152,0.0,0.3916119046849713,1.0
SCBF,0.8,0.45,inward,19,violation,-0.0047816039074422,2.4000000000000004,2.389686458138512,0.12219240289160492,-2.220446049250313e-16,1.0
SRCBF,0.8,0.45,inward,19,arrived,0.07399079740073777,7.999999999999999,6.101352570401041,0.9350949121724215,-1.6653345369377348e-16,1.0
CAP,0.8,0.45,inward,19,arrived,0.04080555442862799,7.999999999999999,6.111984820203592,0.9067464022291071,-1.1102230246251565e-16,1.0
