experiment,method,dt,offset,regime,seed,epsilon,latency,compensated,status,min_clearance,time
uncertainty,SRCBF,0.2,0.15,bias,0,0.0,0.0,0,arrived,0.07797391332687043,10.199999999999996
uncertainty,SRCBF,0.2,0.15,bias,0,0.0,0.0,1,arrived,0.07797391332687043,10.199999999999996
uncertainty,CAP,0.2,0.15,bias,0,0.0,0.0,0,arrived,0.055600199704528896,10.199999999999996
uncertainty,CAP,0.2,0.15,bias,0,0.0,0.0,1,arrived,0.055600199704528896,10.199999999999996
uncertainty,SRCBF,0.2,0.15,bias,1,0.0,0.0,0,arrived,0.03413225527925057,7.200000000000004
uncertainty,SRCBF,0.2,0.15,bias,1,0.0,0.0,1,arrived,0.03413225527925057,7.200000000000004
uncertainty,CAP,0.2,0.15,bias,1,0.0,0.0,0,arrived,0.020053088435296185,7.200000000000004
uncertainty,CAP,0.2,0.15,bias,1,0.0,0.0,1,arrived,0.020053088435296185,7.200000000000004
uncertainty,SRCBF,0.2,0.15,bias,2,0.0,0.0,0,arrived,0.08094106948386215,10.999999999999993
uncertainty,SRCBF,0.2,0.15,bias,2,0.0,0.0,1,arrived,0.08094106948386215,10.999999999999993
uncertainty,CAP,0.2,0.15,bias,2,0.0,0.0,0,arrived,0.05846314745768377,10.799999999999994
uncertainty,CAP,0.2,0.15,bias,2,0.0,0.0,1,arrived,0.05846314745768377,10.799999999999994
uncertainty,SRCBF,0.2,0.15,bias,3,0.0,0.0,0,arrived,0.0602032496362217,10.399999999999995
uncertainty,SRCBF,0.2,0.15,bias,3,0.0,0.0,1,arrived,0.0602032496362217,10.399999999999995
uncertainty,CAP,0.2,0.15,bias,3,0.0,0.0,0,arrived,0.04250722597914258,10.199999999999996
uncertainty,CAP,0.2,0.15,bias,3,0.0,0.0,1,arrived,0.04250722597914258,10.199999999999996
uncertainty,SRCBF,0.2,0.15,bias,4,0.0,0.0,0,arrived,0.09176049922562479,11.199999999999992
uncertainty,SRCBF,0.2,0.15,bias,4,0.0,0.0,1,arrived,0.09176049922562479,11.199999999999992
uncertainty,CAP,0.2,0.15,bias,4,0.0,0.0,0,arrived,0.06865111307514937,10.999999999999993
uncertainty,CAP,0.2,0.15,bias,4,0.0,0.0,1,arrived,0.06865111307514937,10.999999999999993
uncertainty,SRCBF,0.2,0.15,bias,5,0.0,0.0,0,arrived,0.08878922675350964,8.000000000000004
uncertainty,SRCBF,0.2,0.15,bias,5,0.0,0.0,1,arrived,0.08878922675350964,8.000000000000004
uncertainty,CAP,0.2,0.15,bias,5,0.0,0.0,0,arrived,0.0605087554030872,7.800000000000004
uncertainty,CAP,0.2,0.15,bias,5,0.0,0.0,1,arrived,0.0605087554030872,7.800000000000004
uncertainty,SRCBF,0.2,0.15,bias,6,0.0,0.0,0,arrived,0.09244136222780452,11.399999999999991
uncertainty,SRCBF,0.2,0.15,bias,6,0.0,0.0,1,arrived,0.09244136222780452,11.399999999999991
uncertainty,CAP,0.2,0.15,bias,6,0.0,0.0,0,arrived,0.0675857081141954,11.399999999999991
uncertainty,CAP,0.2,0.15,bias,6,0.0,0.0,1,arrived,0.0675857081141954,11.399999999999991
uncertainty,SRCBF,0.2,0.15,bias,7,0.0,0.0,0,arrived,0.05500244687539879,7.200000000000004
uncertainty,SRCBF,0.2,0.15,bias,7,0.0,0.0,1,arrived,0.05500244687539879,7.200000000000004
uncertainty,CAP,0.2,0.15,bias,7,0.0,0.0,0,arrived,0.03555337178376061,7.200000000000004
uncertainty,CAP,0.2,0.15,bias,7,0.0,0.0,1,arrived,0.03555337178376061,7.200000000000004
uncertainty,SRCBF,0.2,0.15,bias,8,0.0,0.0,0,arrived,0.022658411790138167,7.200000000000004
uncertainty,SRCBF,0.2,0.15,bias,8,0.0,0.0,1,arrived,0.022658411790138167,7.200000000000004
uncertainty,CAP,0.2,0.15,bias,8,0.0,0.0,0,arrived,0.012146142671486393,7.200000000000004
uncertainty,CAP,0.2,0.15,bias,8,0.0,0.0,1,arrived,0.012146142671486393,7.200000000000004
uncertainty,SRCBF,0.2,0.15,bias,9,0.0,0.0,0,arrived,0.08511015074135242,10.399999999999995
uncertainty,SRCBF,0.2,0.15,bias,9,0.0,0.0,1,arrived,0.08511015074135242,10.399999999999995
uncertainty,CAP,0.2,0.15,bias,9,0.0,0.0,0,arrived,0.06104278165450161,10.199999999999996
uncertainty,CAP,0.2,0.15,bias,9,0.0,0.0,1,arrived,0.06104278165450161,10.199999999999996
uncertainty,SRCBF,0.2,0.15,bias,10,0.0,0.0,0,arrived,0.06147002719260186,9.399999999999999
uncertainty,SRCBF,0.2,0.15,bias,10,0.0,0.0,1,arrived,0.06147002719260186,9.399999999999999
uncertainty,CAP,0.2,0.15,bias,10,0.0,0.0,0,arrived,0.042304305504289874,9.2
uncertainty,CAP,0.2,0.15,bias,10,0.0,0.0,1,arrived,0.042304305504289874,9.2
uncertainty,SRCBF,0.2,0.15,bias,11,0.0,0.0,0,arrived,0.0887189656199261,10.799999999999994
uncertainty,SRCBF,0.2,0.15,bias,11,0.0,0.0,1,arrived,0.0887189656199261,10.799999999999994
uncertainty,CAP,0.2,0.15,bias,11,0.0,0.0,0,arrived,0.06662488111588794,10.599999999999994
uncertainty,CAP,0.2,0.15,bias,11,0.0,0.0,1,arrived,0.06662488111588794,10.599999999999994
uncertainty,SRCBF,0.2,0.15,bias,12,0.0,0.0,0,arrived,0.039345921133721706,7.0000000000000036
uncertainty,SRCBF,0.2,0.15,bias,12,0.0,0.0,1,arrived,0.039345921133721706,7.0000000000000036
uncertainty,CAP,0.2,0.15,bias,12,0.0,0.0,0,arrived,0.02357700909898086,7.0000000000000036
uncertainty,CAP,0.2,0.15,bias,12,0.0,0.0,1,arrived,0.02357700909898086,7.0000000000000036
uncertainty,SRCBF,0.2,0.15,bias,13,0.0,0.0,0,arrived,0.06961776624323734,7.600000000000004
uncertainty,SRCBF,0.2,0.15,bias,13,0.0,0.0,1,arrived,0.06961776624323734,7.600000000000004
uncertainty,CAP,0.2,0.15,bias,13,0.0,0.0,0,arrived,0.04642922762853696,7.400000000000004
uncertainty,CAP,0.2,0.15,bias,13,0.0,0.0,1,arrived,0.04642922762853696,7.400000000000004
uncertainty,SRCBF,0.2,0.15,bias,14,0.0,0.0,0,arrived,0.09741281031450977,11.59999999999999
uncertainty,SRCBF,0.2,0.15,bias,14,0.0,0.0,1,arrived,0.09741281031450977,11.59999999999999
uncertainty,CAP,0.2,0.15,bias,14,0.0,0.0,0,arrived,0.07136063866245335,11.399999999999991
uncertainty,CAP,0.2,0.15,bias,14,0.0,0.0,1,arrived,0.07136063866245335,11.399999999999991
uncertainty,SRCBF,0.2,0.15,bias,15,0.0,0.0,0,arrived,0.08751076429766258,7.800000000000004
uncertainty,SRCBF,0.2,0.15,bias,15,0.0,0.0,1,arrived,0.08751076429766258,7.800000000000004
uncertainty,CAP,0.2,0.15,bias,15,0.0,0.0,0,arrived,0.059455229926055786,7.800000000000004
uncertainty,CAP,0.2,0.15,bias,15,0.0,0.0,1,arrived,0.059455229926055786,7.800000000000004
uncertainty,SRCBF,0.2,0.15,bias,16,0.0,0.0,0,arrived,0.0680732666314845,13.199999999999985
uncertainty,SRCBF,0.2,0.15,bias,16,0.0,0.0,1,arrived,0.0680732666314845,13.199999999999985
uncertainty,CAP,0.2,0.15,bias,16,0.0,0.0,0,arrived,0.050096441736220076,12.999999999999986
uncertainty,CAP,0.2,0.15,bias,16,0.0,0.0,1,arrived,0.050096441736220076,12.999999999999986
uncertainty,SRCBF,0.2,0.15,bias,17,0.0,0.0,0,arrived,0.040814405728648695,9.2
uncertainty,SRCBF,0.2,0.15,bias,17,0.0,0.0,1,arrived,0.040814405728648695,9.2
uncertainty,CAP,0.2,0.15,bias,17,0.0,0.0,0,arrived,0.027451232768927802,9.0
uncertainty,CAP,0.2,0.15,bias,17,0.0,0.0,1,arrived,0.027451232768927802,9.0
uncertainty,SRCBF,0.2,0.15,bias,18,0.0,0.0,0,arrived,0.1161408730340685,8.8
uncertainty,SRCBF,0.2,0.15,bias,18,0.0,0.0,1,arrived,0.1161408730340685,8.8
uncertainty,CAP,0.2,0.15,bias,18,0.0,0.0,0,arrived,0.0830650892553223,8.600000000000001
uncertainty,CAP,0.2,0.15,bias,18,0.0,0.0,1,arrived,0.0830650892553223,8.600000000000001
uncertainty,SRCBF,0.2,0.15,bias,19,0.0,0.0,0,arrived,0.04571160791827367,7.200000000000004
uncertainty,SRCBF,0.2,0.15,bias,19,0.0,0.0,1,arrived,0.04571160791827367,7.200000000000004
uncertainty,CAP,0.2,0.15,bias,19,0.0,0.0,0,arrived,0.028406366543368367,7.0000000000000036
uncertainty,CAP,0.2,0.15,bias,19,0.0,0.0,1,arrived,0.028406366543368367,7.0000000000000036
uncertainty,SRCBF,0.2,0.15,inward,0,0.0,0.0,0,arrived,0.007937317223707607,9.799999999999997
uncertainty,SRCBF,0.2,0.15,inward,0,0.0,0.0,1,arrived,0.007937317223707607,9.799999999999997
uncertainty,CAP,0.2,0.15,inward,0,0.0,0.0,0,arrived,0.003741408823587311,9.799999999999997
uncertainty,CAP,0.2,0.15,inward,0,0.0,0.0,1,arrived,0.003741408823587311,9.799999999999997
uncertainty,SRCBF,0.2,0.15,inward,1,0.0,0.0,0,arrived,0.008658899094975192,9.799999999999997
uncertainty,SRCBF,0.2,0.15,inward,1,0.0,0.0,1,arrived,0.008658899094975192,9.799999999999997
uncertainty,CAP,0.2,0.15,inward,1,0.0,0.0,0,arrived,0.004089645504852912,9.799999999999997
uncertainty,CAP,0.2,0.15,inward,1,0.0,0.0,1,arrived,0.004089645504852912,9.799999999999997
uncertainty,SRCBF,0.2,0.15,inward,2,0.0,0.0,0,arrived,0.010192759317092515,9.599999999999998
uncertainty,SRCBF,0.2,0.15,inward,2,0.0,0.0,1,arrived,0.010192759317092515,9.599999999999998
uncertainty,CAP,0.2,0.15,inward,2,0.0,0.0,0,arrived,0.004833211910170276,9.599999999999998
uncertainty,CAP,0.2,0.15,inward,2,0.0,0.0,1,arrived,0.004833211910170276,9.599999999999998
uncertainty,SRCBF,0.2,0.15,inward,3,0.0,0.0,0,arrived,0.011173098209613208,9.599999999999998
uncertainty,SRCBF,0.2,0.15,inward,3,0.0,0.0,1,arrived,0.011173098209613208,9.599999999999998
uncertainty,CAP,0.2,0.15,inward,3,0.0,0.0,0,arrived,0.005392279388677701,9.599999999999998
uncertainty,CAP,0.2,0.15,inward,3,0.0,0.0,1,arrived,0.005392279388677701,9.599999999999998
uncertainty,SRCBF,0.2,0.15,inward,4,0.0,0.0,0,arrived,0.006314402337211811,9.999999999999996
uncertainty,SRCBF,0.2,0.15,inward,4,0.0,0.0,1,arrived,0.006314402337211811,9.999999999999996
uncertainty,CAP,0.2,0.15,inward,4,0.0,0.0,0,arrived,0.002831768815084734,9.999999999999996
uncertainty,CAP,0.2,0.15,inward,4,0.0,0.0,1,arrived,0.002831768815084734,9.999999999999996
uncertainty,SRCBF,0.2,0.15,inward,5,0.0,0.0,0,arrived,0.007020631468426908,9.999999999999996
uncertainty,SRCBF,0.2,0.15,inward,5,0.0,0.0,1,arrived,0.007020631468426908,9.999999999999996
uncertainty,CAP,0.2,0.15,inward,5,0.0,0.0,0,arrived,0.003267546557514378,9.999999999999996
uncertainty,CAP,0.2,0.15,inward,5,0.0,0.0,1,arrived,0.003267546557514378,9.999999999999996
uncertainty,SRCBF,0.2,0.15,inward,6,0.0,0.0,0,arrived,0.008504344714269307,9.799999999999997
uncertainty,SRCBF,0.2,0.15,inward,6,0.0,0.0,1,arrived,0.008504344714269307,9.799999999999997
uncertainty,CAP,0.2,0.15,inward,6,0.0,0.0,0,arrived,0.004015013544160562,9.799999999999997
uncertainty,CAP,0.2,0.15,inward,6,0.0,0.0,1,arrived,0.004015013544160562,9.799999999999997
uncertainty,SRCBF,0.2,0.15,inward,7,0.0,0.0,0,arrived,0.008004348706683762,9.799999999999997
uncertainty,SRCBF,0.2,0.15,inward,7,0.0,0.0,1,arrived,0.008004348706683762,9.799999999999997
uncertainty,CAP,0.2,0.15,inward,7,0.0,0.0,0,arrived,0.0037737446569534594,9.799999999999997
uncertainty,CAP,0.2,0.15,inward,7,0.0,0.0,1,arrived,0.0037737446569534594,9.799999999999997
uncertainty,SRCBF,0.2,0.15,inward,8,0.0,0.0,0,arrived,0.009781087415328571,9.599999999999998
uncertainty,SRCBF,0.2,0.15,inward,8,0.0,0.0,1,arrived,0.009781087415328571,9.599999999999998
uncertainty,CAP,0.2,0.15,inward,8,0.0,0.0,0,arrived,0.004633008194422139,9.599999999999998
uncertainty,CAP,0.2,0.15,inward,8,0.0,0.0,1,arrived,0.004633008194422139,9.599999999999998
uncertainty,SRCBF,0.2,0.15,inward,9,0.0,0.0,0,arrived,0.0066815102733635,9.999999999999996
uncertainty,SRCBF,0.2,0.15,inward,9,0.0,0.0,1,arrived,0.0066815102733635,9.999999999999996
uncertainty,CAP,0.2,0.15,inward,9,0.0,0.0,0,arrived,0.003057570265228793,9.999999999999996
uncertainty,CAP,0.2,0.15,inward,9,0.0,0.0,1,arrived,0.003057570265228793,9.999999999999996
uncertainty,SRCBF,0.2,0.15,inward,10,0.0,0.0,0,arrived,0.006250380083419049,9.999999999999996
uncertainty,SRCBF,0.2,0.15,inward,10,0.0,0.0,1,arrived,0.006250380083419049,9.999999999999996
uncertainty,CAP,0.2,0.15,inward,10,0.0,0.0,0,arrived,0.002792575473496095,9.999999999999996
uncertainty,CAP,0.2,0.15,inward,10,0.0,0.0,1,arrived,0.002792575473496095,9.999999999999996
uncertainty,SRCBF,0.2,0.15,inward,11,0.0,0.0,0,arrived,0.010950256041082795,9.599999999999998
uncertainty,SRCBF,0.2,0.15,inward,11,0.0,0.0,1,arrived,0.010950256041082795,9.599999999999998
uncertainty,CAP,0.2,0.15,inward,11,0.0,0.0,0,arrived,0.005253278546430651,9.599999999999998
uncertainty,CAP,0.2,0.15,inward,11,0.0,0.0,1,arrived,0.005253278546430651,9.599999999999998
uncertainty,SRCBF,0.2,0.15,inward,12,0.0,0.0,0,arrived,0.01026140844824508,9.599999999999998
uncertainty,SRCBF,0.2,0.15,inward,12,0.0,0.0,1,arrived,0.01026140844824508,9.599999999999998
uncertainty,CAP,0.2,0.15,inward,12,0.0,0.0,0,arrived,0.004866651586409865,9.599999999999998
uncertainty,CAP,0.2,0.15,inward,12,0.0,0.0,1,arrived,0.004866651586409865,9.599999999999998
uncertainty,SRCBF,0.2,0.15,inward,13,0.0,0.0,0,arrived,0.006709479457011169,9.999999999999996
uncertainty,SRCBF,0.2,0.15,inward,13,0.0,0.0,1,arrived,0.006709479457011169,9.999999999999996
uncertainty,CAP,0.2,0.15,inward,13,0.0,0.0,0,arrived,0.0030748414006906977,9.999999999999996
uncertainty,CAP,0.2,0.15,inward,13,0.0,0.0,1,arrived,0.0030748414006906977,9.999999999999996
uncertainty,SRCBF,0.2,0.15,inward,14,0.0,0.0,0,arrived,0.006884453697842852,9.999999999999996
uncertainty,SRCBF,0.2,0.15,inward,14,0.0,0.0,1,arrived,0.006884453697842852,9.999999999999996
uncertainty,CAP,0.2,0.15,inward,14,0.0,0.0,0,arrived,0.0031830844101898847,9.999999999999996
uncertainty,CAP,0.2,0.15,inward,14,0.0,0.0,1,arrived,0.0031830844101898847,9.999999999999996
uncertainty,SRCBF,0.2,0.15,inward,15,0.0,0.0,0,arrived,0.007626221036428071,9.799999999999997
uncertainty,SRCBF,0.2,0.15,inward,15,0.0,0.0,1,arrived,0.007626221036428071,9.799999999999997
uncertainty,CAP,0.2,0.15,inward,15,0.0,0.0,0,arrived,0.0035913204671845778,9.799999999999997
uncertainty,CAP,0.2,0.15,inward,15,0.0,0.0,1,arrived,0.0035913204671845778,9.799999999999997
uncertainty,SRCBF,0.2,0.15,inward,16,0.0,0.0,0,arrived,0.008337250811942143,9.799999999999997
uncertainty,SRCBF,0.2,0.15,inward,16,0.0,0.0,1,arrived,0.008337250811942143,9.799999999999997
uncertainty,CAP,0.2,0.15,inward,16,0.0,0.0,0,arrived,0.0039343608854517376,9.799999999999997
uncertainty,CAP,0.2,0.15,inward,16,0.0,0.0,1,arrived,0.0039343608854517376,9.799999999999997
uncertainty,SRCBF,0.2,0.15,inward,17,0.0,0.0,0,arrived,0.006811224386117032,9.999999999999996
uncertainty,SRCBF,0.2,0.15,inward,17,0.0,0.0,1,arrived,0.006811224386117032,9.999999999999996
uncertainty,CAP,0.2,0.15,inward,17,0.0,0.0,0,arrived,0.0031377430699038866,9.999999999999996
uncertainty,CAP,0.2,0.15,inward,17,0.0,0.0,1,arrived,0.0031377430699038866,9.999999999999996
uncertainty,SRCBF,0.2,0.15,inward,18,0.0,0.0,0,arrived,0.009334328805898684,9.799999999999997
uncertainty,SRCBF,0.2,0.15,inward,18,0.0,0.0,1,arrived,0.009334328805898684,9.799999999999997
uncertainty,CAP,0.2,0.15,inward,18,0.0,0.0,0,arrived,0.004416319155032822,9.599999999999998
uncertainty,CAP,0.2,0.15,inward,18,0.0,0.0,1,arrived,0.004416319155032822,9.599999999999998
uncertainty,SRCBF,0.2,0.15,inward,19,0.0,0.0,0,arrived,0.009205984737293393,9.799999999999997
uncertainty,SRCBF,0.2,0.15,inward,19,0.0,0.0,1,arrived,0.009205984737293393,9.799999999999997
uncertainty,CAP,0.2,0.15,inward,19,0.0,0.0,0,arrived,0.004354167800796671,9.599999999999998
uncertainty,CAP,0.2,0.15,inward,19,0.0,0.0,1,arrived,0.004354167800796671,9.599999999999998
uncertainty,SRCBF,0.2,0.45,bias,0,0.0,0.0,0,arrived,0.03671470323611592,8.8
uncertainty,SRCBF,0.2,0.45,bias,0,0.0,0.0,1,arrived,0.03671470323611592,8.8
uncertainty,CAP,0.2,0.45,bias,0,0.0,0.0,0,arrived,0.026675378258342985,8.8
uncertainty,CAP,0.2,0.45,bias,0,0.0,0.0,1,arrived,0.026675378258342985,8.8
uncertainty,SRCBF,0.2,0.45,bias,1,0.0,0.0,0,arrived,0.07632232660622973,6.400000000000003
uncertainty,SRCBF,0.2,0.45,bias,1,0.0,0.0,1,arrived,0.07632232660622973,6.400000000000003
uncertainty,CAP,0.2,0.45,bias,1,0.0,0.0,0,arrived,0.04999876876786047,6.200000000000003
uncertainty,CAP,0.2,0.45,bias,1,0.0,0.0,1,arrived,0.04999876876786047,6.200000000000003
uncertainty,SRCBF,0.2,0.45,bias,2,0.0,0.0,0,arrived,0.042382512703183384,9.0
uncertainty,SRCBF,0.2,0.45,bias,2,0.0,0.0,1,arrived,0.042382512703183384,9.0
uncertainty,CAP,0.2,0.45,bias,2,0.0,0.0,0,arrived,0.03089811095388395,8.8
uncertainty,CAP,0.2,0.45,bias,2,0.0,0.0,1,arrived,0.03089811095388395,8.8
uncertainty,SRCBF,0.2,0.45,bias,3,0.0,0.0,0,arrived,0.03139948347127497,8.200000000000003
uncertainty,SRCBF,0.2,0.45,bias,3,0.0,0.0,1,arrived,0.03139948347127497,8.200000000000003
uncertainty,CAP,0.2,0.45,bias,3,0.0,0.0,0,arrived,0.021915710626226104,8.000000000000004
uncertainty,CAP,0.2,0.45,bias,3,0.0,0.0,1,arrived,0.021915710626226104,8.000000000000004
uncertainty,SRCBF,0.2,0.45,bias,4,0.0,0.0,0,arrived,0.1002652140074054,9.599999999999998
uncertainty,SRCBF,0.2,0.45,bias,4,0.0,0.0,1,arrived,0.1002652140074054,9.599999999999998
uncertainty,CAP,0.2,0.45,bias,4,0.0,0.0,0,arrived,0.07267043940635975,9.399999999999999
uncertainty,CAP,0.2,0.45,bias,4,0.0,0.0,1,arrived,0.07267043940635975,9.399999999999999
uncertainty,SRCBF,0.2,0.45,bias,5,0.0,0.0,0,arrived,0.12656683336072583,7.200000000000004
uncertainty,SRCBF,0.2,0.45,bias,5,0.0,0.0,1,arrived,0.12656683336072583,7.200000000000004
uncertainty,CAP,0.2,0.45,bias,5,0.0,0.0,0,arrived,0.09011916749515192,7.200000000000004
uncertainty,CAP,0.2,0.45,bias,5,0.0,0.0,1,arrived,0.09011916749515192,7.200000000000004
uncertainty,SRCBF,0.2,0.45,bias,6,0.0,0.0,0,arrived,0.049866571856732045,9.399999999999999
uncertainty,SRCBF,0.2,0.45,bias,6,0.0,0.0,1,arrived,0.049866571856732045,9.399999999999999
uncertainty,CAP,0.2,0.45,bias,6,0.0,0.0,0,arrived,0.03689854778751522,9.399999999999999
uncertainty,CAP,0.2,0.45,bias,6,0.0,0.0,1,arrived,0.03689854778751522,9.399999999999999
uncertainty,SRCBF,0.2,0.45,bias,7,0.0,0.0,0,arrived,0.09741362795939612,6.600000000000003
uncertainty,SRCBF,0.2,0.45,bias,7,0.0,0.0,1,arrived,0.09741362795939612,6.600000000000003
uncertainty,CAP,0.2,0.45,bias,7,0.0,0.0,0,arrived,0.06729720046480359,6.400000000000003
uncertainty,CAP,0.2,0.45,bias,7,0.0,0.0,1,arrived,0.06729720046480359,6.400000000000003
uncertainty,SRCBF,0.2,0.45,bias,8,0.0,0.0,0,arrived,0.06304033832628386,6.200000000000003
uncertainty,SRCBF,0.2,0.45,bias,8,0.0,0.0,1,arrived,0.06304033832628386,6.200000000000003
uncertainty,CAP,0.2,0.45,bias,8,0.0,0.0,0,arrived,0.04025792394814154,6.200000000000003
uncertainty,CAP,0.2,0.45,bias,8,0.0,0.0,1,arrived,0.04025792394814154,6.200000000000003
uncertainty,SRCBF,0.2,0.45,bias,9,0.0,0.0,0,arrived,0.039982370539734746,9.2
uncertainty,SRCBF,0.2,0.45,bias,9,0.0,0.0,1,arrived,0.039982370539734746,9.2
uncertainty,CAP,0.2,0.45,bias,9,0.0,0.0,0,arrived,0.02916506686017728,9.0
uncertainty,CAP,0.2,0.45,bias,9,0.0,0.0,1,arrived,0.02916506686017728,9.0
uncertainty,SRCBF,0.2,0.45,bias,10,0.0,0.0,0,arrived,0.025244034215876066,8.200000000000003
uncertainty,SRCBF,0.2,0.45,bias,10,0.0,0.0,1,arrived,0.025244034215876066,8.200000000000003
uncertainty,CAP,0.2,0.45,bias,10,0.0,0.0,0,arrived,0.017610375821430102,8.000000000000004
uncertainty,CAP,0.2,0.45,bias,10,0.0,0.0,1,arrived,0.017610375821430102,8.000000000000004
uncertainty,SRCBF,0.2,0.45,bias,11,0.0,0.0,0,arrived,0.09450460637508973,9.399999999999999
uncertainty,SRCBF,0.2,0.45,bias,11,0.0,0.0,1,arrived,0.09450460637508973,9.399999999999999
uncertainty,CAP,0.2,0.45,bias,11,0.0,0.0,0,arrived,0.07130600712657431,9.399999999999999
uncertainty,CAP,0.2,0.45,bias,11,0.0,0.0,1,arrived,0.07130600712657431,9.399999999999999
uncertainty,SRCBF,0.2,0.45,bias,12,0.0,0.0,0,arrived,0.08132625572729546,6.400000000000003
uncertainty,SRCBF,0.2,0.45,bias,12,0.0,0.0,1,arrived,0.08132625572729546,6.400000000000003
uncertainty,CAP,0.2,0.45,bias,12,0.0,0.0,0,arrived,0.05359037626488261,6.200000000000003
uncertainty,CAP,0.2,0.45,bias,12,0.0,0.0,1,arrived,0.05359037626488261,6.200000000000003
uncertainty,SRCBF,0.2,0.45,bias,13,0.0,0.0,0,arrived,0.11057293011799374,6.800000000000003
uncertainty,SRCBF,0.2,0.45,bias,13,0.0,0.0,1,arrived,0.11057293011799374,6.800000000000003
uncertainty,CAP,0.2,0.45,bias,13,0.0,0.0,0,arrived,0.07851906579005119,6.800000000000003
uncertainty,CAP,0.2,0.45,bias,13,0.0,0.0,1,arrived,0.07851906579005119,6.800000000000003
uncertainty,SRCBF,0.2,0.45,bias,14,0.0,0.0,0,arrived,0.05474535994666496,9.599999999999998
uncertainty,SRCBF,0.2,0.45,bias,14,0.0,0.0,1,arrived,0.05474535994666496,9.599999999999998
uncertainty,CAP,0.2,0.45,bias,14,0.0,0.0,0,arrived,0.038865123045157324,9.599999999999998
uncertainty,CAP,0.2,0.45,bias,14,0.0,0.0,1,arrived,0.038865123045157324,9.599999999999998
uncertainty,SRCBF,0.2,0.45,bias,15,0.0,0.0,0,arrived,0.1257535442906058,7.200000000000004
uncertainty,SRCBF,0.2,0.45,bias,15,0.0,0.0,1,arrived,0.1257535442906058,7.200000000000004
uncertainty,CAP,0.2,0.45,bias,15,0.0,0.0,0,arrived,0.08937600411636237,7.0000000000000036
uncertainty,CAP,0.2,0.45,bias,15,0.0,0.0,1,arrived,0.08937600411636237,7.0000000000000036
uncertainty,SRCBF,0.2,0.45,bias,16,0.0,0.0,0,arrived,0.07143131015651649,9.599999999999998
uncertainty,SRCBF,0.2,0.45,bias,16,0.0,0.0,1,arrived,0.07143131015651649,9.599999999999998
uncertainty,CAP,0.2,0.45,bias,16,0.0,0.0,0,arrived,0.05403419770054485,9.599999999999998
uncertainty,CAP,0.2,0.45,bias,16,0.0,0.0,1,arrived,0.05403419770054485,9.599999999999998
uncertainty,SRCBF,0.2,0.45,bias,17,0.0,0.0,0,arrived,0.020994894011256093,7.400000000000004
uncertainty,SRCBF,0.2,0.45,bias,17,0.0,0.0,1,arrived,0.020994894011256093,7.400000000000004
uncertainty,CAP,0.2,0.45,bias,17,0.0,0.0,0,arrived,0.012963891254884619,7.400000000000004
uncertainty,CAP,0.2,0.45,bias,17,0.0,0.0,1,arrived,0.012963891254884619,7.400000000000004
uncertainty,SRCBF,0.2,0.45,bias,18,0.0,0.0,0,arrived,0.1422622829987772,8.000000000000004
uncertainty,SRCBF,0.2,0.45,bias,18,0.0,0.0,1,arrived,0.1422622829987772,8.000000000000004
uncertainty,CAP,0.2,0.45,bias,18,0.0,0.0,0,arrived,0.10467211735256654,8.000000000000004
uncertainty,CAP,0.2,0.45,bias,18,0.0,0.0,1,arrived,0.10467211735256654,8.000000000000004
uncertainty,SRCBF,0.2,0.45,bias,19,0.0,0.0,0,arrived,0.0880902328496933,6.400000000000003
uncertainty,SRCBF,0.2,0.45,bias,19,0.0,0.0,1,arrived,0.0880902328496933,6.400000000000003
uncertainty,CAP,0.2,0.45,bias,19,0.0,0.0,0,arrived,0.05907104609589964,6.400000000000003
uncertainty,CAP,0.2,0.45,bias,19,0.0,0.0,1,arrived,0.05907104609589964,6.400000000000003
uncertainty,SRCBF,0.2,0.45,inward,0,0.0,0.0,0,arrived,0.0297223763907013,8.600000000000001
uncertainty,SRCBF,0.2,0.45,inward,0,0.0,0.0,1,arrived,0.0297223763907013,8.600000000000001
uncertainty,CAP,0.2,0.45,inward,0,0.0,0.0,0,arrived,0.01745678892556579,8.600000000000001
uncertainty,CAP,0.2,0.45,inward,0,0.0,0.0,1,arrived,0.01745678892556579,8.600000000000001
uncertainty,SRCBF,0.2,0.45,inward,1,0.0,0.0,0,arrived,0.030473092762425824,8.600000000000001
uncertainty,SRCBF,0.2,0.45,inward,1,0.0,0.0,1,arrived,0.030473092762425824,8.600000000000001
uncertainty,CAP,0.2,0.45,inward,1,0.0,0.0,0,arrived,0.017947241317703866,8.600000000000001
uncertainty,CAP,0.2,0.45,inward,1,0.0,0.0,1,arrived,0.017947241317703866,8.600000000000001
uncertainty,SRCBF,0.2,0.45,inward,2,0.0,0.0,0,arrived,0.03196204355697008,8.600000000000001
uncertainty,SRCBF,0.2,0.45,inward,2,0.0,0.0,1,arrived,0.03196204355697008,8.600000000000001
uncertainty,CAP,0.2,0.45,inward,2,0.0,0.0,0,arrived,0.018923521680425326,8.600000000000001
uncertainty,CAP,0.2,0.45,inward,2,0.0,0.0,1,arrived,0.018923521680425326,8.600000000000001
uncertainty,SRCBF,0.2,0.45,inward,3,0.0,0.0,0,arrived,0.032997719168239126,8.600000000000001
uncertainty,SRCBF,0.2,0.45,inward,3,0.0,0.0,1,arrived,0.032997719168239126,8.600000000000001
uncertainty,CAP,0.2,0.45,inward,3,0.0,0.0,0,arrived,0.019605253195170036,8.600000000000001
uncertainty,CAP,0.2,0.45,inward,3,0.0,0.0,1,arrived,0.019605253195170036,8.600000000000001
uncertainty,SRCBF,0.2,0.45,inward,4,0.0,0.0,0,arrived,0.02797730468157622,8.600000000000001
uncertainty,SRCBF,0.2,0.45,inward,4,0.0,0.0,1,arrived,0.02797730468157622,8.600000000000001
uncertainty,CAP,0.2,0.45,inward,4,0.0,0.0,0,arrived,0.016254348260452134,8.600000000000001
uncertainty,CAP,0.2,0.45,inward,4,0.0,0.0,1,arrived,0.016254348260452134,8.600000000000001
uncertainty,SRCBF,0.2,0.45,inward,5,0.0,0.0,0,arrived,0.028744812924925922,8.600000000000001
uncertainty,SRCBF,0.2,0.45,inward,5,0.0,0.0,1,arrived,0.028744812924925922,8.600000000000001
uncertainty,CAP,0.2,0.45,inward,5,0.0,0.0,0,arrived,0.016796890382316243,8.600000000000001
uncertainty,CAP,0.2,0.45,inward,5,0.0,0.0,1,arrived,0.016796890382316243,8.600000000000001
uncertainty,SRCBF,0.2,0.45,inward,6,0.0,0.0,0,arrived,0.0303153623499407,8.600000000000001
uncertainty,SRCBF,0.2,0.45,inward,6,0.0,0.0,1,arrived,0.0303153623499407,8.600000000000001
uncertainty,CAP,0.2,0.45,inward,6,0.0,0.0,0,arrived,0.01784409327188441,8.600000000000001
uncertainty,CAP,0.2,0.45,inward,6,0.0,0.0,1,arrived,0.01784409327188441,8.600000000000001
uncertainty,SRCBF,0.2,0.45,inward,7,0.0,0.0,0,arrived,0.029793710895852255,8.600000000000001
uncertainty,SRCBF,0.2,0.45,inward,7,0.0,0.0,1,arrived,0.029793710895852255,8.600000000000001
uncertainty,CAP,0.2,0.45,inward,7,0.0,0.0,0,arrived,0.01750334016006605,8.600000000000001
uncertainty,CAP,0.2,0.45,inward,7,0.0,0.0,1,arrived,0.01750334016006605,8.600000000000001
uncertainty,SRCBF,0.2,0.45,inward,8,0.0,0.0,0,arrived,0.03157482065238815,8.600000000000001
uncertainty,SRCBF,0.2,0.45,inward,8,0.0,0.0,1,arrived,0.03157482065238815,8.600000000000001
uncertainty,CAP,0.2,0.45,inward,8,0.0,0.0,0,arrived,0.018669184108124903,8.600000000000001
uncertainty,CAP,0.2,0.45,inward,8,0.0,0.0,1,arrived,0.018669184108124903,8.600000000000001
uncertainty,SRCBF,0.2,0.45,inward,9,0.0,0.0,0,arrived,0.028382536787289858,8.600000000000001
uncertainty,SRCBF,0.2,0.45,inward,9,0.0,0.0,1,arrived,0.028382536787289858,8.600000000000001
uncertainty,CAP,0.2,0.45,inward,9,0.0,0.0,0,arrived,0.016540476479301902,8.600000000000001
uncertainty,CAP,0.2,0.45,inward,9,0.0,0.0,1,arrived,0.016540476479301902,8.600000000000001
uncertainty,SRCBF,0.2,0.45,inward,10,0.0,0.0,0,arrived,0.027905153406977856,8.8
uncertainty,SRCBF,0.2,0.45,inward,10,0.0,0.0,1,arrived,0.027905153406977856,8.8
uncertainty,CAP,0.2,0.45,inward,10,0.0,0.0,0,arrived,0.01620347939670863,8.600000000000001
uncertainty,CAP,0.2,0.45,inward,10,0.0,0.0,1,arrived,0.01620347939670863,8.600000000000001
uncertainty,SRCBF,0.2,0.45,inward,11,0.0,0.0,0,arrived,0.032746055420867726,8.600000000000001
uncertainty,SRCBF,0.2,0.45,inward,11,0.0,0.0,1,arrived,0.032746055420867726,8.600000000000001
uncertainty,CAP,0.2,0.45,inward,11,0.0,0.0,0,arrived,0.019439402185101096,8.600000000000001
uncertainty,CAP,0.2,0.45,inward,11,0.0,0.0,1,arrived,0.019439402185101096,8.600000000000001
uncertainty,SRCBF,0.2,0.45,inward,12,0.0,0.0,0,arrived,0.032025828253626654,8.600000000000001
uncertainty,SRCBF,0.2,0.45,inward,12,0.0,0.0,1,arrived,0.032025828253626654,8.600000000000001
uncertainty,CAP,0.2,0.45,inward,12,0.0,0.0,0,arrived,0.01896544624115737,8.600000000000001
uncertainty,CAP,0.2,0.45,inward,12,0.0,0.0,1,arrived,0.01896544624115737,8.600000000000001
uncertainty,SRCBF,0.2,0.45,inward,13,0.0,0.0,0,arrived,0.028412839700891923,8.600000000000001
uncertainty,SRCBF,0.2,0.45,inward,13,0.0,0.0,1,arrived,0.028412839700891923,8.600000000000001
uncertainty,CAP,0.2,0.45,inward,13,0.0,0.0,0,arrived,0.01656190210983255,8.600000000000001
uncertainty,CAP,0.2,0.45,inward,13,0.0,0.0,1,arrived,0.01656190210983255,8.600000000000001
uncertainty,SRCBF,0.2,0.45,inward,14,0.0,0.0,0,arrived,0.028600663961829587,8.600000000000001
uncertainty,SRCBF,0.2,0.45,inward,14,0.0,0.0,1,arrived,0.028600663961829587,8.600000000000001
uncertainty,CAP,0.2,0.45,inward,14,0.0,0.0,0,arrived,0.016694793898493265,8.600000000000001
uncertainty,CAP,0.2,0.45,inward,14,0.0,0.0,1,arrived,0.016694793898493265,8.600000000000001
uncertainty,SRCBF,0.2,0.45,inward,15,0.0,0.0,0,arrived,0.02938665875196622,8.600000000000001
uncertainty,SRCBF,0.2,0.45,inward,15,0.0,0.0,1,arrived,0.02938665875196622,8.600000000000001
uncertainty,CAP,0.2,0.45,inward,15,0.0,0.0,0,arrived,0.017237856901334836,8.600000000000001
uncertainty,CAP,0.2,0.45,inward,15,0.0,0.0,1,arrived,0.017237856901334836,8.600000000000001
uncertainty,SRCBF,0.2,0.45,inward,16,0.0,0.0,0,arrived,0.03014301511662687,8.600000000000001
uncertainty,SRCBF,0.2,0.45,inward,16,0.0,0.0,1,arrived,0.03014301511662687,8.600000000000001
uncertainty,CAP,0.2,0.45,inward,16,0.0,0.0,0,arrived,0.0177314475859901,8.600000000000001
uncertainty,CAP,0.2,0.45,inward,16,0.0,0.0,1,arrived,0.0177314475859901,8.600000000000001
uncertainty,SRCBF,0.2,0.45,inward,17,0.0,0.0,0,arrived,0.028522419893508566,8.600000000000001
uncertainty,SRCBF,0.2,0.45,inward,17,0.0,0.0,1,arrived,0.028522419893508566,8.600000000000001
uncertainty,CAP,0.2,0.45,inward,17,0.0,0.0,0,arrived,0.016639414628176752,8.600000000000001
uncertainty,CAP,0.2,0.45,inward,17,0.0,0.0,1,arrived,0.016639414628176752,8.600000000000001
uncertainty,SRCBF,0.2,0.45,inward,18,0.0,0.0,0,arrived,0.031144814499658557,8.600000000000001
uncertainty,SRCBF,0.2,0.45,inward,18,0.0,0.0,1,arrived,0.031144814499658557,8.600000000000001
uncertainty,CAP,0.2,0.45,inward,18,0.0,0.0,0,arrived,0.01838710639332186,8.600000000000001
uncertainty,CAP,0.2,0.45,inward,18,0.0,0.0,1,arrived,0.01838710639332186,8.600000000000001
uncertainty,SRCBF,0.2,0.45,inward,19,0.0,0.0,0,arrived,0.031019263167217703,8.600000000000001
uncertainty,SRCBF,0.2,0.45,inward,19,0.0,0.0,1,arrived,0.031019263167217703,8.600000000000001
uncertainty,CAP,0.2,0.45,inward,19,0.0,0.0,0,arrived,0.018304819086508384,8.600000000000001
uncertainty,CAP,0.2,0.45,inward,19,0.0,0.0,1,arrived,0.018304819086508384,8.600000000000001
uncertainty,SRCBF,0.2,0.15,bias,0,0.02,0.0,0,arrived,0.0751423226163811,10.199999999999996
uncertainty,SRCBF,0.2,0.15,bias,0,0.02,0.0,1,arrived,0.09406881540445267,10.199999999999996
uncertainty,CAP,0.2,0.15,bias,0,0.02,0.0,0,arrived,0.05253309534157691,9.999999999999996
uncertainty,CAP,0.2,0.15,bias,0,0.02,0.0,1,arrived,0.07156462117575069,10.199999999999996
uncertainty,SRCBF,0.2,0.15,bias,1,0.02,0.0,0,arrived,0.025249473758111707,7.200000000000004
uncertainty,SRCBF,0.2,0.15,bias,1,0.02,0.0,1,arrived,0.04390114021958813,7.200000000000004
uncertainty,CAP,0.2,0.15,bias,1,0.02,0.0,0,arrived,0.00530146655094732,7.0000000000000036
uncertainty,CAP,0.2,0.15,bias,1,0.02,0.0,1,arrived,0.024343031640912338,7.200000000000004
uncertainty,SRCBF,0.2,0.15,bias,2,0.02,0.0,0,arrived,0.07234609437114359,10.999999999999993
uncertainty,SRCBF,0.2,0.15,bias,2,0.02,0.0,1,arrived,0.09196956207153384,11.199999999999992
uncertainty,CAP,0.2,0.15,bias,2,0.02,0.0,0,arrived,0.04936317344646324,10.799999999999994
uncertainty,CAP,0.2,0.15,bias,2,0.02,0.0,1,arrived,0.06909392981089568,10.999999999999993
uncertainty,SRCBF,0.2,0.15,bias,3,0.02,0.0,0,arrived,0.04598019631382133,10.399999999999995
uncertainty,SRCBF,0.2,0.15,bias,3,0.02,0.0,1,arrived,0.06550586655138979,10.399999999999995
uncertainty,CAP,0.2,0.15,bias,3,0.02,0.0,0,arrived,0.028963972490011147,10.199999999999996
uncertainty,CAP,0.2,0.15,bias,3,0.02,0.0,1,arrived,0.04868415834001116,10.199999999999996
uncertainty,SRCBF,0.2,0.15,bias,4,0.02,0.0,0,arrived,0.07921625199115323,11.199999999999992
uncertainty,SRCBF,0.2,0.15,bias,4,0.02,0.0,1,arrived,0.0996750106117682,11.199999999999992
uncertainty,CAP,0.2,0.15,bias,4,0.02,0.0,0,arrived,0.0570234859950689,11.199999999999992
uncertainty,CAP,0.2,0.15,bias,4,0.02,0.0,1,arrived,0.07324293097184253,11.199999999999992
uncertainty,SRCBF,0.2,0.15,bias,5,0.02,0.0,0,arrived,0.08291596459361494,8.000000000000004
uncertainty,SRCBF,0.2,0.15,bias,5,0.02,0.0,1,arrived,0.10122149955118376,8.000000000000004
uncertainty,CAP,0.2,0.15,bias,5,0.02,0.0,0,arrived,0.05419004889601464,7.800000000000004
uncertainty,CAP,0.2,0.15,bias,5,0.02,0.0,1,arrived,0.07318877764326259,7.800000000000004
uncertainty,SRCBF,0.2,0.15,bias,6,0.02,0.0,0,arrived,0.08669936701760539,11.399999999999991
uncertainty,SRCBF,0.2,0.15,bias,6,0.02,0.0,1,arrived,0.10600518177870788,11.59999999999999
uncertainty,CAP,0.2,0.15,bias,6,0.02,0.0,0,arrived,0.06101566450349594,11.399999999999991
uncertainty,CAP,0.2,0.15,bias,6,0.02,0.0,1,arrived,0.08038602217053636,11.399999999999991
uncertainty,SRCBF,0.2,0.15,bias,7,0.02,0.0,0,arrived,0.046943595782104386,7.200000000000004
uncertainty,SRCBF,0.2,0.15,bias,7,0.02,0.0,1,arrived,0.06539367930294437,7.400000000000004
uncertainty,CAP,0.2,0.15,bias,7,0.02,0.0,0,arrived,0.021810814575048187,7.200000000000004
uncertainty,CAP,0.2,0.15,bias,7,0.02,0.0,1,arrived,0.04077730799821311,7.200000000000004
uncertainty,SRCBF,0.2,0.15,bias,8,0.02,0.0,0,arrived,0.031741171681067826,7.200000000000004
uncertainty,SRCBF,0.2,0.15,bias,8,0.02,0.0,1,arrived,0.05036869486622941,7.400000000000004
uncertainty,CAP,0.2,0.15,bias,8,0.02,0.0,0,arrived,0.022874392844902447,7.200000000000004
uncertainty,CAP,0.2,0.15,bias,8,0.02,0.0,1,arrived,0.041815032156076515,7.200000000000004
uncertainty,SRCBF,0.2,0.15,bias,9,0.02,0.0,0,arrived,0.08455003017200824,10.399999999999995
uncertainty,SRCBF,0.2,0.15,bias,9,0.02,0.0,1,arrived,0.10402860025970195,10.399999999999995
uncertainty,CAP,0.2,0.15,bias,9,0.02,0.0,0,arrived,0.06051935263518471,10.399999999999995
uncertainty,CAP,0.2,0.15,bias,9,0.02,0.0,1,arrived,0.08025869331878588,10.399999999999995
uncertainty,SRCBF,0.2,0.15,bias,10,0.02,0.0,0,arrived,0.05364866870179119,9.399999999999999
uncertainty,SRCBF,0.2,0.15,bias,10,0.02,0.0,1,arrived,0.07278758701219545,9.399999999999999
uncertainty,CAP,0.2,0.15,bias,10,0.02,0.0,0,arrived,0.032981454668820964,9.399999999999999
uncertainty,CAP,0.2,0.15,bias,10,0.02,0.0,1,arrived,0.05254938063893344,9.399999999999999
uncertainty,SRCBF,0.2,0.15,bias,11,0.02,0.0,0,arrived,0.08252514116083831,10.399999999999995
uncertainty,SRCBF,0.2,0.15,bias,11,0.02,0.0,1,arrived,0.10255237508476722,10.599999999999994
uncertainty,CAP,0.2,0.15,bias,11,0.02,0.0,0,arrived,0.05728207517844086,10.399999999999995
uncertainty,CAP,0.2,0.15,bias,11,0.02,0.0,1,arrived,0.07745822603130981,10.399999999999995
uncertainty,SRCBF,0.2,0.15,bias,12,0.02,0.0,0,arrived,0.044177806410453435,7.200000000000004
uncertainty,SRCBF,0.2,0.15,bias,12,0.02,0.0,1,arrived,0.06284438561327188,7.200000000000004
uncertainty,CAP,0.2,0.15,bias,12,0.02,0.0,0,arrived,0.024480508184790084,7.0000000000000036
uncertainty,CAP,0.2,0.15,bias,12,0.02,0.0,1,arrived,0.04360185836369246,7.200000000000004
uncertainty,SRCBF,0.2,0.15,bias,13,0.02,0.0,0,arrived,0.0640109171704063,7.600000000000004
uncertainty,SRCBF,0.2,0.15,bias,13,0.02,0.0,1,arrived,0.08219532147080888,7.600000000000004
uncertainty,CAP,0.2,0.15,bias,13,0.02,0.0,0,arrived,0.04050712538630219,7.400000000000004
uncertainty,CAP,0.2,0.15,bias,13,0.02,0.0,1,arrived,0.0592719336805827,7.600000000000004
uncertainty,SRCBF,0.2,0.15,bias,14,0.02,0.0,0,arrived,0.09171402279756746,11.59999999999999
uncertainty,SRCBF,0.2,0.15,bias,14,0.02,0.0,1,arrived,0.11126601901063893,11.59999999999999
uncertainty,CAP,0.2,0.15,bias,14,0.02,0.0,0,arrived,0.062043041194200566,11.399999999999991
uncertainty,CAP,0.2,0.15,bias,14,0.02,0.0,1,arrived,0.08174653371072793,11.399999999999991
uncertainty,SRCBF,0.2,0.15,bias,15,0.02,0.0,0,arrived,0.09302488525735475,8.000000000000004
uncertainty,SRCBF,0.2,0.15,bias,15,0.02,0.0,1,arrived,0.11090979396799516,8.000000000000004
uncertainty,CAP,0.2,0.15,bias,15,0.02,0.0,0,arrived,0.06292993337860053,8.000000000000004
uncertainty,CAP,0.2,0.15,bias,15,0.02,0.0,1,arrived,0.08163696457720326,8.000000000000004
uncertainty,SRCBF,0.2,0.15,bias,16,0.02,0.0,0,arrived,0.059978666577250817,13.399999999999984
uncertainty,SRCBF,0.2,0.15,bias,16,0.02,0.0,1,arrived,0.08272245115666021,13.399999999999984
uncertainty,CAP,0.2,0.15,bias,16,0.02,0.0,0,arrived,0.04162081903746462,13.199999999999985
uncertainty,CAP,0.2,0.15,bias,16,0.02,0.0,1,arrived,0.057607918393530966,13.199999999999985
uncertainty,SRCBF,0.2,0.15,bias,17,0.02,0.0,0,arrived,0.035794599686967965,9.0
uncertainty,SRCBF,0.2,0.15,bias,17,0.02,0.0,1,arrived,0.055092201305870336,9.2
uncertainty,CAP,0.2,0.15,bias,17,0.02,0.0,0,arrived,0.01984007315205294,9.0
uncertainty,CAP,0.2,0.15,bias,17,0.02,0.0,1,arrived,0.03948463509651745,9.0
uncertainty,SRCBF,0.2,0.15,bias,18,0.02,0.0,0,arrived,0.10400203178113532,8.8
uncertainty,SRCBF,0.2,0.15,bias,18,0.02,0.0,1,arrived,0.12259187586434106,8.8
uncertainty,CAP,0.2,0.15,bias,18,0.02,0.0,0,arrived,0.06828359867642952,8.8
uncertainty,CAP,0.2,0.15,bias,18,0.02,0.0,1,arrived,0.08733655436843801,8.8
uncertainty,SRCBF,0.2,0.15,bias,19,0.02,0.0,0,arrived,0.03985505873238182,7.200000000000004
uncertainty,SRCBF,0.2,0.15,bias,19,0.02,0.0,1,arrived,0.058355855063016326,7.200000000000004
uncertainty,CAP,0.2,0.15,bias,19,0.02,0.0,0,arrived,0.017680561631108538,7.0000000000000036
uncertainty,CAP,0.2,0.15,bias,19,0.02,0.0,1,arrived,0.03669036772126266,7.200000000000004
uncertainty,SRCBF,0.2,0.15,inward,0,0.02,0.0,0,arrived,0.0041687593662118605,9.599999999999998
uncertainty,SRCBF,0.2,0.15,inward,0,0.02,0.0,1,arrived,0.02347753780099948,9.799999999999997
uncertainty,CAP,0.2,0.15,inward,0,0.02,0.0,0,violation,-0.00012268055079356355,2.6
uncertainty,CAP,0.2,0.15,inward,0,0.02,0.0,1,arrived,0.019209315505751445,9.599999999999998
uncertainty,SRCBF,0.2,0.15,inward,1,0.02,0.0,0,violation,-0.001943916351478614,3.2000000000000006
uncertainty,SRCBF,0.2,0.15,inward,1,0.02,0.0,1,arrived,0.01731412210948191,9.999999999999996
uncertainty,CAP,0.2,0.15,inward,1,0.02,0.0,0,violation,-0.0008307525860619114,2.4
uncertainty,CAP,0.2,0.15,inward,1,0.02,0.0,1,arrived,0.009363191756281752,9.999999999999996
uncertainty,SRCBF,0.2,0.15,inward,2,0.02,0.0,0,arrived,0.010633944912380455,9.799999999999997
uncertainty,SRCBF,0.2,0.15,inward,2,0.02,0.0,1,arrived,0.03023678383588979,9.799999999999997
uncertainty,CAP,0.2,0.15,inward,2,0.02,0.0,0,arrived,0.004531271276897897,9.799999999999997
uncertainty,CAP,0.2,0.15,inward,2,0.02,0.0,1,arrived,0.02432716719253314,9.799999999999997
uncertainty,SRCBF,0.2,0.15,inward,3,0.02,0.0,0,arrived,0.0029324312838021616,9.599999999999998
uncertainty,SRCBF,0.2,0.15,inward,3,0.02,0.0,1,arrived,0.02222191183333566,9.599999999999998
uncertainty,CAP,0.2,0.15,inward,3,0.02,0.0,0,violation,-0.0014434834918917172,2.4
uncertainty,CAP,0.2,0.15,inward,3,0.02,0.0,1,arrived,0.014193170904109986,9.599999999999998
uncertainty,SRCBF,0.2,0.15,inward,4,0.02,0.0,0,arrived,0.012039103824219799,10.199999999999996
uncertainty,SRCBF,0.2,0.15,inward,4,0.02,0.0,1,arrived,0.03163574594062546,10.199999999999996
uncertainty,CAP,0.2,0.15,inward,4,0.02,0.0,0,arrived,0.003988635088104764,10.199999999999996
uncertainty,CAP,0.2,0.15,inward,4,0.02,0.0,1,arrived,0.0233779251332481,10.199999999999996
uncertainty,SRCBF,0.2,0.15,inward,5,0.02,0.0,0,violation,-0.0035337014293489455,3.400000000000001
uncertainty,SRCBF,0.2,0.15,inward,5,0.02,0.0,1,arrived,0.015929064132075066,10.199999999999996
uncertainty,CAP,0.2,0.15,inward,5,0.02,0.0,0,violation,-0.002210051591044482,2.8000000000000003
uncertainty,CAP,0.2,0.15,inward,5,0.02,0.0,1,arrived,0.010679996337148112,10.199999999999996
uncertainty,SRCBF,0.2,0.15,inward,6,0.02,0.0,0,arrived,0.003583553405858586,9.999999999999996
uncertainty,SRCBF,0.2,0.15,inward,6,0.02,0.0,1,arrived,0.022773138205006815,9.999999999999996
uncertainty,CAP,0.2,0.15,inward,6,0.02,0.0,0,violation,-0.0029298438688544204,3.600000000000001
uncertainty,CAP,0.2,0.15,inward,6,0.02,0.0,1,arrived,0.01642059127282769,9.999999999999996
uncertainty,SRCBF,0.2,0.15,inward,7,0.02,0.0,0,arrived,0.005493680903083331,9.799999999999997
uncertainty,SRCBF,0.2,0.15,inward,7,0.02,0.0,1,arrived,0.024845179995863664,9.799999999999997
uncertainty,CAP,0.2,0.15,inward,7,0.02,0.0,0,violation,-0.006861473678614338,2.6
uncertainty,CAP,0.2,0.15,inward,7,0.02,0.0,1,arrived,0.01256888182068161,9.799999999999997
uncertainty,SRCBF,0.2,0.15,inward,8,0.02,0.0,0,arrived,0.007744878928683252,9.799999999999997
uncertainty,SRCBF,0.2,0.15,inward,8,0.02,0.0,1,arrived,0.02691456292638572,9.799999999999997
uncertainty,CAP,0.2,0.15,inward,8,0.02,0.0,0,arrived,0.0020890787041439873,9.599999999999998
uncertainty,CAP,0.2,0.15,inward,8,0.02,0.0,1,arrived,0.02148632078345869,9.799999999999997
uncertainty,SRCBF,0.2,0.15,inward,9,0.02,0.0,0,arrived,0.007991646336509617,10.199999999999996
uncertainty,SRCBF,0.2,0.15,inward,9,0.02,0.0,1,arrived,0.026833813907149784,10.399999999999995
uncertainty,CAP,0.2,0.15,inward,9,0.02,0.0,0,arrived,0.0018005842973526365,9.999999999999996
uncertainty,CAP,0.2,0.15,inward,9,0.02,0.0,1,arrived,0.020729904322694614,10.199999999999996
uncertainty,SRCBF,0.2,0.15,inward,10,0.02,0.0,0,arrived,0.0009493386143557547,9.999999999999996
uncertainty,SRCBF,0.2,0.15,inward,10,0.02,0.0,1,arrived,0.020452077033452865,9.999999999999996
uncertainty,CAP,0.2,0.15,inward,10,0.02,0.0,0,violation,-0.004247478737167687,2.6
uncertainty,CAP,0.2,0.15,inward,10,0.02,0.0,1,arrived,0.013009415963515902,9.999999999999996
uncertainty,SRCBF,0.2,0.15,inward,11,0.02,0.0,0,arrived,0.007174777578498603,9.399999999999999
uncertainty,SRCBF,0.2,0.15,inward,11,0.02,0.0,1,arrived,0.026244039401687513,9.399999999999999
uncertainty,CAP,0.2,0.15,inward,11,0.02,0.0,0,violation,-0.00047952892730640517,2.6
uncertainty,CAP,0.2,0.15,inward,11,0.02,0.0,1,arrived,0.018524820246092255,9.399999999999999
uncertainty,SRCBF,0.2,0.15,inward,12,0.02,0.0,0,arrived,0.015888568880168097,9.399999999999999
uncertainty,SRCBF,0.2,0.15,inward,12,0.02,0.0,1,arrived,0.03493841482793214,9.599999999999998
uncertainty,CAP,0.2,0.15,inward,12,0.02,0.0,0,arrived,0.009851986529811896,9.399999999999999
uncertainty,CAP,0.2,0.15,inward,12,0.02,0.0,1,arrived,0.029291607986901558,9.599999999999998
uncertainty,SRCBF,0.2,0.15,inward,13,0.02,0.0,0,arrived,0.0045538039534923636,9.999999999999996
uncertainty,SRCBF,0.2,0.15,inward,13,0.02,0.0,1,arrived,0.023889258606814345,10.199999999999996
uncertainty,CAP,0.2,0.15,inward,13,0.02,0.0,0,violation,-0.008916880642985126,2.8000000000000003
uncertainty,CAP,0.2,0.15,inward,13,0.02,0.0,1,arrived,0.010756945883901192,9.999999999999996
uncertainty,SRCBF,0.2,0.15,inward,14,0.02,0.0,0,violation,-6.1385054756391e-05,3.0000000000000004
uncertainty,SRCBF,0.2,0.15,inward,14,0.02,0.0,1,arrived,0.019478896920009925,9.999999999999996
uncertainty,CAP,0.2,0.15,inward,14,0.02,0.0,0,violation,-0.0012995308496248636,2.8000000000000003
uncertainty,CAP,0.2,0.15,inward,14,0.02,0.0,1,arrived,0.009892001104392256,9.799999999999997
uncertainty,SRCBF,0.2,0.15,inward,15,0.02,0.0,0,arrived,0.004683384410495206,9.999999999999996
uncertainty,SRCBF,0.2,0.15,inward,15,0.02,0.0,1,arrived,0.02344051518077539,10.199999999999996
uncertainty,CAP,0.2,0.15,inward,15,0.02,0.0,0,violation,-0.000783169684406948,3.800000000000001
uncertainty,CAP,0.2,0.15,inward,15,0.02,0.0,1,arrived,0.017956891179231382,9.999999999999996
uncertainty,SRCBF,0.2,0.15,inward,16,0.02,0.0,0,violation,-0.00016018726846522835,3.0000000000000004
uncertainty,SRCBF,0.2,0.15,inward,16,0.02,0.0,1,arrived,0.019190533302353874,9.799999999999997
uncertainty,CAP,0.2,0.15,inward,16,0.02,0.0,0,violation,-0.003403886163432346,2.6
uncertainty,CAP,0.2,0.15,inward,16,0.02,0.0,1,arrived,0.012077927845100533,9.799999999999997
uncertainty,SRCBF,0.2,0.15,inward,17,0.02,0.0,0,arrived,0.00348892670781209,9.999999999999996
uncertainty,SRCBF,0.2,0.15,inward,17,0.02,0.0,1,arrived,0.022984378239812697,9.999999999999996
uncertainty,CAP,0.2,0.15,inward,17,0.02,0.0,0,violation,-0.004405883224736895,3.0000000000000004
uncertainty,CAP,0.2,0.15,inward,17,0.02,0.0,1,arrived,0.015298722200444037,9.999999999999996
uncertainty,SRCBF,0.2,0.15,inward,18,0.02,0.0,0,violation,-0.0025471791061810745,3.0000000000000004
uncertainty,SRCBF,0.2,0.15,inward,18,0.02,0.0,1,arrived,0.016890380555520612,9.999999999999996
uncertainty,CAP,0.2,0.15,inward,18,0.02,0.0,0,violation,-0.007740256785872868,2.8000000000000003
uncertainty,CAP,0.2,0.15,inward,18,0.02,0.0,1,arrived,0.00795289570464297,9.999999999999996
uncertainty,SRCBF,0.2,0.15,inward,19,0.02,0.0,0,arrived,0.012573463122731665,9.799999999999997
uncertainty,SRCBF,0.2,0.15,inward,19,0.02,0.0,1,arrived,0.03178043339691916,9.999999999999996
uncertainty,CAP,0.2,0.15,inward,19,0.02,0.0,0,violation,-0.003250331341858592,2.6
uncertainty,CAP,0.2,0.15,inward,19,0.02,0.0,1,arrived,0.016168737722398796,9.799999999999997
uncertainty,SRCBF,0.2,0.45,bias,0,0.02,0.0,0,arrived,0.028963818898418703,8.8
uncertainty,SRCBF,0.2,0.45,bias,0,0.02,0.0,1,arrived,0.04680139413278894,8.8
uncertainty,CAP,0.2,0.45,bias,0,0.02,0.0,0,arrived,0.017684720651779062,8.8
uncertainty,CAP,0.2,0.45,bias,0,0.02,0.0,1,arrived,0.03560155073004967,8.8
uncertainty,SRCBF,0.2,0.45,bias,1,0.02,0.0,0,arrived,0.06780956619303902,6.400000000000003
uncertainty,SRCBF,0.2,0.45,bias,1,0.02,0.0,1,arrived,0.08522711528578952,6.400000000000003
uncertainty,CAP,0.2,0.45,bias,1,0.02,0.0,0,arrived,0.04125509424281826,6.200000000000003
uncertainty,CAP,0.2,0.45,bias,1,0.02,0.0,1,arrived,0.05943903865328237,6.200000000000003
uncertainty,SRCBF,0.2,0.45,bias,2,0.02,0.0,0,arrived,0.03759404337891059,8.8
uncertainty,SRCBF,0.2,0.45,bias,2,0.02,0.0,1,arrived,0.0568851358463609,8.8
uncertainty,CAP,0.2,0.45,bias,2,0.02,0.0,0,arrived,0.02396133190634786,8.8
uncertainty,CAP,0.2,0.45,bias,2,0.02,0.0,1,arrived,0.04343247334839495,8.8
uncertainty,SRCBF,0.2,0.45,bias,3,0.02,0.0,0,arrived,0.03177968531322806,8.000000000000004
uncertainty,SRCBF,0.2,0.45,bias,3,0.02,0.0,1,arrived,0.05103497579647864,8.200000000000003
uncertainty,CAP,0.2,0.45,bias,3,0.02,0.0,0,arrived,0.014795915871101517,8.000000000000004
uncertainty,CAP,0.2,0.45,bias,3,0.02,0.0,1,arrived,0.034393734618255456,8.000000000000004
uncertainty,SRCBF,0.2,0.45,bias,4,0.02,0.0,0,arrived,0.09767124425464435,9.599999999999998
uncertainty,SRCBF,0.2,0.45,bias,4,0.02,0.0,1,arrived,0.11828826405371018,9.599999999999998
uncertainty,CAP,0.2,0.45,bias,4,0.02,0.0,0,arrived,0.06756863241165101,9.399999999999999
uncertainty,CAP,0.2,0.45,bias,4,0.02,0.0,1,arrived,0.08850487685490993,9.599999999999998
uncertainty,SRCBF,0.2,0.45,bias,5,0.02,0.0,0,arrived,0.11857726319376616,7.200000000000004
uncertainty,SRCBF,0.2,0.45,bias,5,0.02,0.0,1,arrived,0.13616678260793624,7.200000000000004
uncertainty,CAP,0.2,0.45,bias,5,0.02,0.0,0,arrived,0.08115792021106827,7.200000000000004
uncertainty,CAP,0.2,0.45,bias,5,0.02,0.0,1,arrived,0.0995892339098644,7.200000000000004
uncertainty,SRCBF,0.2,0.45,bias,6,0.02,0.0,0,arrived,0.05219716768245286,9.399999999999999
uncertainty,SRCBF,0.2,0.45,bias,6,0.02,0.0,1,arrived,0.07207430905833889,9.599999999999998
uncertainty,CAP,0.2,0.45,bias,6,0.02,0.0,0,arrived,0.03325927622982705,9.399999999999999
uncertainty,CAP,0.2,0.45,bias,6,0.02,0.0,1,arrived,0.053311349321290114,9.399999999999999
uncertainty,SRCBF,0.2,0.45,bias,7,0.02,0.0,0,arrived,0.09151427181372784,6.600000000000003
uncertainty,SRCBF,0.2,0.45,bias,7,0.02,0.0,1,arrived,0.1087105351831642,6.600000000000003
uncertainty,CAP,0.2,0.45,bias,7,0.02,0.0,0,arrived,0.056055466135820464,6.400000000000003
uncertainty,CAP,0.2,0.45,bias,7,0.02,0.0,1,arrived,0.07370958463973631,6.600000000000003
uncertainty,SRCBF,0.2,0.45,bias,8,0.02,0.0,0,arrived,0.07811471159856931,6.400000000000003
uncertainty,SRCBF,0.2,0.45,bias,8,0.02,0.0,1,arrived,0.09567321173093146,6.400000000000003
uncertainty,CAP,0.2,0.45,bias,8,0.02,0.0,0,arrived,0.05348177839464241,6.200000000000003
uncertainty,CAP,0.2,0.45,bias,8,0.02,0.0,1,arrived,0.07181330551969078,6.400000000000003
uncertainty,SRCBF,0.2,0.45,bias,9,0.02,0.0,0,arrived,0.031730276802076074,9.2
uncertainty,SRCBF,0.2,0.45,bias,9,0.02,0.0,1,arrived,0.05175679455847848,9.2
uncertainty,CAP,0.2,0.45,bias,9,0.02,0.0,0,arrived,0.01916750415252355,9.0
uncertainty,CAP,0.2,0.45,bias,9,0.02,0.0,1,arrived,0.039343076444181,9.2
uncertainty,SRCBF,0.2,0.45,bias,10,0.02,0.0,0,arrived,0.024684234500926383,8.200000000000003
uncertainty,SRCBF,0.2,0.45,bias,10,0.02,0.0,1,arrived,0.04395104603030264,8.200000000000003
uncertainty,CAP,0.2,0.45,bias,10,0.02,0.0,0,arrived,0.012288206788871658,8.000000000000004
uncertainty,CAP,0.2,0.45,bias,10,0.02,0.0,1,arrived,0.03203109428077333,8.200000000000003
uncertainty,SRCBF,0.2,0.45,bias,11,0.02,0.0,0,arrived,0.08869406875034302,9.399999999999999
uncertainty,SRCBF,0.2,0.45,bias,11,0.02,0.0,1,arrived,0.10842785803346477,9.399999999999999
uncertainty,CAP,0.2,0.45,bias,11,0.02,0.0,0,arrived,0.058668246386855416,9.2
uncertainty,CAP,0.2,0.45,bias,11,0.02,0.0,1,arrived,0.07859773287058247,9.399999999999999
uncertainty,SRCBF,0.2,0.45,bias,12,0.02,0.0,0,arrived,0.07990492704803276,6.400000000000003
uncertainty,SRCBF,0.2,0.45,bias,12,0.02,0.0,1,arrived,0.09739685696967237,6.400000000000003
uncertainty,CAP,0.2,0.45,bias,12,0.02,0.0,0,arrived,0.05264336580926332,6.200000000000003
uncertainty,CAP,0.2,0.45,bias,12,0.02,0.0,1,arrived,0.07108760797505231,6.200000000000003
uncertainty,SRCBF,0.2,0.45,bias,13,0.02,0.0,0,arrived,0.11044312240176979,6.800000000000003
uncertainty,SRCBF,0.2,0.45,bias,13,0.02,0.0,1,arrived,0.12813816267875222,6.800000000000003
uncertainty,CAP,0.2,0.45,bias,13,0.02,0.0,0,arrived,0.07960081736931679,6.600000000000003
uncertainty,CAP,0.2,0.45,bias,13,0.02,0.0,1,arrived,0.09768665150728195,6.800000000000003
uncertainty,SRCBF,0.2,0.45,bias,14,0.02,0.0,0,arrived,0.05623082584603745,9.399999999999999
uncertainty,SRCBF,0.2,0.45,bias,14,0.02,0.0,1,arrived,0.07692585950085729,9.399999999999999
uncertainty,CAP,0.2,0.45,bias,14,0.02,0.0,0,arrived,0.03865810457000485,9.399999999999999
uncertainty,CAP,0.2,0.45,bias,14,0.02,0.0,1,arrived,0.05942793367583121,9.399999999999999
uncertainty,SRCBF,0.2,0.45,bias,15,0.02,0.0,0,arrived,0.1346473414982664,7.200000000000004
uncertainty,SRCBF,0.2,0.45,bias,15,0.02,0.0,1,arrived,0.1528327284541059,7.200000000000004
uncertainty,CAP,0.2,0.45,bias,15,0.02,0.0,0,arrived,0.10126340244093424,7.200000000000004
uncertainty,CAP,0.2,0.45,bias,15,0.02,0.0,1,arrived,0.1193229385613972,7.200000000000004
uncertainty,SRCBF,0.2,0.45,bias,16,0.02,0.0,0,arrived,0.07341820989967207,9.599999999999998
uncertainty,SRCBF,0.2,0.45,bias,16,0.02,0.0,1,arrived,0.09432563164565633,9.599999999999998
uncertainty,CAP,0.2,0.45,bias,16,0.02,0.0,0,arrived,0.05135869342879773,9.599999999999998
uncertainty,CAP,0.2,0.45,bias,16,0.02,0.0,1,arrived,0.0724217472749541,9.599999999999998
uncertainty,SRCBF,0.2,0.45,bias,17,0.02,0.0,0,arrived,0.02118934788879745,7.400000000000004
uncertainty,SRCBF,0.2,0.45,bias,17,0.02,0.0,1,arrived,0.04021119008729013,7.600000000000004
uncertainty,CAP,0.2,0.45,bias,17,0.02,0.0,0,arrived,0.008794724061645054,7.400000000000004
uncertainty,CAP,0.2,0.45,bias,17,0.02,0.0,1,arrived,0.02819905658738142,7.400000000000004
uncertainty,SRCBF,0.2,0.45,bias,18,0.02,0.0,0,arrived,0.13612724126222975,8.200000000000003
uncertainty,SRCBF,0.2,0.45,bias,18,0.02,0.0,1,arrived,0.15400926428292072,8.200000000000003
uncertainty,CAP,0.2,0.45,bias,18,0.02,0.0,0,arrived,0.09226869209651078,8.200000000000003
uncertainty,CAP,0.2,0.45,bias,18,0.02,0.0,1,arrived,0.11069295569768633,8.200000000000003
uncertainty,SRCBF,0.2,0.45,bias,19,0.02,0.0,0,arrived,0.08235078566628862,6.400000000000003
uncertainty,SRCBF,0.2,0.45,bias,19,0.02,0.0,1,arrived,0.0995641572752397,6.400000000000003
uncertainty,CAP,0.2,0.45,bias,19,0.02,0.0,0,arrived,0.05165728751278764,6.400000000000003
uncertainty,CAP,0.2,0.45,bias,19,0.02,0.0,1,arrived,0.06918096047031119,6.400000000000003
uncertainty,SRCBF,0.2,0.45,inward,0,0.02,0.0,0,arrived,0.021233563746781092,8.8
uncertainty,SRCBF,0.2,0.45,inward,0,0.02,0.0,1,arrived,0.03979499853262258,8.8
uncertainty,CAP,0.2,0.45,inward,0,0.02,0.0,0,arrived,0.009488610184622992,8.8
uncertainty,CAP,0.2,0.45,inward,0,0.02,0.0,1,arrived,0.028623927085560164,8.8
uncertainty,SRCBF,0.2,0.45,inward,1,0.02,0.0,0,arrived,0.02420086130446375,8.600000000000001
uncertainty,SRCBF,0.2,0.45,inward,1,0.02,0.0,1,arrived,0.0428284050674812,8.600000000000001
uncertainty,CAP,0.2,0.45,inward,1,0.02,0.0,0,arrived,0.007888436246819897,8.600000000000001
uncertainty,CAP,0.2,0.45,inward,1,0.02,0.0,1,arrived,0.026909160133341214,8.600000000000001
uncertainty,SRCBF,0.2,0.45,inward,2,0.02,0.0,0,arrived,0.025956102006122195,8.600000000000001
uncertainty,SRCBF,0.2,0.45,inward,2,0.02,0.0,1,arrived,0.04456670478385638,8.600000000000001
uncertainty,CAP,0.2,0.45,inward,2,0.02,0.0,0,arrived,0.01423263409303932,8.600000000000001
uncertainty,CAP,0.2,0.45,inward,2,0.02,0.0,1,arrived,0.03334956641221898,8.600000000000001
uncertainty,SRCBF,0.2,0.45,inward,3,0.02,0.0,0,arrived,0.032541828753538504,8.400000000000002
uncertainty,SRCBF,0.2,0.45,inward,3,0.02,0.0,1,arrived,0.05061142895742177,8.400000000000002
uncertainty,CAP,0.2,0.45,inward,3,0.02,0.0,0,arrived,0.01488493778183031,8.400000000000002
uncertainty,CAP,0.2,0.45,inward,3,0.02,0.0,1,arrived,0.03316167662283831,8.400000000000002
uncertainty,SRCBF,0.2,0.45,inward,4,0.02,0.0,0,arrived,0.031470583008233466,8.8
uncertainty,SRCBF,0.2,0.45,inward,4,0.02,0.0,1,arrived,0.05016230930408416,8.8
uncertainty,CAP,0.2,0.45,inward,4,0.02,0.0,0,arrived,0.020176626961691313,8.8
uncertainty,CAP,0.2,0.45,inward,4,0.02,0.0,1,arrived,0.03924334794326689,8.8
uncertainty,SRCBF,0.2,0.45,inward,5,0.02,0.0,0,arrived,0.023330949896266495,8.8
uncertainty,SRCBF,0.2,0.45,inward,5,0.02,0.0,1,arrived,0.04197656082799228,9.0
uncertainty,CAP,0.2,0.45,inward,5,0.02,0.0,0,arrived,0.00808162680779756,8.8
uncertainty,CAP,0.2,0.45,inward,5,0.02,0.0,1,arrived,0.027127233354244495,8.8
uncertainty,SRCBF,0.2,0.45,inward,6,0.02,0.0,0,arrived,0.036488795201611635,9.0
uncertainty,SRCBF,0.2,0.45,inward,6,0.02,0.0,1,arrived,0.054593319980034694,9.0
uncertainty,CAP,0.2,0.45,inward,6,0.02,0.0,0,arrived,0.019654486351534328,8.8
uncertainty,CAP,0.2,0.45,inward,6,0.02,0.0,1,arrived,0.03871591211529224,8.8
uncertainty,SRCBF,0.2,0.45,inward,7,0.02,0.0,0,arrived,0.028179866418936883,8.600000000000001
uncertainty,SRCBF,0.2,0.45,inward,7,0.02,0.0,1,arrived,0.04602726004749491,8.600000000000001
uncertainty,CAP,0.2,0.45,inward,7,0.02,0.0,0,arrived,0.006452799273646503,8.400000000000002
uncertainty,CAP,0.2,0.45,inward,7,0.02,0.0,1,arrived,0.025330567988079866,8.600000000000001
uncertainty,SRCBF,0.2,0.45,inward,8,0.02,0.0,0,arrived,0.043601854232123705,8.8
uncertainty,SRCBF,0.2,0.45,inward,8,0.02,0.0,1,arrived,0.061552728813783486,8.8
uncertainty,CAP,0.2,0.45,inward,8,0.02,0.0,0,arrived,0.030679826795845022,8.8
uncertainty,CAP,0.2,0.45,inward,8,0.02,0.0,1,arrived,0.04903456772002368,8.8
uncertainty,SRCBF,0.2,0.45,inward,9,0.02,0.0,0,arrived,0.03960506822583665,8.600000000000001
uncertainty,SRCBF,0.2,0.45,inward,9,0.02,0.0,1,arrived,0.058253637779483114,8.600000000000001
uncertainty,CAP,0.2,0.45,inward,9,0.02,0.0,0,arrived,0.024751092912083883,8.600000000000001
uncertainty,CAP,0.2,0.45,inward,9,0.02,0.0,1,arrived,0.04388157761321121,8.600000000000001
uncertainty,SRCBF,0.2,0.45,inward,10,0.02,0.0,0,arrived,0.022680005487198063,8.600000000000001
uncertainty,SRCBF,0.2,0.45,inward,10,0.02,0.0,1,arrived,0.041213142295394634,8.600000000000001
uncertainty,CAP,0.2,0.45,inward,10,0.02,0.0,0,arrived,0.002519998780564192,8.600000000000001
uncertainty,CAP,0.2,0.45,inward,10,0.02,0.0,1,arrived,0.02154988627856158,8.600000000000001
uncertainty,SRCBF,0.2,0.45,inward,11,0.02,0.0,0,arrived,0.02351360052026852,8.400000000000002
uncertainty,SRCBF,0.2,0.45,inward,11,0.02,0.0,1,arrived,0.042085630600375734,8.400000000000002
uncertainty,CAP,0.2,0.45,inward,11,0.02,0.0,0,arrived,0.010720430131327063,8.400000000000002
uncertainty,CAP,0.2,0.45,inward,11,0.02,0.0,1,arrived,0.029771824678319292,8.400000000000002
uncertainty,SRCBF,0.2,0.45,inward,12,0.02,0.0,0,arrived,0.03692071984851375,8.600000000000001
uncertainty,SRCBF,0.2,0.45,inward,12,0.02,0.0,1,arrived,0.055423566171643346,8.600000000000001
uncertainty,CAP,0.2,0.45,inward,12,0.02,0.0,0,arrived,0.01844627562336476,8.600000000000001
uncertainty,CAP,0.2,0.45,inward,12,0.02,0.0,1,arrived,0.03752807457030549,8.600000000000001
uncertainty,SRCBF,0.2,0.45,inward,13,0.02,0.0,0,arrived,0.02424337774005969,8.8
uncertainty,SRCBF,0.2,0.45,inward,13,0.02,0.0,1,arrived,0.0429306712336851,8.8
uncertainty,CAP,0.2,0.45,inward,13,0.02,0.0,0,arrived,0.010916401037260437,8.600000000000001
uncertainty,CAP,0.2,0.45,inward,13,0.02,0.0,1,arrived,0.029908558812213992,8.8
uncertainty,SRCBF,0.2,0.45,inward,14,0.02,0.0,0,arrived,0.022253090957223165,8.8
uncertainty,SRCBF,0.2,0.45,inward,14,0.02,0.0,1,arrived,0.040777118898315146,8.8
uncertainty,CAP,0.2,0.45,inward,14,0.02,0.0,0,arrived,0.010994498461543878,8.8
uncertainty,CAP,0.2,0.45,inward,14,0.02,0.0,1,arrived,0.02978792407148312,8.8
uncertainty,SRCBF,0.2,0.45,inward,15,0.02,0.0,0,arrived,0.03093987553282951,8.600000000000001
uncertainty,SRCBF,0.2,0.45,inward,15,0.02,0.0,1,arrived,0.04971742516772604,8.600000000000001
uncertainty,CAP,0.2,0.45,inward,15,0.02,0.0,0,arrived,0.020583916873252783,8.400000000000002
uncertainty,CAP,0.2,0.45,inward,15,0.02,0.0,1,arrived,0.03985100163194022,8.600000000000001
uncertainty,SRCBF,0.2,0.45,inward,16,0.02,0.0,0,arrived,0.02047261516907095,8.600000000000001
uncertainty,SRCBF,0.2,0.45,inward,16,0.02,0.0,1,arrived,0.03907732918370188,8.600000000000001
uncertainty,CAP,0.2,0.45,inward,16,0.02,0.0,0,arrived,0.004987744191052079,8.600000000000001
uncertainty,CAP,0.2,0.45,inward,16,0.02,0.0,1,arrived,0.024114627137992617,8.600000000000001
uncertainty,SRCBF,0.2,0.45,inward,17,0.02,0.0,0,arrived,0.027237833412823598,8.400000000000002
uncertainty,SRCBF,0.2,0.45,inward,17,0.02,0.0,1,arrived,0.04579117837791302,8.600000000000001
uncertainty,CAP,0.2,0.45,inward,17,0.02,0.0,0,arrived,0.015666410306902412,8.400000000000002
uncertainty,CAP,0.2,0.45,inward,17,0.02,0.0,1,arrived,0.034770908627926866,8.400000000000002
uncertainty,SRCBF,0.2,0.45,inward,18,0.02,0.0,0,arrived,0.022439786542473583,8.600000000000001
uncertainty,SRCBF,0.2,0.45,inward,18,0.02,0.0,1,arrived,0.04084020054726989,8.600000000000001
uncertainty,CAP,0.2,0.45,inward,18,0.02,0.0,0,arrived,0.007165439954075481,8.600000000000001
uncertainty,CAP,0.2,0.45,inward,18,0.02,0.0,1,arrived,0.02601437295507003,8.600000000000001
uncertainty,SRCBF,0.2,0.45,inward,19,0.02,0.0,0,arrived,0.03037952772923347,8.400000000000002
uncertainty,SRCBF,0.2,0.45,inward,19,0.02,0.0,1,arrived,0.048191862728491075,8.600000000000001
uncertainty,CAP,0.2,0.45,inward,19,0.02,0.0,0,arrived,0.009386318997080978,8.400000000000002
uncertainty,CAP,0.2,0.45,inward,19,0.02,0.0,1,arrived,0.02825901250523577,8.400000000000002
uncertainty,SRCBF,0.2,0.15,bias,0,0.0,0.04,0,arrived,0.07391178628413442,10.199999999999996
uncertainty,SRCBF,0.2,0.15,bias,0,0.0,0.04,1,arrived,0.11773115044213611,10.399999999999995
uncertainty,CAP,0.2,0.15,bias,0,0.0,0.04,0,arrived,0.046582110636595786,9.999999999999996
uncertainty,CAP,0.2,0.15,bias,0,0.0,0.04,1,arrived,0.091319019809328,10.199999999999996
uncertainty,SRCBF,0.2,0.15,bias,1,0.0,0.04,0,arrived,0.02788273232597427,7.200000000000004
uncertainty,SRCBF,0.2,0.15,bias,1,0.0,0.04,1,arrived,0.07055146879140561,7.400000000000004
uncertainty,CAP,0.2,0.15,bias,1,0.0,0.04,0,arrived,0.00896893632180984,7.200000000000004
uncertainty,CAP,0.2,0.15,bias,1,0.0,0.04,1,arrived,0.053126574855312914,7.200000000000004
uncertainty,SRCBF,0.2,0.15,bias,2,0.0,0.04,0,arrived,0.07781202223110606,10.999999999999993
uncertainty,SRCBF,0.2,0.15,bias,2,0.0,0.04,1,arrived,0.12188222262950699,11.199999999999992
uncertainty,CAP,0.2,0.15,bias,2,0.0,0.04,0,arrived,0.050424362655456134,10.799999999999994
uncertainty,CAP,0.2,0.15,bias,2,0.0,0.04,1,arrived,0.09524058793227563,10.999999999999993
uncertainty,SRCBF,0.2,0.15,bias,3,0.0,0.04,0,arrived,0.056854241686761564,10.399999999999995
uncertainty,SRCBF,0.2,0.15,bias,3,0.0,0.04,1,arrived,0.10089730718841594,10.599999999999994
uncertainty,CAP,0.2,0.15,bias,3,0.0,0.04,0,arrived,0.034902184062554964,10.199999999999996
uncertainty,CAP,0.2,0.15,bias,3,0.0,0.04,1,arrived,0.07866655163470282,10.399999999999995
uncertainty,SRCBF,0.2,0.15,bias,4,0.0,0.04,0,arrived,0.10677573438797316,11.199999999999992
uncertainty,SRCBF,0.2,0.15,bias,4,0.0,0.04,1,arrived,0.14918182126559465,11.399999999999991
uncertainty,CAP,0.2,0.15,bias,4,0.0,0.04,0,arrived,0.0773772991013334,10.999999999999993
uncertainty,CAP,0.2,0.15,bias,4,0.0,0.04,1,arrived,0.12219912951391132,11.199999999999992
uncertainty,SRCBF,0.2,0.15,bias,5,0.0,0.04,0,arrived,0.08257000776400492,8.000000000000004
uncertainty,SRCBF,0.2,0.15,bias,5,0.0,0.04,1,arrived,0.12399894496751096,8.000000000000004
uncertainty,CAP,0.2,0.15,bias,5,0.0,0.04,0,arrived,0.04852410450707223,7.800000000000004
uncertainty,CAP,0.2,0.15,bias,5,0.0,0.04,1,arrived,0.0898953980930709,8.000000000000004
uncertainty,SRCBF,0.2,0.15,bias,6,0.0,0.04,0,arrived,0.09001090537466683,11.399999999999991
uncertainty,SRCBF,0.2,0.15,bias,6,0.0,0.04,1,arrived,0.13414555621157576,11.59999999999999
uncertainty,CAP,0.2,0.15,bias,6,0.0,0.04,0,arrived,0.06010517172111618,11.199999999999992
uncertainty,CAP,0.2,0.15,bias,6,0.0,0.04,1,arrived,0.10493687013657071,11.399999999999991
uncertainty,SRCBF,0.2,0.15,bias,7,0.0,0.04,0,arrived,0.04840174629183425,7.200000000000004
uncertainty,SRCBF,0.2,0.15,bias,7,0.0,0.04,1,arrived,0.0902604623257447,7.400000000000004
uncertainty,CAP,0.2,0.15,bias,7,0.0,0.04,0,arrived,0.022656216932866236,7.200000000000004
uncertainty,CAP,0.2,0.15,bias,7,0.0,0.04,1,arrived,0.0666299512534303,7.400000000000004
uncertainty,SRCBF,0.2,0.15,bias,8,0.0,0.04,0,arrived,0.01756911133948935,7.200000000000004
uncertainty,SRCBF,0.2,0.15,bias,8,0.0,0.04,1,arrived,0.06064259679987116,7.400000000000004
uncertainty,CAP,0.2,0.15,bias,8,0.0,0.04,0,arrived,0.002355928509220395,7.200000000000004
uncertainty,CAP,0.2,0.15,bias,8,0.0,0.04,1,arrived,0.046824332157890836,7.400000000000004
uncertainty,SRCBF,0.2,0.15,bias,9,0.0,0.04,0,arrived,0.08102660989867405,10.199999999999996
uncertainty,SRCBF,0.2,0.15,bias,9,0.0,0.04,1,arrived,0.12481875206984794,10.399999999999995
uncertainty,CAP,0.2,0.15,bias,9,0.0,0.04,0,arrived,0.05168859593593689,10.199999999999996
uncertainty,CAP,0.2,0.15,bias,9,0.0,0.04,1,arrived,0.09640988021128627,10.199999999999996
uncertainty,SRCBF,0.2,0.15,bias,10,0.0,0.04,0,arrived,0.056780590596862246,9.399999999999999
uncertainty,SRCBF,0.2,0.15,bias,10,0.0,0.04,1,arrived,0.10018111199147683,9.599999999999998
uncertainty,CAP,0.2,0.15,bias,10,0.0,0.04,0,arrived,0.032342111007636176,9.2
uncertainty,CAP,0.2,0.15,bias,10,0.0,0.04,1,arrived,0.07586815003664193,9.399999999999999
uncertainty,SRCBF,0.2,0.15,bias,11,0.0,0.04,0,arrived,0.1032253092587081,10.799999999999994
uncertainty,SRCBF,0.2,0.15,bias,11,0.0,0.04,1,arrived,0.14535027114950383,10.799999999999994
uncertainty,CAP,0.2,0.15,bias,11,0.0,0.04,0,arrived,0.07712334460107217,10.599999999999994
uncertainty,CAP,0.2,0.15,bias,11,0.0,0.04,1,arrived,0.11978405117345392,10.799999999999994
uncertainty,SRCBF,0.2,0.15,bias,12,0.0,0.04,0,arrived,0.03260980779678235,7.0000000000000036
uncertainty,SRCBF,0.2,0.15,bias,12,0.0,0.04,1,arrived,0.0750153761023935,7.200000000000004
uncertainty,CAP,0.2,0.15,bias,12,0.0,0.04,0,arrived,0.011958866661559209,7.0000000000000036
uncertainty,CAP,0.2,0.15,bias,12,0.0,0.04,1,arrived,0.05587766348432055,7.200000000000004
uncertainty,SRCBF,0.2,0.15,bias,13,0.0,0.04,0,arrived,0.06314788098583768,7.600000000000004
uncertainty,SRCBF,0.2,0.15,bias,13,0.0,0.04,1,arrived,0.10450279509340021,7.600000000000004
uncertainty,CAP,0.2,0.15,bias,13,0.0,0.04,0,arrived,0.032668885190385355,7.400000000000004
uncertainty,CAP,0.2,0.15,bias,13,0.0,0.04,1,arrived,0.07666445425032109,7.600000000000004
uncertainty,SRCBF,0.2,0.15,bias,14,0.0,0.04,0,arrived,0.09508609477467811,11.399999999999991
uncertainty,SRCBF,0.2,0.15,bias,14,0.0,0.04,1,arrived,0.1392642839673428,11.59999999999999
uncertainty,CAP,0.2,0.15,bias,14,0.0,0.04,0,arrived,0.06517719209177286,11.399999999999991
uncertainty,CAP,0.2,0.15,bias,14,0.0,0.04,1,arrived,0.10884315873141526,11.59999999999999
uncertainty,SRCBF,0.2,0.15,bias,15,0.0,0.04,0,arrived,0.08115320632460121,7.800000000000004
uncertainty,SRCBF,0.2,0.15,bias,15,0.0,0.04,1,arrived,0.12249935077960772,8.000000000000004
uncertainty,CAP,0.2,0.15,bias,15,0.0,0.04,0,arrived,0.04697860373747209,7.800000000000004
uncertainty,CAP,0.2,0.15,bias,15,0.0,0.04,1,arrived,0.08882410985001132,7.800000000000004
uncertainty,SRCBF,0.2,0.15,bias,16,0.0,0.04,0,arrived,0.08065531781803348,13.399999999999984
uncertainty,SRCBF,0.2,0.15,bias,16,0.0,0.04,1,arrived,0.12277178109808085,13.799999999999983
uncertainty,CAP,0.2,0.15,bias,16,0.0,0.04,0,arrived,0.061881171080259256,13.199999999999985
uncertainty,CAP,0.2,0.15,bias,16,0.0,0.04,1,arrived,0.10454345931618714,13.599999999999984
uncertainty,SRCBF,0.2,0.15,bias,17,0.0,0.04,0,arrived,0.03687119330334965,9.2
uncertainty,SRCBF,0.2,0.15,bias,17,0.0,0.04,1,arrived,0.08050519074777596,9.399999999999999
uncertainty,CAP,0.2,0.15,bias,17,0.0,0.04,0,arrived,0.017922682554196823,9.0
uncertainty,CAP,0.2,0.15,bias,17,0.0,0.04,1,arrived,0.06271015533249602,9.2
uncertainty,SRCBF,0.2,0.15,bias,18,0.0,0.04,0,arrived,0.11253910243406573,8.8
uncertainty,SRCBF,0.2,0.15,bias,18,0.0,0.04,1,arrived,0.15380911246995965,8.8
uncertainty,CAP,0.2,0.15,bias,18,0.0,0.04,0,arrived,0.07240439890845929,8.600000000000001
uncertainty,CAP,0.2,0.15,bias,18,0.0,0.04,1,arrived,0.11627286744033416,8.8
uncertainty,SRCBF,0.2,0.15,bias,19,0.0,0.04,0,arrived,0.038839928927616785,7.200000000000004
uncertainty,SRCBF,0.2,0.15,bias,19,0.0,0.04,1,arrived,0.0811238215751322,7.200000000000004
uncertainty,CAP,0.2,0.15,bias,19,0.0,0.04,0,arrived,0.01622358785957123,7.0000000000000036
uncertainty,CAP,0.2,0.15,bias,19,0.0,0.04,1,arrived,0.060119382111107345,7.200000000000004
uncertainty,SRCBF,0.2,0.15,inward,0,0.0,0.04,0,arrived,0.00622658305874324,9.799999999999997
uncertainty,SRCBF,0.2,0.15,inward,0,0.0,0.04,1,arrived,0.05023535834996551,9.999999999999996
uncertainty,CAP,0.2,0.15,inward,0,0.0,0.04,0,violation,-0.0015762250949458156,2.4
uncertainty,CAP,0.2,0.15,inward,0,0.0,0.04,1,arrived,0.04202269764357247,9.999999999999996
uncertainty,SRCBF,0.2,0.15,inward,1,0.0,0.04,0,arrived,0.006800216301084627,9.799999999999997
uncertainty,SRCBF,0.2,0.15,inward,1,0.0,0.04,1,arrived,0.05074390810583529,9.799999999999997
uncertainty,CAP,0.2,0.15,inward,1,0.0,0.04,0,violation,-0.0013329919937100643,2.4
uncertainty,CAP,0.2,0.15,inward,1,0.0,0.04,1,arrived,0.04224842175251908,9.799999999999997
uncertainty,SRCBF,0.2,0.15,inward,2,0.0,0.04,0,arrived,0.008012846116263628,9.599999999999998
uncertainty,SRCBF,0.2,0.15,inward,2,0.0,0.04,1,arrived,0.05182027009228041,9.799999999999997
uncertainty,CAP,0.2,0.15,inward,2,0.0,0.04,0,violation,-0.000799558392373001,2.4
uncertainty,CAP,0.2,0.15,inward,2,0.0,0.04,1,arrived,0.04273933006474484,9.599999999999998
uncertainty,SRCBF,0.2,0.15,inward,3,0.0,0.04,0,arrived,0.008919437522917462,9.399999999999999
uncertainty,SRCBF,0.2,0.15,inward,3,0.0,0.04,1,arrived,0.0526262418044845,9.599999999999998
uncertainty,CAP,0.2,0.15,inward,3,0.0,0.04,0,violation,-0.00038844587100927974,2.4
uncertainty,CAP,0.2,0.15,inward,3,0.0,0.04,1,arrived,0.043114521411805606,9.599999999999998
uncertainty,SRCBF,0.2,0.15,inward,4,0.0,0.04,0,arrived,0.004700342525027157,9.999999999999996
uncertainty,SRCBF,0.2,0.15,inward,4,0.0,0.04,1,arrived,0.04885719193783322,10.199999999999996
uncertainty,CAP,0.2,0.15,inward,4,0.0,0.04,0,violation,-0.002101729566180821,2.4
uncertainty,CAP,0.2,0.15,inward,4,0.0,0.04,1,arrived,0.04152948610202545,10.199999999999996
uncertainty,SRCBF,0.2,0.15,inward,5,0.0,0.04,0,arrived,0.005394858122647395,9.999999999999996
uncertainty,SRCBF,0.2,0.15,inward,5,0.0,0.04,1,arrived,0.04946008912189104,9.999999999999996
uncertainty,CAP,0.2,0.15,inward,5,0.0,0.04,0,violation,-0.0018771519651834545,2.4
uncertainty,CAP,0.2,0.15,inward,5,0.0,0.04,1,arrived,0.04174134799919782,9.999999999999996
uncertainty,SRCBF,0.2,0.15,inward,6,0.0,0.04,0,arrived,0.006677702514496731,9.799999999999997
uncertainty,SRCBF,0.2,0.15,inward,6,0.0,0.04,1,arrived,0.050635262891046584,9.799999999999997
uncertainty,CAP,0.2,0.15,inward,6,0.0,0.04,0,violation,-0.001385526651438096,2.4
uncertainty,CAP,0.2,0.15,inward,6,0.0,0.04,1,arrived,0.0421997809224709,9.799999999999997
uncertainty,SRCBF,0.2,0.15,inward,7,0.0,0.04,0,arrived,0.006280083832312489,9.799999999999997
uncertainty,SRCBF,0.2,0.15,inward,7,0.0,0.04,1,arrived,0.05028277348184762,9.999999999999996
uncertainty,CAP,0.2,0.15,inward,7,0.0,0.04,0,violation,-0.001553853375293457,2.4
uncertainty,CAP,0.2,0.15,inward,7,0.0,0.04,1,arrived,0.04204351652395433,9.999999999999996
uncertainty,SRCBF,0.2,0.15,inward,8,0.0,0.04,0,arrived,0.007687419796222228,9.599999999999998
uncertainty,SRCBF,0.2,0.15,inward,8,0.0,0.04,1,arrived,0.05153122884774153,9.799999999999997
uncertainty,CAP,0.2,0.15,inward,8,0.0,0.04,0,violation,-0.0009448172425970958,2.4
uncertainty,CAP,0.2,0.15,inward,8,0.0,0.04,1,arrived,0.04260614796385276,9.799999999999997
uncertainty,SRCBF,0.2,0.15,inward,9,0.0,0.04,0,arrived,0.005060277489275511,9.999999999999996
uncertainty,SRCBF,0.2,0.15,inward,9,0.0,0.04,1,arrived,0.049169574488248435,10.199999999999996
uncertainty,CAP,0.2,0.15,inward,9,0.0,0.04,0,violation,-0.0019858720618864956,2.4
uncertainty,CAP,0.2,0.15,inward,9,0.0,0.04,1,arrived,0.04163901573594653,9.999999999999996
uncertainty,SRCBF,0.2,0.15,inward,10,0.0,0.04,0,arrived,0.004637837342655771,9.999999999999996
uncertainty,SRCBF,0.2,0.15,inward,10,0.0,0.04,1,arrived,0.048802958993619194,10.199999999999996
uncertainty,CAP,0.2,0.15,inward,10,0.0,0.04,0,violation,-0.002121721737980309,2.4
uncertainty,CAP,0.2,0.15,inward,10,0.0,0.04,1,arrived,0.04151053076149924,10.199999999999996
uncertainty,SRCBF,0.2,0.15,inward,11,0.0,0.04,0,arrived,0.008694232395698775,9.599999999999998
uncertainty,SRCBF,0.2,0.15,inward,11,0.0,0.04,1,arrived,0.05242592782022304,9.599999999999998
uncertainty,CAP,0.2,0.15,inward,11,0.0,0.04,0,violation,-0.000491372408310653,2.4
uncertainty,CAP,0.2,0.15,inward,11,0.0,0.04,1,arrived,0.04302081538171232,9.599999999999998
uncertainty,SRCBF,0.2,0.15,inward,12,0.0,0.04,0,arrived,0.008067149732088108,9.599999999999998
uncertainty,SRCBF,0.2,0.15,inward,12,0.0,0.04,1,arrived,0.05186851571437556,9.799999999999997
uncertainty,CAP,0.2,0.15,inward,12,0.0,0.04,0,violation,-0.0007751899782283411,2.4
uncertainty,CAP,0.2,0.15,inward,12,0.0,0.04,1,arrived,0.042761639321024836,9.599999999999998
uncertainty,SRCBF,0.2,0.15,inward,13,0.0,0.04,0,arrived,0.005087800137829612,9.999999999999996
uncertainty,SRCBF,0.2,0.15,inward,13,0.0,0.04,1,arrived,0.049193467126529944,10.199999999999996
uncertainty,CAP,0.2,0.15,inward,13,0.0,0.04,0,violation,-0.001976964343656573,2.4
uncertainty,CAP,0.2,0.15,inward,13,0.0,0.04,1,arrived,0.04164741568309083,9.999999999999996
uncertainty,SRCBF,0.2,0.15,inward,14,0.0,0.04,0,arrived,0.005260279449883054,9.999999999999996
uncertainty,SRCBF,0.2,0.15,inward,14,0.0,0.04,1,arrived,0.049343218601672345,10.199999999999996
uncertainty,CAP,0.2,0.15,inward,14,0.0,0.04,0,violation,-0.0019209939363731277,2.4
uncertainty,CAP,0.2,0.15,inward,14,0.0,0.04,1,arrived,0.041700130854669726,9.999999999999996
uncertainty,SRCBF,0.2,0.15,inward,15,0.0,0.04,0,arrived,0.005977474862783438,9.799999999999997
uncertainty,SRCBF,0.2,0.15,inward,15,0.0,0.04,1,arrived,0.0499829829156162,9.999999999999996
uncertainty,CAP,0.2,0.15,inward,15,0.0,0.04,0,violation,-0.0016794234607545588,2.4
uncertainty,CAP,0.2,0.15,inward,15,0.0,0.04,1,arrived,0.041926497644747984,9.999999999999996
uncertainty,SRCBF,0.2,0.15,inward,16,0.0,0.04,0,arrived,0.006545067260920634,9.799999999999997
uncertainty,SRCBF,0.2,0.15,inward,16,0.0,0.04,1,arrived,0.05051766170267613,9.999999999999996
uncertainty,CAP,0.2,0.15,inward,16,0.0,0.04,0,violation,-0.00144205995011093,2.4
uncertainty,CAP,0.2,0.15,inward,16,0.0,0.04,1,arrived,0.04214737095728116,9.799999999999997
uncertainty,SRCBF,0.2,0.15,inward,17,0.0,0.04,0,arrived,0.005188032615675131,9.999999999999996
uncertainty,SRCBF,0.2,0.15,inward,17,0.0,0.04,1,arrived,0.049280487432547204,10.199999999999996
uncertainty,CAP,0.2,0.15,inward,17,0.0,0.04,0,violation,-0.0019444689176193464,2.4
uncertainty,CAP,0.2,0.15,inward,17,0.0,0.04,1,arrived,0.04167803456668673,9.999999999999996
uncertainty,SRCBF,0.2,0.15,inward,18,0.0,0.04,0,arrived,0.00733444544174866,9.599999999999998
uncertainty,SRCBF,0.2,0.15,inward,18,0.0,0.04,1,arrived,0.05121787468187755,9.799999999999997
uncertainty,CAP,0.2,0.15,inward,18,0.0,0.04,0,violation,-0.001100742840087321,2.4
uncertainty,CAP,0.2,0.15,inward,18,0.0,0.04,1,arrived,0.04246278908791734,9.799999999999997
uncertainty,SRCBF,0.2,0.15,inward,19,0.0,0.04,0,arrived,0.007233024250910547,9.599999999999998
uncertainty,SRCBF,0.2,0.15,inward,19,0.0,0.04,1,arrived,0.05112786695984839,9.799999999999997
uncertainty,CAP,0.2,0.15,inward,19,0.0,0.04,0,violation,-0.0011452015678721228,2.4
uncertainty,CAP,0.2,0.15,inward,19,0.0,0.04,1,arrived,0.04242183372555197,9.799999999999997
uncertainty,SRCBF,0.2,0.45,bias,0,0.0,0.04,0,arrived,0.042805612822528816,8.8
uncertainty,SRCBF,0.2,0.45,bias,0,0.0,0.04,1,arrived,0.08633919331438866,9.0
uncertainty,CAP,0.2,0.45,bias,0,0.0,0.04,0,arrived,0.03185487569640899,8.8
uncertainty,CAP,0.2,0.45,bias,0,0.0,0.04,1,arrived,0.07585642187578145,8.8
uncertainty,SRCBF,0.2,0.45,bias,1,0.0,0.04,0,arrived,0.07194213884378464,6.400000000000003
uncertainty,SRCBF,0.2,0.45,bias,1,0.0,0.04,1,arrived,0.11085199851935579,6.400000000000003
uncertainty,CAP,0.2,0.45,bias,1,0.0,0.04,0,arrived,0.03920128506913123,6.200000000000003
uncertainty,CAP,0.2,0.45,bias,1,0.0,0.04,1,arrived,0.0799511714307597,6.400000000000003
uncertainty,SRCBF,0.2,0.45,bias,2,0.0,0.04,0,arrived,0.05040706238071979,8.8
uncertainty,SRCBF,0.2,0.45,bias,2,0.0,0.04,1,arrived,0.09383185521491655,9.0
uncertainty,CAP,0.2,0.45,bias,2,0.0,0.04,0,arrived,0.037661367941518864,8.8
uncertainty,CAP,0.2,0.45,bias,2,0.0,0.04,1,arrived,0.08146228310157289,9.0
uncertainty,SRCBF,0.2,0.45,bias,3,0.0,0.04,0,arrived,0.03527323748458688,8.200000000000003
uncertainty,SRCBF,0.2,0.45,bias,3,0.0,0.04,1,arrived,0.0788797447096442,8.200000000000003
uncertainty,CAP,0.2,0.45,bias,3,0.0,0.04,0,arrived,0.023016905771399032,8.000000000000004
uncertainty,CAP,0.2,0.45,bias,3,0.0,0.04,1,arrived,0.06780064901616645,8.200000000000003
uncertainty,SRCBF,0.2,0.45,bias,4,0.0,0.04,0,arrived,0.11107913386412316,9.399999999999999
uncertainty,SRCBF,0.2,0.45,bias,4,0.0,0.04,1,arrived,0.15444844969596427,9.599999999999998
uncertainty,CAP,0.2,0.45,bias,4,0.0,0.04,0,arrived,0.0831944146260023,9.399999999999999
uncertainty,CAP,0.2,0.45,bias,4,0.0,0.04,1,arrived,0.12621230295451924,9.399999999999999
uncertainty,SRCBF,0.2,0.45,bias,5,0.0,0.04,0,arrived,0.1252232962066968,7.200000000000004
uncertainty,SRCBF,0.2,0.45,bias,5,0.0,0.04,1,arrived,0.16370802459267153,7.200000000000004
uncertainty,CAP,0.2,0.45,bias,5,0.0,0.04,0,arrived,0.08207573545897995,7.0000000000000036
uncertainty,CAP,0.2,0.45,bias,5,0.0,0.04,1,arrived,0.12296489809414557,7.200000000000004
uncertainty,SRCBF,0.2,0.45,bias,6,0.0,0.04,0,arrived,0.06277751732848824,9.399999999999999
uncertainty,SRCBF,0.2,0.45,bias,6,0.0,0.04,1,arrived,0.10577917141780668,9.599999999999998
uncertainty,CAP,0.2,0.45,bias,6,0.0,0.04,0,arrived,0.04718239929928125,9.2
uncertainty,CAP,0.2,0.45,bias,6,0.0,0.04,1,arrived,0.09063206716815153,9.399999999999999
uncertainty,SRCBF,0.2,0.45,bias,7,0.0,0.04,0,arrived,0.0938330472229354,6.400000000000003
uncertainty,SRCBF,0.2,0.45,bias,7,0.0,0.04,1,arrived,0.13275699017645148,6.600000000000003
uncertainty,CAP,0.2,0.45,bias,7,0.0,0.04,0,arrived,0.057735430096135354,6.400000000000003
uncertainty,CAP,0.2,0.45,bias,7,0.0,0.04,1,arrived,0.09738473208478737,6.600000000000003
uncertainty,SRCBF,0.2,0.45,bias,8,0.0,0.04,0,arrived,0.05881361455351819,6.200000000000003
uncertainty,SRCBF,0.2,0.45,bias,8,0.0,0.04,1,arrived,0.09791317855113613,6.400000000000003
uncertainty,CAP,0.2,0.45,bias,8,0.0,0.04,0,arrived,0.028498962373557646,6.200000000000003
uncertainty,CAP,0.2,0.45,bias,8,0.0,0.04,1,arrived,0.07067206023042738,6.400000000000003
uncertainty,SRCBF,0.2,0.45,bias,9,0.0,0.04,0,arrived,0.04713256524544118,9.2
uncertainty,SRCBF,0.2,0.45,bias,9,0.0,0.04,1,arrived,0.09070853429999626,9.2
uncertainty,CAP,0.2,0.45,bias,9,0.0,0.04,0,arrived,0.03524563392126767,9.0
uncertainty,CAP,0.2,0.45,bias,9,0.0,0.04,1,arrived,0.07909668522542623,9.2
uncertainty,SRCBF,0.2,0.45,bias,10,0.0,0.04,0,arrived,0.028179783004842807,8.200000000000003
uncertainty,SRCBF,0.2,0.45,bias,10,0.0,0.04,1,arrived,0.07190969140534875,8.200000000000003
uncertainty,CAP,0.2,0.45,bias,10,0.0,0.04,0,arrived,0.01835373190455314,8.000000000000004
uncertainty,CAP,0.2,0.45,bias,10,0.0,0.04,1,arrived,0.06288451440431242,8.200000000000003
uncertainty,SRCBF,0.2,0.45,bias,11,0.0,0.04,0,arrived,0.10805602290601257,9.399999999999999
uncertainty,SRCBF,0.2,0.45,bias,11,0.0,0.04,1,arrived,0.14928618589834663,9.399999999999999
uncertainty,CAP,0.2,0.45,bias,11,0.0,0.04,0,arrived,0.08078180851922556,9.2
uncertainty,CAP,0.2,0.45,bias,11,0.0,0.04,1,arrived,0.1243753810541226,9.399999999999999
uncertainty,SRCBF,0.2,0.45,bias,12,0.0,0.04,0,arrived,0.07728871299603035,6.200000000000003
uncertainty,SRCBF,0.2,0.45,bias,12,0.0,0.04,1,arrived,0.11612605041184476,6.400000000000003
uncertainty,CAP,0.2,0.45,bias,12,0.0,0.04,0,arrived,0.04429997805871566,6.200000000000003
uncertainty,CAP,0.2,0.45,bias,12,0.0,0.04,1,arrived,0.08345433999857865,6.400000000000003
uncertainty,SRCBF,0.2,0.45,bias,13,0.0,0.04,0,arrived,0.10776097273711494,6.800000000000003
uncertainty,SRCBF,0.2,0.45,bias,13,0.0,0.04,1,arrived,0.1469494881574348,6.800000000000003
uncertainty,CAP,0.2,0.45,bias,13,0.0,0.04,0,arrived,0.06878003715823533,6.600000000000003
uncertainty,CAP,0.2,0.45,bias,13,0.0,0.04,1,arrived,0.1091206661256805,6.800000000000003
uncertainty,SRCBF,0.2,0.45,bias,14,0.0,0.04,0,arrived,0.0676912611507311,9.599999999999998
uncertainty,SRCBF,0.2,0.45,bias,14,0.0,0.04,1,arrived,0.11040846591060383,9.799999999999997
uncertainty,CAP,0.2,0.45,bias,14,0.0,0.04,0,arrived,0.05101401094702818,9.599999999999998
uncertainty,CAP,0.2,0.45,bias,14,0.0,0.04,1,arrived,0.09427654217737758,9.599999999999998
uncertainty,SRCBF,0.2,0.45,bias,15,0.0,0.04,0,arrived,0.12429478621214196,7.0000000000000036
uncertainty,SRCBF,0.2,0.45,bias,15,0.0,0.04,1,arrived,0.1626858663785531,7.200000000000004
uncertainty,CAP,0.2,0.45,bias,15,0.0,0.04,0,arrived,0.08104763634606871,7.0000000000000036
uncertainty,CAP,0.2,0.45,bias,15,0.0,0.04,1,arrived,0.12210015145354691,7.0000000000000036
uncertainty,SRCBF,0.2,0.45,bias,16,0.0,0.04,0,arrived,0.0861292255878442,9.599999999999998
uncertainty,SRCBF,0.2,0.45,bias,16,0.0,0.04,1,arrived,0.12734742020098178,9.599999999999998
uncertainty,CAP,0.2,0.45,bias,16,0.0,0.04,0,arrived,0.06427273652997256,9.399999999999999
uncertainty,CAP,0.2,0.45,bias,16,0.0,0.04,1,arrived,0.10785047453752594,9.599999999999998
uncertainty,SRCBF,0.2,0.45,bias,17,0.0,0.04,0,arrived,0.02142949175074893,7.400000000000004
uncertainty,SRCBF,0.2,0.45,bias,17,0.0,0.04,1,arrived,0.06472776163992344,7.600000000000004
uncertainty,CAP,0.2,0.45,bias,17,0.0,0.04,0,arrived,0.00902963877052898,7.400000000000004
uncertainty,CAP,0.2,0.45,bias,17,0.0,0.04,1,arrived,0.05380833809756225,7.600000000000004
uncertainty,SRCBF,0.2,0.45,bias,18,0.0,0.04,0,arrived,0.14578347152534876,8.000000000000004
uncertainty,SRCBF,0.2,0.45,bias,18,0.0,0.04,1,arrived,0.18537464337568954,8.000000000000004
uncertainty,CAP,0.2,0.45,bias,18,0.0,0.04,0,arrived,0.10085814030344076,8.000000000000004
uncertainty,CAP,0.2,0.45,bias,18,0.0,0.04,1,arrived,0.14218832437464113,8.000000000000004
uncertainty,SRCBF,0.2,0.45,bias,19,0.0,0.04,0,arrived,0.08415728445288229,6.400000000000003
uncertainty,SRCBF,0.2,0.45,bias,19,0.0,0.04,1,arrived,0.12299941313833918,6.400000000000003
uncertainty,CAP,0.2,0.45,bias,19,0.0,0.04,0,arrived,0.04991283534461666,6.400000000000003
uncertainty,CAP,0.2,0.45,bias,19,0.0,0.04,1,arrived,0.0884903172959034,6.400000000000003
uncertainty,SRCBF,0.2,0.45,inward,0,0.0,0.04,0,arrived,0.028970366719132112,8.600000000000001
uncertainty,SRCBF,0.2,0.45,inward,0,0.0,0.04,1,arrived,0.07037675642289554,8.600000000000001
uncertainty,CAP,0.2,0.45,inward,0,0.0,0.04,0,arrived,0.00960474000025835,8.600000000000001
uncertainty,CAP,0.2,0.45,inward,0,0.0,0.04,1,arrived,0.053449984061839984,8.600000000000001
uncertainty,SRCBF,0.2,0.45,inward,1,0.0,0.04,0,arrived,0.02984893219799467,8.600000000000001
uncertainty,SRCBF,0.2,0.45,inward,1,0.0,0.04,1,arrived,0.07114364446234289,8.600000000000001
uncertainty,CAP,0.2,0.45,inward,1,0.0,0.04,0,arrived,0.010082493248149915,8.400000000000002
uncertainty,CAP,0.2,0.45,inward,1,0.0,0.04,1,arrived,0.05389342182041357,8.600000000000001
uncertainty,SRCBF,0.2,0.45,inward,2,0.0,0.04,0,arrived,0.031604941303357226,8.400000000000002
uncertainty,SRCBF,0.2,0.45,inward,2,0.0,0.04,1,arrived,0.07281094926202014,8.600000000000001
uncertainty,CAP,0.2,0.45,inward,2,0.0,0.04,0,arrived,0.011031496267922103,8.400000000000002
uncertainty,CAP,0.2,0.45,inward,2,0.0,0.04,1,arrived,0.05477434070357312,8.600000000000001
uncertainty,SRCBF,0.2,0.45,inward,3,0.0,0.04,0,arrived,0.03283688432672871,8.400000000000002
uncertainty,SRCBF,0.2,0.45,inward,3,0.0,0.04,1,arrived,0.07398340291841932,8.600000000000001
uncertainty,CAP,0.2,0.45,inward,3,0.0,0.04,0,arrived,0.01169239124644672,8.400000000000002
uncertainty,CAP,0.2,0.45,inward,3,0.0,0.04,1,arrived,0.05538793490303251,8.400000000000002
uncertainty,SRCBF,0.2,0.45,inward,4,0.0,0.04,0,arrived,0.026826413548298067,8.600000000000001
uncertainty,SRCBF,0.2,0.45,inward,4,0.0,0.04,1,arrived,0.06855595233572065,8.600000000000001
uncertainty,CAP,0.2,0.45,inward,4,0.0,0.04,0,arrived,0.00843097092834777,8.600000000000001
uncertainty,CAP,0.2,0.45,inward,4,0.0,0.04,1,arrived,0.05236049425080436,8.600000000000001
uncertainty,SRCBF,0.2,0.45,inward,5,0.0,0.04,0,arrived,0.027792015038112128,8.600000000000001
uncertainty,SRCBF,0.2,0.45,inward,5,0.0,0.04,1,arrived,0.06937595727305734,8.600000000000001
uncertainty,CAP,0.2,0.45,inward,5,0.0,0.04,0,arrived,0.008960985269798272,8.600000000000001
uncertainty,CAP,0.2,0.45,inward,5,0.0,0.04,1,arrived,0.052852469846233485,8.600000000000001
uncertainty,SRCBF,0.2,0.45,inward,6,0.0,0.04,0,arrived,0.029663960801387446,8.600000000000001
uncertainty,SRCBF,0.2,0.45,inward,6,0.0,0.04,1,arrived,0.07096829009141226,8.600000000000001
uncertainty,CAP,0.2,0.45,inward,6,0.0,0.04,0,arrived,0.009982068398088462,8.400000000000002
uncertainty,CAP,0.2,0.45,inward,6,0.0,0.04,1,arrived,0.05380020895023441,8.600000000000001
uncertainty,SRCBF,0.2,0.45,inward,7,0.0,0.04,0,arrived,0.029053653199391904,8.600000000000001
uncertainty,SRCBF,0.2,0.45,inward,7,0.0,0.04,1,arrived,0.07044749983674448,8.600000000000001
uncertainty,CAP,0.2,0.45,inward,7,0.0,0.04,0,arrived,0.009650112511579101,8.600000000000001
uncertainty,CAP,0.2,0.45,inward,7,0.0,0.04,1,arrived,0.053492097162300856,8.600000000000001
uncertainty,SRCBF,0.2,0.45,inward,8,0.0,0.04,0,arrived,0.03114654583854992,8.400000000000002
uncertainty,SRCBF,0.2,0.45,inward,8,0.0,0.04,1,arrived,0.0723752616467207,8.600000000000001
uncertainty,CAP,0.2,0.45,inward,8,0.0,0.04,0,arrived,0.010784539463444265,8.400000000000002
uncertainty,CAP,0.2,0.45,inward,8,0.0,0.04,1,arrived,0.05454508610225395,8.600000000000001
uncertainty,SRCBF,0.2,0.45,inward,9,0.0,0.04,0,arrived,0.02733529937881385,8.600000000000001
uncertainty,SRCBF,0.2,0.45,inward,9,0.0,0.04,1,arrived,0.06898809805518025,8.600000000000001
uncertainty,CAP,0.2,0.45,inward,9,0.0,0.04,0,arrived,0.008710572474185385,8.600000000000001
uncertainty,CAP,0.2,0.45,inward,9,0.0,0.04,1,arrived,0.052620034807385974,8.600000000000001
uncertainty,SRCBF,0.2,0.45,inward,10,0.0,0.04,0,arrived,0.026736025302951716,8.600000000000001
uncertainty,SRCBF,0.2,0.45,inward,10,0.0,0.04,1,arrived,0.06847919615090825,8.600000000000001
uncertainty,CAP,0.2,0.45,inward,10,0.0,0.04,0,arrived,0.008381244109274433,8.600000000000001
uncertainty,CAP,0.2,0.45,inward,10,0.0,0.04,1,arrived,0.05231433352947945,8.600000000000001
uncertainty,SRCBF,0.2,0.45,inward,11,0.0,0.04,0,arrived,0.03253674032523579,8.400000000000002
uncertainty,SRCBF,0.2,0.45,inward,11,0.0,0.04,1,arrived,0.07369754764341463,8.600000000000001
uncertainty,CAP,0.2,0.45,inward,11,0.0,0.04,0,arrived,0.011531757190831105,8.400000000000002
uncertainty,CAP,0.2,0.45,inward,11,0.0,0.04,1,arrived,0.0552387865966083,8.400000000000002
uncertainty,SRCBF,0.2,0.45,inward,12,0.0,0.04,0,arrived,0.03168056541436148,8.400000000000002
uncertainty,SRCBF,0.2,0.45,inward,12,0.0,0.04,1,arrived,0.07288285716651843,8.600000000000001
uncertainty,CAP,0.2,0.45,inward,12,0.0,0.04,0,arrived,0.011072184486401238,8.400000000000002
uncertainty,CAP,0.2,0.45,inward,12,0.0,0.04,1,arrived,0.05481211361480198,8.600000000000001
uncertainty,SRCBF,0.2,0.45,inward,13,0.0,0.04,0,arrived,0.027373437422613445,8.600000000000001
uncertainty,SRCBF,0.2,0.45,inward,13,0.0,0.04,1,arrived,0.06902048557345553,8.600000000000001
uncertainty,CAP,0.2,0.45,inward,13,0.0,0.04,0,arrived,0.008731502242846578,8.600000000000001
uncertainty,CAP,0.2,0.45,inward,13,0.0,0.04,1,arrived,0.05263946232016037,8.600000000000001
uncertainty,SRCBF,0.2,0.45,inward,14,0.0,0.04,0,arrived,0.027610087386398918,8.600000000000001
uncertainty,SRCBF,0.2,0.45,inward,14,0.0,0.04,1,arrived,0.06922145564220261,8.600000000000001
uncertainty,CAP,0.2,0.45,inward,14,0.0,0.04,0,arrived,0.008861295826864124,8.600000000000001
uncertainty,CAP,0.2,0.45,inward,14,0.0,0.04,1,arrived,0.052759938361525704,8.600000000000001
uncertainty,SRCBF,0.2,0.45,inward,15,0.0,0.04,0,arrived,0.028578954616539032,8.600000000000001
uncertainty,SRCBF,0.2,0.45,inward,15,0.0,0.04,1,arrived,0.07004430354055846,8.600000000000001
uncertainty,CAP,0.2,0.45,inward,15,0.0,0.04,0,arrived,0.00939127946940399,8.600000000000001
uncertainty,CAP,0.2,0.45,inward,15,0.0,0.04,1,arrived,0.05325185798534626,8.600000000000001
uncertainty,SRCBF,0.2,0.45,inward,16,0.0,0.04,0,arrived,0.029462078629742816,8.600000000000001
uncertainty,SRCBF,0.2,0.45,inward,16,0.0,0.04,1,arrived,0.07079442924933554,8.600000000000001
uncertainty,CAP,0.2,0.45,inward,16,0.0,0.04,0,arrived,0.009872364284008506,8.400000000000002
uncertainty,CAP,0.2,0.45,inward,16,0.0,0.04,1,arrived,0.053698384112721875,8.600000000000001
uncertainty,SRCBF,0.2,0.45,inward,17,0.0,0.04,0,arrived,0.02751144860254129,8.600000000000001
uncertainty,SRCBF,0.2,0.45,inward,17,0.0,0.04,1,arrived,0.06913768813317767,8.600000000000001
uncertainty,CAP,0.2,0.45,inward,17,0.0,0.04,0,arrived,0.008807212413716958,8.600000000000001
uncertainty,CAP,0.2,0.45,inward,17,0.0,0.04,1,arrived,0.0527097377492014,8.600000000000001
uncertainty,SRCBF,0.2,0.45,inward,18,0.0,0.04,0,arrived,0.030638918669779303,8.600000000000001
uncertainty,SRCBF,0.2,0.45,inward,18,0.0,0.04,1,arrived,0.07189314834892235,8.600000000000001
uncertainty,CAP,0.2,0.45,inward,18,0.0,0.04,0,arrived,0.0105104154923098,8.400000000000002
uncertainty,CAP,0.2,0.45,inward,18,0.0,0.04,1,arrived,0.05429062561158737,8.600000000000001
uncertainty,SRCBF,0.2,0.45,inward,19,0.0,0.04,0,arrived,0.03049098532177219,8.600000000000001
uncertainty,SRCBF,0.2,0.45,inward,19,0.0,0.04,1,arrived,0.07175272345408112,8.600000000000001
uncertainty,CAP,0.2,0.45,inward,19,0.0,0.04,0,arrived,0.01043040410856344,8.400000000000002
uncertainty,CAP,0.2,0.45,inward,19,0.0,0.04,1,arrived,0.054216355985692855,8.600000000000001
uncertainty,SRCBF,0.2,0.15,bias,0,0.02,0.04,0,arrived,0.07614209488165291,9.999999999999996
uncertainty,SRCBF,0.2,0.15,bias,0,0.02,0.04,1,arrived,0.1373291745597609,10.399999999999995
uncertainty,CAP,0.2,0.15,bias,0,0.02,0.04,0,arrived,0.04120226105625047,9.999999999999996
uncertainty,CAP,0.2,0.15,bias,0,0.02,0.04,1,arrived,0.10587813745081176,10.199999999999996
uncertainty,SRCBF,0.2,0.15,bias,1,0.02,0.04,0,arrived,0.01413135386325437,7.200000000000004
uncertainty,SRCBF,0.2,0.15,bias,1,0.02,0.04,1,arrived,0.07562305521107893,7.400000000000004
uncertainty,CAP,0.2,0.15,bias,1,0.02,0.04,0,violation,-0.004782749930855479,2.4
uncertainty,CAP,0.2,0.15,bias,1,0.02,0.04,1,arrived,0.057695561041639865,7.200000000000004
uncertainty,SRCBF,0.2,0.15,bias,2,0.02,0.04,0,arrived,0.0717749935007076,10.799999999999994
uncertainty,SRCBF,0.2,0.15,bias,2,0.02,0.04,1,arrived,0.13540502319417125,11.399999999999991
uncertainty,CAP,0.2,0.15,bias,2,0.02,0.04,0,arrived,0.044542138975585455,10.599999999999994
uncertainty,CAP,0.2,0.15,bias,2,0.02,0.04,1,arrived,0.10940612666611393,11.199999999999992
uncertainty,SRCBF,0.2,0.15,bias,3,0.02,0.04,0,arrived,0.04443225164988718,10.199999999999996
uncertainty,SRCBF,0.2,0.15,bias,3,0.02,0.04,1,arrived,0.10809164451290143,10.599999999999994
uncertainty,CAP,0.2,0.15,bias,3,0.02,0.04,0,arrived,0.02324825350274118,10.199999999999996
uncertainty,CAP,0.2,0.15,bias,3,0.02,0.04,1,arrived,0.0822602745598483,10.399999999999995
uncertainty,SRCBF,0.2,0.15,bias,4,0.02,0.04,0,arrived,0.0934891685071847,11.199999999999992
uncertainty,SRCBF,0.2,0.15,bias,4,0.02,0.04,1,arrived,0.15436785489627436,11.399999999999991
uncertainty,CAP,0.2,0.15,bias,4,0.02,0.04,0,arrived,0.0676328031041169,10.999999999999993
uncertainty,CAP,0.2,0.15,bias,4,0.02,0.04,1,arrived,0.12687596958918002,11.199999999999992
uncertainty,SRCBF,0.2,0.15,bias,5,0.02,0.04,0,arrived,0.07923328001454555,7.800000000000004
uncertainty,SRCBF,0.2,0.15,bias,5,0.02,0.04,1,arrived,0.13972558110732292,8.000000000000004
uncertainty,CAP,0.2,0.15,bias,5,0.02,0.04,0,arrived,0.04492000643604055,7.800000000000004
uncertainty,CAP,0.2,0.15,bias,5,0.02,0.04,1,arrived,0.10715018293483192,8.000000000000004
uncertainty,SRCBF,0.2,0.15,bias,6,0.02,0.04,0,arrived,0.08808555004019614,11.399999999999991
uncertainty,SRCBF,0.2,0.15,bias,6,0.02,0.04,1,arrived,0.15042460313767603,11.79999999999999
uncertainty,CAP,0.2,0.15,bias,6,0.02,0.04,0,arrived,0.06216701062857666,11.399999999999991
uncertainty,CAP,0.2,0.15,bias,6,0.02,0.04,1,arrived,0.12464617037230552,11.59999999999999
uncertainty,SRCBF,0.2,0.15,bias,7,0.02,0.04,0,arrived,0.037362499616614864,7.200000000000004
uncertainty,SRCBF,0.2,0.15,bias,7,0.02,0.04,1,arrived,0.09787095909687638,7.400000000000004
uncertainty,CAP,0.2,0.15,bias,7,0.02,0.04,0,arrived,0.01426464956084117,7.200000000000004
uncertainty,CAP,0.2,0.15,bias,7,0.02,0.04,1,arrived,0.07793584753128635,7.400000000000004
uncertainty,SRCBF,0.2,0.15,bias,8,0.02,0.04,0,arrived,0.029781742735699446,7.200000000000004
uncertainty,SRCBF,0.2,0.15,bias,8,0.02,0.04,1,arrived,0.09091606755373971,7.400000000000004
uncertainty,CAP,0.2,0.15,bias,8,0.02,0.04,0,arrived,0.011302301484528487,7.200000000000004
uncertainty,CAP,0.2,0.15,bias,8,0.02,0.04,1,arrived,0.07559366208068996,7.400000000000004
uncertainty,SRCBF,0.2,0.15,bias,9,0.02,0.04,0,arrived,0.08188670049838154,10.399999999999995
uncertainty,SRCBF,0.2,0.15,bias,9,0.02,0.04,1,arrived,0.14547944728181939,10.599999999999994
uncertainty,CAP,0.2,0.15,bias,9,0.02,0.04,0,arrived,0.056126502132447964,10.199999999999996
uncertainty,CAP,0.2,0.15,bias,9,0.02,0.04,1,arrived,0.12136052739863401,10.399999999999995
uncertainty,SRCBF,0.2,0.15,bias,10,0.02,0.04,0,arrived,0.0495994681530213,9.399999999999999
uncertainty,SRCBF,0.2,0.15,bias,10,0.02,0.04,1,arrived,0.11261270906746568,9.599999999999998
uncertainty,CAP,0.2,0.15,bias,10,0.02,0.04,0,arrived,0.024904790032087676,9.399999999999999
uncertainty,CAP,0.2,0.15,bias,10,0.02,0.04,1,arrived,0.08920880940837017,9.599999999999998
uncertainty,SRCBF,0.2,0.15,bias,11,0.02,0.04,0,arrived,0.09476202995844962,10.399999999999995
uncertainty,SRCBF,0.2,0.15,bias,11,0.02,0.04,1,arrived,0.15715212327038008,10.599999999999994
uncertainty,CAP,0.2,0.15,bias,11,0.02,0.04,0,arrived,0.06662646367270719,10.399999999999995
uncertainty,CAP,0.2,0.15,bias,11,0.02,0.04,1,arrived,0.1289754452119959,10.599999999999994
uncertainty,SRCBF,0.2,0.15,bias,12,0.02,0.04,0,arrived,0.034778299045278516,7.200000000000004
uncertainty,SRCBF,0.2,0.15,bias,12,0.02,0.04,1,arrived,0.09640221884648104,7.400000000000004
uncertainty,CAP,0.2,0.15,bias,12,0.02,0.04,0,arrived,0.013400418566662187,7.0000000000000036
uncertainty,CAP,0.2,0.15,bias,12,0.02,0.04,1,arrived,0.07208664987688274,7.200000000000004
uncertainty,SRCBF,0.2,0.15,bias,13,0.02,0.04,0,arrived,0.060505182853615835,7.600000000000004
uncertainty,SRCBF,0.2,0.15,bias,13,0.02,0.04,1,arrived,0.12043217675279405,7.800000000000004
uncertainty,CAP,0.2,0.15,bias,13,0.02,0.04,0,arrived,0.03959234947049228,7.400000000000004
uncertainty,CAP,0.2,0.15,bias,13,0.02,0.04,1,arrived,0.10156060334610184,7.600000000000004
uncertainty,SRCBF,0.2,0.15,bias,14,0.02,0.04,0,arrived,0.08892367382713695,11.399999999999991
uncertainty,SRCBF,0.2,0.15,bias,14,0.02,0.04,1,arrived,0.1520144782352656,11.79999999999999
uncertainty,CAP,0.2,0.15,bias,14,0.02,0.04,0,arrived,0.05562082966616222,11.199999999999992
uncertainty,CAP,0.2,0.15,bias,14,0.02,0.04,1,arrived,0.12050742522589064,11.59999999999999
uncertainty,SRCBF,0.2,0.15,bias,15,0.02,0.04,0,arrived,0.08446140802063518,8.000000000000004
uncertainty,SRCBF,0.2,0.15,bias,15,0.02,0.04,1,arrived,0.14364784535046005,8.200000000000003
uncertainty,CAP,0.2,0.15,bias,15,0.02,0.04,0,arrived,0.04897328755083363,8.000000000000004
uncertainty,CAP,0.2,0.15,bias,15,0.02,0.04,1,arrived,0.11030206495675898,8.000000000000004
uncertainty,SRCBF,0.2,0.15,bias,16,0.02,0.04,0,arrived,0.07577166035695693,13.399999999999984
uncertainty,SRCBF,0.2,0.15,bias,16,0.02,0.04,1,arrived,0.14028299465132987,14.199999999999982
uncertainty,CAP,0.2,0.15,bias,16,0.02,0.04,0,arrived,0.05091312937494197,13.199999999999985
uncertainty,CAP,0.2,0.15,bias,16,0.02,0.04,1,arrived,0.11620729885940217,13.799999999999983
uncertainty,SRCBF,0.2,0.15,bias,17,0.02,0.04,0,arrived,0.03253455536436223,9.0
uncertainty,SRCBF,0.2,0.15,bias,17,0.02,0.04,1,arrived,0.09585281988783578,9.399999999999999
uncertainty,CAP,0.2,0.15,bias,17,0.02,0.04,0,arrived,0.009335764046696005,9.0
uncertainty,CAP,0.2,0.15,bias,17,0.02,0.04,1,arrived,0.07411124348456366,9.399999999999999
uncertainty,SRCBF,0.2,0.15,bias,18,0.02,0.04,0,arrived,0.10060727556633209,8.8
uncertainty,SRCBF,0.2,0.15,bias,18,0.02,0.04,1,arrived,0.16125084064342843,8.8
uncertainty,CAP,0.2,0.15,bias,18,0.02,0.04,0,arrived,0.06503816887578218,8.600000000000001
uncertainty,CAP,0.2,0.15,bias,18,0.02,0.04,1,arrived,0.12806427206099047,8.8
uncertainty,SRCBF,0.2,0.15,bias,19,0.02,0.04,0,arrived,0.030734883396953405,7.200000000000004
uncertainty,SRCBF,0.2,0.15,bias,19,0.02,0.04,1,arrived,0.09194189350239423,7.400000000000004
uncertainty,CAP,0.2,0.15,bias,19,0.02,0.04,0,arrived,0.01321208955788522,7.0000000000000036
uncertainty,CAP,0.2,0.15,bias,19,0.02,0.04,1,arrived,0.07682965833734867,7.200000000000004
uncertainty,SRCBF,0.2,0.15,inward,0,0.02,0.04,0,arrived,0.003479561578706991,9.599999999999998
uncertainty,SRCBF,0.2,0.15,inward,0,0.02,0.04,1,arrived,0.0672680418852879,9.799999999999997
uncertainty,CAP,0.2,0.15,inward,0,0.02,0.04,0,violation,-0.0027670245192787934,2.6
uncertainty,CAP,0.2,0.15,inward,0,0.02,0.04,1,arrived,0.05952830616957794,9.799999999999997
uncertainty,SRCBF,0.2,0.15,inward,1,0.02,0.04,0,violation,-0.0021632863519478462,2.6
uncertainty,SRCBF,0.2,0.15,inward,1,0.02,0.04,1,arrived,0.05826301788207788,9.999999999999996
uncertainty,CAP,0.2,0.15,inward,1,0.02,0.04,0,violation,-0.016134964710618482,2.4
uncertainty,CAP,0.2,0.15,inward,1,0.02,0.04,1,arrived,0.046094643638181054,9.999999999999996
uncertainty,SRCBF,0.2,0.15,inward,2,0.02,0.04,0,arrived,0.009595960120493241,9.799999999999997
uncertainty,SRCBF,0.2,0.15,inward,2,0.02,0.04,1,arrived,0.0723650526715719,9.999999999999996
uncertainty,CAP,0.2,0.15,inward,2,0.02,0.04,0,violation,-0.008761934656922876,2.4
uncertainty,CAP,0.2,0.15,inward,2,0.02,0.04,1,arrived,0.054055646242236355,9.999999999999996
uncertainty,SRCBF,0.2,0.15,inward,3,0.02,0.04,0,arrived,0.0008129455225985849,9.399999999999999
uncertainty,SRCBF,0.2,0.15,inward,3,0.02,0.04,1,arrived,0.06372863965602404,9.599999999999998
uncertainty,CAP,0.2,0.15,inward,3,0.02,0.04,0,violation,-0.016739008792149845,2.4
uncertainty,CAP,0.2,0.15,inward,3,0.02,0.04,1,arrived,0.04598716834866723,9.599999999999998
uncertainty,SRCBF,0.2,0.15,inward,4,0.02,0.04,0,arrived,0.007246208007715804,10.199999999999996
uncertainty,SRCBF,0.2,0.15,inward,4,0.02,0.04,1,arrived,0.07098944014301545,10.399999999999995
uncertainty,CAP,0.2,0.15,inward,4,0.02,0.04,0,violation,-0.0013192001191139058,2.8000000000000003
uncertainty,CAP,0.2,0.15,inward,4,0.02,0.04,1,arrived,0.06357480971459262,10.199999999999996
uncertainty,SRCBF,0.2,0.15,inward,5,0.02,0.04,0,violation,-0.003184836348880893,3.400000000000001
uncertainty,SRCBF,0.2,0.15,inward,5,0.02,0.04,1,arrived,0.05940210586285388,10.199999999999996
uncertainty,CAP,0.2,0.15,inward,5,0.02,0.04,0,violation,-0.002951203993471374,2.6
uncertainty,CAP,0.2,0.15,inward,5,0.02,0.04,1,arrived,0.055176969331400816,10.199999999999996
uncertainty,SRCBF,0.2,0.15,inward,6,0.02,0.04,0,arrived,0.0052232522547029925,9.999999999999996
uncertainty,SRCBF,0.2,0.15,inward,6,0.02,0.04,1,arrived,0.0671213071993817,10.199999999999996
uncertainty,CAP,0.2,0.15,inward,6,0.02,0.04,0,violation,-0.0010612674160908053,3.600000000000001
uncertainty,CAP,0.2,0.15,inward,6,0.02,0.04,1,arrived,0.06062601113699462,9.999999999999996
uncertainty,SRCBF,0.2,0.15,inward,7,0.02,0.04,0,violation,-0.00022582967663664633,2.8000000000000003
uncertainty,SRCBF,0.2,0.15,inward,7,0.02,0.04,1,arrived,0.06286098515117289,9.999999999999996
uncertainty,CAP,0.2,0.15,inward,7,0.02,0.04,0,violation,-0.00230262462779518,2.4
uncertainty,CAP,0.2,0.15,inward,7,0.02,0.04,1,arrived,0.05017230516799809,9.799999999999997
uncertainty,SRCBF,0.2,0.15,inward,8,0.02,0.04,0,arrived,0.009169545980351912,9.599999999999998
uncertainty,SRCBF,0.2,0.15,inward,8,0.02,0.04,1,arrived,0.07107118600814355,9.999999999999996
uncertainty,CAP,0.2,0.15,inward,8,0.02,0.04,0,arrived,0.004570662549139626,9.599999999999998
uncertainty,CAP,0.2,0.15,inward,8,0.02,0.04,1,arrived,0.06697080717074078,9.799999999999997
uncertainty,SRCBF,0.2,0.15,inward,9,0.02,0.04,0,arrived,0.009865011449225913,9.999999999999996
uncertainty,SRCBF,0.2,0.15,inward,9,0.02,0.04,1,arrived,0.07073159648696836,10.399999999999995
uncertainty,CAP,0.2,0.15,inward,9,0.02,0.04,0,arrived,0.0018007413559892882,9.999999999999996
uncertainty,CAP,0.2,0.15,inward,9,0.02,0.04,1,arrived,0.06466416424208965,10.399999999999995
uncertainty,SRCBF,0.2,0.15,inward,10,0.02,0.04,0,violation,-0.000681001410825055,3.0000000000000004
uncertainty,SRCBF,0.2,0.15,inward,10,0.02,0.04,1,arrived,0.061468273373629145,10.199999999999996
uncertainty,CAP,0.2,0.15,inward,10,0.02,0.04,0,violation,-0.012097842899925215,2.4
uncertainty,CAP,0.2,0.15,inward,10,0.02,0.04,1,arrived,0.05120811919742707,9.999999999999996
uncertainty,SRCBF,0.2,0.15,inward,11,0.02,0.04,0,arrived,0.003697719466561278,9.399999999999999
uncertainty,SRCBF,0.2,0.15,inward,11,0.02,0.04,1,arrived,0.06711125859437617,9.599999999999998
uncertainty,CAP,0.2,0.15,inward,11,0.02,0.04,0,violation,-0.002685630259582128,2.4
uncertainty,CAP,0.2,0.15,inward,11,0.02,0.04,1,arrived,0.05766800414622675,9.599999999999998
uncertainty,SRCBF,0.2,0.15,inward,12,0.02,0.04,0,arrived,0.014942796602087194,9.399999999999999
uncertainty,SRCBF,0.2,0.15,inward,12,0.02,0.04,1,arrived,0.07756873967583844,9.599999999999998
uncertainty,CAP,0.2,0.15,inward,12,0.02,0.04,0,arrived,0.0015373571221868332,9.399999999999999
uncertainty,CAP,0.2,0.15,inward,12,0.02,0.04,1,arrived,0.06052673487257021,9.599999999999998
uncertainty,SRCBF,0.2,0.15,inward,13,0.02,0.04,0,violation,-0.0004974296161920355,2.8000000000000003
uncertainty,SRCBF,0.2,0.15,inward,13,0.02,0.04,1,arrived,0.06056314095346049,10.199999999999996
uncertainty,CAP,0.2,0.15,inward,13,0.02,0.04,0,violation,-0.010358304586223332,2.8000000000000003
uncertainty,CAP,0.2,0.15,inward,13,0.02,0.04,1,arrived,0.05235880849441332,10.199999999999996
uncertainty,SRCBF,0.2,0.15,inward,14,0.02,0.04,0,violation,-0.00309454778030549,3.0000000000000004
uncertainty,SRCBF,0.2,0.15,inward,14,0.02,0.04,1,arrived,0.059095754658469835,9.999999999999996
uncertainty,CAP,0.2,0.15,inward,14,0.02,0.04,0,violation,-0.0011013844301409614,2.8000000000000003
uncertainty,CAP,0.2,0.15,inward,14,0.02,0.04,1,arrived,0.052446098971517086,9.999999999999996
uncertainty,SRCBF,0.2,0.15,inward,15,0.02,0.04,0,arrived,0.005474216091177819,9.799999999999997
uncertainty,SRCBF,0.2,0.15,inward,15,0.02,0.04,1,arrived,0.06779462565136396,10.399999999999995
uncertainty,CAP,0.2,0.15,inward,15,0.02,0.04,0,violation,-0.0018046967983222917,2.4
uncertainty,CAP,0.2,0.15,inward,15,0.02,0.04,1,arrived,0.059632961346100855,10.199999999999996
uncertainty,SRCBF,0.2,0.15,inward,16,0.02,0.04,0,violation,-0.00017418837087224137,2.8000000000000003
uncertainty,SRCBF,0.2,0.15,inward,16,0.02,0.04,1,arrived,0.05933523999206891,9.799999999999997
uncertainty,CAP,0.2,0.15,inward,16,0.02,0.04,0,violation,-0.008528677451022704,2.6
uncertainty,CAP,0.2,0.15,inward,16,0.02,0.04,1,arrived,0.05484147162285924,9.799999999999997
uncertainty,SRCBF,0.2,0.15,inward,17,0.02,0.04,0,arrived,0.00022523173118516038,9.999999999999996
uncertainty,SRCBF,0.2,0.15,inward,17,0.02,0.04,1,arrived,0.06400230936197171,10.199999999999996
uncertainty,CAP,0.2,0.15,inward,17,0.02,0.04,0,violation,-0.007893659705819012,2.4
uncertainty,CAP,0.2,0.15,inward,17,0.02,0.04,1,arrived,0.05320255890884629,9.999999999999996
uncertainty,SRCBF,0.2,0.15,inward,18,0.02,0.04,0,violation,-0.006385201915448668,3.0000000000000004
uncertainty,SRCBF,0.2,0.15,inward,18,0.02,0.04,1,arrived,0.05644146915246684,9.999999999999996
uncertainty,CAP,0.2,0.15,inward,18,0.02,0.04,0,violation,-0.0009821517366470633,2.6
uncertainty,CAP,0.2,0.15,inward,18,0.02,0.04,1,arrived,0.05088089696270093,9.999999999999996
uncertainty,SRCBF,0.2,0.15,inward,19,0.02,0.04,0,arrived,0.0035579118468350712,9.799999999999997
uncertainty,SRCBF,0.2,0.15,inward,19,0.02,0.04,1,arrived,0.06658164045194703,9.999999999999996
uncertainty,CAP,0.2,0.15,inward,19,0.02,0.04,0,violation,-0.007228983126067123,2.6
uncertainty,CAP,0.2,0.15,inward,19,0.02,0.04,1,arrived,0.05618030835144672,9.999999999999996
uncertainty,SRCBF,0.2,0.45,bias,0,0.02,0.04,0,arrived,0.03523282895156854,8.8
uncertainty,SRCBF,0.2,0.45,bias,0,0.02,0.04,1,arrived,0.09642543671886361,9.0
uncertainty,CAP,0.2,0.45,bias,0,0.02,0.04,0,arrived,0.022833868075786135,8.8
uncertainty,CAP,0.2,0.45,bias,0,0.02,0.04,1,arrived,0.08420752230946049,9.0
uncertainty,SRCBF,0.2,0.45,bias,1,0.02,0.04,0,arrived,0.06316540110557811,6.200000000000003
uncertainty,SRCBF,0.2,0.45,bias,1,0.02,0.04,1,arrived,0.11910950720895086,6.400000000000003
uncertainty,CAP,0.2,0.45,bias,1,0.02,0.04,0,arrived,0.02814524692089382,6.200000000000003
uncertainty,CAP,0.2,0.45,bias,1,0.02,0.04,1,arrived,0.08727432651784084,6.400000000000003
uncertainty,SRCBF,0.2,0.45,bias,2,0.02,0.04,0,arrived,0.05177881652392058,8.8
uncertainty,SRCBF,0.2,0.45,bias,2,0.02,0.04,1,arrived,0.11191287290180718,9.0
uncertainty,CAP,0.2,0.45,bias,2,0.02,0.04,0,arrived,0.03731437840691598,8.8
uncertainty,CAP,0.2,0.45,bias,2,0.02,0.04,1,arrived,0.09820721100943386,9.0
uncertainty,SRCBF,0.2,0.45,bias,3,0.02,0.04,0,arrived,0.029471220955466282,8.000000000000004
uncertainty,SRCBF,0.2,0.45,bias,3,0.02,0.04,1,arrived,0.0927152699702185,8.200000000000003
uncertainty,CAP,0.2,0.45,bias,3,0.02,0.04,0,arrived,0.014884391630727856,8.000000000000004
uncertainty,CAP,0.2,0.45,bias,3,0.02,0.04,1,arrived,0.07576517806164929,8.200000000000003
uncertainty,SRCBF,0.2,0.45,bias,4,0.02,0.04,0,arrived,0.11159559205675507,9.399999999999999
uncertainty,SRCBF,0.2,0.45,bias,4,0.02,0.04,1,arrived,0.17627990401124083,9.599999999999998
uncertainty,CAP,0.2,0.45,bias,4,0.02,0.04,0,arrived,0.07962799617227745,9.399999999999999
uncertainty,CAP,0.2,0.45,bias,4,0.02,0.04,1,arrived,0.14537885252437122,9.599999999999998
uncertainty,SRCBF,0.2,0.45,bias,5,0.02,0.04,0,arrived,0.11820282951051597,7.200000000000004
uncertainty,SRCBF,0.2,0.45,bias,5,0.02,0.04,1,arrived,0.175548152468059,7.200000000000004
uncertainty,CAP,0.2,0.45,bias,5,0.02,0.04,0,arrived,0.0762668293615032,7.200000000000004
uncertainty,CAP,0.2,0.45,bias,5,0.02,0.04,1,arrived,0.13570261244209414,7.200000000000004
uncertainty,SRCBF,0.2,0.45,bias,6,0.02,0.04,0,arrived,0.05760785128397594,9.399999999999999
uncertainty,SRCBF,0.2,0.45,bias,6,0.02,0.04,1,arrived,0.12162581235458625,9.599999999999998
uncertainty,CAP,0.2,0.45,bias,6,0.02,0.04,0,arrived,0.034718655825507816,9.399999999999999
uncertainty,CAP,0.2,0.45,bias,6,0.02,0.04,1,arrived,0.09919683480271768,9.599999999999998
uncertainty,SRCBF,0.2,0.45,bias,7,0.02,0.04,0,arrived,0.08581741052203995,6.600000000000003
uncertainty,SRCBF,0.2,0.45,bias,7,0.02,0.04,1,arrived,0.14254118990977438,6.600000000000003
uncertainty,CAP,0.2,0.45,bias,7,0.02,0.04,0,arrived,0.04834994261010328,6.400000000000003
uncertainty,CAP,0.2,0.45,bias,7,0.02,0.04,1,arrived,0.10786017884073795,6.600000000000003
uncertainty,SRCBF,0.2,0.45,bias,8,0.02,0.04,0,arrived,0.07012847891746521,6.400000000000003
uncertainty,SRCBF,0.2,0.45,bias,8,0.02,0.04,1,arrived,0.1267303503310523,6.400000000000003
uncertainty,CAP,0.2,0.45,bias,8,0.02,0.04,0,arrived,0.036512751499156115,6.200000000000003
uncertainty,CAP,0.2,0.45,bias,8,0.02,0.04,1,arrived,0.09615889106915088,6.400000000000003
uncertainty,SRCBF,0.2,0.45,bias,9,0.02,0.04,0,arrived,0.041974004108810914,9.2
uncertainty,SRCBF,0.2,0.45,bias,9,0.02,0.04,1,arrived,0.1053165261568082,9.399999999999999
uncertainty,CAP,0.2,0.45,bias,9,0.02,0.04,0,arrived,0.029227586906361847,9.2
uncertainty,CAP,0.2,0.45,bias,9,0.02,0.04,1,arrived,0.09249188689269883,9.2
uncertainty,SRCBF,0.2,0.45,bias,10,0.02,0.04,0,arrived,0.02475437084684118,8.200000000000003
uncertainty,SRCBF,0.2,0.45,bias,10,0.02,0.04,1,arrived,0.08829385274215373,8.400000000000002
uncertainty,CAP,0.2,0.45,bias,10,0.02,0.04,0,arrived,0.004802221553415809,8.000000000000004
uncertainty,CAP,0.2,0.45,bias,10,0.02,0.04,1,arrived,0.07010805570748657,8.200000000000003
uncertainty,SRCBF,0.2,0.45,bias,11,0.02,0.04,0,arrived,0.09716065962985876,9.2
uncertainty,SRCBF,0.2,0.45,bias,11,0.02,0.04,1,arrived,0.16035168698959534,9.399999999999999
uncertainty,CAP,0.2,0.45,bias,11,0.02,0.04,0,arrived,0.06806915156000348,9.2
uncertainty,CAP,0.2,0.45,bias,11,0.02,0.04,1,arrived,0.1316288026635345,9.399999999999999
uncertainty,SRCBF,0.2,0.45,bias,12,0.02,0.04,0,arrived,0.07778740473570811,6.400000000000003
uncertainty,SRCBF,0.2,0.45,bias,12,0.02,0.04,1,arrived,0.13476436494001687,6.400000000000003
uncertainty,CAP,0.2,0.45,bias,12,0.02,0.04,0,arrived,0.044868077377072546,6.200000000000003
uncertainty,CAP,0.2,0.45,bias,12,0.02,0.04,1,arrived,0.10092680691018774,6.400000000000003
uncertainty,SRCBF,0.2,0.45,bias,13,0.02,0.04,0,arrived,0.11206292793906925,6.800000000000003
uncertainty,SRCBF,0.2,0.45,bias,13,0.02,0.04,1,arrived,0.1694253790702388,6.800000000000003
uncertainty,CAP,0.2,0.45,bias,13,0.02,0.04,0,arrived,0.07556177195821323,6.600000000000003
uncertainty,CAP,0.2,0.45,bias,13,0.02,0.04,1,arrived,0.13422627095278827,6.800000000000003
uncertainty,SRCBF,0.2,0.45,bias,14,0.02,0.04,0,arrived,0.06548764989133449,9.399999999999999
uncertainty,SRCBF,0.2,0.45,bias,14,0.02,0.04,1,arrived,0.1307303275895353,9.599999999999998
uncertainty,CAP,0.2,0.45,bias,14,0.02,0.04,0,arrived,0.03983092357619855,9.399999999999999
uncertainty,CAP,0.2,0.45,bias,14,0.02,0.04,1,arrived,0.10503808050459895,9.599999999999998
uncertainty,SRCBF,0.2,0.45,bias,15,0.02,0.04,0,arrived,0.13490202317642075,7.200000000000004
uncertainty,SRCBF,0.2,0.45,bias,15,0.02,0.04,1,arrived,0.18982242732327015,7.200000000000004
uncertainty,CAP,0.2,0.45,bias,15,0.02,0.04,0,arrived,0.08946470041758858,7.0000000000000036
uncertainty,CAP,0.2,0.45,bias,15,0.02,0.04,1,arrived,0.14818760593808622,7.200000000000004
uncertainty,SRCBF,0.2,0.45,bias,16,0.02,0.04,0,arrived,0.08723598332230265,9.599999999999998
uncertainty,SRCBF,0.2,0.45,bias,16,0.02,0.04,1,arrived,0.14771963045848602,9.599999999999998
uncertainty,CAP,0.2,0.45,bias,16,0.02,0.04,0,arrived,0.05606200236830938,9.399999999999999
uncertainty,CAP,0.2,0.45,bias,16,0.02,0.04,1,arrived,0.12085822760151632,9.599999999999998
uncertainty,SRCBF,0.2,0.45,bias,17,0.02,0.04,0,arrived,0.018578046763184086,7.600000000000004
uncertainty,SRCBF,0.2,0.45,bias,17,0.02,0.04,1,arrived,0.08105219196133506,7.600000000000004
uncertainty,CAP,0.2,0.45,bias,17,0.02,0.04,0,arrived,0.0028844246967794085,7.400000000000004
uncertainty,CAP,0.2,0.45,bias,17,0.02,0.04,1,arrived,0.06634548636819204,7.600000000000004
uncertainty,SRCBF,0.2,0.45,bias,18,0.02,0.04,0,arrived,0.1359855471885817,8.200000000000003
uncertainty,SRCBF,0.2,0.45,bias,18,0.02,0.04,1,arrived,0.19429864714368394,8.200000000000003
uncertainty,CAP,0.2,0.45,bias,18,0.02,0.04,0,arrived,0.0898831299264955,8.000000000000004
uncertainty,CAP,0.2,0.45,bias,18,0.02,0.04,1,arrived,0.15159133904042688,8.200000000000003
uncertainty,SRCBF,0.2,0.45,bias,19,0.02,0.04,0,arrived,0.07772382366138064,6.400000000000003
uncertainty,SRCBF,0.2,0.45,bias,19,0.02,0.04,1,arrived,0.13438542942360077,6.400000000000003
uncertainty,CAP,0.2,0.45,bias,19,0.02,0.04,0,arrived,0.04626221092231353,6.400000000000003
uncertainty,CAP,0.2,0.45,bias,19,0.02,0.04,1,arrived,0.1055549988402612,6.400000000000003
uncertainty,SRCBF,0.2,0.45,inward,0,0.02,0.04,0,arrived,0.022995116345783218,8.600000000000001
uncertainty,SRCBF,0.2,0.45,inward,0,0.02,0.04,1,arrived,0.08332903423888194,8.8
uncertainty,CAP,0.2,0.45,inward,0,0.02,0.04,0,arrived,0.009872762751825581,8.600000000000001
uncertainty,CAP,0.2,0.45,inward,0,0.02,0.04,1,arrived,0.0684565622741451,8.8
uncertainty,SRCBF,0.2,0.45,inward,1,0.02,0.04,0,arrived,0.019558601006878007,8.600000000000001
uncertainty,SRCBF,0.2,0.45,inward,1,0.02,0.04,1,arrived,0.07978217869298021,8.600000000000001
uncertainty,CAP,0.2,0.45,inward,1,0.02,0.04,0,violation,-0.0012660307645473434,2.4
uncertainty,CAP,0.2,0.45,inward,1,0.02,0.04,1,arrived,0.06059515763345891,8.600000000000001
uncertainty,SRCBF,0.2,0.45,inward,2,0.02,0.04,0,arrived,0.03205111284788231,8.600000000000001
uncertainty,SRCBF,0.2,0.45,inward,2,0.02,0.04,1,arrived,0.0896463055218778,8.600000000000001
uncertainty,CAP,0.2,0.45,inward,2,0.02,0.04,0,violation,-0.0006017090339587305,2.6
uncertainty,CAP,0.2,0.45,inward,2,0.02,0.04,1,arrived,0.06274720505487907,8.600000000000001
uncertainty,SRCBF,0.2,0.45,inward,3,0.02,0.04,0,arrived,0.0292309210077748,8.400000000000002
uncertainty,SRCBF,0.2,0.45,inward,3,0.02,0.04,1,arrived,0.08510511586375713,8.400000000000002
uncertainty,CAP,0.2,0.45,inward,3,0.02,0.04,0,violation,-0.00297288344979707,2.4
uncertainty,CAP,0.2,0.45,inward,3,0.02,0.04,1,arrived,0.05914606286143953,8.400000000000002
uncertainty,SRCBF,0.2,0.45,inward,4,0.02,0.04,0,arrived,0.03464985225334272,8.600000000000001
uncertainty,SRCBF,0.2,0.45,inward,4,0.02,0.04,1,arrived,0.09492171186810694,8.8
uncertainty,CAP,0.2,0.45,inward,4,0.02,0.04,0,arrived,0.020794738000524338,8.600000000000001
uncertainty,CAP,0.2,0.45,inward,4,0.02,0.04,1,arrived,0.08158275308987395,8.8
uncertainty,SRCBF,0.2,0.45,inward,5,0.02,0.04,0,arrived,0.02188550331480621,8.600000000000001
uncertainty,SRCBF,0.2,0.45,inward,5,0.02,0.04,1,arrived,0.08263021326163456,8.8
uncertainty,CAP,0.2,0.45,inward,5,0.02,0.04,0,arrived,0.004958360975100606,8.600000000000001
uncertainty,CAP,0.2,0.45,inward,5,0.02,0.04,1,arrived,0.06858411387367003,8.8
uncertainty,SRCBF,0.2,0.45,inward,6,0.02,0.04,0,arrived,0.03475514474440855,8.600000000000001
uncertainty,SRCBF,0.2,0.45,inward,6,0.02,0.04,1,arrived,0.09451863286109752,8.8
uncertainty,CAP,0.2,0.45,inward,6,0.02,0.04,0,arrived,0.016281074503724402,8.600000000000001
uncertainty,CAP,0.2,0.45,inward,6,0.02,0.04,1,arrived,0.07972340368609676,8.8
uncertainty,SRCBF,0.2,0.45,inward,7,0.02,0.04,0,arrived,0.020088962566605417,8.400000000000002
uncertainty,SRCBF,0.2,0.45,inward,7,0.02,0.04,1,arrived,0.07952522240029136,8.600000000000001
uncertainty,CAP,0.2,0.45,inward,7,0.02,0.04,0,violation,-0.0004616510482254865,2.6
uncertainty,CAP,0.2,0.45,inward,7,0.02,0.04,1,arrived,0.0628373110133561,8.400000000000002
uncertainty,SRCBF,0.2,0.45,inward,8,0.02,0.04,0,arrived,0.04673415230443756,8.8
uncertainty,SRCBF,0.2,0.45,inward,8,0.02,0.04,1,arrived,0.10583944985819371,8.8
uncertainty,CAP,0.2,0.45,inward,8,0.02,0.04,0,arrived,0.021525705178260912,8.8
uncertainty,CAP,0.2,0.45,inward,8,0.02,0.04,1,arrived,0.08318635834131827,8.8
uncertainty,SRCBF,0.2,0.45,inward,9,0.02,0.04,0,arrived,0.03508263564391423,8.600000000000001
uncertainty,SRCBF,0.2,0.45,inward,9,0.02,0.04,1,arrived,0.09563500048850171,8.8
uncertainty,CAP,0.2,0.45,inward,9,0.02,0.04,0,arrived,0.018085387402772435,8.600000000000001
uncertainty,CAP,0.2,0.45,inward,9,0.02,0.04,1,arrived,0.08045102211847388,8.600000000000001
uncertainty,SRCBF,0.2,0.45,inward,10,0.02,0.04,0,arrived,0.013893928598933014,8.400000000000002
uncertainty,SRCBF,0.2,0.45,inward,10,0.02,0.04,1,arrived,0.07455001532263983,8.600000000000001
uncertainty,CAP,0.2,0.45,inward,10,0.02,0.04,0,violation,-0.0033608254424617456,2.4
uncertainty,CAP,0.2,0.45,inward,10,0.02,0.04,1,arrived,0.05707814544317058,8.600000000000001
uncertainty,SRCBF,0.2,0.45,inward,11,0.02,0.04,0,arrived,0.025040547323228246,8.400000000000002
uncertainty,SRCBF,0.2,0.45,inward,11,0.02,0.04,1,arrived,0.08500768190711738,8.400000000000002
uncertainty,CAP,0.2,0.45,inward,11,0.02,0.04,0,arrived,0.0050265850867387,8.200000000000003
uncertainty,CAP,0.2,0.45,inward,11,0.02,0.04,1,arrived,0.06846454811885538,8.400000000000002
uncertainty,SRCBF,0.2,0.45,inward,12,0.02,0.04,0,arrived,0.03238023090129827,8.600000000000001
uncertainty,SRCBF,0.2,0.45,inward,12,0.02,0.04,1,arrived,0.09252604695103195,8.600000000000001
uncertainty,CAP,0.2,0.45,inward,12,0.02,0.04,0,arrived,0.014242901374063255,8.600000000000001
uncertainty,CAP,0.2,0.45,inward,12,0.02,0.04,1,arrived,0.07502224189584283,8.600000000000001
uncertainty,SRCBF,0.2,0.45,inward,13,0.02,0.04,0,arrived,0.02470124347409408,8.600000000000001
uncertainty,SRCBF,0.2,0.45,inward,13,0.02,0.04,1,arrived,0.08486302770008358,8.8
uncertainty,CAP,0.2,0.45,inward,13,0.02,0.04,0,arrived,0.013040498363511399,8.600000000000001
uncertainty,CAP,0.2,0.45,inward,13,0.02,0.04,1,arrived,0.07477171761525059,8.8
uncertainty,SRCBF,0.2,0.45,inward,14,0.02,0.04,0,arrived,0.025623630733178526,8.600000000000001
uncertainty,SRCBF,0.2,0.45,inward,14,0.02,0.04,1,arrived,0.08536701484685438,8.8
uncertainty,CAP,0.2,0.45,inward,14,0.02,0.04,0,arrived,0.015304445470240569,8.600000000000001
uncertainty,CAP,0.2,0.45,inward,14,0.02,0.04,1,arrived,0.07664568981521225,8.8
uncertainty,SRCBF,0.2,0.45,inward,15,0.02,0.04,0,arrived,0.03625496845767884,8.400000000000002
uncertainty,SRCBF,0.2,0.45,inward,15,0.02,0.04,1,arrived,0.09559807293119038,8.600000000000001
uncertainty,CAP,0.2,0.45,inward,15,0.02,0.04,0,arrived,0.014615069113017576,8.400000000000002
uncertainty,CAP,0.2,0.45,inward,15,0.02,0.04,1,arrived,0.07771526714200805,8.600000000000001
uncertainty,SRCBF,0.2,0.45,inward,16,0.02,0.04,0,arrived,0.019255641933550227,8.600000000000001
uncertainty,SRCBF,0.2,0.45,inward,16,0.02,0.04,1,arrived,0.07974473061167042,8.600000000000001
uncertainty,CAP,0.2,0.45,inward,16,0.02,0.04,0,arrived,0.0046899824850569205,8.600000000000001
uncertainty,CAP,0.2,0.45,inward,16,0.02,0.04,1,arrived,0.06755316983234783,8.600000000000001
uncertainty,SRCBF,0.2,0.45,inward,17,0.02,0.04,0,arrived,0.028829446376447132,8.400000000000002
uncertainty,SRCBF,0.2,0.45,inward,17,0.02,0.04,1,arrived,0.08916462957968474,8.600000000000001
uncertainty,CAP,0.2,0.45,inward,17,0.02,0.04,0,arrived,0.0028665369655593853,8.400000000000002
uncertainty,CAP,0.2,0.45,inward,17,0.02,0.04,1,arrived,0.06616943507260131,8.400000000000002
uncertainty,SRCBF,0.2,0.45,inward,18,0.02,0.04,0,arrived,0.023813152890662215,8.600000000000001
uncertainty,SRCBF,0.2,0.45,inward,18,0.02,0.04,1,arrived,0.08336525318640287,8.600000000000001
uncertainty,CAP,0.2,0.45,inward,18,0.02,0.04,0,arrived,0.0108272192643738,8.600000000000001
uncertainty,CAP,0.2,0.45,inward,18,0.02,0.04,1,arrived,0.07168458823903379,8.600000000000001
uncertainty,SRCBF,0.2,0.45,inward,19,0.02,0.04,0,arrived,0.023563066736369986,8.400000000000002
uncertainty,SRCBF,0.2,0.45,inward,19,0.02,0.04,1,arrived,0.08283376055178437,8.600000000000001
uncertainty,CAP,0.2,0.45,inward,19,0.02,0.04,0,arrived,0.0049120867434375715,8.400000000000002
uncertainty,CAP,0.2,0.45,inward,19,0.02,0.04,1,arrived,0.0681119013188054,8.400000000000002
uncertainty,SRCBF,0.5,0.15,bias,0,0.0,0.0,0,arrived,0.10782375296482094,10.5
uncertainty,SRCBF,0.5,0.15,bias,0,0.0,0.0,1,arrived,0.10782375296482094,10.5
uncertainty,CAP,0.5,0.15,bias,0,0.0,0.0,0,arrived,0.07376762269595916,10.0
uncertainty,CAP,0.5,0.15,bias,0,0.0,0.0,1,arrived,0.07376762269595916,10.0
uncertainty,SRCBF,0.5,0.15,bias,1,0.0,0.0,0,arrived,0.04613882268844327,7.5
uncertainty,SRCBF,0.5,0.15,bias,1,0.0,0.0,1,arrived,0.04613882268844327,7.5
uncertainty,CAP,0.5,0.15,bias,1,0.0,0.0,0,arrived,0.011719959835931437,7.5
uncertainty,CAP,0.5,0.15,bias,1,0.0,0.0,1,arrived,0.011719959835931437,7.5
uncertainty,SRCBF,0.5,0.15,bias,2,0.0,0.0,0,arrived,0.11439678210742976,11.0
uncertainty,SRCBF,0.5,0.15,bias,2,0.0,0.0,1,arrived,0.11439678210742976,11.0
uncertainty,CAP,0.5,0.15,bias,2,0.0,0.0,0,arrived,0.08025580601066784,11.0
uncertainty,CAP,0.5,0.15,bias,2,0.0,0.0,1,arrived,0.08025580601066784,11.0
uncertainty,SRCBF,0.5,0.15,bias,3,0.0,0.0,0,arrived,0.08351844409294251,10.5
uncertainty,SRCBF,0.5,0.15,bias,3,0.0,0.0,1,arrived,0.08351844409294251,10.5
uncertainty,CAP,0.5,0.15,bias,3,0.0,0.0,0,arrived,0.056820187550154055,10.5
uncertainty,CAP,0.5,0.15,bias,3,0.0,0.0,1,arrived,0.056820187550154055,10.5
uncertainty,SRCBF,0.5,0.15,bias,4,0.0,0.0,0,arrived,0.16003433285913193,11.5
uncertainty,SRCBF,0.5,0.15,bias,4,0.0,0.0,1,arrived,0.16003433285913193,11.5
uncertainty,CAP,0.5,0.15,bias,4,0.0,0.0,0,arrived,0.12111026146880155,11.0
uncertainty,CAP,0.5,0.15,bias,4,0.0,0.0,1,arrived,0.12111026146880155,11.0
uncertainty,SRCBF,0.5,0.15,bias,5,0.0,0.0,0,arrived,0.12030142465122784,8.0
uncertainty,SRCBF,0.5,0.15,bias,5,0.0,0.0,1,arrived,0.12030142465122784,8.0
uncertainty,CAP,0.5,0.15,bias,5,0.0,0.0,0,arrived,0.08034213067605578,8.0
uncertainty,CAP,0.5,0.15,bias,5,0.0,0.0,1,arrived,0.08034213067605578,8.0
uncertainty,SRCBF,0.5,0.15,bias,6,0.0,0.0,0,arrived,0.13192368537658927,11.5
uncertainty,SRCBF,0.5,0.15,bias,6,0.0,0.0,1,arrived,0.13192368537658927,11.5
uncertainty,CAP,0.5,0.15,bias,6,0.0,0.0,0,arrived,0.09515194823449413,11.5
uncertainty,CAP,0.5,0.15,bias,6,0.0,0.0,1,arrived,0.09515194823449413,11.5
uncertainty,SRCBF,0.5,0.15,bias,7,0.0,0.0,0,arrived,0.07354934352702469,7.5
uncertainty,SRCBF,0.5,0.15,bias,7,0.0,0.0,1,arrived,0.07354934352702469,7.5
uncertainty,CAP,0.5,0.15,bias,7,0.0,0.0,0,arrived,0.04246249696155524,7.5
uncertainty,CAP,0.5,0.15,bias,7,0.0,0.0,1,arrived,0.04246249696155524,7.5
uncertainty,SRCBF,0.5,0.15,bias,8,0.0,0.0,0,arrived,0.03206816210968244,7.5
uncertainty,SRCBF,0.5,0.15,bias,8,0.0,0.0,1,arrived,0.03206816210968244,7.5
uncertainty,CAP,0.5,0.15,bias,8,0.0,0.0,0,arrived,0.005088721589615153,7.5
uncertainty,CAP,0.5,0.15,bias,8,0.0,0.0,1,arrived,0.005088721589615153,7.5
uncertainty,SRCBF,0.5,0.15,bias,9,0.0,0.0,0,arrived,0.1186063099787995,10.5
uncertainty,SRCBF,0.5,0.15,bias,9,0.0,0.0,1,arrived,0.1186063099787995,10.5
uncertainty,CAP,0.5,0.15,bias,9,0.0,0.0,0,arrived,0.0813966074438528,10.5
uncertainty,CAP,0.5,0.15,bias,9,0.0,0.0,1,arrived,0.0813966074438528,10.5
uncertainty,SRCBF,0.5,0.15,bias,10,0.0,0.0,0,arrived,0.08380166122252752,9.5
uncertainty,SRCBF,0.5,0.15,bias,10,0.0,0.0,1,arrived,0.08380166122252752,9.5
uncertainty,CAP,0.5,0.15,bias,10,0.0,0.0,0,arrived,0.05387945626462787,9.5
uncertainty,CAP,0.5,0.15,bias,10,0.0,0.0,1,arrived,0.05387945626462787,9.5
uncertainty,SRCBF,0.5,0.15,bias,11,0.0,0.0,0,arrived,0.1593798998800917,11.0
uncertainty,SRCBF,0.5,0.15,bias,11,0.0,0.0,1,arrived,0.1593798998800917,11.0
uncertainty,CAP,0.5,0.15,bias,11,0.0,0.0,0,arrived,0.12086624545191205,10.5
uncertainty,CAP,0.5,0.15,bias,11,0.0,0.0,1,arrived,0.12086624545191205,10.5
uncertainty,SRCBF,0.5,0.15,bias,12,0.0,0.0,0,arrived,0.052465702706174566,7.5
uncertainty,SRCBF,0.5,0.15,bias,12,0.0,0.0,1,arrived,0.052465702706174566,7.5
uncertainty,CAP,0.5,0.15,bias,12,0.0,0.0,0,arrived,0.014420397296580179,7.0
uncertainty,CAP,0.5,0.15,bias,12,0.0,0.0,1,arrived,0.014420397296580179,7.0
uncertainty,SRCBF,0.5,0.15,bias,13,0.0,0.0,0,arrived,0.09349925217211053,7.5
uncertainty,SRCBF,0.5,0.15,bias,13,0.0,0.0,1,arrived,0.09349925217211053,7.5
uncertainty,CAP,0.5,0.15,bias,13,0.0,0.0,0,arrived,0.06084946806618807,7.5
uncertainty,CAP,0.5,0.15,bias,13,0.0,0.0,1,arrived,0.06084946806618807,7.5
uncertainty,SRCBF,0.5,0.15,bias,14,0.0,0.0,0,arrived,0.13921399153344416,11.5
uncertainty,SRCBF,0.5,0.15,bias,14,0.0,0.0,1,arrived,0.13921399153344416,11.5
uncertainty,CAP,0.5,0.15,bias,14,0.0,0.0,0,arrived,0.1010986497379397,11.5
uncertainty,CAP,0.5,0.15,bias,14,0.0,0.0,1,arrived,0.1010986497379397,11.5
uncertainty,SRCBF,0.5,0.15,bias,15,0.0,0.0,0,arrived,0.1182178600481596,8.0
uncertainty,SRCBF,0.5,0.15,bias,15,0.0,0.0,1,arrived,0.1182178600481596,8.0
uncertainty,CAP,0.5,0.15,bias,15,0.0,0.0,0,arrived,0.07909817290091437,8.0
uncertainty,CAP,0.5,0.15,bias,15,0.0,0.0,1,arrived,0.07909817290091437,8.0
uncertainty,SRCBF,0.5,0.15,bias,16,0.0,0.0,0,arrived,0.13400676936890643,14.0
uncertainty,SRCBF,0.5,0.15,bias,16,0.0,0.0,1,arrived,0.13400676936890643,14.0
uncertainty,CAP,0.5,0.15,bias,16,0.0,0.0,0,arrived,0.10372526467464671,13.5
uncertainty,CAP,0.5,0.15,bias,16,0.0,0.0,1,arrived,0.10372526467464671,13.5
uncertainty,SRCBF,0.5,0.15,bias,17,0.0,0.0,0,arrived,0.054966872947287526,9.5
uncertainty,SRCBF,0.5,0.15,bias,17,0.0,0.0,1,arrived,0.054966872947287526,9.5
uncertainty,CAP,0.5,0.15,bias,17,0.0,0.0,0,arrived,0.033884796467587686,9.5
uncertainty,CAP,0.5,0.15,bias,17,0.0,0.0,1,arrived,0.033884796467587686,9.5
uncertainty,SRCBF,0.5,0.15,bias,18,0.0,0.0,0,arrived,0.16756989453850424,9.0
uncertainty,SRCBF,0.5,0.15,bias,18,0.0,0.0,1,arrived,0.16756989453850424,9.0
uncertainty,CAP,0.5,0.15,bias,18,0.0,0.0,0,arrived,0.10999575180206822,8.5
uncertainty,CAP,0.5,0.15,bias,18,0.0,0.0,1,arrived,0.10999575180206822,8.5
uncertainty,SRCBF,0.5,0.15,bias,19,0.0,0.0,0,arrived,0.06085678140250794,7.5
uncertainty,SRCBF,0.5,0.15,bias,19,0.0,0.0,1,arrived,0.06085678140250794,7.5
uncertainty,CAP,0.5,0.15,bias,19,0.0,0.0,0,arrived,0.023844844032227197,7.0
uncertainty,CAP,0.5,0.15,bias,19,0.0,0.0,1,arrived,0.023844844032227197,7.0
uncertainty,SRCBF,0.5,0.15,inward,0,0.0,0.0,0,arrived,0.012659502870021044,10.0
uncertainty,SRCBF,0.5,0.15,inward,0,0.0,0.0,1,arrived,0.012659502870021044,10.0
uncertainty,CAP,0.5,0.15,inward,0,0.0,0.0,0,arrived,0.0014095209197251268,9.5
uncertainty,CAP,0.5,0.15,inward,0,0.0,0.0,1,arrived,0.0014095209197251268,9.5
uncertainty,SRCBF,0.5,0.15,inward,1,0.0,0.0,0,arrived,0.0138473386504806,9.5
uncertainty,SRCBF,0.5,0.15,inward,1,0.0,0.0,1,arrived,0.0138473386504806,9.5
uncertainty,CAP,0.5,0.15,inward,1,0.0,0.0,0,arrived,0.0016160964887702578,9.5
uncertainty,CAP,0.5,0.15,inward,1,0.0,0.0,1,arrived,0.0016160964887702578,9.5
uncertainty,SRCBF,0.5,0.15,inward,2,0.0,0.0,0,arrived,0.016396602164465146,9.5
uncertainty,SRCBF,0.5,0.15,inward,2,0.0,0.0,1,arrived,0.016396602164465146,9.5
uncertainty,CAP,0.5,0.15,inward,2,0.0,0.0,0,arrived,0.0020681086528313575,9.5
uncertainty,CAP,0.5,0.15,inward,2,0.0,0.0,1,arrived,0.0020681086528313575,9.5
uncertainty,SRCBF,0.5,0.15,inward,3,0.0,0.0,0,arrived,0.018322061604313378,9.5
uncertainty,SRCBF,0.5,0.15,inward,3,0.0,0.0,1,arrived,0.018322061604313378,9.5
uncertainty,CAP,0.5,0.15,inward,3,0.0,0.0,0,arrived,0.0024160786140802193,9.5
uncertainty,CAP,0.5,0.15,inward,3,0.0,0.0,1,arrived,0.0024160786140802193,9.5
uncertainty,SRCBF,0.5,0.15,inward,4,0.0,0.0,0,arrived,0.01000352529532944,10.0
uncertainty,SRCBF,0.5,0.15,inward,4,0.0,0.0,1,arrived,0.01000352529532944,10.0
uncertainty,CAP,0.5,0.15,inward,4,0.0,0.0,0,arrived,0.000961019359844717,10.0
uncertainty,CAP,0.5,0.15,inward,4,0.0,0.0,1,arrived,0.000961019359844717,10.0
uncertainty,SRCBF,0.5,0.15,inward,5,0.0,0.0,0,arrived,0.011157902807557796,10.0
uncertainty,SRCBF,0.5,0.15,inward,5,0.0,0.0,1,arrived,0.011157902807557796,10.0
uncertainty,CAP,0.5,0.15,inward,5,0.0,0.0,0,arrived,0.0011531816785064208,10.0
uncertainty,CAP,0.5,0.15,inward,5,0.0,0.0,1,arrived,0.0011531816785064208,10.0
uncertainty,SRCBF,0.5,0.15,inward,6,0.0,0.0,0,arrived,0.01359238099889748,9.5
uncertainty,SRCBF,0.5,0.15,inward,6,0.0,0.0,1,arrived,0.01359238099889748,9.5
uncertainty,CAP,0.5,0.15,inward,6,0.0,0.0,0,arrived,0.0015715139496004227,9.5
uncertainty,CAP,0.5,0.15,inward,6,0.0,0.0,1,arrived,0.0015715139496004227,9.5
uncertainty,SRCBF,0.5,0.15,inward,7,0.0,0.0,0,arrived,0.012769593250045896,9.5
uncertainty,SRCBF,0.5,0.15,inward,7,0.0,0.0,1,arrived,0.012769593250045896,9.5
uncertainty,CAP,0.5,0.15,inward,7,0.0,0.0,0,arrived,0.0014285398849510633,9.5
uncertainty,CAP,0.5,0.15,inward,7,0.0,0.0,1,arrived,0.0014285398849510633,9.5
uncertainty,SRCBF,0.5,0.15,inward,8,0.0,0.0,0,arrived,0.01570877253330749,9.5
uncertainty,SRCBF,0.5,0.15,inward,8,0.0,0.0,1,arrived,0.01570877253330749,9.5
uncertainty,CAP,0.5,0.15,inward,8,0.0,0.0,0,arrived,0.0019451100903481455,9.5
uncertainty,CAP,0.5,0.15,inward,8,0.0,0.0,1,arrived,0.0019451100903481455,9.5
uncertainty,SRCBF,0.5,0.15,inward,9,0.0,0.0,0,arrived,0.0106035764337844,10.0
uncertainty,SRCBF,0.5,0.15,inward,9,0.0,0.0,1,arrived,0.0106035764337844,10.0
uncertainty,CAP,0.5,0.15,inward,9,0.0,0.0,0,arrived,0.0010602693474758285,10.0
uncertainty,CAP,0.5,0.15,inward,9,0.0,0.0,1,arrived,0.0010602693474758285,10.0
uncertainty,SRCBF,0.5,0.15,inward,10,0.0,0.0,0,arrived,0.009898832410143332,10.0
uncertainty,SRCBF,0.5,0.15,inward,10,0.0,0.0,1,arrived,0.009898832410143332,10.0
uncertainty,CAP,0.5,0.15,inward,10,0.0,0.0,0,arrived,0.0009438641336921849,10.0
uncertainty,CAP,0.5,0.15,inward,10,0.0,0.0,1,arrived,0.0009438641336921849,10.0
uncertainty,SRCBF,0.5,0.15,inward,11,0.0,0.0,0,arrived,0.017842729472243413,9.5
uncertainty,SRCBF,0.5,0.15,inward,11,0.0,0.0,1,arrived,0.017842729472243413,9.5
uncertainty,CAP,0.5,0.15,inward,11,0.0,0.0,0,arrived,0.002328968732620784,9.5
uncertainty,CAP,0.5,0.15,inward,11,0.0,0.0,1,arrived,0.002328968732620784,9.5
uncertainty,SRCBF,0.5,0.15,inward,12,0.0,0.0,0,arrived,0.016511580908045165,9.5
uncertainty,SRCBF,0.5,0.15,inward,12,0.0,0.0,1,arrived,0.016511580908045165,9.5
uncertainty,CAP,0.5,0.15,inward,12,0.0,0.0,0,arrived,0.002088738796878209,9.5
uncertainty,CAP,0.5,0.15,inward,12,0.0,0.0,1,arrived,0.002088738796878209,9.5
uncertainty,SRCBF,0.5,0.15,inward,13,0.0,0.0,0,arrived,0.010649286906170174,10.0
uncertainty,SRCBF,0.5,0.15,inward,13,0.0,0.0,1,arrived,0.010649286906170174,10.0
uncertainty,CAP,0.5,0.15,inward,13,0.0,0.0,0,arrived,0.0010678894168397735,10.0
uncertainty,CAP,0.5,0.15,inward,13,0.0,0.0,1,arrived,0.0010678894168397735,10.0
uncertainty,SRCBF,0.5,0.15,inward,14,0.0,0.0,0,arrived,0.01093527323753618,10.0
uncertainty,SRCBF,0.5,0.15,inward,14,0.0,0.0,1,arrived,0.01093527323753618,10.0
uncertainty,CAP,0.5,0.15,inward,14,0.0,0.0,0,arrived,0.0011157375454420304,10.0
uncertainty,CAP,0.5,0.15,inward,14,0.0,0.0,1,arrived,0.0011157375454420304,10.0
uncertainty,SRCBF,0.5,0.15,inward,15,0.0,0.0,0,arrived,0.01214915395564331,10.0
uncertainty,SRCBF,0.5,0.15,inward,15,0.0,0.0,1,arrived,0.01214915395564331,10.0
uncertainty,CAP,0.5,0.15,inward,15,0.0,0.0,0,arrived,0.0013217281269530812,9.5
uncertainty,CAP,0.5,0.15,inward,15,0.0,0.0,1,arrived,0.0013217281269530812,9.5
uncertainty,SRCBF,0.5,0.15,inward,16,0.0,0.0,0,arrived,0.013317081279054399,9.5
uncertainty,SRCBF,0.5,0.15,inward,16,0.0,0.0,1,arrived,0.013317081279054399,9.5
uncertainty,CAP,0.5,0.15,inward,16,0.0,0.0,0,arrived,0.0015235184180359962,9.5
uncertainty,CAP,0.5,0.15,inward,16,0.0,0.0,1,arrived,0.0015235184180359962,9.5
uncertainty,SRCBF,0.5,0.15,inward,17,0.0,0.0,0,arrived,0.010815577004300914,10.0
uncertainty,SRCBF,0.5,0.15,inward,17,0.0,0.0,1,arrived,0.010815577004300914,10.0
uncertainty,CAP,0.5,0.15,inward,17,0.0,0.0,0,arrived,0.001095675649494865,10.0
uncertainty,CAP,0.5,0.15,inward,17,0.0,0.0,1,arrived,0.001095675649494865,10.0
uncertainty,SRCBF,0.5,0.15,inward,18,0.0,0.0,0,arrived,0.014965437554983918,9.5
uncertainty,SRCBF,0.5,0.15,inward,18,0.0,0.0,1,arrived,0.014965437554983918,9.5
uncertainty,CAP,0.5,0.15,inward,18,0.0,0.0,0,arrived,0.0018130190962011294,9.5
uncertainty,CAP,0.5,0.15,inward,18,0.0,0.0,1,arrived,0.0018130190962011294,9.5
uncertainty,SRCBF,0.5,0.15,inward,19,0.0,0.0,0,arrived,0.014752466741209669,9.5
uncertainty,SRCBF,0.5,0.15,inward,19,0.0,0.0,1,arrived,0.014752466741209669,9.5
uncertainty,CAP,0.5,0.15,inward,19,0.0,0.0,0,arrived,0.0017753412817848035,9.5
uncertainty,CAP,0.5,0.15,inward,19,0.0,0.0,1,arrived,0.0017753412817848035,9.5
uncertainty,SRCBF,0.5,0.45,bias,0,0.0,0.0,0,arrived,0.0693261945056437,9.0
uncertainty,SRCBF,0.5,0.45,bias,0,0.0,0.0,1,arrived,0.0693261945056437,9.0
uncertainty,CAP,0.5,0.45,bias,0,0.0,0.0,0,arrived,0.05218481304941436,9.0
uncertainty,CAP,0.5,0.45,bias,0,0.0,0.0,1,arrived,0.05218481304941436,9.0
uncertainty,SRCBF,0.5,0.45,bias,1,0.0,0.0,0,arrived,0.1086491727232779,6.5
uncertainty,SRCBF,0.5,0.45,bias,1,0.0,0.0,1,arrived,0.1086491727232779,6.5
uncertainty,CAP,0.5,0.45,bias,1,0.0,0.0,0,arrived,0.07773994224207015,6.5
uncertainty,CAP,0.5,0.45,bias,1,0.0,0.0,1,arrived,0.07773994224207015,6.5
uncertainty,SRCBF,0.5,0.45,bias,2,0.0,0.0,0,arrived,0.08183755688779304,9.0
uncertainty,SRCBF,0.5,0.45,bias,2,0.0,0.0,1,arrived,0.08183755688779304,9.0
uncertainty,CAP,0.5,0.45,bias,2,0.0,0.0,0,arrived,0.061729970568095704,9.0
uncertainty,CAP,0.5,0.45,bias,2,0.0,0.0,1,arrived,0.061729970568095704,9.0
uncertainty,SRCBF,0.5,0.45,bias,3,0.0,0.0,0,arrived,0.059814143873726855,8.0
uncertainty,SRCBF,0.5,0.45,bias,3,0.0,0.0,1,arrived,0.059814143873726855,8.0
uncertainty,CAP,0.5,0.45,bias,3,0.0,0.0,0,arrived,0.04194627638738335,8.0
uncertainty,CAP,0.5,0.45,bias,3,0.0,0.0,1,arrived,0.04194627638738335,8.0
uncertainty,SRCBF,0.5,0.45,bias,4,0.0,0.0,0,arrived,0.17694578486423418,9.5
uncertainty,SRCBF,0.5,0.45,bias,4,0.0,0.0,1,arrived,0.17694578486423418,9.5
uncertainty,CAP,0.5,0.45,bias,4,0.0,0.0,0,arrived,0.12760172709032536,9.5
uncertainty,CAP,0.5,0.45,bias,4,0.0,0.0,1,arrived,0.12760172709032536,9.5
uncertainty,SRCBF,0.5,0.45,bias,5,0.0,0.0,0,arrived,0.1829202228446405,7.0
uncertainty,SRCBF,0.5,0.45,bias,5,0.0,0.0,1,arrived,0.1829202228446405,7.0
uncertainty,CAP,0.5,0.45,bias,5,0.0,0.0,0,arrived,0.1260497848602441,7.0
uncertainty,CAP,0.5,0.45,bias,5,0.0,0.0,1,arrived,0.1260497848602441,7.0
uncertainty,SRCBF,0.5,0.45,bias,6,0.0,0.0,0,arrived,0.10127910739371304,9.5
uncertainty,SRCBF,0.5,0.45,bias,6,0.0,0.0,1,arrived,0.10127910739371304,9.5
uncertainty,CAP,0.5,0.45,bias,6,0.0,0.0,0,arrived,0.07761284227340659,9.5
uncertainty,CAP,0.5,0.45,bias,6,0.0,0.0,1,arrived,0.07761284227340659,9.5
uncertainty,SRCBF,0.5,0.45,bias,7,0.0,0.0,0,arrived,0.13813474478342824,6.5
uncertainty,SRCBF,0.5,0.45,bias,7,0.0,0.0,1,arrived,0.13813474478342824,6.5
uncertainty,CAP,0.5,0.45,bias,7,0.0,0.0,0,arrived,0.09983448563209985,6.5
uncertainty,CAP,0.5,0.45,bias,7,0.0,0.0,1,arrived,0.09983448563209985,6.5
uncertainty,SRCBF,0.5,0.45,bias,8,0.0,0.0,0,arrived,0.09022915694445544,6.5
uncertainty,SRCBF,0.5,0.45,bias,8,0.0,0.0,1,arrived,0.09022915694445544,6.5
uncertainty,CAP,0.5,0.45,bias,8,0.0,0.0,0,arrived,0.06260261390015498,6.5
uncertainty,CAP,0.5,0.45,bias,8,0.0,0.0,1,arrived,0.06260261390015498,6.5
uncertainty,SRCBF,0.5,0.45,bias,9,0.0,0.0,0,arrived,0.07610383197511916,9.0
uncertainty,SRCBF,0.5,0.45,bias,9,0.0,0.0,1,arrived,0.07610383197511916,9.0
uncertainty,CAP,0.5,0.45,bias,9,0.0,0.0,0,arrived,0.05796293363398519,9.0
uncertainty,CAP,0.5,0.45,bias,9,0.0,0.0,1,arrived,0.05796293363398519,9.0
uncertainty,SRCBF,0.5,0.45,bias,10,0.0,0.0,0,arrived,0.047247409321329314,8.5
uncertainty,SRCBF,0.5,0.45,bias,10,0.0,0.0,1,arrived,0.047247409321329314,8.5
uncertainty,CAP,0.5,0.45,bias,10,0.0,0.0,0,arrived,0.033567081760066064,8.0
uncertainty,CAP,0.5,0.45,bias,10,0.0,0.0,1,arrived,0.033567081760066064,8.0
uncertainty,SRCBF,0.5,0.45,bias,11,0.0,0.0,0,arrived,0.17397621906703986,9.5
uncertainty,SRCBF,0.5,0.45,bias,11,0.0,0.0,1,arrived,0.17397621906703986,9.5
uncertainty,CAP,0.5,0.45,bias,11,0.0,0.0,0,arrived,0.12985436611191814,9.0
uncertainty,CAP,0.5,0.45,bias,11,0.0,0.0,1,arrived,0.12985436611191814,9.0
uncertainty,SRCBF,0.5,0.45,bias,12,0.0,0.0,0,arrived,0.1160930301825851,6.5
uncertainty,SRCBF,0.5,0.45,bias,12,0.0,0.0,1,arrived,0.1160930301825851,6.5
uncertainty,CAP,0.5,0.45,bias,12,0.0,0.0,0,arrived,0.08323021246414397,6.5
uncertainty,CAP,0.5,0.45,bias,12,0.0,0.0,1,arrived,0.08323021246414397,6.5
uncertainty,SRCBF,0.5,0.45,bias,13,0.0,0.0,0,arrived,0.15652985658576635,7.0
uncertainty,SRCBF,0.5,0.45,bias,13,0.0,0.0,1,arrived,0.15652985658576635,7.0
uncertainty,CAP,0.5,0.45,bias,13,0.0,0.0,0,arrived,0.11207076144843509,7.0
uncertainty,CAP,0.5,0.45,bias,13,0.0,0.0,1,arrived,0.11207076144843509,7.0
uncertainty,SRCBF,0.5,0.45,bias,14,0.0,0.0,0,arrived,0.10919738925642453,9.5
uncertainty,SRCBF,0.5,0.45,bias,14,0.0,0.0,1,arrived,0.10919738925642453,9.5
uncertainty,CAP,0.5,0.45,bias,14,0.0,0.0,0,arrived,0.08389891351130518,9.5
uncertainty,CAP,0.5,0.45,bias,14,0.0,0.0,1,arrived,0.08389891351130518,9.5
uncertainty,SRCBF,0.5,0.45,bias,15,0.0,0.0,0,arrived,0.18144712708413024,7.0
uncertainty,SRCBF,0.5,0.45,bias,15,0.0,0.0,1,arrived,0.18144712708413024,7.0
uncertainty,CAP,0.5,0.45,bias,15,0.0,0.0,0,arrived,0.12540502116533248,7.0
uncertainty,CAP,0.5,0.45,bias,15,0.0,0.0,1,arrived,0.12540502116533248,7.0
uncertainty,SRCBF,0.5,0.45,bias,16,0.0,0.0,0,arrived,0.14257935967028956,9.5
uncertainty,SRCBF,0.5,0.45,bias,16,0.0,0.0,1,arrived,0.14257935967028956,9.5
uncertainty,CAP,0.5,0.45,bias,16,0.0,0.0,0,arrived,0.10936641039121908,9.5
uncertainty,CAP,0.5,0.45,bias,16,0.0,0.0,1,arrived,0.10936641039121908,9.5
uncertainty,SRCBF,0.5,0.45,bias,17,0.0,0.0,0,arrived,0.037306471851994205,7.5
uncertainty,SRCBF,0.5,0.45,bias,17,0.0,0.0,1,arrived,0.037306471851994205,7.5
uncertainty,CAP,0.5,0.45,bias,17,0.0,0.0,0,arrived,0.021888390715996575,7.5
uncertainty,CAP,0.5,0.45,bias,17,0.0,0.0,1,arrived,0.021888390715996575,7.5
uncertainty,SRCBF,0.5,0.45,bias,18,0.0,0.0,0,arrived,0.22005054352658893,8.0
uncertainty,SRCBF,0.5,0.45,bias,18,0.0,0.0,1,arrived,0.22005054352658893,8.0
uncertainty,CAP,0.5,0.45,bias,18,0.0,0.0,0,arrived,0.14279383598230344,8.0
uncertainty,CAP,0.5,0.45,bias,18,0.0,0.0,1,arrived,0.14279383598230344,8.0
uncertainty,SRCBF,0.5,0.45,bias,19,0.0,0.0,0,arrived,0.12537974796900353,6.5
uncertainty,SRCBF,0.5,0.45,bias,19,0.0,0.0,1,arrived,0.12537974796900353,6.5
uncertainty,CAP,0.5,0.45,bias,19,0.0,0.0,0,arrived,0.09044160634759457,6.5
uncertainty,CAP,0.5,0.45,bias,19,0.0,0.0,1,arrived,0.09044160634759457,6.5
uncertainty,SRCBF,0.5,0.45,inward,0,0.0,0.0,0,arrived,0.05205091035738996,8.5
uncertainty,SRCBF,0.5,0.45,inward,0,0.0,0.0,1,arrived,0.05205091035738996,8.5
uncertainty,CAP,0.5,0.45,inward,0,0.0,0.0,0,arrived,0.02946560573391732,8.5
uncertainty,CAP,0.5,0.45,inward,0,0.0,0.0,1,arrived,0.02946560573391732,8.5
uncertainty,SRCBF,0.5,0.45,inward,1,0.0,0.0,0,arrived,0.05333854617491984,8.5
uncertainty,SRCBF,0.5,0.45,inward,1,0.0,0.0,1,arrived,0.05333854617491984,8.5
uncertainty,CAP,0.5,0.45,inward,1,0.0,0.0,0,arrived,0.030398801949073073,8.5
uncertainty,CAP,0.5,0.45,inward,1,0.0,0.0,1,arrived,0.030398801949073073,8.5
uncertainty,SRCBF,0.5,0.45,inward,2,0.0,0.0,0,arrived,0.055920330058170764,8.5
uncertainty,SRCBF,0.5,0.45,inward,2,0.0,0.0,1,arrived,0.055920330058170764,8.5
uncertainty,CAP,0.5,0.45,inward,2,0.0,0.0,0,arrived,0.032234675252196365,8.0
uncertainty,CAP,0.5,0.45,inward,2,0.0,0.0,1,arrived,0.032234675252196365,8.0
uncertainty,SRCBF,0.5,0.45,inward,3,0.0,0.0,0,arrived,0.05773889060244419,8.5
uncertainty,SRCBF,0.5,0.45,inward,3,0.0,0.0,1,arrived,0.05773889060244419,8.5
uncertainty,CAP,0.5,0.45,inward,3,0.0,0.0,0,arrived,0.033498979992810596,8.0
uncertainty,CAP,0.5,0.45,inward,3,0.0,0.0,1,arrived,0.033498979992810596,8.0
uncertainty,SRCBF,0.5,0.45,inward,4,0.0,0.0,0,arrived,0.04891775847627944,8.5
uncertainty,SRCBF,0.5,0.45,inward,4,0.0,0.0,1,arrived,0.04891775847627944,8.5
uncertainty,CAP,0.5,0.45,inward,4,0.0,0.0,0,arrived,0.027147962882953736,8.5
uncertainty,CAP,0.5,0.45,inward,4,0.0,0.0,1,arrived,0.027147962882953736,8.5
uncertainty,SRCBF,0.5,0.45,inward,5,0.0,0.0,0,arrived,0.05032750508181305,8.5
uncertainty,SRCBF,0.5,0.45,inward,5,0.0,0.0,1,arrived,0.05032750508181305,8.5
uncertainty,CAP,0.5,0.45,inward,5,0.0,0.0,0,arrived,0.028198827572292307,8.5
uncertainty,CAP,0.5,0.45,inward,5,0.0,0.0,1,arrived,0.028198827572292307,8.5
uncertainty,SRCBF,0.5,0.45,inward,6,0.0,0.0,0,arrived,0.05306724017048903,8.5
uncertainty,SRCBF,0.5,0.45,inward,6,0.0,0.0,1,arrived,0.05306724017048903,8.5
uncertainty,CAP,0.5,0.45,inward,6,0.0,0.0,0,arrived,0.03020313629782667,8.5
uncertainty,CAP,0.5,0.45,inward,6,0.0,0.0,1,arrived,0.03020313629782667,8.5
uncertainty,SRCBF,0.5,0.45,inward,7,0.0,0.0,0,arrived,0.05217287072207222,8.5
uncertainty,SRCBF,0.5,0.45,inward,7,0.0,0.0,1,arrived,0.05217287072207222,8.5
uncertainty,CAP,0.5,0.45,inward,7,0.0,0.0,0,arrived,0.029554487138539254,8.5
uncertainty,CAP,0.5,0.45,inward,7,0.0,0.0,1,arrived,0.029554487138539254,8.5
uncertainty,SRCBF,0.5,0.45,inward,8,0.0,0.0,0,arrived,0.055245243318519766,8.5
uncertainty,SRCBF,0.5,0.45,inward,8,0.0,0.0,1,arrived,0.055245243318519766,8.5
uncertainty,CAP,0.5,0.45,inward,8,0.0,0.0,0,arrived,0.0317592323476944,8.0
uncertainty,CAP,0.5,0.45,inward,8,0.0,0.0,1,arrived,0.0317592323476944,8.0
uncertainty,SRCBF,0.5,0.45,inward,9,0.0,0.0,0,arrived,0.049660473960750795,8.5
uncertainty,SRCBF,0.5,0.45,inward,9,0.0,0.0,1,arrived,0.049660473960750795,8.5
uncertainty,CAP,0.5,0.45,inward,9,0.0,0.0,0,arrived,0.0277032122069909,8.5
uncertainty,CAP,0.5,0.45,inward,9,0.0,0.0,1,arrived,0.0277032122069909,8.5
uncertainty,SRCBF,0.5,0.45,inward,10,0.0,0.0,0,arrived,0.048785887040323384,8.5
uncertainty,SRCBF,0.5,0.45,inward,10,0.0,0.0,1,arrived,0.048785887040323384,8.5
uncertainty,CAP,0.5,0.45,inward,10,0.0,0.0,0,arrived,0.027049007942604897,8.5
uncertainty,CAP,0.5,0.45,inward,10,0.0,0.0,1,arrived,0.027049007942604897,8.5
uncertainty,SRCBF,0.5,0.45,inward,11,0.0,0.0,0,arrived,0.05729523796877667,8.5
uncertainty,SRCBF,0.5,0.45,inward,11,0.0,0.0,1,arrived,0.05729523796877667,8.5
uncertainty,CAP,0.5,0.45,inward,11,0.0,0.0,0,arrived,0.03319276787074976,8.0
uncertainty,CAP,0.5,0.45,inward,11,0.0,0.0,1,arrived,0.03319276787074976,8.0
uncertainty,SRCBF,0.5,0.45,inward,12,0.0,0.0,0,arrived,0.056031783440794514,8.5
uncertainty,SRCBF,0.5,0.45,inward,12,0.0,0.0,1,arrived,0.056031783440794514,8.5
uncertainty,CAP,0.5,0.45,inward,12,0.0,0.0,0,arrived,0.03231285199595868,8.0
uncertainty,CAP,0.5,0.45,inward,12,0.0,0.0,1,arrived,0.03231285199595868,8.0
uncertainty,SRCBF,0.5,0.45,inward,13,0.0,0.0,0,arrived,0.04971615685455766,8.5
uncertainty,SRCBF,0.5,0.45,inward,13,0.0,0.0,1,arrived,0.04971615685455766,8.5
uncertainty,CAP,0.5,0.45,inward,13,0.0,0.0,0,arrived,0.027744696894859144,8.5
uncertainty,CAP,0.5,0.45,inward,13,0.0,0.0,1,arrived,0.027744696894859144,8.5
uncertainty,SRCBF,0.5,0.45,inward,14,0.0,0.0,0,arrived,0.050061744368570915,8.5
uncertainty,SRCBF,0.5,0.45,inward,14,0.0,0.0,1,arrived,0.050061744368570915,8.5
uncertainty,CAP,0.5,0.45,inward,14,0.0,0.0,0,arrived,0.028001712830637127,8.5
uncertainty,CAP,0.5,0.45,inward,14,0.0,0.0,1,arrived,0.028001712830637127,8.5
uncertainty,SRCBF,0.5,0.45,inward,15,0.0,0.0,0,arrived,0.05147802361049303,8.5
uncertainty,SRCBF,0.5,0.45,inward,15,0.0,0.0,1,arrived,0.05147802361049303,8.5
uncertainty,CAP,0.5,0.45,inward,15,0.0,0.0,0,arrived,0.029046738108747916,8.5
uncertainty,CAP,0.5,0.45,inward,15,0.0,0.0,1,arrived,0.029046738108747916,8.5
uncertainty,SRCBF,0.5,0.45,inward,16,0.0,0.0,0,arrived,0.05277126086937334,8.5
uncertainty,SRCBF,0.5,0.45,inward,16,0.0,0.0,1,arrived,0.05277126086937334,8.5
uncertainty,CAP,0.5,0.45,inward,16,0.0,0.0,0,arrived,0.02998908967642311,8.5
uncertainty,CAP,0.5,0.45,inward,16,0.0,0.0,1,arrived,0.02998908967642311,8.5
uncertainty,SRCBF,0.5,0.45,inward,17,0.0,0.0,0,arrived,0.04991768404066499,8.5
uncertainty,SRCBF,0.5,0.45,inward,17,0.0,0.0,1,arrived,0.04991768404066499,8.5
uncertainty,CAP,0.5,0.45,inward,17,0.0,0.0,0,arrived,0.027894669089808977,8.5
uncertainty,CAP,0.5,0.45,inward,17,0.0,0.0,1,arrived,0.027894669089808977,8.5
uncertainty,SRCBF,0.5,0.45,inward,18,0.0,0.0,0,arrived,0.05449860363088399,8.5
uncertainty,SRCBF,0.5,0.45,inward,18,0.0,0.0,1,arrived,0.05449860363088399,8.5
uncertainty,CAP,0.5,0.45,inward,18,0.0,0.0,0,arrived,0.03122958450504587,8.5
uncertainty,CAP,0.5,0.45,inward,18,0.0,0.0,1,arrived,0.03122958450504587,8.5
uncertainty,SRCBF,0.5,0.45,inward,19,0.0,0.0,0,arrived,0.05428119928579844,8.5
uncertainty,SRCBF,0.5,0.45,inward,19,0.0,0.0,1,arrived,0.05428119928579844,8.5
uncertainty,CAP,0.5,0.45,inward,19,0.0,0.0,0,arrived,0.031074614957616653,8.5
uncertainty,CAP,0.5,0.45,inward,19,0.0,0.0,1,arrived,0.031074614957616653,8.5
uncertainty,SRCBF,0.5,0.15,bias,0,0.02,0.0,0,arrived,0.09499039855160063,10.5
uncertainty,SRCBF,0.5,0.15,bias,0,0.02,0.0,1,arrived,0.11439753463098101,10.5
uncertainty,CAP,0.5,0.15,bias,0,0.02,0.0,0,arrived,0.06128168334278172,10.0
uncertainty,CAP,0.5,0.15,bias,0,0.02,0.0,1,arrived,0.0810163040452565,10.5
uncertainty,SRCBF,0.5,0.15,bias,1,0.02,0.0,0,arrived,0.03500058476420398,7.5
uncertainty,SRCBF,0.5,0.15,bias,1,0.02,0.0,1,arrived,0.053476737298005506,7.5
uncertainty,CAP,0.5,0.15,bias,1,0.02,0.0,0,violation,-0.00018834552361735035,2.0
uncertainty,CAP,0.5,0.15,bias,1,0.02,0.0,1,arrived,0.012686262946755344,7.5
uncertainty,SRCBF,0.5,0.15,bias,2,0.02,0.0,0,arrived,0.10291843637402365,11.0
uncertainty,SRCBF,0.5,0.15,bias,2,0.02,0.0,1,arrived,0.1223927702036558,11.5
uncertainty,CAP,0.5,0.15,bias,2,0.02,0.0,0,arrived,0.07410946166004417,11.0
uncertainty,CAP,0.5,0.15,bias,2,0.02,0.0,1,arrived,0.09409648367759971,11.0
uncertainty,SRCBF,0.5,0.15,bias,3,0.02,0.0,0,arrived,0.0706754751181159,11.0
uncertainty,SRCBF,0.5,0.15,bias,3,0.02,0.0,1,arrived,0.09027081104101786,11.0
uncertainty,CAP,0.5,0.15,bias,3,0.02,0.0,0,arrived,0.03908867931623983,11.0
uncertainty,CAP,0.5,0.15,bias,3,0.02,0.0,1,arrived,0.05906889907815449,11.0
uncertainty,SRCBF,0.5,0.15,bias,4,0.02,0.0,0,arrived,0.14862516908941692,11.5
uncertainty,SRCBF,0.5,0.15,bias,4,0.02,0.0,1,arrived,0.16814876048496885,12.0
uncertainty,CAP,0.5,0.15,bias,4,0.02,0.0,0,arrived,0.11013794404404509,11.0
uncertainty,CAP,0.5,0.15,bias,4,0.02,0.0,1,arrived,0.1299981507147553,11.5
uncertainty,SRCBF,0.5,0.15,bias,5,0.02,0.0,0,arrived,0.11895056957068018,8.0
uncertainty,SRCBF,0.5,0.15,bias,5,0.02,0.0,1,arrived,0.13706853308160172,8.0
uncertainty,CAP,0.5,0.15,bias,5,0.02,0.0,0,arrived,0.08432099711340202,8.0
uncertainty,CAP,0.5,0.15,bias,5,0.02,0.0,1,arrived,0.1035903686516193,8.0
uncertainty,SRCBF,0.5,0.15,bias,6,0.02,0.0,0,arrived,0.11445828852528617,11.5
uncertainty,SRCBF,0.5,0.15,bias,6,0.02,0.0,1,arrived,0.1340470339200408,11.5
uncertainty,CAP,0.5,0.15,bias,6,0.02,0.0,0,arrived,0.07545458764523405,11.0
uncertainty,CAP,0.5,0.15,bias,6,0.02,0.0,1,arrived,0.09543718690607594,11.5
uncertainty,SRCBF,0.5,0.15,bias,7,0.02,0.0,0,arrived,0.08701723895380642,7.5
uncertainty,SRCBF,0.5,0.15,bias,7,0.02,0.0,1,arrived,0.10540484640636294,7.5
uncertainty,CAP,0.5,0.15,bias,7,0.02,0.0,0,arrived,0.048910076894350896,7.5
uncertainty,CAP,0.5,0.15,bias,7,0.02,0.0,1,arrived,0.0490599154239999,7.5
uncertainty,SRCBF,0.5,0.15,bias,8,0.02,0.0,0,arrived,0.034341368917602866,7.5
uncertainty,SRCBF,0.5,0.15,bias,8,0.02,0.0,1,arrived,0.052793605301101554,7.5
uncertainty,CAP,0.5,0.15,bias,8,0.02,0.0,0,violation,-0.007627710735830018,2.0
uncertainty,CAP,0.5,0.15,bias,8,0.02,0.0,1,arrived,0.01230374790330191,7.5
uncertainty,SRCBF,0.5,0.15,bias,9,0.02,0.0,0,arrived,0.12446854533405294,10.0
uncertainty,SRCBF,0.5,0.15,bias,9,0.02,0.0,1,arrived,0.14147166351907248,10.0
uncertainty,CAP,0.5,0.15,bias,9,0.02,0.0,0,arrived,0.0650388374397145,10.0
uncertainty,CAP,0.5,0.15,bias,9,0.02,0.0,1,arrived,0.08498894083256892,10.0
uncertainty,SRCBF,0.5,0.15,bias,10,0.02,0.0,0,arrived,0.07277675658694704,10.0
uncertainty,SRCBF,0.5,0.15,bias,10,0.02,0.0,1,arrived,0.0920319523924027,10.0
uncertainty,CAP,0.5,0.15,bias,10,0.02,0.0,0,arrived,0.044832473126170114,9.5
uncertainty,CAP,0.5,0.15,bias,10,0.02,0.0,1,arrived,0.06436858965512993,10.0
uncertainty,SRCBF,0.5,0.15,bias,11,0.02,0.0,0,arrived,0.14918162635196686,10.5
uncertainty,SRCBF,0.5,0.15,bias,11,0.02,0.0,1,arrived,0.16860618059002874,10.5
uncertainty,CAP,0.5,0.15,bias,11,0.02,0.0,0,arrived,0.1074388752035661,10.5
uncertainty,CAP,0.5,0.15,bias,11,0.02,0.0,1,arrived,0.12685806572343905,10.5
uncertainty,SRCBF,0.5,0.15,bias,12,0.02,0.0,0,arrived,0.03979179685850087,7.5
uncertainty,SRCBF,0.5,0.15,bias,12,0.02,0.0,1,arrived,0.05812817474418197,7.5
uncertainty,CAP,0.5,0.15,bias,12,0.02,0.0,0,arrived,0.009112046362871218,7.0
uncertainty,CAP,0.5,0.15,bias,12,0.02,0.0,1,arrived,0.01754993070750832,7.5
uncertainty,SRCBF,0.5,0.15,bias,13,0.02,0.0,0,arrived,0.08987673888468295,7.5
uncertainty,SRCBF,0.5,0.15,bias,13,0.02,0.0,1,arrived,0.10803516724641027,7.5
uncertainty,CAP,0.5,0.15,bias,13,0.02,0.0,0,arrived,0.05006452388730054,7.5
uncertainty,CAP,0.5,0.15,bias,13,0.02,0.0,1,arrived,0.06950417930129316,7.5
uncertainty,SRCBF,0.5,0.15,bias,14,0.02,0.0,0,arrived,0.12890496444214827,12.0
uncertainty,SRCBF,0.5,0.15,bias,14,0.02,0.0,1,arrived,0.14842550823101164,12.0
uncertainty,CAP,0.5,0.15,bias,14,0.02,0.0,0,arrived,0.09150911135773843,12.0
uncertainty,CAP,0.5,0.15,bias,14,0.02,0.0,1,arrived,0.11119223011294388,12.0
uncertainty,SRCBF,0.5,0.15,bias,15,0.02,0.0,0,arrived,0.10943986988606158,8.0
uncertainty,SRCBF,0.5,0.15,bias,15,0.02,0.0,1,arrived,0.12766389514642795,8.0
uncertainty,CAP,0.5,0.15,bias,15,0.02,0.0,0,arrived,0.070871738905395,8.0
uncertainty,CAP,0.5,0.15,bias,15,0.02,0.0,1,arrived,0.09029251571997243,8.0
uncertainty,SRCBF,0.5,0.15,bias,16,0.02,0.0,0,arrived,0.12441802387433898,14.0
uncertainty,SRCBF,0.5,0.15,bias,16,0.02,0.0,1,arrived,0.14492367231787728,14.0
uncertainty,CAP,0.5,0.15,bias,16,0.02,0.0,0,arrived,0.08863042800660792,13.5
uncertainty,CAP,0.5,0.15,bias,16,0.02,0.0,1,arrived,0.10902531683398409,13.5
uncertainty,SRCBF,0.5,0.15,bias,17,0.02,0.0,0,arrived,0.039650912213808676,9.5
uncertainty,SRCBF,0.5,0.15,bias,17,0.02,0.0,1,arrived,0.058981149431240776,9.5
uncertainty,CAP,0.5,0.15,bias,17,0.02,0.0,0,arrived,0.014750853864179292,9.5
uncertainty,CAP,0.5,0.15,bias,17,0.02,0.0,1,arrived,0.034690053737296944,9.5
uncertainty,SRCBF,0.5,0.15,bias,18,0.02,0.0,0,arrived,0.18083361397214048,9.0
uncertainty,SRCBF,0.5,0.15,bias,18,0.02,0.0,1,arrived,0.19749791624316726,9.0
uncertainty,CAP,0.5,0.15,bias,18,0.02,0.0,0,arrived,0.1236902556902929,9.0
uncertainty,CAP,0.5,0.15,bias,18,0.02,0.0,1,arrived,0.14321651130540047,9.0
uncertainty,SRCBF,0.5,0.15,bias,19,0.02,0.0,0,arrived,0.06406631220839176,7.5
uncertainty,SRCBF,0.5,0.15,bias,19,0.02,0.0,1,arrived,0.08216335948881459,7.5
uncertainty,CAP,0.5,0.15,bias,19,0.02,0.0,0,arrived,0.024771668751403464,7.5
uncertainty,CAP,0.5,0.15,bias,19,0.02,0.0,1,arrived,0.024771668751403464,7.5
uncertainty,SRCBF,0.5,0.15,inward,0,0.02,0.0,0,violation,-0.0008184353872259242,3.5
uncertainty,SRCBF,0.5,0.15,inward,0,0.02,0.0,1,arrived,0.018610864377381686,9.5
uncertainty,CAP,0.5,0.15,inward,0,0.02,0.0,0,violation,-0.011008751235956904,3.0
uncertainty,CAP,0.5,0.15,inward,0,0.02,0.0,1,arrived,0.00826285418494943,9.5
uncertainty,SRCBF,0.5,0.15,inward,1,0.02,0.0,0,violation,-0.0007659896386308374,3.5
uncertainty,SRCBF,0.5,0.15,inward,1,0.02,0.0,1,arrived,0.01856272747405474,10.0
uncertainty,CAP,0.5,0.15,inward,1,0.02,0.0,0,violation,-0.016867121202027713,2.0
uncertainty,CAP,0.5,0.15,inward,1,0.02,0.0,1,arrived,0.0030964998801733534,10.0
uncertainty,SRCBF,0.5,0.15,inward,2,0.02,0.0,0,arrived,0.01750641424603916,9.5
uncertainty,SRCBF,0.5,0.15,inward,2,0.02,0.0,1,arrived,0.03644388528179998,9.5
uncertainty,CAP,0.5,0.15,inward,2,0.02,0.0,0,arrived,0.004939004949016779,9.5
uncertainty,CAP,0.5,0.15,inward,2,0.02,0.0,1,arrived,0.024601371642661962,9.5
uncertainty,SRCBF,0.5,0.15,inward,3,0.02,0.0,0,arrived,0.0015634818941456796,9.5
uncertainty,SRCBF,0.5,0.15,inward,3,0.02,0.0,1,arrived,0.02067428719060327,9.5
uncertainty,CAP,0.5,0.15,inward,3,0.02,0.0,0,violation,-0.007069645492100651,2.5
uncertainty,CAP,0.5,0.15,inward,3,0.02,0.0,1,arrived,0.010308142930374409,9.5
uncertainty,SRCBF,0.5,0.15,inward,4,0.02,0.0,0,arrived,0.003496059443262478,10.5
uncertainty,SRCBF,0.5,0.15,inward,4,0.02,0.0,1,arrived,0.022869268020301203,11.0
uncertainty,CAP,0.5,0.15,inward,4,0.02,0.0,0,violation,-0.013540661250532549,2.0
uncertainty,CAP,0.5,0.15,inward,4,0.02,0.0,1,arrived,0.0064432054569909525,10.5
uncertainty,SRCBF,0.5,0.15,inward,5,0.02,0.0,0,violation,-0.00015214172969546524,3.0
uncertainty,SRCBF,0.5,0.15,inward,5,0.02,0.0,1,arrived,0.015221099238932112,10.0
uncertainty,CAP,0.5,0.15,inward,5,0.02,0.0,0,violation,-0.017567275447288977,2.0
uncertainty,CAP,0.5,0.15,inward,5,0.02,0.0,1,arrived,0.002406355151703621,10.0
uncertainty,SRCBF,0.5,0.15,inward,6,0.02,0.0,0,violation,-1.3286453396044173e-05,3.5
uncertainty,SRCBF,0.5,0.15,inward,6,0.02,0.0,1,arrived,0.0192565315298322,9.5
uncertainty,CAP,0.5,0.15,inward,6,0.02,0.0,0,violation,-0.015878575908619963,2.0
uncertainty,CAP,0.5,0.15,inward,6,0.02,0.0,1,arrived,0.003781374546622973,9.5
uncertainty,SRCBF,0.5,0.15,inward,7,0.02,0.0,0,arrived,0.022060564223013945,10.0
uncertainty,SRCBF,0.5,0.15,inward,7,0.02,0.0,1,arrived,0.04107578082870855,10.0
uncertainty,CAP,0.5,0.15,inward,7,0.02,0.0,0,violation,-0.0178626094194968,2.0
uncertainty,CAP,0.5,0.15,inward,7,0.02,0.0,1,arrived,0.002102966226169234,10.0
uncertainty,SRCBF,0.5,0.15,inward,8,0.02,0.0,0,arrived,0.015152264361715795,9.5
uncertainty,SRCBF,0.5,0.15,inward,8,0.02,0.0,1,arrived,0.034404568765477817,9.5
uncertainty,CAP,0.5,0.15,inward,8,0.02,0.0,0,violation,-0.010285266775040491,2.0
uncertainty,CAP,0.5,0.15,inward,8,0.02,0.0,1,arrived,0.009680197724759698,9.5
uncertainty,SRCBF,0.5,0.15,inward,9,0.02,0.0,0,arrived,0.01841808045432014,10.0
uncertainty,SRCBF,0.5,0.15,inward,9,0.02,0.0,1,arrived,0.03729067641540551,10.0
uncertainty,CAP,0.5,0.15,inward,9,0.02,0.0,0,violation,-0.0011075263600339724,2.0
uncertainty,CAP,0.5,0.15,inward,9,0.02,0.0,1,arrived,0.009886549016784874,10.0
uncertainty,SRCBF,0.5,0.15,inward,10,0.02,0.0,0,violation,-0.000713594660656014,3.0
uncertainty,SRCBF,0.5,0.15,inward,10,0.02,0.0,1,arrived,0.01755490400105464,10.5
uncertainty,CAP,0.5,0.15,inward,10,0.02,0.0,0,violation,-0.013631865123176268,3.0
uncertainty,CAP,0.5,0.15,inward,10,0.02,0.0,1,arrived,0.005922659228802418,10.0
uncertainty,SRCBF,0.5,0.15,inward,11,0.02,0.0,0,arrived,0.03057322633847981,9.5
uncertainty,SRCBF,0.5,0.15,inward,11,0.02,0.0,1,arrived,0.04950508726456526,9.5
uncertainty,CAP,0.5,0.15,inward,11,0.02,0.0,0,arrived,0.012615926844795178,9.5
uncertainty,CAP,0.5,0.15,inward,11,0.02,0.0,1,arrived,0.03252794442492457,9.5
uncertainty,SRCBF,0.5,0.15,inward,12,0.02,0.0,0,arrived,0.0003703976278376375,9.5
uncertainty,SRCBF,0.5,0.15,inward,12,0.02,0.0,1,arrived,0.019384596542510013,9.5
uncertainty,CAP,0.5,0.15,inward,12,0.02,0.0,0,violation,-0.015227680318193548,2.0
uncertainty,CAP,0.5,0.15,inward,12,0.02,0.0,1,arrived,0.004701607237975414,9.5
uncertainty,SRCBF,0.5,0.15,inward,13,0.02,0.0,0,arrived,0.0026597225812233782,10.0
uncertainty,SRCBF,0.5,0.15,inward,13,0.02,0.0,1,arrived,0.02171372478199496,10.5
uncertainty,CAP,0.5,0.15,inward,13,0.02,0.0,0,violation,-0.011554380384691587,2.5
uncertainty,CAP,0.5,0.15,inward,13,0.02,0.0,1,arrived,0.008260040332370822,10.0
uncertainty,SRCBF,0.5,0.15,inward,14,0.02,0.0,0,arrived,0.0032620648922118134,9.5
uncertainty,SRCBF,0.5,0.15,inward,14,0.02,0.0,1,arrived,0.02201724413225936,10.0
uncertainty,CAP,0.5,0.15,inward,14,0.02,0.0,0,violation,-0.018620964655712058,2.0
uncertainty,CAP,0.5,0.15,inward,14,0.02,0.0,1,arrived,0.0013526030537405198,9.5
uncertainty,SRCBF,0.5,0.15,inward,15,0.02,0.0,0,arrived,0.009150293670065368,9.5
uncertainty,SRCBF,0.5,0.15,inward,15,0.02,0.0,1,arrived,0.028538015649773874,9.5
uncertainty,CAP,0.5,0.15,inward,15,0.02,0.0,0,violation,-0.014937130107601004,2.0
uncertainty,CAP,0.5,0.15,inward,15,0.02,0.0,1,arrived,0.005012410219006336,9.5
uncertainty,SRCBF,0.5,0.15,inward,16,0.02,0.0,0,arrived,0.012196749351360059,10.0
uncertainty,SRCBF,0.5,0.15,inward,16,0.02,0.0,1,arrived,0.03128906142806431,10.0
uncertainty,CAP,0.5,0.15,inward,16,0.02,0.0,0,violation,-0.009560531888585966,2.0
uncertainty,CAP,0.5,0.15,inward,16,0.02,0.0,1,arrived,0.0044353384996252965,10.0
uncertainty,SRCBF,0.5,0.15,inward,17,0.02,0.0,0,violation,-0.006130377508470342,3.0
uncertainty,SRCBF,0.5,0.15,inward,17,0.02,0.0,1,arrived,0.011455193755040116,10.0
uncertainty,CAP,0.5,0.15,inward,17,0.02,0.0,0,violation,-0.013711396657709596,2.0
uncertainty,CAP,0.5,0.15,inward,17,0.02,0.0,1,arrived,0.00277825318364866,10.0
uncertainty,SRCBF,0.5,0.15,inward,18,0.02,0.0,0,arrived,0.023569168893978865,9.5
uncertainty,SRCBF,0.5,0.15,inward,18,0.02,0.0,1,arrived,0.04259579508280098,9.5
uncertainty,CAP,0.5,0.15,inward,18,0.02,0.0,0,violation,-0.006776050784727872,2.0
uncertainty,CAP,0.5,0.15,inward,18,0.02,0.0,1,arrived,0.013150552288539119,9.5
uncertainty,SRCBF,0.5,0.15,inward,19,0.02,0.0,0,arrived,0.00486480948677781,10.0
uncertainty,SRCBF,0.5,0.15,inward,19,0.02,0.0,1,arrived,0.02401451271281574,10.0
uncertainty,CAP,0.5,0.15,inward,19,0.02,0.0,0,violation,-0.015286630879160712,2.0
uncertainty,CAP,0.5,0.15,inward,19,0.02,0.0,1,arrived,0.004675430380401857,10.0
uncertainty,SRCBF,0.5,0.45,bias,0,0.02,0.0,0,arrived,0.05962608214034182,9.0
uncertainty,SRCBF,0.5,0.45,bias,0,0.02,0.0,1,arrived,0.07895596116729575,9.0
uncertainty,CAP,0.5,0.45,bias,0,0.02,0.0,0,arrived,0.03569971141708084,9.0
uncertainty,CAP,0.5,0.45,bias,0,0.02,0.0,1,arrived,0.055590510544135996,9.0
uncertainty,SRCBF,0.5,0.45,bias,1,0.02,0.0,0,arrived,0.09621983535252421,6.5
uncertainty,SRCBF,0.5,0.45,bias,1,0.02,0.0,1,arrived,0.11331076239949811,6.5
uncertainty,CAP,0.5,0.45,bias,1,0.02,0.0,0,arrived,0.06532881843997795,6.5
uncertainty,CAP,0.5,0.45,bias,1,0.02,0.0,1,arrived,0.08404723504718459,6.5
uncertainty,SRCBF,0.5,0.45,bias,2,0.02,0.0,0,arrived,0.07985750947424397,9.0
uncertainty,SRCBF,0.5,0.45,bias,2,0.02,0.0,1,arrived,0.09832840737270176,9.0
uncertainty,CAP,0.5,0.45,bias,2,0.02,0.0,0,arrived,0.06024408338865084,9.0
uncertainty,CAP,0.5,0.45,bias,2,0.02,0.0,1,arrived,0.0787527997260179,9.0
uncertainty,SRCBF,0.5,0.45,bias,3,0.02,0.0,0,arrived,0.04196111883521658,8.0
uncertainty,SRCBF,0.5,0.45,bias,3,0.02,0.0,1,arrived,0.06087922420808867,8.0
uncertainty,CAP,0.5,0.45,bias,3,0.02,0.0,0,arrived,0.023210443747206377,8.0
uncertainty,CAP,0.5,0.45,bias,3,0.02,0.0,1,arrived,0.04279854146625317,8.0
uncertainty,SRCBF,0.5,0.45,bias,4,0.02,0.0,0,arrived,0.17942508936727974,10.0
uncertainty,SRCBF,0.5,0.45,bias,4,0.02,0.0,1,arrived,0.1978404082539168,10.0
uncertainty,CAP,0.5,0.45,bias,4,0.02,0.0,0,arrived,0.13134910488476148,9.5
uncertainty,CAP,0.5,0.45,bias,4,0.02,0.0,1,arrived,0.1504803433338302,10.0
uncertainty,SRCBF,0.5,0.45,bias,5,0.02,0.0,0,arrived,0.18253644703079563,7.0
uncertainty,SRCBF,0.5,0.45,bias,5,0.02,0.0,1,arrived,0.19836380459997793,7.0
uncertainty,CAP,0.5,0.45,bias,5,0.02,0.0,0,arrived,0.12702295055910973,7.0
uncertainty,CAP,0.5,0.45,bias,5,0.02,0.0,1,arrived,0.14583760741132512,7.0
uncertainty,SRCBF,0.5,0.45,bias,6,0.02,0.0,0,arrived,0.09103462962634834,9.5
uncertainty,SRCBF,0.5,0.45,bias,6,0.02,0.0,1,arrived,0.10958230608366992,9.5
uncertainty,CAP,0.5,0.45,bias,6,0.02,0.0,0,arrived,0.0650335386098495,9.5
uncertainty,CAP,0.5,0.45,bias,6,0.02,0.0,1,arrived,0.08499815770340702,9.5
uncertainty,SRCBF,0.5,0.45,bias,7,0.02,0.0,0,arrived,0.14861029265899128,6.5
uncertainty,SRCBF,0.5,0.45,bias,7,0.02,0.0,1,arrived,0.16577622646926904,6.5
uncertainty,CAP,0.5,0.45,bias,7,0.02,0.0,0,arrived,0.11517166465373385,6.5
uncertainty,CAP,0.5,0.45,bias,7,0.02,0.0,1,arrived,0.13395675127969053,6.5
uncertainty,SRCBF,0.5,0.45,bias,8,0.02,0.0,0,arrived,0.09995484490572104,6.5
uncertainty,SRCBF,0.5,0.45,bias,8,0.02,0.0,1,arrived,0.11723195645879225,6.5
uncertainty,CAP,0.5,0.45,bias,8,0.02,0.0,0,arrived,0.07456680515465919,6.5
uncertainty,CAP,0.5,0.45,bias,8,0.02,0.0,1,arrived,0.08633217702199614,6.5
uncertainty,SRCBF,0.5,0.45,bias,9,0.02,0.0,0,arrived,0.07058725357395301,9.0
uncertainty,SRCBF,0.5,0.45,bias,9,0.02,0.0,1,arrived,0.08994067682139306,9.0
uncertainty,CAP,0.5,0.45,bias,9,0.02,0.0,0,arrived,0.04987642892302813,9.0
uncertainty,CAP,0.5,0.45,bias,9,0.02,0.0,1,arrived,0.06933505177658617,9.0
uncertainty,SRCBF,0.5,0.45,bias,10,0.02,0.0,0,arrived,0.03450248055116578,8.5
uncertainty,SRCBF,0.5,0.45,bias,10,0.02,0.0,1,arrived,0.054085048842815286,8.5
uncertainty,CAP,0.5,0.45,bias,10,0.02,0.0,0,arrived,0.015573329662072921,8.0
uncertainty,CAP,0.5,0.45,bias,10,0.02,0.0,1,arrived,0.035332931499640896,8.5
uncertainty,SRCBF,0.5,0.45,bias,11,0.02,0.0,0,arrived,0.17444567713229486,9.5
uncertainty,SRCBF,0.5,0.45,bias,11,0.02,0.0,1,arrived,0.1927469844964934,9.5
uncertainty,CAP,0.5,0.45,bias,11,0.02,0.0,0,arrived,0.1324464995619905,9.5
uncertainty,CAP,0.5,0.45,bias,11,0.02,0.0,1,arrived,0.15090932431139525,9.5
uncertainty,SRCBF,0.5,0.45,bias,12,0.02,0.0,0,arrived,0.11154490598880251,6.5
uncertainty,SRCBF,0.5,0.45,bias,12,0.02,0.0,1,arrived,0.12833890443458473,6.5
uncertainty,CAP,0.5,0.45,bias,12,0.02,0.0,0,arrived,0.07795660314362185,6.5
uncertainty,CAP,0.5,0.45,bias,12,0.02,0.0,1,arrived,0.09646878402990022,6.5
uncertainty,SRCBF,0.5,0.45,bias,13,0.02,0.0,0,arrived,0.15842598958414777,7.0
uncertainty,SRCBF,0.5,0.45,bias,13,0.02,0.0,1,arrived,0.1754863392264835,7.0
uncertainty,CAP,0.5,0.45,bias,13,0.02,0.0,0,arrived,0.11111443397007115,7.0
uncertainty,CAP,0.5,0.45,bias,13,0.02,0.0,1,arrived,0.12977492022094717,7.0
uncertainty,SRCBF,0.5,0.45,bias,14,0.02,0.0,0,arrived,0.10175703817181603,9.5
uncertainty,SRCBF,0.5,0.45,bias,14,0.02,0.0,1,arrived,0.12066129036981132,9.5
uncertainty,CAP,0.5,0.45,bias,14,0.02,0.0,0,arrived,0.07034419703022565,9.5
uncertainty,CAP,0.5,0.45,bias,14,0.02,0.0,1,arrived,0.08977852709318102,9.5
uncertainty,SRCBF,0.5,0.45,bias,15,0.02,0.0,0,arrived,0.17633237608351893,7.5
uncertainty,SRCBF,0.5,0.45,bias,15,0.02,0.0,1,arrived,0.19217139414988615,7.5
uncertainty,CAP,0.5,0.45,bias,15,0.02,0.0,0,arrived,0.12052295030875027,7.0
uncertainty,CAP,0.5,0.45,bias,15,0.02,0.0,1,arrived,0.13923918764671972,7.0
uncertainty,SRCBF,0.5,0.45,bias,16,0.02,0.0,0,arrived,0.13958180171582735,9.5
uncertainty,SRCBF,0.5,0.45,bias,16,0.02,0.0,1,arrived,0.1586082555823073,10.0
uncertainty,CAP,0.5,0.45,bias,16,0.02,0.0,0,arrived,0.0919163224714834,9.5
uncertainty,CAP,0.5,0.45,bias,16,0.02,0.0,1,arrived,0.11176853421515176,9.5
uncertainty,SRCBF,0.5,0.45,bias,17,0.02,0.0,0,arrived,0.01895174405240574,7.5
uncertainty,SRCBF,0.5,0.45,bias,17,0.02,0.0,1,arrived,0.037838957799841366,7.5
uncertainty,CAP,0.5,0.45,bias,17,0.02,0.0,0,arrived,0.001997794056794122,7.5
uncertainty,CAP,0.5,0.45,bias,17,0.02,0.0,1,arrived,0.021785190459592263,7.5
uncertainty,SRCBF,0.5,0.45,bias,18,0.02,0.0,0,arrived,0.2368120478115836,8.0
uncertainty,SRCBF,0.5,0.45,bias,18,0.02,0.0,1,arrived,0.2531722955001465,8.0
uncertainty,CAP,0.5,0.45,bias,18,0.02,0.0,0,arrived,0.16086191946463357,7.5
uncertainty,CAP,0.5,0.45,bias,18,0.02,0.0,1,arrived,0.1799310079638966,7.5
uncertainty,SRCBF,0.5,0.45,bias,19,0.02,0.0,0,arrived,0.136239257146896,6.5
uncertainty,SRCBF,0.5,0.45,bias,19,0.02,0.0,1,arrived,0.15313275226991463,6.5
uncertainty,CAP,0.5,0.45,bias,19,0.02,0.0,0,arrived,0.10543705694957028,6.5
uncertainty,CAP,0.5,0.45,bias,19,0.02,0.0,1,arrived,0.12394386248640255,6.5
uncertainty,SRCBF,0.5,0.45,inward,0,0.02,0.0,0,arrived,0.05454654252127433,8.5
uncertainty,SRCBF,0.5,0.45,inward,0,0.02,0.0,1,arrived,0.0714558736736759,8.5
uncertainty,CAP,0.5,0.45,inward,0,0.02,0.0,0,arrived,0.035987871593145315,8.5
uncertainty,CAP,0.5,0.45,inward,0,0.02,0.0,1,arrived,0.05480221530592444,8.5
uncertainty,SRCBF,0.5,0.45,inward,1,0.02,0.0,0,arrived,0.04024544140609576,8.0
uncertainty,SRCBF,0.5,0.45,inward,1,0.02,0.0,1,arrived,0.05821782901793404,8.0
uncertainty,CAP,0.5,0.45,inward,1,0.02,0.0,0,arrived,0.018166825185876534,8.0
uncertainty,CAP,0.5,0.45,inward,1,0.02,0.0,1,arrived,0.03732223312317706,8.0
uncertainty,SRCBF,0.5,0.45,inward,2,0.02,0.0,0,arrived,0.0667977305103995,8.5
uncertainty,SRCBF,0.5,0.45,inward,2,0.02,0.0,1,arrived,0.08466016488401928,8.5
uncertainty,CAP,0.5,0.45,inward,2,0.02,0.0,0,arrived,0.04165713598330045,8.5
uncertainty,CAP,0.5,0.45,inward,2,0.02,0.0,1,arrived,0.06074115872319774,8.5
uncertainty,SRCBF,0.5,0.45,inward,3,0.02,0.0,0,arrived,0.047826014996231736,8.0
uncertainty,SRCBF,0.5,0.45,inward,3,0.02,0.0,1,arrived,0.06556322246205859,8.0
uncertainty,CAP,0.5,0.45,inward,3,0.02,0.0,0,arrived,0.022420962450587667,8.0
uncertainty,CAP,0.5,0.45,inward,3,0.02,0.0,1,arrived,0.04138502420239276,8.0
uncertainty,SRCBF,0.5,0.45,inward,4,0.02,0.0,0,arrived,0.05827760311398067,9.0
uncertainty,SRCBF,0.5,0.45,inward,4,0.02,0.0,1,arrived,0.07623567891986183,9.0
uncertainty,CAP,0.5,0.45,inward,4,0.02,0.0,0,arrived,0.041050290177278015,8.5
uncertainty,CAP,0.5,0.45,inward,4,0.02,0.0,1,arrived,0.04671836145978514,9.0
uncertainty,SRCBF,0.5,0.45,inward,5,0.02,0.0,0,arrived,0.04750423623790412,8.5
uncertainty,SRCBF,0.5,0.45,inward,5,0.02,0.0,1,arrived,0.0654337677782858,8.5
uncertainty,CAP,0.5,0.45,inward,5,0.02,0.0,0,arrived,0.02864392188464837,8.5
uncertainty,CAP,0.5,0.45,inward,5,0.02,0.0,1,arrived,0.047585572480681515,8.5
uncertainty,SRCBF,0.5,0.45,inward,6,0.02,0.0,0,arrived,0.03785861757497644,8.5
uncertainty,SRCBF,0.5,0.45,inward,6,0.02,0.0,1,arrived,0.05581964499136549,8.5
uncertainty,CAP,0.5,0.45,inward,6,0.02,0.0,0,arrived,0.014595064297394655,8.5
uncertainty,CAP,0.5,0.45,inward,6,0.02,0.0,1,arrived,0.03373160463994296,8.5
uncertainty,SRCBF,0.5,0.45,inward,7,0.02,0.0,0,arrived,0.06419901350910628,8.5
uncertainty,SRCBF,0.5,0.45,inward,7,0.02,0.0,1,arrived,0.08239083217861143,9.0
uncertainty,CAP,0.5,0.45,inward,7,0.02,0.0,0,arrived,0.04654978746822669,8.5
uncertainty,CAP,0.5,0.45,inward,7,0.02,0.0,1,arrived,0.05715069967636155,8.5
uncertainty,SRCBF,0.5,0.45,inward,8,0.02,0.0,0,arrived,0.06504994225592198,8.5
uncertainty,SRCBF,0.5,0.45,inward,8,0.02,0.0,1,arrived,0.08296153807924933,8.5
uncertainty,CAP,0.5,0.45,inward,8,0.02,0.0,0,arrived,0.04556703432175169,8.0
uncertainty,CAP,0.5,0.45,inward,8,0.02,0.0,1,arrived,0.06301100616173594,8.0
uncertainty,SRCBF,0.5,0.45,inward,9,0.02,0.0,0,arrived,0.0521473364525088,8.5
uncertainty,SRCBF,0.5,0.45,inward,9,0.02,0.0,1,arrived,0.0702514180313516,9.0
uncertainty,CAP,0.5,0.45,inward,9,0.02,0.0,0,arrived,0.025874774033038728,8.5
uncertainty,CAP,0.5,0.45,inward,9,0.02,0.0,1,arrived,0.04040332698355986,8.5
uncertainty,SRCBF,0.5,0.45,inward,10,0.02,0.0,0,arrived,0.0474292038109434,9.0
uncertainty,SRCBF,0.5,0.45,inward,10,0.02,0.0,1,arrived,0.06450362247960528,9.0
uncertainty,CAP,0.5,0.45,inward,10,0.02,0.0,0,arrived,0.02628808082754286,8.5
uncertainty,CAP,0.5,0.45,inward,10,0.02,0.0,1,arrived,0.04518554879700343,9.0
uncertainty,SRCBF,0.5,0.45,inward,11,0.02,0.0,0,arrived,0.07294975143557547,8.5
uncertainty,SRCBF,0.5,0.45,inward,11,0.02,0.0,1,arrived,0.09090717239614021,8.5
uncertainty,CAP,0.5,0.45,inward,11,0.02,0.0,0,arrived,0.04951977763294535,8.5
uncertainty,CAP,0.5,0.45,inward,11,0.02,0.0,1,arrived,0.06814839800740968,8.5
uncertainty,SRCBF,0.5,0.45,inward,12,0.02,0.0,0,arrived,0.04917091718161182,8.0
uncertainty,SRCBF,0.5,0.45,inward,12,0.02,0.0,1,arrived,0.06693571272310894,8.0
uncertainty,CAP,0.5,0.45,inward,12,0.02,0.0,0,arrived,0.02468218784081322,8.0
uncertainty,CAP,0.5,0.45,inward,12,0.02,0.0,1,arrived,0.04371984135494511,8.0
uncertainty,SRCBF,0.5,0.45,inward,13,0.02,0.0,0,arrived,0.05204347016412081,8.5
uncertainty,SRCBF,0.5,0.45,inward,13,0.02,0.0,1,arrived,0.07014354767990505,8.5
uncertainty,CAP,0.5,0.45,inward,13,0.02,0.0,0,arrived,0.024040858760512762,8.5
uncertainty,CAP,0.5,0.45,inward,13,0.02,0.0,1,arrived,0.03928721193654994,8.5
uncertainty,SRCBF,0.5,0.45,inward,14,0.02,0.0,0,arrived,0.03703926961395698,8.5
uncertainty,SRCBF,0.5,0.45,inward,14,0.02,0.0,1,arrived,0.055338543782451954,8.5
uncertainty,CAP,0.5,0.45,inward,14,0.02,0.0,0,arrived,0.014088787525387225,8.5
uncertainty,CAP,0.5,0.45,inward,14,0.02,0.0,1,arrived,0.03261707178722717,8.5
uncertainty,SRCBF,0.5,0.45,inward,15,0.02,0.0,0,arrived,0.04272458650751343,9.0
uncertainty,SRCBF,0.5,0.45,inward,15,0.02,0.0,1,arrived,0.06079380611791152,9.0
uncertainty,CAP,0.5,0.45,inward,15,0.02,0.0,0,arrived,0.02105370237474391,9.0
uncertainty,CAP,0.5,0.45,inward,15,0.02,0.0,1,arrived,0.0402432958767428,9.0
uncertainty,SRCBF,0.5,0.45,inward,16,0.02,0.0,0,arrived,0.03830829578035355,8.0
uncertainty,SRCBF,0.5,0.45,inward,16,0.02,0.0,1,arrived,0.05648837366075221,8.0
uncertainty,CAP,0.5,0.45,inward,16,0.02,0.0,0,arrived,0.013259392081209964,8.0
uncertainty,CAP,0.5,0.45,inward,16,0.02,0.0,1,arrived,0.03254033215211438,8.0
uncertainty,SRCBF,0.5,0.45,inward,17,0.02,0.0,0,arrived,0.03243225690135754,8.5
uncertainty,SRCBF,0.5,0.45,inward,17,0.02,0.0,1,arrived,0.050484830171802275,8.5
uncertainty,CAP,0.5,0.45,inward,17,0.02,0.0,0,arrived,0.009440160256532382,8.5
uncertainty,CAP,0.5,0.45,inward,17,0.02,0.0,1,arrived,0.028645827378347533,8.5
uncertainty,SRCBF,0.5,0.45,inward,18,0.02,0.0,0,arrived,0.06927150393887038,8.0
uncertainty,SRCBF,0.5,0.45,inward,18,0.02,0.0,1,arrived,0.08721532919260044,8.0
uncertainty,CAP,0.5,0.45,inward,18,0.02,0.0,0,arrived,0.04831140452913829,8.0
uncertainty,CAP,0.5,0.45,inward,18,0.02,0.0,1,arrived,0.06332549991847036,8.0
uncertainty,SRCBF,0.5,0.45,inward,19,0.02,0.0,0,arrived,0.06103196925181953,8.5
uncertainty,SRCBF,0.5,0.45,inward,19,0.02,0.0,1,arrived,0.07877334556710425,8.5
uncertainty,CAP,0.5,0.45,inward,19,0.02,0.0,0,arrived,0.04197519160272456,8.5
uncertainty,CAP,0.5,0.45,inward,19,0.02,0.0,1,arrived,0.060814659559946915,8.5
uncertainty,SRCBF,0.5,0.15,bias,0,0.0,0.04,0,arrived,0.09339843269778059,10.5
uncertainty,SRCBF,0.5,0.15,bias,0,0.0,0.04,1,arrived,0.13109775475528807,10.5
uncertainty,CAP,0.5,0.15,bias,0,0.0,0.04,0,arrived,0.035182109042512844,10.0
uncertainty,CAP,0.5,0.15,bias,0,0.0,0.04,1,arrived,0.07983127959428749,10.5
uncertainty,SRCBF,0.5,0.15,bias,1,0.0,0.04,0,arrived,0.018395897917410586,7.5
uncertainty,SRCBF,0.5,0.15,bias,1,0.0,0.04,1,arrived,0.06171546218590085,7.5
uncertainty,CAP,0.5,0.15,bias,1,0.0,0.04,0,violation,-0.016507229009217417,2.5
uncertainty,CAP,0.5,0.15,bias,1,0.0,0.04,1,arrived,0.013191917632190187,7.5
uncertainty,SRCBF,0.5,0.15,bias,2,0.0,0.04,0,arrived,0.0993851241025433,11.0
uncertainty,SRCBF,0.5,0.15,bias,2,0.0,0.04,1,arrived,0.1438266344359117,11.0
uncertainty,CAP,0.5,0.15,bias,2,0.0,0.04,0,arrived,0.04211720149686937,11.0
uncertainty,CAP,0.5,0.15,bias,2,0.0,0.04,1,arrived,0.08684234330448659,11.0
uncertainty,SRCBF,0.5,0.15,bias,3,0.0,0.04,0,arrived,0.06594128227307383,10.5
uncertainty,SRCBF,0.5,0.15,bias,3,0.0,0.04,1,arrived,0.10929419197062817,10.5
uncertainty,CAP,0.5,0.15,bias,3,0.0,0.04,0,arrived,0.016847871409689796,10.5
uncertainty,CAP,0.5,0.15,bias,3,0.0,0.04,1,arrived,0.061569800005684794,10.5
uncertainty,SRCBF,0.5,0.15,bias,4,0.0,0.04,0,arrived,0.15013042882317196,11.0
uncertainty,SRCBF,0.5,0.15,bias,4,0.0,0.04,1,arrived,0.1946499310791162,11.5
uncertainty,CAP,0.5,0.15,bias,4,0.0,0.04,0,arrived,0.08651174384983895,11.0
uncertainty,CAP,0.5,0.15,bias,4,0.0,0.04,1,arrived,0.1312383730237373,11.0
uncertainty,SRCBF,0.5,0.15,bias,5,0.0,0.04,0,arrived,0.09186789859286693,8.0
uncertainty,SRCBF,0.5,0.15,bias,5,0.0,0.04,1,arrived,0.1343372650737561,8.0
uncertainty,CAP,0.5,0.15,bias,5,0.0,0.04,0,arrived,0.04518762174543023,8.0
uncertainty,CAP,0.5,0.15,bias,5,0.0,0.04,1,arrived,0.08863801689116313,8.0
uncertainty,SRCBF,0.5,0.15,bias,6,0.0,0.04,0,arrived,0.11759336034441037,11.5
uncertainty,SRCBF,0.5,0.15,bias,6,0.0,0.04,1,arrived,0.16212817187282047,12.0
uncertainty,CAP,0.5,0.15,bias,6,0.0,0.04,0,arrived,0.05813767726348118,11.5
uncertainty,CAP,0.5,0.15,bias,6,0.0,0.04,1,arrived,0.10288405259883238,11.5
uncertainty,SRCBF,0.5,0.15,bias,7,0.0,0.04,0,arrived,0.04546222802700872,7.5
uncertainty,SRCBF,0.5,0.15,bias,7,0.0,0.04,1,arrived,0.08816499785156018,7.5
uncertainty,CAP,0.5,0.15,bias,7,0.0,0.04,0,arrived,0.007768979060618242,7.5
uncertainty,CAP,0.5,0.15,bias,7,0.0,0.04,1,arrived,0.04362143354998749,7.5
uncertainty,SRCBF,0.5,0.15,bias,8,0.0,0.04,0,arrived,0.0055117896628785745,7.5
uncertainty,SRCBF,0.5,0.15,bias,8,0.0,0.04,1,arrived,0.04926299856444594,7.5
uncertainty,CAP,0.5,0.15,bias,8,0.0,0.04,0,violation,-0.02897516950487733,2.5
uncertainty,CAP,0.5,0.15,bias,8,0.0,0.04,1,arrived,0.005992033738423497,7.5
uncertainty,SRCBF,0.5,0.15,bias,9,0.0,0.04,0,arrived,0.10408571725781512,10.5
uncertainty,SRCBF,0.5,0.15,bias,9,0.0,0.04,1,arrived,0.1446387057894888,10.5
uncertainty,CAP,0.5,0.15,bias,9,0.0,0.04,0,arrived,0.04343559940384456,10.0
uncertainty,CAP,0.5,0.15,bias,9,0.0,0.04,1,arrived,0.08806579084246335,10.5
uncertainty,SRCBF,0.5,0.15,bias,10,0.0,0.04,0,arrived,0.06003852772836982,9.5
uncertainty,SRCBF,0.5,0.15,bias,10,0.0,0.04,1,arrived,0.10434141866218227,9.5
uncertainty,CAP,0.5,0.15,bias,10,0.0,0.04,0,arrived,0.013789547310195105,9.5
uncertainty,CAP,0.5,0.15,bias,10,0.0,0.04,1,arrived,0.05835805553754625,9.5
uncertainty,SRCBF,0.5,0.15,bias,11,0.0,0.04,0,arrived,0.15043417296830397,10.5
uncertainty,SRCBF,0.5,0.15,bias,11,0.0,0.04,1,arrived,0.19491084522702729,11.0
uncertainty,CAP,0.5,0.15,bias,11,0.0,0.04,0,arrived,0.0867726074468409,10.5
uncertainty,CAP,0.5,0.15,bias,11,0.0,0.04,1,arrived,0.13146022879644836,10.5
uncertainty,SRCBF,0.5,0.15,bias,12,0.0,0.04,0,arrived,0.02470035650656721,7.5
uncertainty,SRCBF,0.5,0.15,bias,12,0.0,0.04,1,arrived,0.06770577110790155,7.5
uncertainty,CAP,0.5,0.15,bias,12,0.0,0.04,0,violation,-0.010089934436172787,2.5
uncertainty,CAP,0.5,0.15,bias,12,0.0,0.04,1,arrived,0.016254873202394715,7.5
uncertainty,SRCBF,0.5,0.15,bias,13,0.0,0.04,0,arrived,0.06514598123412896,7.5
uncertainty,SRCBF,0.5,0.15,bias,13,0.0,0.04,1,arrived,0.10774020656938876,8.0
uncertainty,CAP,0.5,0.15,bias,13,0.0,0.04,0,arrived,0.023772089642118188,7.5
uncertainty,CAP,0.5,0.15,bias,13,0.0,0.04,1,arrived,0.06726445557733629,7.5
uncertainty,SRCBF,0.5,0.15,bias,14,0.0,0.04,0,arrived,0.12515308273990233,11.5
uncertainty,SRCBF,0.5,0.15,bias,14,0.0,0.04,1,arrived,0.16969239814439618,12.0
uncertainty,CAP,0.5,0.15,bias,14,0.0,0.04,0,arrived,0.06453271555955353,11.5
uncertainty,CAP,0.5,0.15,bias,14,0.0,0.04,1,arrived,0.10927835233080985,11.5
uncertainty,SRCBF,0.5,0.15,bias,15,0.0,0.04,0,arrived,0.08998978693828674,8.0
uncertainty,SRCBF,0.5,0.15,bias,15,0.0,0.04,1,arrived,0.13236253411661514,8.0
uncertainty,CAP,0.5,0.15,bias,15,0.0,0.04,0,arrived,0.04402575561058564,7.5
uncertainty,CAP,0.5,0.15,bias,15,0.0,0.04,1,arrived,0.08741316189068327,8.0
uncertainty,SRCBF,0.5,0.15,bias,16,0.0,0.04,0,arrived,0.1380642081428095,14.0
uncertainty,SRCBF,0.5,0.15,bias,16,0.0,0.04,1,arrived,0.18173893176786504,14.5
uncertainty,CAP,0.5,0.15,bias,16,0.0,0.04,0,arrived,0.07759515861430766,13.5
uncertainty,CAP,0.5,0.15,bias,16,0.0,0.04,1,arrived,0.12239428714820089,14.0
uncertainty,SRCBF,0.5,0.15,bias,17,0.0,0.04,0,arrived,0.034165533999960696,9.5
uncertainty,SRCBF,0.5,0.15,bias,17,0.0,0.04,1,arrived,0.07863003681613512,9.5
uncertainty,CAP,0.5,0.15,bias,17,0.0,0.04,0,violation,-0.0016273093748527812,2.5
uncertainty,CAP,0.5,0.15,bias,17,0.0,0.04,1,arrived,0.036724848422450274,9.5
uncertainty,SRCBF,0.5,0.15,bias,18,0.0,0.04,0,arrived,0.149181927524777,8.5
uncertainty,SRCBF,0.5,0.15,bias,18,0.0,0.04,1,arrived,0.18578756833373633,8.5
uncertainty,CAP,0.5,0.15,bias,18,0.0,0.04,0,arrived,0.07739195030886825,8.5
uncertainty,CAP,0.5,0.15,bias,18,0.0,0.04,1,arrived,0.12106339780551001,8.5
uncertainty,SRCBF,0.5,0.15,bias,19,0.0,0.04,0,arrived,0.032936194790080475,7.5
uncertainty,SRCBF,0.5,0.15,bias,19,0.0,0.04,1,arrived,0.07579457760199193,7.5
uncertainty,CAP,0.5,0.15,bias,19,0.0,0.04,0,violation,-0.0024172543325136076,2.5
uncertainty,CAP,0.5,0.15,bias,19,0.0,0.04,1,arrived,0.021631677837896546,7.5
uncertainty,SRCBF,0.5,0.15,inward,0,0.0,0.04,0,violation,-0.00461986456022534,3.0
uncertainty,SRCBF,0.5,0.15,inward,0,0.0,0.04,1,arrived,0.03976410180321088,10.0
uncertainty,CAP,0.5,0.15,inward,0,0.0,0.04,0,violation,-0.0394183113064579,2.5
uncertainty,CAP,0.5,0.15,inward,0,0.0,0.04,1,arrived,0.0018864602877058934,9.5
uncertainty,SRCBF,0.5,0.15,inward,1,0.0,0.04,0,violation,-0.003972212134746744,3.0
uncertainty,SRCBF,0.5,0.15,inward,1,0.0,0.04,1,arrived,0.04037184838762453,9.5
uncertainty,CAP,0.5,0.15,inward,1,0.0,0.04,0,violation,-0.0386029659103968,2.5
uncertainty,CAP,0.5,0.15,inward,1,0.0,0.04,1,arrived,0.0021633191132193197,9.5
uncertainty,SRCBF,0.5,0.15,inward,2,0.0,0.04,0,violation,-0.002565954789917946,3.0
uncertainty,SRCBF,0.5,0.15,inward,2,0.0,0.04,1,arrived,0.04168242672070688,9.5
uncertainty,CAP,0.5,0.15,inward,2,0.0,0.04,0,violation,-0.036815265802180974,2.5
uncertainty,CAP,0.5,0.15,inward,2,0.0,0.04,1,arrived,0.00276946891578711,9.5
uncertainty,SRCBF,0.5,0.15,inward,3,0.0,0.04,0,violation,-0.0014908232028305601,3.0
uncertainty,SRCBF,0.5,0.15,inward,3,0.0,0.04,1,arrived,0.042679630520005785,9.5
uncertainty,CAP,0.5,0.15,inward,3,0.0,0.04,0,violation,-0.035439087343346554,2.5
uncertainty,CAP,0.5,0.15,inward,3,0.0,0.04,1,arrived,0.0032364261732446,9.5
uncertainty,SRCBF,0.5,0.15,inward,4,0.0,0.04,0,violation,-0.006044567195318096,3.0
uncertainty,SRCBF,0.5,0.15,inward,4,0.0,0.04,1,arrived,0.038435013443994026,10.0
uncertainty,CAP,0.5,0.15,inward,4,0.0,0.04,0,violation,-0.041177803752919906,2.5
uncertainty,CAP,0.5,0.15,inward,4,0.0,0.04,1,arrived,0.0012857073711992628,10.0
uncertainty,SRCBF,0.5,0.15,inward,5,0.0,0.04,0,violation,-0.005430059480158511,3.0
uncertainty,SRCBF,0.5,0.15,inward,5,0.0,0.04,1,arrived,0.03900479085577935,10.0
uncertainty,CAP,0.5,0.15,inward,5,0.0,0.04,0,violation,-0.040426478052349446,2.5
uncertainty,CAP,0.5,0.15,inward,5,0.0,0.04,1,arrived,0.001543045193671877,10.0
uncertainty,SRCBF,0.5,0.15,inward,6,0.0,0.04,0,violation,-0.0041116691982329145,3.0
uncertainty,SRCBF,0.5,0.15,inward,6,0.0,0.04,1,arrived,0.0402412761265748,9.5
uncertainty,CAP,0.5,0.15,inward,6,0.0,0.04,0,violation,-0.03877907804892278,2.5
uncertainty,CAP,0.5,0.15,inward,6,0.0,0.04,1,arrived,0.002103559792294818,9.5
uncertainty,SRCBF,0.5,0.15,inward,7,0.0,0.04,0,violation,-0.00456006892920735,3.0
uncertainty,SRCBF,0.5,0.15,inward,7,0.0,0.04,1,arrived,0.039820372204562915,10.0
uncertainty,CAP,0.5,0.15,inward,7,0.0,0.04,0,violation,-0.03934332732596402,2.5
uncertainty,CAP,0.5,0.15,inward,7,0.0,0.04,1,arrived,0.0019119459085081836,9.5
uncertainty,SRCBF,0.5,0.15,inward,8,0.0,0.04,0,violation,-0.0029473984338421744,3.0
uncertainty,SRCBF,0.5,0.15,inward,8,0.0,0.04,1,arrived,0.041327814765108384,9.5
uncertainty,CAP,0.5,0.15,inward,8,0.0,0.04,0,violation,-0.03730190767301289,2.5
uncertainty,CAP,0.5,0.15,inward,8,0.0,0.04,1,arrived,0.0026044798008522108,9.5
uncertainty,SRCBF,0.5,0.15,inward,9,0.0,0.04,0,violation,-0.005726205863738176,3.0
uncertainty,SRCBF,0.5,0.15,inward,9,0.0,0.04,1,arrived,0.03872935677425249,10.0
uncertainty,CAP,0.5,0.15,inward,9,0.0,0.04,0,violation,-0.04079036308157291,2.5
uncertainty,CAP,0.5,0.15,inward,9,0.0,0.04,1,arrived,0.0014186092018145802,10.0
uncertainty,SRCBF,0.5,0.15,inward,10,0.0,0.04,0,violation,-0.006099846694196609,3.0
uncertainty,SRCBF,0.5,0.15,inward,10,0.0,0.04,1,arrived,0.03838412419974824,10.0
uncertainty,CAP,0.5,0.15,inward,10,0.0,0.04,0,violation,-0.041244616839751225,2.5
uncertainty,CAP,0.5,0.15,inward,10,0.0,0.04,1,arrived,0.001262737776887346,10.0
uncertainty,SRCBF,0.5,0.15,inward,11,0.0,0.04,0,violation,-0.0017594588057540106,3.0
uncertainty,SRCBF,0.5,0.15,inward,11,0.0,0.04,1,arrived,0.04243072742511189,9.5
uncertainty,CAP,0.5,0.15,inward,11,0.0,0.04,0,violation,-0.03578345036041741,2.5
uncertainty,CAP,0.5,0.15,inward,11,0.0,0.04,1,arrived,0.0031195024357670853,9.5
uncertainty,SRCBF,0.5,0.15,inward,12,0.0,0.04,0,violation,-0.002502054135037013,3.0
uncertainty,SRCBF,0.5,0.15,inward,12,0.0,0.04,1,arrived,0.041741783566489055,9.5
uncertainty,CAP,0.5,0.15,inward,12,0.0,0.04,0,violation,-0.036733644887007366,2.5
uncertainty,CAP,0.5,0.15,inward,12,0.0,0.04,1,arrived,0.002797145492871689,9.5
uncertainty,SRCBF,0.5,0.15,inward,13,0.0,0.04,0,violation,-0.005701855122185795,3.0
uncertainty,SRCBF,0.5,0.15,inward,13,0.0,0.04,1,arrived,0.03875195029227385,10.0
uncertainty,CAP,0.5,0.15,inward,13,0.0,0.04,0,violation,-0.040760559160287646,2.5
uncertainty,CAP,0.5,0.15,inward,13,0.0,0.04,1,arrived,0.0014288138849563037,10.0
uncertainty,SRCBF,0.5,0.15,inward,14,0.0,0.04,0,violation,-0.005549214805629532,3.0
uncertainty,SRCBF,0.5,0.15,inward,14,0.0,0.04,1,arrived,0.038893803011796346,10.0
uncertainty,CAP,0.5,0.15,inward,14,0.0,0.04,0,violation,-0.04057324739662482,2.5
uncertainty,CAP,0.5,0.15,inward,14,0.0,0.04,1,arrived,0.001492894459632188,10.0
uncertainty,SRCBF,0.5,0.15,inward,15,0.0,0.04,0,violation,-0.004896395843469903,3.0
uncertainty,SRCBF,0.5,0.15,inward,15,0.0,0.04,1,arrived,0.03950414787023204,10.0
uncertainty,CAP,0.5,0.15,inward,15,0.0,0.04,0,violation,-0.039764159374710006,2.5
uncertainty,CAP,0.5,0.15,inward,15,0.0,0.04,1,arrived,0.0017688279330583256,9.5
uncertainty,SRCBF,0.5,0.15,inward,16,0.0,0.04,0,violation,-0.004261987435036696,3.0
uncertainty,SRCBF,0.5,0.15,inward,16,0.0,0.04,1,arrived,0.040100368565297195,9.5
uncertainty,CAP,0.5,0.15,inward,16,0.0,0.04,0,violation,-0.038968592288789794,2.5
uncertainty,CAP,0.5,0.15,inward,16,0.0,0.04,1,arrived,0.002039230833239536,9.5
uncertainty,SRCBF,0.5,0.15,inward,17,0.0,0.04,0,violation,-0.005613160450899324,3.0
uncertainty,SRCBF,0.5,0.15,inward,17,0.0,0.04,1,arrived,0.03883433020690952,10.0
uncertainty,CAP,0.5,0.15,inward,17,0.0,0.04,0,violation,-0.040651817961005365,2.5
uncertainty,CAP,0.5,0.15,inward,17,0.0,0.04,1,arrived,0.0014660259326192415,10.0
uncertainty,SRCBF,0.5,0.15,inward,18,0.0,0.04,0,violation,-0.003357990825476387,3.0
uncertainty,SRCBF,0.5,0.15,inward,18,0.0,0.04,1,arrived,0.040945455781371876,9.5
uncertainty,CAP,0.5,0.15,inward,18,0.0,0.04,0,violation,-0.03782445025380465,2.5
uncertainty,CAP,0.5,0.15,inward,18,0.0,0.04,1,arrived,0.002427333886508398,9.5
uncertainty,SRCBF,0.5,0.15,inward,19,0.0,0.04,0,violation,-0.00347530549801367,3.0
uncertainty,SRCBF,0.5,0.15,inward,19,0.0,0.04,1,arrived,0.040836063148594004,9.5
uncertainty,CAP,0.5,0.15,inward,19,0.0,0.04,0,violation,-0.03797346570096527,2.5
uncertainty,CAP,0.5,0.15,inward,19,0.0,0.04,1,arrived,0.0023768120718243857,9.5
uncertainty,SRCBF,0.5,0.45,bias,0,0.0,0.04,0,arrived,0.06508378626275002,9.0
uncertainty,SRCBF,0.5,0.45,bias,0,0.0,0.04,1,arrived,0.10951063550627738,9.0
uncertainty,CAP,0.5,0.45,bias,0,0.0,0.04,0,arrived,0.019192820411035538,9.0
uncertainty,CAP,0.5,0.45,bias,0,0.0,0.04,1,arrived,0.06380618603218824,9.0
uncertainty,SRCBF,0.5,0.45,bias,1,0.0,0.04,0,arrived,0.08739041921113877,6.5
uncertainty,SRCBF,0.5,0.45,bias,1,0.0,0.04,1,arrived,0.1268114724073247,6.5
uncertainty,CAP,0.5,0.45,bias,1,0.0,0.04,0,arrived,0.051095124735100805,6.5
uncertainty,CAP,0.5,0.45,bias,1,0.0,0.04,1,arrived,0.08943402148848456,6.5
uncertainty,SRCBF,0.5,0.45,bias,2,0.0,0.04,0,arrived,0.07772716216344866,9.0
uncertainty,SRCBF,0.5,0.45,bias,2,0.0,0.04,1,arrived,0.12204380992856056,9.0
uncertainty,CAP,0.5,0.45,bias,2,0.0,0.04,0,arrived,0.029967893597388606,9.0
uncertainty,CAP,0.5,0.45,bias,2,0.0,0.04,1,arrived,0.07453024700984623,9.0
uncertainty,SRCBF,0.5,0.45,bias,3,0.0,0.04,0,arrived,0.0509463901234557,8.0
uncertainty,SRCBF,0.5,0.45,bias,3,0.0,0.04,1,arrived,0.0940592936233251,8.5
uncertainty,CAP,0.5,0.45,bias,3,0.0,0.04,0,arrived,0.00611671472818387,8.0
uncertainty,CAP,0.5,0.45,bias,3,0.0,0.04,1,arrived,0.05054438906881353,8.0
uncertainty,SRCBF,0.5,0.45,bias,4,0.0,0.04,0,arrived,0.16725625132830058,9.5
uncertainty,SRCBF,0.5,0.45,bias,4,0.0,0.04,1,arrived,0.21054020099994863,9.5
uncertainty,CAP,0.5,0.45,bias,4,0.0,0.04,0,arrived,0.1047743735840102,9.0
uncertainty,CAP,0.5,0.45,bias,4,0.0,0.04,1,arrived,0.14205752924817716,9.0
uncertainty,SRCBF,0.5,0.45,bias,5,0.0,0.04,0,arrived,0.16924576533375835,7.0
uncertainty,SRCBF,0.5,0.45,bias,5,0.0,0.04,1,arrived,0.2036078632900944,7.0
uncertainty,CAP,0.5,0.45,bias,5,0.0,0.04,0,arrived,0.10351030817268891,7.0
uncertainty,CAP,0.5,0.45,bias,5,0.0,0.04,1,arrived,0.14536760132879067,7.0
uncertainty,SRCBF,0.5,0.45,bias,6,0.0,0.04,0,arrived,0.09961396173832882,9.5
uncertainty,SRCBF,0.5,0.45,bias,6,0.0,0.04,1,arrived,0.14406850397491688,9.5
uncertainty,CAP,0.5,0.45,bias,6,0.0,0.04,0,arrived,0.048111745239098225,9.0
uncertainty,CAP,0.5,0.45,bias,6,0.0,0.04,1,arrived,0.09270492987118062,9.5
uncertainty,SRCBF,0.5,0.45,bias,7,0.0,0.04,0,arrived,0.11947667807085838,6.5
uncertainty,SRCBF,0.5,0.45,bias,7,0.0,0.04,1,arrived,0.1570319535390764,6.5
uncertainty,CAP,0.5,0.45,bias,7,0.0,0.04,0,arrived,0.0757519819489414,6.5
uncertainty,CAP,0.5,0.45,bias,7,0.0,0.04,1,arrived,0.11709202830252097,6.5
uncertainty,SRCBF,0.5,0.45,bias,8,0.0,0.04,0,arrived,0.06794146142799407,6.5
uncertainty,SRCBF,0.5,0.45,bias,8,0.0,0.04,1,arrived,0.10778926512841203,6.5
uncertainty,CAP,0.5,0.45,bias,8,0.0,0.04,0,arrived,0.0341535679764442,6.5
uncertainty,CAP,0.5,0.45,bias,8,0.0,0.04,1,arrived,0.07174214602816686,6.5
uncertainty,SRCBF,0.5,0.45,bias,9,0.0,0.04,0,arrived,0.07394770984295063,9.0
uncertainty,SRCBF,0.5,0.45,bias,9,0.0,0.04,1,arrived,0.11853291761820195,9.5
uncertainty,CAP,0.5,0.45,bias,9,0.0,0.04,0,arrived,0.0265728502397925,9.0
uncertainty,CAP,0.5,0.45,bias,9,0.0,0.04,1,arrived,0.07123395926976783,9.5
uncertainty,SRCBF,0.5,0.45,bias,10,0.0,0.04,0,arrived,0.03786169128660555,8.5
uncertainty,SRCBF,0.5,0.45,bias,10,0.0,0.04,1,arrived,0.08208563267712443,8.5
uncertainty,CAP,0.5,0.45,bias,10,0.0,0.04,0,violation,-0.0036704634560874583,3.0
uncertainty,CAP,0.5,0.45,bias,10,0.0,0.04,1,arrived,0.04089552552606324,8.5
uncertainty,SRCBF,0.5,0.45,bias,11,0.0,0.04,0,arrived,0.16577037712289366,9.0
uncertainty,SRCBF,0.5,0.45,bias,11,0.0,0.04,1,arrived,0.20889144372029178,9.0
uncertainty,CAP,0.5,0.45,bias,11,0.0,0.04,0,arrived,0.11137526795687047,9.0
uncertainty,CAP,0.5,0.45,bias,11,0.0,0.04,1,arrived,0.14079908617487868,9.0
uncertainty,SRCBF,0.5,0.45,bias,12,0.0,0.04,0,arrived,0.09546019918334503,6.5
uncertainty,SRCBF,0.5,0.45,bias,12,0.0,0.04,1,arrived,0.13457897578489186,6.5
uncertainty,CAP,0.5,0.45,bias,12,0.0,0.04,0,arrived,0.0579484428566972,6.5
uncertainty,CAP,0.5,0.45,bias,12,0.0,0.04,1,arrived,0.09795944285993008,6.5
uncertainty,SRCBF,0.5,0.45,bias,13,0.0,0.04,0,arrived,0.14102285174225593,7.0
uncertainty,SRCBF,0.5,0.45,bias,13,0.0,0.04,1,arrived,0.17486688733692124,7.0
uncertainty,CAP,0.5,0.45,bias,13,0.0,0.04,0,arrived,0.088587097295593,6.5
uncertainty,CAP,0.5,0.45,bias,13,0.0,0.04,1,arrived,0.1301285078575688,7.0
uncertainty,SRCBF,0.5,0.45,bias,14,0.0,0.04,0,arrived,0.10847266212075757,9.5
uncertainty,SRCBF,0.5,0.45,bias,14,0.0,0.04,1,arrived,0.15299605866552823,9.5
uncertainty,CAP,0.5,0.45,bias,14,0.0,0.04,0,arrived,0.055210862109141945,9.5
uncertainty,CAP,0.5,0.45,bias,14,0.0,0.04,1,arrived,0.0998263872775399,9.5
uncertainty,SRCBF,0.5,0.45,bias,15,0.0,0.04,0,arrived,0.1678982364882894,7.0
uncertainty,SRCBF,0.5,0.45,bias,15,0.0,0.04,1,arrived,0.20214518384457136,7.0
uncertainty,CAP,0.5,0.45,bias,15,0.0,0.04,0,arrived,0.10316936768873108,7.0
uncertainty,CAP,0.5,0.45,bias,15,0.0,0.04,1,arrived,0.1449404610254138,7.0
uncertainty,SRCBF,0.5,0.45,bias,16,0.0,0.04,0,arrived,0.13795992496203624,9.5
uncertainty,SRCBF,0.5,0.45,bias,16,0.0,0.04,1,arrived,0.1819710188973288,9.5
uncertainty,CAP,0.5,0.45,bias,16,0.0,0.04,0,arrived,0.07776004325487151,9.5
uncertainty,CAP,0.5,0.45,bias,16,0.0,0.04,1,arrived,0.12277796131124441,9.5
uncertainty,SRCBF,0.5,0.45,bias,17,0.0,0.04,0,arrived,0.021351799241848823,7.5
uncertainty,SRCBF,0.5,0.45,bias,17,0.0,0.04,1,arrived,0.06557445946299412,8.0
uncertainty,CAP,0.5,0.45,bias,17,0.0,0.04,0,violation,-0.00745376614976434,2.5
uncertainty,CAP,0.5,0.45,bias,17,0.0,0.04,1,arrived,0.028050654559870325,7.5
uncertainty,SRCBF,0.5,0.45,bias,18,0.0,0.04,0,arrived,0.20767963584346028,8.0
uncertainty,SRCBF,0.5,0.45,bias,18,0.0,0.04,1,arrived,0.2444444298984083,8.0
uncertainty,CAP,0.5,0.45,bias,18,0.0,0.04,0,arrived,0.12006327702833852,7.5
uncertainty,CAP,0.5,0.45,bias,18,0.0,0.04,1,arrived,0.16278689233061794,8.0
uncertainty,SRCBF,0.5,0.45,bias,19,0.0,0.04,0,arrived,0.10501124062428957,6.5
uncertainty,SRCBF,0.5,0.45,bias,19,0.0,0.04,1,arrived,0.14408871540210444,6.5
uncertainty,CAP,0.5,0.45,bias,19,0.0,0.04,0,arrived,0.06572072437165466,6.5
uncertainty,CAP,0.5,0.45,bias,19,0.0,0.04,1,arrived,0.10640941263993964,6.5
uncertainty,SRCBF,0.5,0.45,inward,0,0.0,0.04,0,arrived,0.02886992604985239,8.0
uncertainty,SRCBF,0.5,0.45,inward,0,0.0,0.04,1,arrived,0.0707488006117094,8.5
uncertainty,CAP,0.5,0.45,inward,0,0.0,0.04,0,violation,-0.00036559837528582495,2.5
uncertainty,CAP,0.5,0.45,inward,0,0.0,0.04,1,arrived,0.038226854805751165,8.0
uncertainty,SRCBF,0.5,0.45,inward,1,0.0,0.04,0,arrived,0.030275681807428456,8.0
uncertainty,SRCBF,0.5,0.45,inward,1,0.0,0.04,1,arrived,0.07205488550419936,8.5
uncertainty,CAP,0.5,0.45,inward,1,0.0,0.04,0,violation,-0.0012266486364405083,3.0
uncertainty,CAP,0.5,0.45,inward,1,0.0,0.04,1,arrived,0.04035806896538119,8.0
uncertainty,SRCBF,0.5,0.45,inward,2,0.0,0.04,0,arrived,0.033094419727495494,8.0
uncertainty,SRCBF,0.5,0.45,inward,2,0.0,0.04,1,arrived,0.0746759825537392,8.0
uncertainty,CAP,0.5,0.45,inward,2,0.0,0.04,0,arrived,0.001524670955778351,8.0
uncertainty,CAP,0.5,0.45,inward,2,0.0,0.04,1,arrived,0.04403134577510137,8.0
uncertainty,SRCBF,0.5,0.45,inward,3,0.0,0.04,0,arrived,0.03507867913404639,8.0
uncertainty,SRCBF,0.5,0.45,inward,3,0.0,0.04,1,arrived,0.07652291222036145,8.0
uncertainty,CAP,0.5,0.45,inward,3,0.0,0.04,0,arrived,0.003428704105932212,8.0
uncertainty,CAP,0.5,0.45,inward,3,0.0,0.04,1,arrived,0.04594965691436659,8.0
uncertainty,SRCBF,0.5,0.45,inward,4,0.0,0.04,0,arrived,0.025452897052232304,8.5
uncertainty,SRCBF,0.5,0.45,inward,4,0.0,0.04,1,arrived,0.06757704197307846,8.5
uncertainty,CAP,0.5,0.45,inward,4,0.0,0.04,0,violation,-0.004371724345316186,2.5
uncertainty,CAP,0.5,0.45,inward,4,0.0,0.04,1,arrived,0.03223385920311661,8.5
uncertainty,SRCBF,0.5,0.45,inward,5,0.0,0.04,0,arrived,0.02698946151409365,8.0
uncertainty,SRCBF,0.5,0.45,inward,5,0.0,0.04,1,arrived,0.06900279364678008,8.5
uncertainty,CAP,0.5,0.45,inward,5,0.0,0.04,0,violation,-0.0025687964732636903,2.5
uncertainty,CAP,0.5,0.45,inward,5,0.0,0.04,1,arrived,0.03507133664808859,8.5
uncertainty,SRCBF,0.5,0.45,inward,6,0.0,0.04,0,arrived,0.02997945983878314,8.0
uncertainty,SRCBF,0.5,0.45,inward,6,0.0,0.04,1,arrived,0.07177960568987862,8.5
uncertainty,CAP,0.5,0.45,inward,6,0.0,0.04,0,violation,-0.001518953945919388,3.0
uncertainty,CAP,0.5,0.45,inward,6,0.0,0.04,1,arrived,0.03992518586761973,8.0
uncertainty,SRCBF,0.5,0.45,inward,7,0.0,0.04,0,arrived,0.02900305554227356,8.0
uncertainty,SRCBF,0.5,0.45,inward,7,0.0,0.04,1,arrived,0.07087245982380641,8.5
uncertainty,CAP,0.5,0.45,inward,7,0.0,0.04,0,violation,-0.0002097537630461055,2.5
uncertainty,CAP,0.5,0.45,inward,7,0.0,0.04,1,arrived,0.03843704033692297,8.0
uncertainty,SRCBF,0.5,0.45,inward,8,0.0,0.04,0,arrived,0.03235748250204162,8.0
uncertainty,SRCBF,0.5,0.45,inward,8,0.0,0.04,1,arrived,0.0739904292038599,8.0
uncertainty,CAP,0.5,0.45,inward,8,0.0,0.04,0,arrived,0.0008106308788097261,8.0
uncertainty,CAP,0.5,0.45,inward,8,0.0,0.04,1,arrived,0.04315579059327157,8.0
uncertainty,SRCBF,0.5,0.45,inward,9,0.0,0.04,0,arrived,0.026262188287703325,8.5
uncertainty,SRCBF,0.5,0.45,inward,9,0.0,0.04,1,arrived,0.06832786434976645,8.5
uncertainty,CAP,0.5,0.45,inward,9,0.0,0.04,0,violation,-0.0034218432004904376,2.5
uncertainty,CAP,0.5,0.45,inward,9,0.0,0.04,1,arrived,0.03375740309852493,8.5
uncertainty,SRCBF,0.5,0.45,inward,10,0.0,0.04,0,arrived,0.025309268578577737,8.5
uncertainty,SRCBF,0.5,0.45,inward,10,0.0,0.04,1,arrived,0.06744381450015935,8.5
uncertainty,CAP,0.5,0.45,inward,10,0.0,0.04,0,violation,-0.004540373523727825,2.5
uncertainty,CAP,0.5,0.45,inward,10,0.0,0.04,1,arrived,0.03195669833743453,8.5
uncertainty,SRCBF,0.5,0.45,inward,11,0.0,0.04,0,arrived,0.03459475693715952,8.0
uncertainty,SRCBF,0.5,0.45,inward,11,0.0,0.04,1,arrived,0.0760723434609556,8.0
uncertainty,CAP,0.5,0.45,inward,11,0.0,0.04,0,arrived,0.002966846376233123,8.0
uncertainty,CAP,0.5,0.45,inward,11,0.0,0.04,1,arrived,0.045508194569450544,8.0
uncertainty,SRCBF,0.5,0.45,inward,12,0.0,0.04,0,arrived,0.03321607041051533,8.0
uncertainty,SRCBF,0.5,0.45,inward,12,0.0,0.04,1,arrived,0.07478917073122537,8.0
uncertainty,CAP,0.5,0.45,inward,12,0.0,0.04,0,arrived,0.0016421827369148545,8.0
uncertainty,CAP,0.5,0.45,inward,12,0.0,0.04,1,arrived,0.04416064850897128,8.0
uncertainty,SRCBF,0.5,0.45,inward,13,0.0,0.04,0,arrived,0.026322885059790746,8.5
uncertainty,SRCBF,0.5,0.45,inward,13,0.0,0.04,1,arrived,0.06838418536202606,8.5
uncertainty,CAP,0.5,0.45,inward,13,0.0,0.04,0,violation,-0.0033506290630713753,2.5
uncertainty,CAP,0.5,0.45,inward,13,0.0,0.04,1,arrived,0.033869058828943754,8.5
uncertainty,SRCBF,0.5,0.45,inward,14,0.0,0.04,0,arrived,0.026699653435836024,8.0
uncertainty,SRCBF,0.5,0.45,inward,14,0.0,0.04,1,arrived,0.06873382116726312,8.5
uncertainty,CAP,0.5,0.45,inward,14,0.0,0.04,0,violation,-0.0029086591255853556,2.5
uncertainty,CAP,0.5,0.45,inward,14,0.0,0.04,1,arrived,0.03455401046149509,8.5
uncertainty,SRCBF,0.5,0.45,inward,15,0.0,0.04,0,arrived,0.028244653239946516,8.0
uncertainty,SRCBF,0.5,0.45,inward,15,0.0,0.04,1,arrived,0.0701680937506628,8.5
uncertainty,CAP,0.5,0.45,inward,15,0.0,0.04,0,violation,-0.001097791441595275,2.5
uncertainty,CAP,0.5,0.45,inward,15,0.0,0.04,1,arrived,0.03721629944502658,8.0
uncertainty,SRCBF,0.5,0.45,inward,16,0.0,0.04,0,arrived,0.029656311611808817,8.0
uncertainty,SRCBF,0.5,0.45,inward,16,0.0,0.04,1,arrived,0.0714793402035051,8.5
uncertainty,CAP,0.5,0.45,inward,16,0.0,0.04,0,violation,-0.0018385160868938932,3.0
uncertainty,CAP,0.5,0.45,inward,16,0.0,0.04,1,arrived,0.039443081620188836,8.0
uncertainty,SRCBF,0.5,0.45,inward,17,0.0,0.04,0,arrived,0.026542582322875763,8.5
uncertainty,SRCBF,0.5,0.45,inward,17,0.0,0.04,1,arrived,0.06858805518727584,8.5
uncertainty,CAP,0.5,0.45,inward,17,0.0,0.04,0,violation,-0.003092894604727281,2.5
uncertainty,CAP,0.5,0.45,inward,17,0.0,0.04,1,arrived,0.03427016436333741,8.5
uncertainty,SRCBF,0.5,0.45,inward,18,0.0,0.04,0,arrived,0.031542312275583795,8.0
uncertainty,SRCBF,0.5,0.45,inward,18,0.0,0.04,1,arrived,0.07323233587822975,8.0
uncertainty,CAP,0.5,0.45,inward,18,0.0,0.04,0,arrived,1.6439987100103082e-05,8.0
uncertainty,CAP,0.5,0.45,inward,18,0.0,0.04,1,arrived,0.042111329678732656,8.0
uncertainty,SRCBF,0.5,0.45,inward,19,0.0,0.04,0,arrived,0.031304938419810524,8.0
uncertainty,SRCBF,0.5,0.45,inward,19,0.0,0.04,1,arrived,0.07301162936423478,8.0
uncertainty,CAP,0.5,0.45,inward,19,0.0,0.04,0,violation,-0.0002156831119660696,3.0
uncertainty,CAP,0.5,0.45,inward,19,0.0,0.04,1,arrived,0.0417948283348637,8.0
uncertainty,SRCBF,0.5,0.15,bias,0,0.02,0.04,0,arrived,0.08052394378556693,10.0
uncertainty,SRCBF,0.5,0.15,bias,0,0.02,0.04,1,arrived,0.14473865144117237,10.5
uncertainty,CAP,0.5,0.15,bias,0,0.02,0.04,0,arrived,0.04265305586291013,10.0
uncertainty,CAP,0.5,0.15,bias,0,0.02,0.04,1,arrived,0.10732985201477074,10.5
uncertainty,SRCBF,0.5,0.15,bias,1,0.02,0.04,0,arrived,0.01067289505699931,7.5
uncertainty,SRCBF,0.5,0.15,bias,1,0.02,0.04,1,arrived,0.07347580424392752,7.5
uncertainty,CAP,0.5,0.15,bias,1,0.02,0.04,0,violation,-0.02030100866927842,2.5
uncertainty,CAP,0.5,0.15,bias,1,0.02,0.04,1,arrived,0.01414733453507755,7.5
uncertainty,SRCBF,0.5,0.15,bias,2,0.02,0.04,0,arrived,0.094284262800999,11.0
uncertainty,SRCBF,0.5,0.15,bias,2,0.02,0.04,1,arrived,0.1573677604276872,11.5
uncertainty,CAP,0.5,0.15,bias,2,0.02,0.04,0,arrived,0.035925293839595196,10.5
uncertainty,CAP,0.5,0.15,bias,2,0.02,0.04,1,arrived,0.10066779760629596,11.0
uncertainty,SRCBF,0.5,0.15,bias,3,0.02,0.04,0,arrived,0.05213961585575544,11.0
uncertainty,SRCBF,0.5,0.15,bias,3,0.02,0.04,1,arrived,0.11449408550504492,11.0
uncertainty,CAP,0.5,0.15,bias,3,0.02,0.04,0,violation,-0.0009175901772611184,3.0
uncertainty,CAP,0.5,0.15,bias,3,0.02,0.04,1,arrived,0.06379788734136582,11.0
uncertainty,SRCBF,0.5,0.15,bias,4,0.02,0.04,0,arrived,0.1438550984946232,11.5
uncertainty,SRCBF,0.5,0.15,bias,4,0.02,0.04,1,arrived,0.2085203428389264,12.0
uncertainty,CAP,0.5,0.15,bias,4,0.02,0.04,0,arrived,0.08304409509458965,11.0
uncertainty,CAP,0.5,0.15,bias,4,0.02,0.04,1,arrived,0.1525127869021521,11.5
uncertainty,SRCBF,0.5,0.15,bias,5,0.02,0.04,0,arrived,0.09653587513049011,8.0
uncertainty,SRCBF,0.5,0.15,bias,5,0.02,0.04,1,arrived,0.15704261592348057,8.0
uncertainty,CAP,0.5,0.15,bias,5,0.02,0.04,0,arrived,0.05634815679390659,8.0
uncertainty,CAP,0.5,0.15,bias,5,0.02,0.04,1,arrived,0.11948878383105688,8.0
uncertainty,SRCBF,0.5,0.15,bias,6,0.02,0.04,0,arrived,0.10743709429878079,11.5
uncertainty,SRCBF,0.5,0.15,bias,6,0.02,0.04,1,arrived,0.17189125218693357,11.5
uncertainty,CAP,0.5,0.15,bias,6,0.02,0.04,0,arrived,0.03843955047331793,11.0
uncertainty,CAP,0.5,0.15,bias,6,0.02,0.04,1,arrived,0.10316832016118516,11.5
uncertainty,SRCBF,0.5,0.15,bias,7,0.02,0.04,0,arrived,0.05694694206953699,7.5
uncertainty,SRCBF,0.5,0.15,bias,7,0.02,0.04,1,arrived,0.11878500004513115,7.5
uncertainty,CAP,0.5,0.15,bias,7,0.02,0.04,0,arrived,0.02726795091901446,7.5
uncertainty,CAP,0.5,0.15,bias,7,0.02,0.04,1,arrived,0.046328248883231615,7.5
uncertainty,SRCBF,0.5,0.15,bias,8,0.02,0.04,0,arrived,0.016377056047635064,7.5
uncertainty,SRCBF,0.5,0.15,bias,8,0.02,0.04,1,arrived,0.07967788457569291,7.5
uncertainty,CAP,0.5,0.15,bias,8,0.02,0.04,0,violation,-0.022315615373809883,2.5
uncertainty,CAP,0.5,0.15,bias,8,0.02,0.04,1,arrived,0.013149112899631166,7.5
uncertainty,SRCBF,0.5,0.15,bias,9,0.02,0.04,0,arrived,0.0973618285123724,10.0
uncertainty,SRCBF,0.5,0.15,bias,9,0.02,0.04,1,arrived,0.14756846344084318,10.5
uncertainty,CAP,0.5,0.15,bias,9,0.02,0.04,0,arrived,0.027079469320261174,10.0
uncertainty,CAP,0.5,0.15,bias,9,0.02,0.04,1,arrived,0.09167976554289592,10.0
uncertainty,SRCBF,0.5,0.15,bias,10,0.02,0.04,0,arrived,0.060090655146012084,9.5
uncertainty,SRCBF,0.5,0.15,bias,10,0.02,0.04,1,arrived,0.12387387166366493,10.0
uncertainty,CAP,0.5,0.15,bias,10,0.02,0.04,0,arrived,0.030570430970676354,9.5
uncertainty,CAP,0.5,0.15,bias,10,0.02,0.04,1,arrived,0.0950190021924282,10.0
uncertainty,SRCBF,0.5,0.15,bias,11,0.02,0.04,0,arrived,0.149401134779923,10.5
uncertainty,SRCBF,0.5,0.15,bias,11,0.02,0.04,1,arrived,0.21262014092236692,11.0
uncertainty,CAP,0.5,0.15,bias,11,0.02,0.04,0,arrived,0.10337313809512672,10.5
uncertainty,CAP,0.5,0.15,bias,11,0.02,0.04,1,arrived,0.1707684883981858,10.5
uncertainty,SRCBF,0.5,0.15,bias,12,0.02,0.04,0,arrived,0.010440099125946678,7.5
uncertainty,SRCBF,0.5,0.15,bias,12,0.02,0.04,1,arrived,0.07246900282037227,7.5
uncertainty,CAP,0.5,0.15,bias,12,0.02,0.04,0,violation,-0.022983225019707287,2.5
uncertainty,CAP,0.5,0.15,bias,12,0.02,0.04,1,arrived,0.019252080794915916,7.5
uncertainty,SRCBF,0.5,0.15,bias,13,0.02,0.04,0,arrived,0.05807320889029244,7.5
uncertainty,SRCBF,0.5,0.15,bias,13,0.02,0.04,1,arrived,0.11951784962807843,8.0
uncertainty,CAP,0.5,0.15,bias,13,0.02,0.04,0,arrived,0.012441867533372952,7.5
uncertainty,CAP,0.5,0.15,bias,13,0.02,0.04,1,arrived,0.0751666521353408,7.5
uncertainty,SRCBF,0.5,0.15,bias,14,0.02,0.04,0,arrived,0.12454106621380423,12.0
uncertainty,SRCBF,0.5,0.15,bias,14,0.02,0.04,1,arrived,0.18931170663388575,12.0
uncertainty,CAP,0.5,0.15,bias,14,0.02,0.04,0,arrived,0.05935315442894651,11.5
uncertainty,CAP,0.5,0.15,bias,14,0.02,0.04,1,arrived,0.12401326336011997,12.0
uncertainty,SRCBF,0.5,0.15,bias,15,0.02,0.04,0,arrived,0.08142989526264355,8.0
uncertainty,SRCBF,0.5,0.15,bias,15,0.02,0.04,1,arrived,0.1424813929905483,8.0
uncertainty,CAP,0.5,0.15,bias,15,0.02,0.04,0,arrived,0.036283558747800204,8.0
uncertainty,CAP,0.5,0.15,bias,15,0.02,0.04,1,arrived,0.09882080165751861,8.0
uncertainty,SRCBF,0.5,0.15,bias,16,0.02,0.04,0,arrived,0.12585291223589778,14.0
uncertainty,SRCBF,0.5,0.15,bias,16,0.02,0.04,1,arrived,0.19152730215017766,14.5
uncertainty,CAP,0.5,0.15,bias,16,0.02,0.04,0,arrived,0.058352213356472116,13.5
uncertainty,CAP,0.5,0.15,bias,16,0.02,0.04,1,arrived,0.12315220032935448,14.0
uncertainty,SRCBF,0.5,0.15,bias,17,0.02,0.04,0,arrived,0.016514222755303898,9.5
uncertainty,SRCBF,0.5,0.15,bias,17,0.02,0.04,1,arrived,0.08074734490162938,10.0
uncertainty,CAP,0.5,0.15,bias,17,0.02,0.04,0,violation,-0.019182929223145684,2.5
uncertainty,CAP,0.5,0.15,bias,17,0.02,0.04,1,arrived,0.03754194830922386,9.5
uncertainty,SRCBF,0.5,0.15,bias,18,0.02,0.04,0,arrived,0.16148240300036099,9.0
uncertainty,SRCBF,0.5,0.15,bias,18,0.02,0.04,1,arrived,0.2128746269252897,9.0
uncertainty,CAP,0.5,0.15,bias,18,0.02,0.04,0,arrived,0.09053659049649809,8.5
uncertainty,CAP,0.5,0.15,bias,18,0.02,0.04,1,arrived,0.15358295668129485,9.0
uncertainty,SRCBF,0.5,0.15,bias,19,0.02,0.04,0,arrived,0.04223566076081087,7.5
uncertainty,SRCBF,0.5,0.15,bias,19,0.02,0.04,1,arrived,0.1040768934208095,7.5
uncertainty,CAP,0.5,0.15,bias,19,0.02,0.04,0,arrived,0.013260022236302627,7.5
uncertainty,CAP,0.5,0.15,bias,19,0.02,0.04,1,arrived,0.023753615963988062,7.5
uncertainty,SRCBF,0.5,0.15,inward,0,0.02,0.04,0,violation,-0.009286007380051697,3.0
uncertainty,SRCBF,0.5,0.15,inward,0,0.02,0.04,1,arrived,0.05362566076646724,9.5
uncertainty,CAP,0.5,0.15,inward,0,0.02,0.04,0,violation,-0.026869084660178788,2.5
uncertainty,CAP,0.5,0.15,inward,0,0.02,0.04,1,arrived,0.04133393617914094,9.5
uncertainty,SRCBF,0.5,0.15,inward,1,0.02,0.04,0,violation,-0.003852590556754909,2.5
uncertainty,SRCBF,0.5,0.15,inward,1,0.02,0.04,1,arrived,0.05123741075058452,10.0
uncertainty,CAP,0.5,0.15,inward,1,0.02,0.04,0,violation,-0.04071174669671307,2.5
uncertainty,CAP,0.5,0.15,inward,1,0.02,0.04,1,arrived,0.003528310072654195,10.0
uncertainty,SRCBF,0.5,0.15,inward,2,0.02,0.04,0,violation,-0.0005010640896299101,3.0
uncertainty,SRCBF,0.5,0.15,inward,2,0.02,0.04,1,arrived,0.06333019530092387,9.5
uncertainty,CAP,0.5,0.15,inward,2,0.02,0.04,0,violation,-0.03776101998911752,2.5
uncertainty,CAP,0.5,0.15,inward,2,0.02,0.04,1,arrived,0.030294458122622103,9.5
uncertainty,SRCBF,0.5,0.15,inward,3,0.02,0.04,0,violation,-0.00522453082837715,2.5
uncertainty,SRCBF,0.5,0.15,inward,3,0.02,0.04,1,arrived,0.04973844757140011,9.5
uncertainty,CAP,0.5,0.15,inward,3,0.02,0.04,0,violation,-0.04836898940905332,2.5
uncertainty,CAP,0.5,0.15,inward,3,0.02,0.04,1,arrived,0.017076344479956984,9.5
uncertainty,SRCBF,0.5,0.15,inward,4,0.02,0.04,0,violation,-0.005186236799119004,3.0
uncertainty,SRCBF,0.5,0.15,inward,4,0.02,0.04,1,arrived,0.05864737001788578,11.0
uncertainty,CAP,0.5,0.15,inward,4,0.02,0.04,0,violation,-0.03852280116029372,2.5
uncertainty,CAP,0.5,0.15,inward,4,0.02,0.04,1,arrived,0.006754632149519879,10.5
uncertainty,SRCBF,0.5,0.15,inward,5,0.02,0.04,0,violation,-0.010659205072153233,3.0
uncertainty,SRCBF,0.5,0.15,inward,5,0.02,0.04,1,arrived,0.05223956162021259,10.0
uncertainty,CAP,0.5,0.15,inward,5,0.02,0.04,0,violation,-0.036659081768703805,2.5
uncertainty,CAP,0.5,0.15,inward,5,0.02,0.04,1,arrived,0.0027416238364301737,10.0
uncertainty,SRCBF,0.5,0.15,inward,6,0.02,0.04,0,violation,-0.015146386546701973,2.5
uncertainty,SRCBF,0.5,0.15,inward,6,0.02,0.04,1,arrived,0.04181387507530543,9.5
uncertainty,CAP,0.5,0.15,inward,6,0.02,0.04,0,violation,-0.055738984082291054,2.5
uncertainty,CAP,0.5,0.15,inward,6,0.02,0.04,1,arrived,0.004388305198852915,9.5
uncertainty,SRCBF,0.5,0.15,inward,7,0.02,0.04,0,arrived,0.006595222801819123,9.5
uncertainty,SRCBF,0.5,0.15,inward,7,0.02,0.04,1,arrived,0.07076728691651857,10.0
uncertainty,CAP,0.5,0.15,inward,7,0.02,0.04,0,violation,-0.03434619408559769,2.5
uncertainty,CAP,0.5,0.15,inward,7,0.02,0.04,1,arrived,0.0024824376224540368,10.0
uncertainty,SRCBF,0.5,0.15,inward,8,0.02,0.04,0,arrived,0.005205946225639191,9.0
uncertainty,SRCBF,0.5,0.15,inward,8,0.02,0.04,1,arrived,0.06901443318393541,9.5
uncertainty,CAP,0.5,0.15,inward,8,0.02,0.04,0,violation,-0.02961982636471283,2.5
uncertainty,CAP,0.5,0.15,inward,8,0.02,0.04,1,arrived,0.01019446928312584,9.5
uncertainty,SRCBF,0.5,0.15,inward,9,0.02,0.04,0,violation,-0.008837418146493636,2.5
uncertainty,SRCBF,0.5,0.15,inward,9,0.02,0.04,1,arrived,0.04780267517062775,10.0
uncertainty,CAP,0.5,0.15,inward,9,0.02,0.04,0,violation,-0.052801564505885135,2.5
uncertainty,CAP,0.5,0.15,inward,9,0.02,0.04,1,arrived,0.014753274842912112,10.0
uncertainty,SRCBF,0.5,0.15,inward,10,0.02,0.04,0,violation,-0.01157684123643743,3.0
uncertainty,SRCBF,0.5,0.15,inward,10,0.02,0.04,1,arrived,0.05157516694604225,10.5
uncertainty,CAP,0.5,0.15,inward,10,0.02,0.04,0,violation,-0.026460153415781784,2.5
uncertainty,CAP,0.5,0.15,inward,10,0.02,0.04,1,arrived,0.040383860156368745,10.0
uncertainty,SRCBF,0.5,0.15,inward,11,0.02,0.04,0,arrived,0.014730560864574693,9.5
uncertainty,SRCBF,0.5,0.15,inward,11,0.02,0.04,1,arrived,0.07864964604239688,9.5
uncertainty,CAP,0.5,0.15,inward,11,0.02,0.04,0,violation,-0.024323025688686828,2.5
uncertainty,CAP,0.5,0.15,inward,11,0.02,0.04,1,arrived,0.03296314289607949,9.5
uncertainty,SRCBF,0.5,0.15,inward,12,0.02,0.04,0,violation,-0.011506327871859234,2.5
uncertainty,SRCBF,0.5,0.15,inward,12,0.02,0.04,1,arrived,0.04549718329869279,9.5
uncertainty,CAP,0.5,0.15,inward,12,0.02,0.04,0,violation,-0.05112440836361942,2.5
uncertainty,CAP,0.5,0.15,inward,12,0.02,0.04,1,arrived,0.005170476796807044,9.5
uncertainty,SRCBF,0.5,0.15,inward,13,0.02,0.04,0,violation,-0.007515409391249062,2.5
uncertainty,SRCBF,0.5,0.15,inward,13,0.02,0.04,1,arrived,0.048617988973820525,10.5
uncertainty,CAP,0.5,0.15,inward,13,0.02,0.04,0,violation,-0.054058420625751835,2.5
uncertainty,CAP,0.5,0.15,inward,13,0.02,0.04,1,arrived,0.013882161913884028,10.0
uncertainty,SRCBF,0.5,0.15,inward,14,0.02,0.04,0,violation,-0.010827604591615136,2.5
uncertainty,SRCBF,0.5,0.15,inward,14,0.02,0.04,1,arrived,0.04704997717282644,10.0
uncertainty,CAP,0.5,0.15,inward,14,0.02,0.04,0,violation,-0.04932909593333834,2.5
uncertainty,CAP,0.5,0.15,inward,14,0.02,0.04,1,arrived,0.0015960584106277098,10.0
uncertainty,SRCBF,0.5,0.15,inward,15,0.02,0.04,0,violation,-0.011000621865074445,2.5
uncertainty,SRCBF,0.5,0.15,inward,15,0.02,0.04,1,arrived,0.04627398851390074,9.5
uncertainty,CAP,0.5,0.15,inward,15,0.02,0.04,0,violation,-0.05088438659699013,2.5
uncertainty,CAP,0.5,0.15,inward,15,0.02,0.04,1,arrived,0.005304842158033285,9.5
uncertainty,SRCBF,0.5,0.15,inward,16,0.02,0.04,0,violation,-0.014635943179842292,2.5
uncertainty,SRCBF,0.5,0.15,inward,16,0.02,0.04,1,arrived,0.042091220927911954,10.0
uncertainty,CAP,0.5,0.15,inward,16,0.02,0.04,0,violation,-0.057302855713542544,2.5
uncertainty,CAP,0.5,0.15,inward,16,0.02,0.04,1,arrived,0.008513410503201313,10.0
uncertainty,SRCBF,0.5,0.15,inward,17,0.02,0.04,0,violation,-0.017095375572745763,2.5
uncertainty,SRCBF,0.5,0.15,inward,17,0.02,0.04,1,arrived,0.03981755728187608,10.0
uncertainty,CAP,0.5,0.15,inward,17,0.02,0.04,0,violation,-0.05925058622392154,2.5
uncertainty,CAP,0.5,0.15,inward,17,0.02,0.04,1,arrived,0.006095682805393854,10.0
uncertainty,SRCBF,0.5,0.15,inward,18,0.02,0.04,0,arrived,0.002410421225852666,9.5
uncertainty,SRCBF,0.5,0.15,inward,18,0.02,0.04,1,arrived,0.06633299219296362,9.5
uncertainty,CAP,0.5,0.15,inward,18,0.02,0.04,0,violation,-0.030428839976113342,2.5
uncertainty,CAP,0.5,0.15,inward,18,0.02,0.04,1,arrived,0.013459764372203087,9.5
uncertainty,SRCBF,0.5,0.15,inward,19,0.02,0.04,0,violation,-0.004125812755332525,3.0
uncertainty,SRCBF,0.5,0.15,inward,19,0.02,0.04,1,arrived,0.059136706560900865,10.0
uncertainty,CAP,0.5,0.15,inward,19,0.02,0.04,0,violation,-0.030718996130516873,2.5
uncertainty,CAP,0.5,0.15,inward,19,0.02,0.04,1,arrived,0.005190037551219051,10.0
uncertainty,SRCBF,0.5,0.45,bias,0,0.02,0.04,0,arrived,0.05187792561910998,9.0
uncertainty,SRCBF,0.5,0.45,bias,0,0.02,0.04,1,arrived,0.11645730979888935,9.0
uncertainty,CAP,0.5,0.45,bias,0,0.02,0.04,0,arrived,0.022148544651443114,9.0
uncertainty,CAP,0.5,0.45,bias,0,0.02,0.04,1,arrived,0.09100426237243586,9.0
uncertainty,SRCBF,0.5,0.45,bias,1,0.02,0.04,0,arrived,0.07495699722885474,6.5
uncertainty,SRCBF,0.5,0.45,bias,1,0.02,0.04,1,arrived,0.1320983991068453,6.5
uncertainty,CAP,0.5,0.45,bias,1,0.02,0.04,0,arrived,0.03975991718844929,6.5
uncertainty,CAP,0.5,0.45,bias,1,0.02,0.04,1,arrived,0.09464618557216464,6.5
uncertainty,SRCBF,0.5,0.45,bias,2,0.02,0.04,0,arrived,0.08128815708368808,9.0
uncertainty,SRCBF,0.5,0.45,bias,2,0.02,0.04,1,arrived,0.14503802482825456,9.0
uncertainty,CAP,0.5,0.45,bias,2,0.02,0.04,0,arrived,0.031201896995755374,9.0
uncertainty,CAP,0.5,0.45,bias,2,0.02,0.04,1,arrived,0.0955496018368911,9.0
uncertainty,SRCBF,0.5,0.45,bias,3,0.02,0.04,0,arrived,0.03285988515344773,8.0
uncertainty,SRCBF,0.5,0.45,bias,3,0.02,0.04,1,arrived,0.09634562098351696,8.0
uncertainty,CAP,0.5,0.45,bias,3,0.02,0.04,0,violation,-0.006383679130381736,3.0
uncertainty,CAP,0.5,0.45,bias,3,0.02,0.04,1,arrived,0.057773547642486656,8.0
uncertainty,SRCBF,0.5,0.45,bias,4,0.02,0.04,0,arrived,0.1684037666310707,9.5
uncertainty,SRCBF,0.5,0.45,bias,4,0.02,0.04,1,arrived,0.23068122427033688,10.0
uncertainty,CAP,0.5,0.45,bias,4,0.02,0.04,0,arrived,0.10602336700050297,9.5
uncertainty,CAP,0.5,0.45,bias,4,0.02,0.04,1,arrived,0.17214498859125094,9.5
uncertainty,SRCBF,0.5,0.45,bias,5,0.02,0.04,0,arrived,0.17025443305632615,7.0
uncertainty,SRCBF,0.5,0.45,bias,5,0.02,0.04,1,arrived,0.2206614333667518,7.0
uncertainty,CAP,0.5,0.45,bias,5,0.02,0.04,0,arrived,0.10679313154394854,7.0
uncertainty,CAP,0.5,0.45,bias,5,0.02,0.04,1,arrived,0.1679758572443072,7.0
uncertainty,SRCBF,0.5,0.45,bias,6,0.02,0.04,0,arrived,0.08479474512850094,9.5
uncertainty,SRCBF,0.5,0.45,bias,6,0.02,0.04,1,arrived,0.14893972703025382,9.5
uncertainty,CAP,0.5,0.45,bias,6,0.02,0.04,0,arrived,0.030703391703076677,9.5
uncertainty,CAP,0.5,0.45,bias,6,0.02,0.04,1,arrived,0.09516055253634104,9.5
uncertainty,SRCBF,0.5,0.45,bias,7,0.02,0.04,0,arrived,0.13254583382096075,6.5
uncertainty,SRCBF,0.5,0.45,bias,7,0.02,0.04,1,arrived,0.18061005387370965,6.5
uncertainty,CAP,0.5,0.45,bias,7,0.02,0.04,0,arrived,0.09291737305874115,6.5
uncertainty,CAP,0.5,0.45,bias,7,0.02,0.04,1,arrived,0.14944142231452695,6.5
uncertainty,SRCBF,0.5,0.45,bias,8,0.02,0.04,0,arrived,0.07596437662651134,6.5
uncertainty,SRCBF,0.5,0.45,bias,8,0.02,0.04,1,arrived,0.13342605204475144,6.5
uncertainty,CAP,0.5,0.45,bias,8,0.02,0.04,0,arrived,0.04804474781737045,6.5
uncertainty,CAP,0.5,0.45,bias,8,0.02,0.04,1,arrived,0.08976543594966413,6.5
uncertainty,SRCBF,0.5,0.45,bias,9,0.02,0.04,0,arrived,0.07547313560217639,9.0
uncertainty,SRCBF,0.5,0.45,bias,9,0.02,0.04,1,arrived,0.13719886861455932,9.5
uncertainty,CAP,0.5,0.45,bias,9,0.02,0.04,0,arrived,0.015547097928731102,9.0
uncertainty,CAP,0.5,0.45,bias,9,0.02,0.04,1,arrived,0.08008046203468988,9.0
uncertainty,SRCBF,0.5,0.45,bias,10,0.02,0.04,0,arrived,0.025537018892732077,8.5
uncertainty,SRCBF,0.5,0.45,bias,10,0.02,0.04,1,arrived,0.09011606658256488,8.5
uncertainty,CAP,0.5,0.45,bias,10,0.02,0.04,0,arrived,0.00494934446111861,8.0
uncertainty,CAP,0.5,0.45,bias,10,0.02,0.04,1,arrived,0.07153915405414546,8.5
uncertainty,SRCBF,0.5,0.45,bias,11,0.02,0.04,0,arrived,0.18240029625378262,9.5
uncertainty,SRCBF,0.5,0.45,bias,11,0.02,0.04,1,arrived,0.2419708764936488,9.5
uncertainty,CAP,0.5,0.45,bias,11,0.02,0.04,0,arrived,0.12516502384066353,9.0
uncertainty,CAP,0.5,0.45,bias,11,0.02,0.04,1,arrived,0.17803877880149954,9.5
uncertainty,SRCBF,0.5,0.45,bias,12,0.02,0.04,0,arrived,0.08944925122702241,6.5
uncertainty,SRCBF,0.5,0.45,bias,12,0.02,0.04,1,arrived,0.14490646750952507,6.5
uncertainty,CAP,0.5,0.45,bias,12,0.02,0.04,0,arrived,0.050864267192987866,6.5
uncertainty,CAP,0.5,0.45,bias,12,0.02,0.04,1,arrived,0.10770132616214367,6.5
uncertainty,SRCBF,0.5,0.45,bias,13,0.02,0.04,0,arrived,0.13975513358478253,7.0
uncertainty,SRCBF,0.5,0.45,bias,13,0.02,0.04,1,arrived,0.1922401822513773,7.0
uncertainty,CAP,0.5,0.45,bias,13,0.02,0.04,0,arrived,0.08447002010715621,6.5
uncertainty,CAP,0.5,0.45,bias,13,0.02,0.04,1,arrived,0.14420608995349082,7.0
uncertainty,SRCBF,0.5,0.45,bias,14,0.02,0.04,0,arrived,0.09944557922392028,9.5
uncertainty,SRCBF,0.5,0.45,bias,14,0.02,0.04,1,arrived,0.1634462744713009,9.5
uncertainty,CAP,0.5,0.45,bias,14,0.02,0.04,0,arrived,0.043562919083511176,9.5
uncertainty,CAP,0.5,0.45,bias,14,0.02,0.04,1,arrived,0.10817993182713981,9.5
uncertainty,SRCBF,0.5,0.45,bias,15,0.02,0.04,0,arrived,0.1644228608327949,7.0
uncertainty,SRCBF,0.5,0.45,bias,15,0.02,0.04,1,arrived,0.2147070613763975,7.5
uncertainty,CAP,0.5,0.45,bias,15,0.02,0.04,0,arrived,0.10073466885203286,7.0
uncertainty,CAP,0.5,0.45,bias,15,0.02,0.04,1,arrived,0.16129066802773973,7.5
uncertainty,SRCBF,0.5,0.45,bias,16,0.02,0.04,0,arrived,0.13674394815323487,9.5
uncertainty,SRCBF,0.5,0.45,bias,16,0.02,0.04,1,arrived,0.20081162922707851,9.5
uncertainty,CAP,0.5,0.45,bias,16,0.02,0.04,0,arrived,0.05837400151840766,9.0
uncertainty,CAP,0.5,0.45,bias,16,0.02,0.04,1,arrived,0.12264372605497553,9.5
uncertainty,SRCBF,0.5,0.45,bias,17,0.02,0.04,0,arrived,0.001863619612083034,7.5
uncertainty,SRCBF,0.5,0.45,bias,17,0.02,0.04,1,arrived,0.06586978100447993,8.0
uncertainty,CAP,0.5,0.45,bias,17,0.02,0.04,0,violation,-0.025762598656378977,2.5
uncertainty,CAP,0.5,0.45,bias,17,0.02,0.04,1,arrived,0.02802253479035577,7.5
uncertainty,SRCBF,0.5,0.45,bias,18,0.02,0.04,0,arrived,0.22415544612957472,7.5
uncertainty,SRCBF,0.5,0.45,bias,18,0.02,0.04,1,arrived,0.2767996691020358,8.0
uncertainty,CAP,0.5,0.45,bias,18,0.02,0.04,0,arrived,0.13773379432063593,7.5
uncertainty,CAP,0.5,0.45,bias,18,0.02,0.04,1,arrived,0.19932713092320165,7.5
uncertainty,SRCBF,0.5,0.45,bias,19,0.02,0.04,0,arrived,0.11827485229473089,6.5
uncertainty,SRCBF,0.5,0.45,bias,19,0.02,0.04,1,arrived,0.16890506180467846,6.5
uncertainty,CAP,0.5,0.45,bias,19,0.02,0.04,0,arrived,0.08399812249311034,6.5
uncertainty,CAP,0.5,0.45,bias,19,0.02,0.04,1,arrived,0.13611091581445844,6.5
uncertainty,SRCBF,0.5,0.45,inward,0,0.02,0.04,0,arrived,0.03988952698019532,8.5
uncertainty,SRCBF,0.5,0.45,inward,0,0.02,0.04,1,arrived,0.0999678342115623,8.5
uncertainty,CAP,0.5,0.45,inward,0,0.02,0.04,0,arrived,0.012781212710017309,8.5
uncertainty,CAP,0.5,0.45,inward,0,0.02,0.04,1,arrived,0.05535828756590466,8.5
uncertainty,SRCBF,0.5,0.45,inward,1,0.02,0.04,0,arrived,0.017931814207356456,8.0
uncertainty,SRCBF,0.5,0.45,inward,1,0.02,0.04,1,arrived,0.07842527066934546,8.0
uncertainty,CAP,0.5,0.45,inward,1,0.02,0.04,0,violation,-0.007764070864569539,2.5
uncertainty,CAP,0.5,0.45,inward,1,0.02,0.04,1,arrived,0.04700152808680691,8.0
uncertainty,SRCBF,0.5,0.45,inward,2,0.02,0.04,0,arrived,0.04281298709003978,8.5
uncertainty,SRCBF,0.5,0.45,inward,2,0.02,0.04,1,arrived,0.10278288943637504,8.5
uncertainty,CAP,0.5,0.45,inward,2,0.02,0.04,0,arrived,0.00825811509016694,8.5
uncertainty,CAP,0.5,0.45,inward,2,0.02,0.04,1,arrived,0.06419630376869878,8.5
uncertainty,SRCBF,0.5,0.45,inward,3,0.02,0.04,0,arrived,0.027552905344798484,8.0
uncertainty,SRCBF,0.5,0.45,inward,3,0.02,0.04,1,arrived,0.08713888150151428,8.0
uncertainty,CAP,0.5,0.45,inward,3,0.02,0.04,0,violation,-0.004522278237546917,3.0
uncertainty,CAP,0.5,0.45,inward,3,0.02,0.04,1,arrived,0.05695983991530229,8.0
uncertainty,SRCBF,0.5,0.45,inward,4,0.02,0.04,0,arrived,0.03647946017560755,8.5
uncertainty,SRCBF,0.5,0.45,inward,4,0.02,0.04,1,arrived,0.09729829329197281,8.5
uncertainty,CAP,0.5,0.45,inward,4,0.02,0.04,0,arrived,0.013267561717183796,8.5
uncertainty,CAP,0.5,0.45,inward,4,0.02,0.04,1,arrived,0.04252771964132185,8.5
uncertainty,SRCBF,0.5,0.45,inward,5,0.02,0.04,0,arrived,0.027024982171571232,8.0
uncertainty,SRCBF,0.5,0.45,inward,5,0.02,0.04,1,arrived,0.08768695548613914,8.5
uncertainty,CAP,0.5,0.45,inward,5,0.02,0.04,0,arrived,0.002986650468753793,8.0
uncertainty,CAP,0.5,0.45,inward,5,0.02,0.04,1,arrived,0.04733417900376513,8.0
uncertainty,SRCBF,0.5,0.45,inward,6,0.02,0.04,0,arrived,0.015503113187914308,8.5
uncertainty,SRCBF,0.5,0.45,inward,6,0.02,0.04,1,arrived,0.07578462251984674,8.5
uncertainty,CAP,0.5,0.45,inward,6,0.02,0.04,0,violation,-0.011745080858489465,2.5
uncertainty,CAP,0.5,0.45,inward,6,0.02,0.04,1,arrived,0.04417992110055513,8.5
uncertainty,SRCBF,0.5,0.45,inward,7,0.02,0.04,0,arrived,0.04047002275939304,8.5
uncertainty,SRCBF,0.5,0.45,inward,7,0.02,0.04,1,arrived,0.10128109704423294,8.5
uncertainty,CAP,0.5,0.45,inward,7,0.02,0.04,0,arrived,0.016438163078414725,8.0
uncertainty,CAP,0.5,0.45,inward,7,0.02,0.04,1,arrived,0.055576259513386184,8.5
uncertainty,SRCBF,0.5,0.45,inward,8,0.02,0.04,0,arrived,0.04173127301162938,8.0
uncertainty,SRCBF,0.5,0.45,inward,8,0.02,0.04,1,arrived,0.10209171721365529,8.0
uncertainty,CAP,0.5,0.45,inward,8,0.02,0.04,0,arrived,0.01624252442796048,8.0
uncertainty,CAP,0.5,0.45,inward,8,0.02,0.04,1,arrived,0.0645022178226613,8.0
uncertainty,SRCBF,0.5,0.45,inward,9,0.02,0.04,0,arrived,0.02399165722676211,8.5
uncertainty,SRCBF,0.5,0.45,inward,9,0.02,0.04,1,arrived,0.08441292023155922,8.5
uncertainty,CAP,0.5,0.45,inward,9,0.02,0.04,0,violation,-0.0087255999092134,2.5
uncertainty,CAP,0.5,0.45,inward,9,0.02,0.04,1,arrived,0.0414332756304816,8.5
uncertainty,SRCBF,0.5,0.45,inward,10,0.02,0.04,0,arrived,0.029368549067338545,8.5
uncertainty,SRCBF,0.5,0.45,inward,10,0.02,0.04,1,arrived,0.09013509416166121,8.5
uncertainty,CAP,0.5,0.45,inward,10,0.02,0.04,0,arrived,0.0003253328548410428,8.5
uncertainty,CAP,0.5,0.45,inward,10,0.02,0.04,1,arrived,0.05143061620364331,8.5
uncertainty,SRCBF,0.5,0.45,inward,11,0.02,0.04,0,arrived,0.04996382655093634,8.5
uncertainty,SRCBF,0.5,0.45,inward,11,0.02,0.04,1,arrived,0.11016975803437545,8.5
uncertainty,CAP,0.5,0.45,inward,11,0.02,0.04,0,arrived,0.018483125825057067,8.5
uncertainty,CAP,0.5,0.45,inward,11,0.02,0.04,1,arrived,0.0719710766353382,8.5
uncertainty,SRCBF,0.5,0.45,inward,12,0.02,0.04,0,arrived,0.024464739814567205,8.0
uncertainty,SRCBF,0.5,0.45,inward,12,0.02,0.04,1,arrived,0.08417221678854603,8.0
uncertainty,CAP,0.5,0.45,inward,12,0.02,0.04,0,violation,-0.0039643752463305315,2.5
uncertainty,CAP,0.5,0.45,inward,12,0.02,0.04,1,arrived,0.05258326001212155,8.0
uncertainty,SRCBF,0.5,0.45,inward,13,0.02,0.04,0,arrived,0.02409932767652989,8.5
uncertainty,SRCBF,0.5,0.45,inward,13,0.02,0.04,1,arrived,0.08456938144077908,8.5
uncertainty,CAP,0.5,0.45,inward,13,0.02,0.04,0,violation,-0.010503392611541873,2.5
uncertainty,CAP,0.5,0.45,inward,13,0.02,0.04,1,arrived,0.04152525440322685,8.5
uncertainty,SRCBF,0.5,0.45,inward,14,0.02,0.04,0,arrived,0.011267861911726906,8.5
uncertainty,SRCBF,0.5,0.45,inward,14,0.02,0.04,1,arrived,0.0722599871067745,8.5
uncertainty,CAP,0.5,0.45,inward,14,0.02,0.04,0,violation,-0.017570878783948696,2.5
uncertainty,CAP,0.5,0.45,inward,14,0.02,0.04,1,arrived,0.03581127255493677,8.5
uncertainty,SRCBF,0.5,0.45,inward,15,0.02,0.04,0,arrived,0.020869816967089228,8.5
uncertainty,SRCBF,0.5,0.45,inward,15,0.02,0.04,1,arrived,0.08142402340579447,9.0
uncertainty,CAP,0.5,0.45,inward,15,0.02,0.04,0,violation,-0.00520874892718215,2.5
uncertainty,CAP,0.5,0.45,inward,15,0.02,0.04,1,arrived,0.0473619598265439,8.5
uncertainty,SRCBF,0.5,0.45,inward,16,0.02,0.04,0,arrived,0.01274886773931272,8.0
uncertainty,SRCBF,0.5,0.45,inward,16,0.02,0.04,1,arrived,0.07335077252728983,8.0
uncertainty,CAP,0.5,0.45,inward,16,0.02,0.04,0,violation,-0.017293830192081416,2.5
uncertainty,CAP,0.5,0.45,inward,16,0.02,0.04,1,arrived,0.03920671484253502,8.0
uncertainty,SRCBF,0.5,0.45,inward,17,0.02,0.04,0,arrived,0.008486984156738542,8.5
uncertainty,SRCBF,0.5,0.45,inward,17,0.02,0.04,1,arrived,0.06923625035343639,8.5
uncertainty,CAP,0.5,0.45,inward,17,0.02,0.04,0,violation,-0.020387937521490596,2.5
uncertainty,CAP,0.5,0.45,inward,17,0.02,0.04,1,arrived,0.034242383944372734,8.5
uncertainty,SRCBF,0.5,0.45,inward,18,0.02,0.04,0,arrived,0.04459933888411227,8.0
uncertainty,SRCBF,0.5,0.45,inward,18,0.02,0.04,1,arrived,0.10472565085454,8.0
uncertainty,CAP,0.5,0.45,inward,18,0.02,0.04,0,arrived,0.015679286694170957,8.0
uncertainty,CAP,0.5,0.45,inward,18,0.02,0.04,1,arrived,0.06420975787822836,8.0
uncertainty,SRCBF,0.5,0.45,inward,19,0.02,0.04,0,arrived,0.04085015200012598,8.5
uncertainty,SRCBF,0.5,0.45,inward,19,0.02,0.04,1,arrived,0.10088984247777089,8.5
uncertainty,CAP,0.5,0.45,inward,19,0.02,0.04,0,arrived,0.018075163364178803,8.5
uncertainty,CAP,0.5,0.45,inward,19,0.02,0.04,1,arrived,0.0639329844464881,8.5
uncertainty,SRCBF,0.8,0.15,bias,0,0.0,0.0,0,arrived,0.14377174686441463,10.4
uncertainty,SRCBF,0.8,0.15,bias,0,0.0,0.0,1,arrived,0.14377174686441463,10.4
uncertainty,CAP,0.8,0.15,bias,0,0.0,0.0,0,arrived,0.11454876572483097,10.4
uncertainty,CAP,0.8,0.15,bias,0,0.0,0.0,1,arrived,0.11454876572483097,10.4
uncertainty,SRCBF,0.8,0.15,bias,1,0.0,0.0,0,arrived,0.059104193488912826,7.199999999999999
uncertainty,SRCBF,0.8,0.15,bias,1,0.0,0.0,1,arrived,0.059104193488912826,7.199999999999999
uncertainty,CAP,0.8,0.15,bias,1,0.0,0.0,0,arrived,0.027271895603731333,7.199999999999999
uncertainty,CAP,0.8,0.15,bias,1,0.0,0.0,1,arrived,0.027271895603731333,7.199999999999999
uncertainty,SRCBF,0.8,0.15,bias,2,0.0,0.0,0,arrived,0.15140219081107986,11.200000000000001
uncertainty,SRCBF,0.8,0.15,bias,2,0.0,0.0,1,arrived,0.15140219081107986,11.200000000000001
uncertainty,CAP,0.8,0.15,bias,2,0.0,0.0,0,arrived,0.12629108214591256,11.200000000000001
uncertainty,CAP,0.8,0.15,bias,2,0.0,0.0,1,arrived,0.12629108214591256,11.200000000000001
uncertainty,SRCBF,0.8,0.15,bias,3,0.0,0.0,0,arrived,0.11031935846407004,11.200000000000001
uncertainty,SRCBF,0.8,0.15,bias,3,0.0,0.0,1,arrived,0.11031935846407004,11.200000000000001
uncertainty,CAP,0.8,0.15,bias,3,0.0,0.0,0,arrived,0.08852674613405043,10.4
uncertainty,CAP,0.8,0.15,bias,3,0.0,0.0,1,arrived,0.08852674613405043,10.4
uncertainty,SRCBF,0.8,0.15,bias,4,0.0,0.0,0,arrived,0.2185551334809721,11.200000000000001
uncertainty,SRCBF,0.8,0.15,bias,4,0.0,0.0,1,arrived,0.2185551334809721,11.200000000000001
uncertainty,CAP,0.8,0.15,bias,4,0.0,0.0,0,arrived,0.19374969808114517,11.200000000000001
uncertainty,CAP,0.8,0.15,bias,4,0.0,0.0,1,arrived,0.19374969808114517,11.200000000000001
uncertainty,SRCBF,0.8,0.15,bias,5,0.0,0.0,0,arrived,0.15588848395255106,7.999999999999999
uncertainty,SRCBF,0.8,0.15,bias,5,0.0,0.0,1,arrived,0.15588848395255106,7.999999999999999
uncertainty,CAP,0.8,0.15,bias,5,0.0,0.0,0,arrived,0.11190035605341797,7.999999999999999
uncertainty,CAP,0.8,0.15,bias,5,0.0,0.0,1,arrived,0.11190035605341797,7.999999999999999
uncertainty,SRCBF,0.8,0.15,bias,6,0.0,0.0,0,arrived,0.17613674831496462,12.000000000000002
uncertainty,SRCBF,0.8,0.15,bias,6,0.0,0.0,1,arrived,0.17613674831496462,12.000000000000002
uncertainty,CAP,0.8,0.15,bias,6,0.0,0.0,0,arrived,0.1507545083081011,12.000000000000002
uncertainty,CAP,0.8,0.15,bias,6,0.0,0.0,1,arrived,0.1507545083081011,12.000000000000002
uncertainty,SRCBF,0.8,0.15,bias,7,0.0,0.0,0,arrived,0.09337321620268257,7.999999999999999
uncertainty,SRCBF,0.8,0.15,bias,7,0.0,0.0,1,arrived,0.09337321620268257,7.999999999999999
uncertainty,CAP,0.8,0.15,bias,7,0.0,0.0,0,arrived,0.05692397147633488,7.199999999999999
uncertainty,CAP,0.8,0.15,bias,7,0.0,0.0,1,arrived,0.05692397147633488,7.199999999999999
uncertainty,SRCBF,0.8,0.15,bias,8,0.0,0.0,0,arrived,0.041995646605265446,7.999999999999999
uncertainty,SRCBF,0.8,0.15,bias,8,0.0,0.0,1,arrived,0.041995646605265446,7.999999999999999
uncertainty,CAP,0.8,0.15,bias,8,0.0,0.0,0,arrived,0.013790296179478245,7.999999999999999
uncertainty,CAP,0.8,0.15,bias,8,0.0,0.0,1,arrived,0.013790296179478245,7.999999999999999
uncertainty,SRCBF,0.8,0.15,bias,9,0.0,0.0,0,arrived,0.15796646448183538,10.4
uncertainty,SRCBF,0.8,0.15,bias,9,0.0,0.0,1,arrived,0.15796646448183538,10.4
uncertainty,CAP,0.8,0.15,bias,9,0.0,0.0,0,arrived,0.12664100320661265,10.4
uncertainty,CAP,0.8,0.15,bias,9,0.0,0.0,1,arrived,0.12664100320661265,10.4
uncertainty,SRCBF,0.8,0.15,bias,10,0.0,0.0,0,arrived,0.11216182783155593,9.6
uncertainty,SRCBF,0.8,0.15,bias,10,0.0,0.0,1,arrived,0.11216182783155593,9.6
uncertainty,CAP,0.8,0.15,bias,10,0.0,0.0,0,arrived,0.08122972690631358,9.6
uncertainty,CAP,0.8,0.15,bias,10,0.0,0.0,1,arrived,0.08122972690631358,9.6
uncertainty,SRCBF,0.8,0.15,bias,11,0.0,0.0,0,arrived,0.21872783250428807,11.200000000000001
uncertainty,SRCBF,0.8,0.15,bias,11,0.0,0.0,1,arrived,0.21872783250428807,11.200000000000001
uncertainty,CAP,0.8,0.15,bias,11,0.0,0.0,0,arrived,0.1937001759839525,10.4
uncertainty,CAP,0.8,0.15,bias,11,0.0,0.0,1,arrived,0.1937001759839525,10.4
uncertainty,SRCBF,0.8,0.15,bias,12,0.0,0.0,0,arrived,0.0666479433032271,7.199999999999999
uncertainty,SRCBF,0.8,0.15,bias,12,0.0,0.0,1,arrived,0.0666479433032271,7.199999999999999
uncertainty,CAP,0.8,0.15,bias,12,0.0,0.0,0,arrived,0.033555191911147864,7.199999999999999
uncertainty,CAP,0.8,0.15,bias,12,0.0,0.0,1,arrived,0.033555191911147864,7.199999999999999
uncertainty,SRCBF,0.8,0.15,bias,13,0.0,0.0,0,arrived,0.11971376716567772,7.999999999999999
uncertainty,SRCBF,0.8,0.15,bias,13,0.0,0.0,1,arrived,0.11971376716567772,7.999999999999999
uncertainty,CAP,0.8,0.15,bias,13,0.0,0.0,0,arrived,0.08003013140066506,7.999999999999999
uncertainty,CAP,0.8,0.15,bias,13,0.0,0.0,1,arrived,0.08003013140066506,7.999999999999999
uncertainty,SRCBF,0.8,0.15,bias,14,0.0,0.0,0,arrived,0.18636841066809384,12.000000000000002
uncertainty,SRCBF,0.8,0.15,bias,14,0.0,0.0,1,arrived,0.18636841066809384,12.000000000000002
uncertainty,CAP,0.8,0.15,bias,14,0.0,0.0,0,arrived,0.16039043093437433,12.000000000000002
uncertainty,CAP,0.8,0.15,bias,14,0.0,0.0,1,arrived,0.16039043093437433,12.000000000000002
uncertainty,SRCBF,0.8,0.15,bias,15,0.0,0.0,0,arrived,0.15270894889094988,7.999999999999999
uncertainty,SRCBF,0.8,0.15,bias,15,0.0,0.0,1,arrived,0.15270894889094988,7.999999999999999
uncertainty,CAP,0.8,0.15,bias,15,0.0,0.0,0,arrived,0.10920852569988615,7.999999999999999
uncertainty,CAP,0.8,0.15,bias,15,0.0,0.0,1,arrived,0.10920852569988615,7.999999999999999
uncertainty,SRCBF,0.8,0.15,bias,16,0.0,0.0,0,arrived,0.19073231410022362,14.400000000000004
uncertainty,SRCBF,0.8,0.15,bias,16,0.0,0.0,1,arrived,0.19073231410022362,14.400000000000004
uncertainty,CAP,0.8,0.15,bias,16,0.0,0.0,0,arrived,0.17330741486864576,14.400000000000004
uncertainty,CAP,0.8,0.15,bias,16,0.0,0.0,1,arrived,0.17330741486864576,14.400000000000004
uncertainty,SRCBF,0.8,0.15,bias,17,0.0,0.0,0,arrived,0.07216151587811737,9.6
uncertainty,SRCBF,0.8,0.15,bias,17,0.0,0.0,1,arrived,0.07216151587811737,9.6
uncertainty,CAP,0.8,0.15,bias,17,0.0,0.0,0,arrived,0.050709669276607805,9.6
uncertainty,CAP,0.8,0.15,bias,17,0.0,0.0,1,arrived,0.050709669276607805,9.6
uncertainty,SRCBF,0.8,0.15,bias,18,0.0,0.0,0,arrived,0.2164875444547678,8.799999999999999
uncertainty,SRCBF,0.8,0.15,bias,18,0.0,0.0,1,arrived,0.2164875444547678,8.799999999999999
uncertainty,CAP,0.8,0.15,bias,18,0.0,0.0,0,arrived,0.1653550009774717,8.799999999999999
uncertainty,CAP,0.8,0.15,bias,18,0.0,0.0,1,arrived,0.1653550009774717,8.799999999999999
uncertainty,SRCBF,0.8,0.15,bias,19,0.0,0.0,0,arrived,0.0771348270369413,7.199999999999999
uncertainty,SRCBF,0.8,0.15,bias,19,0.0,0.0,1,arrived,0.0771348270369413,7.199999999999999
uncertainty,CAP,0.8,0.15,bias,19,0.0,0.0,0,arrived,0.04269056849063091,7.199999999999999
uncertainty,CAP,0.8,0.15,bias,19,0.0,0.0,1,arrived,0.04269056849063091,7.199999999999999
uncertainty,SRCBF,0.8,0.15,inward,0,0.0,0.0,0,arrived,0.017808067600016186,9.6
uncertainty,SRCBF,0.8,0.15,inward,0,0.0,0.0,1,arrived,0.017808067600016186,9.6
uncertainty,CAP,0.8,0.15,inward,0,0.0,0.0,0,arrived,0.004377180374207312,9.6
uncertainty,CAP,0.8,0.15,inward,0,0.0,0.0,1,arrived,0.004377180374207312,9.6
uncertainty,SRCBF,0.8,0.15,inward,1,0.0,0.0,0,arrived,0.019940184906461655,9.6
uncertainty,SRCBF,0.8,0.15,inward,1,0.0,0.0,1,arrived,0.019940184906461655,9.6
uncertainty,CAP,0.8,0.15,inward,1,0.0,0.0,0,arrived,0.00501514118070534,9.6
uncertainty,CAP,0.8,0.15,inward,1,0.0,0.0,1,arrived,0.00501514118070534,9.6
uncertainty,SRCBF,0.8,0.15,inward,2,0.0,0.0,0,arrived,0.0245453175630993,9.6
uncertainty,SRCBF,0.8,0.15,inward,2,0.0,0.0,1,arrived,0.0245453175630993,9.6
uncertainty,CAP,0.8,0.15,inward,2,0.0,0.0,0,arrived,0.0064077395886026345,9.6
uncertainty,CAP,0.8,0.15,inward,2,0.0,0.0,1,arrived,0.0064077395886026345,9.6
uncertainty,SRCBF,0.8,0.15,inward,3,0.0,0.0,0,arrived,0.028036373086852473,8.799999999999999
uncertainty,SRCBF,0.8,0.15,inward,3,0.0,0.0,1,arrived,0.028036373086852473,8.799999999999999
uncertainty,CAP,0.8,0.15,inward,3,0.0,0.0,0,arrived,0.007476646491833883,8.799999999999999
uncertainty,CAP,0.8,0.15,inward,3,0.0,0.0,1,arrived,0.007476646491833883,8.799999999999999
uncertainty,SRCBF,0.8,0.15,inward,4,0.0,0.0,0,arrived,0.013114512347592644,9.6
uncertainty,SRCBF,0.8,0.15,inward,4,0.0,0.0,1,arrived,0.013114512347592644,9.6
uncertainty,CAP,0.8,0.15,inward,4,0.0,0.0,0,arrived,0.002988845642845961,9.6
uncertainty,CAP,0.8,0.15,inward,4,0.0,0.0,1,arrived,0.002988845642845961,9.6
uncertainty,SRCBF,0.8,0.15,inward,5,0.0,0.0,0,arrived,0.015136880762516514,9.6
uncertainty,SRCBF,0.8,0.15,inward,5,0.0,0.0,1,arrived,0.015136880762516514,9.6
uncertainty,CAP,0.8,0.15,inward,5,0.0,0.0,0,arrived,0.003584222046946084,9.6
uncertainty,CAP,0.8,0.15,inward,5,0.0,0.0,1,arrived,0.003584222046946084,9.6
uncertainty,SRCBF,0.8,0.15,inward,6,0.0,0.0,0,arrived,0.019481535712715048,9.6
uncertainty,SRCBF,0.8,0.15,inward,6,0.0,0.0,1,arrived,0.019481535712715048,9.6
uncertainty,CAP,0.8,0.15,inward,6,0.0,0.0,0,arrived,0.0048775388124487895,9.6
uncertainty,CAP,0.8,0.15,inward,6,0.0,0.0,1,arrived,0.0048775388124487895,9.6
uncertainty,SRCBF,0.8,0.15,inward,7,0.0,0.0,0,arrived,0.01800511414542938,9.6
uncertainty,SRCBF,0.8,0.15,inward,7,0.0,0.0,1,arrived,0.01800511414542938,9.6
uncertainty,CAP,0.8,0.15,inward,7,0.0,0.0,0,arrived,0.0044359557157189755,9.6
uncertainty,CAP,0.8,0.15,inward,7,0.0,0.0,1,arrived,0.0044359557157189755,9.6
uncertainty,SRCBF,0.8,0.15,inward,8,0.0,0.0,0,arrived,0.02330018608815776,9.6
uncertainty,SRCBF,0.8,0.15,inward,8,0.0,0.0,1,arrived,0.02330018608815776,9.6
uncertainty,CAP,0.8,0.15,inward,8,0.0,0.0,0,arrived,0.006029251016876125,9.6
uncertainty,CAP,0.8,0.15,inward,8,0.0,0.0,1,arrived,0.006029251016876125,9.6
uncertainty,SRCBF,0.8,0.15,inward,9,0.0,0.0,0,arrived,0.014161302313481783,9.6
uncertainty,SRCBF,0.8,0.15,inward,9,0.0,0.0,1,arrived,0.014161302313481783,9.6
uncertainty,CAP,0.8,0.15,inward,9,0.0,0.0,0,arrived,0.0032964518726403824,9.6
uncertainty,CAP,0.8,0.15,inward,9,0.0,0.0,1,arrived,0.0032964518726403824,9.6
uncertainty,SRCBF,0.8,0.15,inward,10,0.0,0.0,0,arrived,0.012933064121665061,9.6
uncertainty,SRCBF,0.8,0.15,inward,10,0.0,0.0,1,arrived,0.012933064121665061,9.6
uncertainty,CAP,0.8,0.15,inward,10,0.0,0.0,0,arrived,0.0029356547804951783,9.6
uncertainty,CAP,0.8,0.15,inward,10,0.0,0.0,1,arrived,0.0029356547804951783,9.6
uncertainty,SRCBF,0.8,0.15,inward,11,0.0,0.0,0,arrived,0.02716675097136312,8.799999999999999
uncertainty,SRCBF,0.8,0.15,inward,11,0.0,0.0,1,arrived,0.02716675097136312,8.799999999999999
uncertainty,CAP,0.8,0.15,inward,11,0.0,0.0,0,arrived,0.007209317564806583,8.799999999999999
uncertainty,CAP,0.8,0.15,inward,11,0.0,0.0,1,arrived,0.007209317564806583,8.799999999999999
uncertainty,SRCBF,0.8,0.15,inward,12,0.0,0.0,0,arrived,0.024753584449481725,9.6
uncertainty,SRCBF,0.8,0.15,inward,12,0.0,0.0,1,arrived,0.024753584449481725,9.6
uncertainty,CAP,0.8,0.15,inward,12,0.0,0.0,0,arrived,0.006471188698677355,9.6
uncertainty,CAP,0.8,0.15,inward,12,0.0,0.0,1,arrived,0.006471188698677355,9.6
uncertainty,SRCBF,0.8,0.15,inward,13,0.0,0.0,0,arrived,0.01424146851791086,9.6
uncertainty,SRCBF,0.8,0.15,inward,13,0.0,0.0,1,arrived,0.01424146851791086,9.6
uncertainty,CAP,0.8,0.15,inward,13,0.0,0.0,0,arrived,0.003320059995001512,9.6
uncertainty,CAP,0.8,0.15,inward,13,0.0,0.0,1,arrived,0.003320059995001512,9.6
uncertainty,SRCBF,0.8,0.15,inward,14,0.0,0.0,0,arrived,0.014744210616226328,9.6
uncertainty,SRCBF,0.8,0.15,inward,14,0.0,0.0,1,arrived,0.014744210616226328,9.6
uncertainty,CAP,0.8,0.15,inward,14,0.0,0.0,0,arrived,0.0034682718538207036,9.6
uncertainty,CAP,0.8,0.15,inward,14,0.0,0.0,1,arrived,0.0034682718538207036,9.6
uncertainty,SRCBF,0.8,0.15,inward,15,0.0,0.0,0,arrived,0.016896479168746703,9.6
uncertainty,SRCBF,0.8,0.15,inward,15,0.0,0.0,1,arrived,0.016896479168746703,9.6
uncertainty,CAP,0.8,0.15,inward,15,0.0,0.0,0,arrived,0.004105765708136477,9.6
uncertainty,CAP,0.8,0.15,inward,15,0.0,0.0,1,arrived,0.004105765708136477,9.6
uncertainty,SRCBF,0.8,0.15,inward,16,0.0,0.0,0,arrived,0.01898685987405513,9.6
uncertainty,SRCBF,0.8,0.15,inward,16,0.0,0.0,1,arrived,0.01898685987405513,9.6
uncertainty,CAP,0.8,0.15,inward,16,0.0,0.0,0,arrived,0.0047293527779112,9.6
uncertainty,CAP,0.8,0.15,inward,16,0.0,0.0,1,arrived,0.0047293527779112,9.6
uncertainty,SRCBF,0.8,0.15,inward,17,0.0,0.0,0,arrived,0.014533552945778738,9.6
uncertainty,SRCBF,0.8,0.15,inward,17,0.0,0.0,1,arrived,0.014533552945778738,9.6
uncertainty,CAP,0.8,0.15,inward,17,0.0,0.0,0,arrived,0.003406135239608976,9.6
uncertainty,CAP,0.8,0.15,inward,17,0.0,0.0,1,arrived,0.003406135239608976,9.6
uncertainty,SRCBF,0.8,0.15,inward,18,0.0,0.0,0,arrived,0.02195641159207562,9.6
uncertainty,SRCBF,0.8,0.15,inward,18,0.0,0.0,1,arrived,0.02195641159207562,9.6
uncertainty,CAP,0.8,0.15,inward,18,0.0,0.0,0,arrived,0.005622402948764482,9.6
uncertainty,CAP,0.8,0.15,inward,18,0.0,0.0,1,arrived,0.005622402948764482,9.6
uncertainty,SRCBF,0.8,0.15,inward,19,0.0,0.0,0,arrived,0.02157184521260047,9.6
uncertainty,SRCBF,0.8,0.15,inward,19,0.0,0.0,1,arrived,0.02157184521260047,9.6
uncertainty,CAP,0.8,0.15,inward,19,0.0,0.0,0,arrived,0.005506281016638748,9.6
uncertainty,CAP,0.8,0.15,inward,19,0.0,0.0,1,arrived,0.005506281016638748,9.6
uncertainty,SRCBF,0.8,0.45,bias,0,0.0,0.0,0,arrived,0.1022014424823543,8.799999999999999
uncertainty,SRCBF,0.8,0.45,bias,0,0.0,0.0,1,arrived,0.1022014424823543,8.799999999999999
uncertainty,CAP,0.8,0.45,bias,0,0.0,0.0,0,arrived,0.09049905887910381,8.799999999999999
uncertainty,CAP,0.8,0.45,bias,0,0.0,0.0,1,arrived,0.09049905887910381,8.799999999999999
uncertainty,SRCBF,0.8,0.45,bias,1,0.0,0.0,0,arrived,0.13347601610872062,6.3999999999999995
uncertainty,SRCBF,0.8,0.45,bias,1,0.0,0.0,1,arrived,0.13347601610872062,6.3999999999999995
uncertainty,CAP,0.8,0.45,bias,1,0.0,0.0,0,arrived,0.09520538238173415,6.3999999999999995
uncertainty,CAP,0.8,0.45,bias,1,0.0,0.0,1,arrived,0.09520538238173415,6.3999999999999995
uncertainty,SRCBF,0.8,0.45,bias,2,0.0,0.0,0,arrived,0.1198879246393304,8.799999999999999
uncertainty,SRCBF,0.8,0.45,bias,2,0.0,0.0,1,arrived,0.1198879246393304,8.799999999999999
uncertainty,CAP,0.8,0.45,bias,2,0.0,0.0,0,arrived,0.10662795333519648,8.799999999999999
uncertainty,CAP,0.8,0.45,bias,2,0.0,0.0,1,arrived,0.10662795333519648,8.799999999999999
uncertainty,SRCBF,0.8,0.45,bias,3,0.0,0.0,0,arrived,0.08520344557574377,7.999999999999999
uncertainty,SRCBF,0.8,0.45,bias,3,0.0,0.0,1,arrived,0.08520344557574377,7.999999999999999
uncertainty,CAP,0.8,0.45,bias,3,0.0,0.0,0,arrived,0.07072425615989208,7.999999999999999
uncertainty,CAP,0.8,0.45,bias,3,0.0,0.0,1,arrived,0.07072425615989208,7.999999999999999
uncertainty,SRCBF,0.8,0.45,bias,4,0.0,0.0,0,arrived,0.244924100940499,8.799999999999999
uncertainty,SRCBF,0.8,0.45,bias,4,0.0,0.0,1,arrived,0.244924100940499,8.799999999999999
uncertainty,CAP,0.8,0.45,bias,4,0.0,0.0,0,arrived,0.2056125371433739,8.799999999999999
uncertainty,CAP,0.8,0.45,bias,4,0.0,0.0,1,arrived,0.2056125371433739,8.799999999999999
uncertainty,SRCBF,0.8,0.45,bias,5,0.0,0.0,0,arrived,0.22859329174251308,7.199999999999999
uncertainty,SRCBF,0.8,0.45,bias,5,0.0,0.0,1,arrived,0.22859329174251308,7.199999999999999
uncertainty,CAP,0.8,0.45,bias,5,0.0,0.0,0,arrived,0.18015442961059136,7.199999999999999
uncertainty,CAP,0.8,0.45,bias,5,0.0,0.0,1,arrived,0.18015442961059136,7.199999999999999
uncertainty,SRCBF,0.8,0.45,bias,6,0.0,0.0,0,arrived,0.14836119222563637,9.6
uncertainty,SRCBF,0.8,0.45,bias,6,0.0,0.0,1,arrived,0.14836119222563637,9.6
uncertainty,CAP,0.8,0.45,bias,6,0.0,0.0,0,arrived,0.13305013160807144,9.6
uncertainty,CAP,0.8,0.45,bias,6,0.0,0.0,1,arrived,0.13305013160807144,9.6
uncertainty,SRCBF,0.8,0.45,bias,7,0.0,0.0,0,arrived,0.1718920008024004,6.3999999999999995
uncertainty,SRCBF,0.8,0.45,bias,7,0.0,0.0,1,arrived,0.1718920008024004,6.3999999999999995
uncertainty,CAP,0.8,0.45,bias,7,0.0,0.0,0,arrived,0.13038111720931322,6.3999999999999995
uncertainty,CAP,0.8,0.45,bias,7,0.0,0.0,1,arrived,0.13038111720931322,6.3999999999999995
uncertainty,SRCBF,0.8,0.45,bias,8,0.0,0.0,0,arrived,0.11093722610987644,6.3999999999999995
uncertainty,SRCBF,0.8,0.45,bias,8,0.0,0.0,1,arrived,0.11093722610987644,6.3999999999999995
uncertainty,CAP,0.8,0.45,bias,8,0.0,0.0,0,arrived,0.07401803053192835,6.3999999999999995
uncertainty,CAP,0.8,0.45,bias,8,0.0,0.0,1,arrived,0.07401803053192835,6.3999999999999995
uncertainty,SRCBF,0.8,0.45,bias,9,0.0,0.0,0,arrived,0.11147049570866241,9.6
uncertainty,SRCBF,0.8,0.45,bias,9,0.0,0.0,1,arrived,0.11147049570866241,9.6
uncertainty,CAP,0.8,0.45,bias,9,0.0,0.0,0,arrived,0.1006600868045181,9.6
uncertainty,CAP,0.8,0.45,bias,9,0.0,0.0,1,arrived,0.1006600868045181,9.6
uncertainty,SRCBF,0.8,0.45,bias,10,0.0,0.0,0,arrived,0.0676653964643531,8.799999999999999
uncertainty,SRCBF,0.8,0.45,bias,10,0.0,0.0,1,arrived,0.0676653964643531,8.799999999999999
uncertainty,CAP,0.8,0.45,bias,10,0.0,0.0,0,arrived,0.05774052921909645,8.799999999999999
uncertainty,CAP,0.8,0.45,bias,10,0.0,0.0,1,arrived,0.05774052921909645,8.799999999999999
uncertainty,SRCBF,0.8,0.45,bias,11,0.0,0.0,0,arrived,0.2435541117945521,8.799999999999999
uncertainty,SRCBF,0.8,0.45,bias,11,0.0,0.0,1,arrived,0.2435541117945521,8.799999999999999
uncertainty,CAP,0.8,0.45,bias,11,0.0,0.0,0,arrived,0.20724755765696634,8.799999999999999
uncertainty,CAP,0.8,0.45,bias,11,0.0,0.0,1,arrived,0.20724755765696634,8.799999999999999
uncertainty,SRCBF,0.8,0.45,bias,12,0.0,0.0,0,arrived,0.14283759720756062,6.3999999999999995
uncertainty,SRCBF,0.8,0.45,bias,12,0.0,0.0,1,arrived,0.14283759720756062,6.3999999999999995
uncertainty,CAP,0.8,0.45,bias,12,0.0,0.0,0,arrived,0.10366676491017557,6.3999999999999995
uncertainty,CAP,0.8,0.45,bias,12,0.0,0.0,1,arrived,0.10366676491017557,6.3999999999999995
uncertainty,SRCBF,0.8,0.45,bias,13,0.0,0.0,0,arrived,0.1968588560750164,7.199999999999999
uncertainty,SRCBF,0.8,0.45,bias,13,0.0,0.0,1,arrived,0.1968588560750164,7.199999999999999
uncertainty,CAP,0.8,0.45,bias,13,0.0,0.0,0,arrived,0.15260964896141538,7.199999999999999
uncertainty,CAP,0.8,0.45,bias,13,0.0,0.0,1,arrived,0.15260964896141538,7.199999999999999
uncertainty,SRCBF,0.8,0.45,bias,14,0.0,0.0,0,arrived,0.15878967804988653,9.6
uncertainty,SRCBF,0.8,0.45,bias,14,0.0,0.0,1,arrived,0.15878967804988653,9.6
uncertainty,CAP,0.8,0.45,bias,14,0.0,0.0,0,arrived,0.14371157726842343,9.6
uncertainty,CAP,0.8,0.45,bias,14,0.0,0.0,1,arrived,0.14371157726842343,9.6
uncertainty,SRCBF,0.8,0.45,bias,15,0.0,0.0,0,arrived,0.22646401334303223,7.199999999999999
uncertainty,SRCBF,0.8,0.45,bias,15,0.0,0.0,1,arrived,0.22646401334303223,7.199999999999999
uncertainty,CAP,0.8,0.45,bias,15,0.0,0.0,0,arrived,0.17841598673365056,7.199999999999999
uncertainty,CAP,0.8,0.45,bias,15,0.0,0.0,1,arrived,0.17841598673365056,7.199999999999999
uncertainty,SRCBF,0.8,0.45,bias,16,0.0,0.0,0,arrived,0.20286592215058352,9.6
uncertainty,SRCBF,0.8,0.45,bias,16,0.0,0.0,1,arrived,0.20286592215058352,9.6
uncertainty,CAP,0.8,0.45,bias,16,0.0,0.0,0,arrived,0.17816888797072572,9.6
uncertainty,CAP,0.8,0.45,bias,16,0.0,0.0,1,arrived,0.17816888797072572,9.6
uncertainty,SRCBF,0.8,0.45,bias,17,0.0,0.0,0,arrived,0.055514942184474836,7.999999999999999
uncertainty,SRCBF,0.8,0.45,bias,17,0.0,0.0,1,arrived,0.055514942184474836,7.999999999999999
uncertainty,CAP,0.8,0.45,bias,17,0.0,0.0,0,arrived,0.03657811740473238,7.999999999999999
uncertainty,CAP,0.8,0.45,bias,17,0.0,0.0,1,arrived,0.03657811740473238,7.999999999999999
uncertainty,SRCBF,0.8,0.45,bias,18,0.0,0.0,0,arrived,0.27444826480810436,7.999999999999999
uncertainty,SRCBF,0.8,0.45,bias,18,0.0,0.0,1,arrived,0.27444826480810436,7.999999999999999
uncertainty,CAP,0.8,0.45,bias,18,0.0,0.0,0,arrived,0.21824546271396295,7.999999999999999
uncertainty,CAP,0.8,0.45,bias,18,0.0,0.0,1,arrived,0.21824546271396295,7.999999999999999
uncertainty,SRCBF,0.8,0.45,bias,19,0.0,0.0,0,arrived,0.15483854575555145,6.3999999999999995
uncertainty,SRCBF,0.8,0.45,bias,19,0.0,0.0,1,arrived,0.15483854575555145,6.3999999999999995
uncertainty,CAP,0.8,0.45,bias,19,0.0,0.0,0,arrived,0.11481798731783321,6.3999999999999995
uncertainty,CAP,0.8,0.45,bias,19,0.0,0.0,1,arrived,0.11481798731783321,6.3999999999999995
uncertainty,SRCBF,0.8,0.45,inward,0,0.0,0.0,0,arrived,0.0709734916683128,7.999999999999999
uncertainty,SRCBF,0.8,0.45,inward,0,0.0,0.0,1,arrived,0.0709734916683128,7.999999999999999
uncertainty,CAP,0.8,0.45,inward,0,0.0,0.0,0,arrived,0.03831323098722572,7.999999999999999
uncertainty,CAP,0.8,0.45,inward,0,0.0,0.0,1,arrived,0.03831323098722572,7.999999999999999
uncertainty,SRCBF,0.8,0.45,inward,1,0.0,0.0,0,arrived,0.07271407159594279,7.999999999999999
uncertainty,SRCBF,0.8,0.45,inward,1,0.0,0.0,1,arrived,0.07271407159594279,7.999999999999999
uncertainty,CAP,0.8,0.45,inward,1,0.0,0.0,0,arrived,0.03975189504312027,7.999999999999999
uncertainty,CAP,0.8,0.45,inward,1,0.0,0.0,1,arrived,0.03975189504312027,7.999999999999999
uncertainty,SRCBF,0.8,0.45,inward,2,0.0,0.0,0,arrived,0.07621584530533676,7.999999999999999
uncertainty,SRCBF,0.8,0.45,inward,2,0.0,0.0,1,arrived,0.07621584530533676,7.999999999999999
uncertainty,CAP,0.8,0.45,inward,2,0.0,0.0,0,arrived,0.042638010429863926,7.999999999999999
uncertainty,CAP,0.8,0.45,inward,2,0.0,0.0,1,arrived,0.042638010429863926,7.999999999999999
uncertainty,SRCBF,0.8,0.45,inward,3,0.0,0.0,0,arrived,0.07869194656784773,7.999999999999999
uncertainty,SRCBF,0.8,0.45,inward,3,0.0,0.0,1,arrived,0.07869194656784773,7.999999999999999
uncertainty,CAP,0.8,0.45,inward,3,0.0,0.0,0,arrived,0.0446706102498472,7.999999999999999
uncertainty,CAP,0.8,0.45,inward,3,0.0,0.0,1,arrived,0.0446706102498472,7.999999999999999
uncertainty,SRCBF,0.8,0.45,inward,4,0.0,0.0,0,arrived,0.06675444238877104,7.999999999999999
uncertainty,SRCBF,0.8,0.45,inward,4,0.0,0.0,1,arrived,0.06675444238877104,7.999999999999999
uncertainty,CAP,0.8,0.45,inward,4,0.0,0.0,0,arrived,0.03481856097107927,7.999999999999999
uncertainty,CAP,0.8,0.45,inward,4,0.0,0.0,1,arrived,0.03481856097107927,7.999999999999999
uncertainty,SRCBF,0.8,0.45,inward,5,0.0,0.0,0,arrived,0.06864994838238103,7.999999999999999
uncertainty,SRCBF,0.8,0.45,inward,5,0.0,0.0,1,arrived,0.06864994838238103,7.999999999999999
uncertainty,CAP,0.8,0.45,inward,5,0.0,0.0,0,arrived,0.03638959504090522,7.999999999999999
uncertainty,CAP,0.8,0.45,inward,5,0.0,0.0,1,arrived,0.03638959504090522,7.999999999999999
uncertainty,SRCBF,0.8,0.45,inward,6,0.0,0.0,0,arrived,0.07234700491284152,7.999999999999999
uncertainty,SRCBF,0.8,0.45,inward,6,0.0,0.0,1,arrived,0.07234700491284152,7.999999999999999
uncertainty,CAP,0.8,0.45,inward,6,0.0,0.0,0,arrived,0.03944869672102114,7.999999999999999
uncertainty,CAP,0.8,0.45,inward,6,0.0,0.0,1,arrived,0.03944869672102114,7.999999999999999
uncertainty,SRCBF,0.8,0.45,inward,7,0.0,0.0,0,arrived,0.07113818595508525,7.999999999999999
uncertainty,SRCBF,0.8,0.45,inward,7,0.0,0.0,1,arrived,0.07113818595508525,7.999999999999999
uncertainty,CAP,0.8,0.45,inward,7,0.0,0.0,0,arrived,0.038449454847905185,7.999999999999999
uncertainty,CAP,0.8,0.45,inward,7,0.0,0.0,1,arrived,0.038449454847905185,7.999999999999999
uncertainty,SRCBF,0.8,0.45,inward,8,0.0,0.0,0,arrived,0.0752986719290688,7.999999999999999
uncertainty,SRCBF,0.8,0.45,inward,8,0.0,0.0,1,arrived,0.0752986719290688,7.999999999999999
uncertainty,CAP,0.8,0.45,inward,8,0.0,0.0,0,arrived,0.04188329687290304,7.999999999999999
uncertainty,CAP,0.8,0.45,inward,8,0.0,0.0,1,arrived,0.04188329687290304,7.999999999999999
uncertainty,SRCBF,0.8,0.45,inward,9,0.0,0.0,0,arrived,0.0677525011385558,7.999999999999999
uncertainty,SRCBF,0.8,0.45,inward,9,0.0,0.0,1,arrived,0.0677525011385558,7.999999999999999
uncertainty,CAP,0.8,0.45,inward,9,0.0,0.0,0,arrived,0.03564591141738371,7.999999999999999
uncertainty,CAP,0.8,0.45,inward,9,0.0,0.0,1,arrived,0.03564591141738371,7.999999999999999
uncertainty,SRCBF,0.8,0.45,inward,10,0.0,0.0,0,arrived,0.06657736762312227,7.999999999999999
uncertainty,SRCBF,0.8,0.45,inward,10,0.0,0.0,1,arrived,0.06657736762312227,7.999999999999999
uncertainty,CAP,0.8,0.45,inward,10,0.0,0.0,0,arrived,0.03467175043651227,7.999999999999999
uncertainty,CAP,0.8,0.45,inward,10,0.0,0.0,1,arrived,0.03467175043651227,7.999999999999999
uncertainty,SRCBF,0.8,0.45,inward,11,0.0,0.0,0,arrived,0.07808715326516313,7.999999999999999
uncertainty,SRCBF,0.8,0.45,inward,11,0.0,0.0,1,arrived,0.07808715326516313,7.999999999999999
uncertainty,CAP,0.8,0.45,inward,11,0.0,0.0,0,arrived,0.0441748404801664,7.999999999999999
uncertainty,CAP,0.8,0.45,inward,11,0.0,0.0,1,arrived,0.0441748404801664,7.999999999999999
uncertainty,SRCBF,0.8,0.45,inward,12,0.0,0.0,0,arrived,0.07636737023898332,7.999999999999999
uncertainty,SRCBF,0.8,0.45,inward,12,0.0,0.0,1,arrived,0.07636737023898332,7.999999999999999
uncertainty,CAP,0.8,0.45,inward,12,0.0,0.0,0,arrived,0.042762605458152914,7.999999999999999
uncertainty,CAP,0.8,0.45,inward,12,0.0,0.0,1,arrived,0.042762605458152914,7.999999999999999
uncertainty,SRCBF,0.8,0.45,inward,13,0.0,0.0,0,arrived,0.06782737925036242,7.999999999999999
uncertainty,SRCBF,0.8,0.45,inward,13,0.0,0.0,1,arrived,0.06782737925036242,7.999999999999999
uncertainty,CAP,0.8,0.45,inward,13,0.0,0.0,0,arrived,0.03570797131829573,7.999999999999999
uncertainty,CAP,0.8,0.45,inward,13,0.0,0.0,1,arrived,0.03570797131829573,7.999999999999999
uncertainty,SRCBF,0.8,0.45,inward,14,0.0,0.0,0,arrived,0.06829226033111646,7.999999999999999
uncertainty,SRCBF,0.8,0.45,inward,14,0.0,0.0,1,arrived,0.06829226033111646,7.999999999999999
uncertainty,CAP,0.8,0.45,inward,14,0.0,0.0,0,arrived,0.036093227599327427,7.999999999999999
uncertainty,CAP,0.8,0.45,inward,14,0.0,0.0,1,arrived,0.036093227599327427,7.999999999999999
uncertainty,SRCBF,0.8,0.45,inward,15,0.0,0.0,0,arrived,0.07020033756872313,7.999999999999999
uncertainty,SRCBF,0.8,0.45,inward,15,0.0,0.0,1,arrived,0.07020033756872313,7.999999999999999
uncertainty,CAP,0.8,0.45,inward,15,0.0,0.0,0,arrived,0.03767349000997289,7.999999999999999
uncertainty,CAP,0.8,0.45,inward,15,0.0,0.0,1,arrived,0.03767349000997289,7.999999999999999
uncertainty,SRCBF,0.8,0.45,inward,16,0.0,0.0,0,arrived,0.07194675424493391,7.999999999999999
uncertainty,SRCBF,0.8,0.45,inward,16,0.0,0.0,1,arrived,0.07194675424493391,7.999999999999999
uncertainty,CAP,0.8,0.45,inward,16,0.0,0.0,0,arrived,0.03911796297709902,7.999999999999999
uncertainty,CAP,0.8,0.45,inward,16,0.0,0.0,1,arrived,0.03911796297709902,7.999999999999999
uncertainty,SRCBF,0.8,0.45,inward,17,0.0,0.0,0,arrived,0.06809843793946402,7.999999999999999
uncertainty,SRCBF,0.8,0.45,inward,17,0.0,0.0,1,arrived,0.06809843793946402,7.999999999999999
uncertainty,CAP,0.8,0.45,inward,17,0.0,0.0,0,arrived,0.035932612457875934,7.999999999999999
uncertainty,CAP,0.8,0.45,inward,17,0.0,0.0,1,arrived,0.035932612457875934,7.999999999999999
uncertainty,SRCBF,0.8,0.45,inward,18,0.0,0.0,0,arrived,0.07428554747390659,7.999999999999999
uncertainty,SRCBF,0.8,0.45,inward,18,0.0,0.0,1,arrived,0.07428554747390659,7.999999999999999
uncertainty,CAP,0.8,0.45,inward,18,0.0,0.0,0,arrived,0.0410485904570157,7.999999999999999
uncertainty,CAP,0.8,0.45,inward,18,0.0,0.0,1,arrived,0.0410485904570157,7.999999999999999
uncertainty,SRCBF,0.8,0.45,inward,19,0.0,0.0,0,arrived,0.07399079740073788,7.999999999999999
uncertainty,SRCBF,0.8,0.45,inward,19,0.0,0.0,1,arrived,0.07399079740073788,7.999999999999999
uncertainty,CAP,0.8,0.45,inward,19,0.0,0.0,0,arrived,0.04080555442862788,7.999999999999999
uncertainty,CAP,0.8,0.45,inward,19,0.0,0.0,1,arrived,0.04080555442862788,7.999999999999999
uncertainty,SRCBF,0.8,0.15,bias,0,0.02,0.0,0,arrived,0.15904232694249287,10.4
uncertainty,SRCBF,0.8,0.15,bias,0,0.02,0.0,1,arrived,0.17834677773162522,10.4
uncertainty,CAP,0.8,0.15,bias,0,0.02,0.0,0,arrived,0.12099199792072757,10.4
uncertainty,CAP,0.8,0.15,bias,0,0.02,0.0,1,arrived,0.14088899288135603,10.4
uncertainty,SRCBF,0.8,0.15,bias,1,0.02,0.0,0,arrived,0.058378614882804714,7.999999999999999
uncertainty,SRCBF,0.8,0.15,bias,1,0.02,0.0,1,arrived,0.07630047618259894,7.999999999999999
uncertainty,CAP,0.8,0.15,bias,1,0.02,0.0,0,arrived,0.03750233848161877,7.199999999999999
uncertainty,CAP,0.8,0.15,bias,1,0.02,0.0,1,arrived,0.05669994004276735,7.999999999999999
uncertainty,SRCBF,0.8,0.15,bias,2,0.02,0.0,0,arrived,0.1562540106206759,11.200000000000001
uncertainty,SRCBF,0.8,0.15,bias,2,0.02,0.0,1,arrived,0.17571512651095733,11.200000000000001
uncertainty,CAP,0.8,0.15,bias,2,0.02,0.0,0,arrived,0.12546650072912446,11.200000000000001
uncertainty,CAP,0.8,0.15,bias,2,0.02,0.0,1,arrived,0.14543855294687813,11.200000000000001
uncertainty,SRCBF,0.8,0.15,bias,3,0.02,0.0,0,arrived,0.10271547238616063,10.4
uncertainty,SRCBF,0.8,0.15,bias,3,0.02,0.0,1,arrived,0.12217160691002527,11.200000000000001
uncertainty,CAP,0.8,0.15,bias,3,0.02,0.0,0,arrived,0.06822844404186301,10.4
uncertainty,CAP,0.8,0.15,bias,3,0.02,0.0,1,arrived,0.08818441644790331,10.4
uncertainty,SRCBF,0.8,0.15,bias,4,0.02,0.0,0,arrived,0.2075243140766767,11.200000000000001
uncertainty,SRCBF,0.8,0.15,bias,4,0.02,0.0,1,arrived,0.2271957395663955,11.200000000000001
uncertainty,CAP,0.8,0.15,bias,4,0.02,0.0,0,arrived,0.18144524918912697,11.200000000000001
uncertainty,CAP,0.8,0.15,bias,4,0.02,0.0,1,arrived,0.20124560244935608,11.200000000000001
uncertainty,SRCBF,0.8,0.15,bias,5,0.02,0.0,0,arrived,0.15302430596527028,7.999999999999999
uncertainty,SRCBF,0.8,0.15,bias,5,0.02,0.0,1,arrived,0.1708071993517013,7.999999999999999
uncertainty,CAP,0.8,0.15,bias,5,0.02,0.0,0,arrived,0.11417627006412479,7.999999999999999
uncertainty,CAP,0.8,0.15,bias,5,0.02,0.0,1,arrived,0.13335218957888562,7.999999999999999
uncertainty,SRCBF,0.8,0.15,bias,6,0.02,0.0,0,arrived,0.1575116462071111,12.000000000000002
uncertainty,SRCBF,0.8,0.15,bias,6,0.02,0.0,1,arrived,0.17715966658864157,12.000000000000002
uncertainty,CAP,0.8,0.15,bias,6,0.02,0.0,0,arrived,0.13087392740861314,11.200000000000001
uncertainty,CAP,0.8,0.15,bias,6,0.02,0.0,1,arrived,0.15084102332218663,12.000000000000002
uncertainty,SRCBF,0.8,0.15,bias,7,0.02,0.0,0,arrived,0.09651150773726291,7.199999999999999
uncertainty,SRCBF,0.8,0.15,bias,7,0.02,0.0,1,arrived,0.11429872382505124,7.199999999999999
uncertainty,CAP,0.8,0.15,bias,7,0.02,0.0,0,arrived,0.06832620136431233,7.199999999999999
uncertainty,CAP,0.8,0.15,bias,7,0.02,0.0,1,arrived,0.08747739829261791,7.199999999999999
uncertainty,SRCBF,0.8,0.15,bias,8,0.02,0.0,0,arrived,0.03241541910853385,7.999999999999999
uncertainty,SRCBF,0.8,0.15,bias,8,0.02,0.0,1,arrived,0.05077478524039758,7.999999999999999
uncertainty,CAP,0.8,0.15,bias,8,0.02,0.0,0,arrived,0.007184030563175403,7.199999999999999
uncertainty,CAP,0.8,0.15,bias,8,0.02,0.0,1,arrived,0.026889505552121662,7.999999999999999
uncertainty,SRCBF,0.8,0.15,bias,9,0.02,0.0,0,arrived,0.1501158868737562,10.4
uncertainty,SRCBF,0.8,0.15,bias,9,0.02,0.0,1,arrived,0.16935641757912456,10.4
uncertainty,CAP,0.8,0.15,bias,9,0.02,0.0,0,arrived,0.11312069274787562,10.4
uncertainty,CAP,0.8,0.15,bias,9,0.02,0.0,1,arrived,0.13300383380496505,10.4
uncertainty,SRCBF,0.8,0.15,bias,10,0.02,0.0,0,arrived,0.12477430331688733,9.6
uncertainty,SRCBF,0.8,0.15,bias,10,0.02,0.0,1,arrived,0.14358017418195823,10.4
uncertainty,CAP,0.8,0.15,bias,10,0.02,0.0,0,arrived,0.08073831457549474,9.6
uncertainty,CAP,0.8,0.15,bias,10,0.02,0.0,1,arrived,0.10059223914902538,9.6
uncertainty,SRCBF,0.8,0.15,bias,11,0.02,0.0,0,arrived,0.23020017921886327,10.4
uncertainty,SRCBF,0.8,0.15,bias,11,0.02,0.0,1,arrived,0.2498222087110249,11.200000000000001
uncertainty,CAP,0.8,0.15,bias,11,0.02,0.0,0,arrived,0.17448546670276044,10.4
uncertainty,CAP,0.8,0.15,bias,11,0.02,0.0,1,arrived,0.1944220381095455,10.4
uncertainty,SRCBF,0.8,0.15,bias,12,0.02,0.0,0,arrived,0.06431635253738655,7.199999999999999
uncertainty,SRCBF,0.8,0.15,bias,12,0.02,0.0,1,arrived,0.08221941330468119,7.199999999999999
uncertainty,CAP,0.8,0.15,bias,12,0.02,0.0,0,arrived,0.035623923047020556,7.199999999999999
uncertainty,CAP,0.8,0.15,bias,12,0.02,0.0,1,arrived,0.05497966389563991,7.199999999999999
uncertainty,SRCBF,0.8,0.15,bias,13,0.02,0.0,0,arrived,0.1219717472902172,7.999999999999999
uncertainty,SRCBF,0.8,0.15,bias,13,0.02,0.0,1,arrived,0.13977435680676298,7.999999999999999
uncertainty,CAP,0.8,0.15,bias,13,0.02,0.0,0,arrived,0.07951104840300627,7.999999999999999
uncertainty,CAP,0.8,0.15,bias,13,0.02,0.0,1,arrived,0.09884535165101704,7.999999999999999
uncertainty,SRCBF,0.8,0.15,bias,14,0.02,0.0,0,arrived,0.16880060390683493,12.000000000000002
uncertainty,SRCBF,0.8,0.15,bias,14,0.02,0.0,1,arrived,0.18842228685356555,12.000000000000002
uncertainty,CAP,0.8,0.15,bias,14,0.02,0.0,0,arrived,0.14770432111125098,11.200000000000001
uncertainty,CAP,0.8,0.15,bias,14,0.02,0.0,1,arrived,0.16754561065127305,12.000000000000002
uncertainty,SRCBF,0.8,0.15,bias,15,0.02,0.0,0,arrived,0.15584102435226532,7.999999999999999
uncertainty,SRCBF,0.8,0.15,bias,15,0.02,0.0,1,arrived,0.17357034025603002,7.999999999999999
uncertainty,CAP,0.8,0.15,bias,15,0.02,0.0,0,arrived,0.11585231488723768,7.999999999999999
uncertainty,CAP,0.8,0.15,bias,15,0.02,0.0,1,arrived,0.13502984585650368,7.999999999999999
uncertainty,SRCBF,0.8,0.15,bias,16,0.02,0.0,0,arrived,0.17902749932250062,14.400000000000004
uncertainty,SRCBF,0.8,0.15,bias,16,0.02,0.0,1,arrived,0.19892588924187338,14.400000000000004
uncertainty,CAP,0.8,0.15,bias,16,0.02,0.0,0,arrived,0.15871692056188624,13.600000000000003
uncertainty,CAP,0.8,0.15,bias,16,0.02,0.0,1,arrived,0.17846172892484857,13.600000000000003
uncertainty,SRCBF,0.8,0.15,bias,17,0.02,0.0,0,arrived,0.05966727655739512,9.6
uncertainty,SRCBF,0.8,0.15,bias,17,0.02,0.0,1,arrived,0.07896045187915657,9.6
uncertainty,CAP,0.8,0.15,bias,17,0.02,0.0,0,arrived,0.03327665942669,9.6
uncertainty,CAP,0.8,0.15,bias,17,0.02,0.0,1,arrived,0.05318959352057462,9.6
uncertainty,SRCBF,0.8,0.15,bias,18,0.02,0.0,0,arrived,0.22049753709721687,8.799999999999999
uncertainty,SRCBF,0.8,0.15,bias,18,0.02,0.0,1,arrived,0.23851252002567547,8.799999999999999
uncertainty,CAP,0.8,0.15,bias,18,0.02,0.0,0,arrived,0.1706126603466228,8.799999999999999
uncertainty,CAP,0.8,0.15,bias,18,0.02,0.0,1,arrived,0.19005425937355613,8.799999999999999
uncertainty,SRCBF,0.8,0.15,bias,19,0.02,0.0,0,arrived,0.07232174919495382,7.199999999999999
uncertainty,SRCBF,0.8,0.15,bias,19,0.02,0.0,1,arrived,0.09020927901916342,7.199999999999999
uncertainty,CAP,0.8,0.15,bias,19,0.02,0.0,0,arrived,0.04289468176395428,7.199999999999999
uncertainty,CAP,0.8,0.15,bias,19,0.02,0.0,1,arrived,0.06219654475401504,7.199999999999999
uncertainty,SRCBF,0.8,0.15,inward,0,0.02,0.0,0,arrived,0.03713716048760085,10.4
uncertainty,SRCBF,0.8,0.15,inward,0,0.02,0.0,1,arrived,0.05607360834196806,10.4
uncertainty,CAP,0.8,0.15,inward,0,0.02,0.0,0,arrived,0.008244202688957869,9.6
uncertainty,CAP,0.8,0.15,inward,0,0.02,0.0,1,arrived,0.028149242719349488,10.4
uncertainty,SRCBF,0.8,0.15,inward,1,0.02,0.0,0,arrived,0.0038335946615876137,9.6
uncertainty,SRCBF,0.8,0.15,inward,1,0.02,0.0,1,arrived,0.02292660379348843,9.6
uncertainty,CAP,0.8,0.15,inward,1,0.02,0.0,0,violation,-0.0009680714659007217,3.2
uncertainty,CAP,0.8,0.15,inward,1,0.02,0.0,1,arrived,0.017485249460164165,9.6
uncertainty,SRCBF,0.8,0.15,inward,2,0.02,0.0,0,arrived,0.03561372512426453,9.6
uncertainty,SRCBF,0.8,0.15,inward,2,0.02,0.0,1,arrived,0.05433561597777359,9.6
uncertainty,CAP,0.8,0.15,inward,2,0.02,0.0,0,arrived,0.009015792157677005,9.6
uncertainty,CAP,0.8,0.15,inward,2,0.02,0.0,1,arrived,0.02882337036899396,9.6
uncertainty,SRCBF,0.8,0.15,inward,3,0.02,0.0,0,arrived,0.023973243269176492,8.799999999999999
uncertainty,SRCBF,0.8,0.15,inward,3,0.02,0.0,1,arrived,0.04247403865505839,8.799999999999999
uncertainty,CAP,0.8,0.15,inward,3,0.02,0.0,0,violation,-0.011253421439176181,2.4000000000000004
uncertainty,CAP,0.8,0.15,inward,3,0.02,0.0,1,arrived,0.008534272397106801,8.799999999999999
uncertainty,SRCBF,0.8,0.15,inward,4,0.02,0.0,0,arrived,0.000775798669840122,10.4
uncertainty,SRCBF,0.8,0.15,inward,4,0.02,0.0,1,arrived,0.020071270416221476,10.4
uncertainty,CAP,0.8,0.15,inward,4,0.02,0.0,0,violation,-0.004622451684553552,3.2
uncertainty,CAP,0.8,0.15,inward,4,0.02,0.0,1,arrived,0.014756717828721011,10.4
uncertainty,SRCBF,0.8,0.15,inward,5,0.02,0.0,0,violation,-0.0012227915757916374,3.2
uncertainty,SRCBF,0.8,0.15,inward,5,0.02,0.0,1,arrived,0.017952628059859088,9.6
uncertainty,CAP,0.8,0.15,inward,5,0.02,0.0,0,violation,-0.006113112974296175,3.2
uncertainty,CAP,0.8,0.15,inward,5,0.02,0.0,1,arrived,0.013250432695161907,9.6
uncertainty,SRCBF,0.8,0.15,inward,6,0.02,0.0,0,arrived,0.003673862887187962,9.6
uncertainty,SRCBF,0.8,0.15,inward,6,0.02,0.0,1,arrived,0.022641197937910862,10.4
uncertainty,CAP,0.8,0.15,inward,6,0.02,0.0,0,violation,-0.01432429897237486,2.4000000000000004
uncertainty,CAP,0.8,0.15,inward,6,0.02,0.0,1,arrived,0.005538951938933834,10.4
uncertainty,SRCBF,0.8,0.15,inward,7,0.02,0.0,0,arrived,0.0022809192039071613,9.6
uncertainty,SRCBF,0.8,0.15,inward,7,0.02,0.0,1,arrived,0.021350437047781834,9.6
uncertainty,CAP,0.8,0.15,inward,7,0.02,0.0,0,violation,-0.0036999355766444975,3.2
uncertainty,CAP,0.8,0.15,inward,7,0.02,0.0,1,arrived,0.015425614375956687,9.6
uncertainty,SRCBF,0.8,0.15,inward,8,0.02,0.0,0,arrived,0.01330482363083696,9.6
uncertainty,SRCBF,0.8,0.15,inward,8,0.02,0.0,1,arrived,0.03204372079357076,9.6
uncertainty,CAP,0.8,0.15,inward,8,0.02,0.0,0,violation,-0.0015018936180071218,3.2
uncertainty,CAP,0.8,0.15,inward,8,0.02,0.0,1,arrived,0.018285971622148955,9.6
uncertainty,SRCBF,0.8,0.15,inward,9,0.02,0.0,0,arrived,0.011489966412598362,9.6
uncertainty,SRCBF,0.8,0.15,inward,9,0.02,0.0,1,arrived,0.03068159085172606,9.6
uncertainty,CAP,0.8,0.15,inward,9,0.02,0.0,0,violation,-0.012401445270087352,2.4000000000000004
uncertainty,CAP,0.8,0.15,inward,9,0.02,0.0,1,arrived,0.007523432989268053,9.6
uncertainty,SRCBF,0.8,0.15,inward,10,0.02,0.0,0,arrived,0.028475494309979643,9.6
uncertainty,SRCBF,0.8,0.15,inward,10,0.02,0.0,1,arrived,0.04783676634577183,9.6
uncertainty,CAP,0.8,0.15,inward,10,0.02,0.0,0,violation,-0.0003657480138142821,2.4000000000000004
uncertainty,CAP,0.8,0.15,inward,10,0.02,0.0,1,arrived,0.01957372058115392,9.6
uncertainty,SRCBF,0.8,0.15,inward,11,0.02,0.0,0,arrived,0.026675881392167033,8.799999999999999
uncertainty,SRCBF,0.8,0.15,inward,11,0.02,0.0,1,arrived,0.04501487848582375,8.799999999999999
uncertainty,CAP,0.8,0.15,inward,11,0.02,0.0,0,violation,-0.01167952259963112,2.4000000000000004
uncertainty,CAP,0.8,0.15,inward,11,0.02,0.0,1,arrived,0.00811801378570931,8.799999999999999
uncertainty,SRCBF,0.8,0.15,inward,12,0.02,0.0,0,arrived,0.01018980934264102,9.6
uncertainty,SRCBF,0.8,0.15,inward,12,0.02,0.0,1,arrived,0.028938540289313308,9.6
uncertainty,CAP,0.8,0.15,inward,12,0.02,0.0,0,arrived,0.0028884074046853225,8.799999999999999
uncertainty,CAP,0.8,0.15,inward,12,0.02,0.0,1,arrived,0.02234572916043176,9.6
uncertainty,SRCBF,0.8,0.15,inward,13,0.02,0.0,0,arrived,0.01437146046421034,10.4
uncertainty,SRCBF,0.8,0.15,inward,13,0.02,0.0,1,arrived,0.033325691150870806,10.4
uncertainty,CAP,0.8,0.15,inward,13,0.02,0.0,0,arrived,0.0008908454631179064,10.4
uncertainty,CAP,0.8,0.15,inward,13,0.02,0.0,1,arrived,0.020788027713667834,10.4
uncertainty,SRCBF,0.8,0.15,inward,14,0.02,0.0,0,violation,-0.0030341123191575115,3.2
uncertainty,SRCBF,0.8,0.15,inward,14,0.02,0.0,1,arrived,0.01522165546214782,10.4
uncertainty,CAP,0.8,0.15,inward,14,0.02,0.0,0,violation,-0.010098539638166426,2.4000000000000004
uncertainty,CAP,0.8,0.15,inward,14,0.02,0.0,1,arrived,0.00787092449182547,10.4
uncertainty,SRCBF,0.8,0.15,inward,15,0.02,0.0,0,arrived,0.004278487572867418,9.6
uncertainty,SRCBF,0.8,0.15,inward,15,0.02,0.0,1,arrived,0.023387264316150458,9.6
uncertainty,CAP,0.8,0.15,inward,15,0.02,0.0,0,violation,-0.0004264204570649799,3.2
uncertainty,CAP,0.8,0.15,inward,15,0.02,0.0,1,arrived,0.018927925787346034,9.6
uncertainty,SRCBF,0.8,0.15,inward,16,0.02,0.0,0,arrived,0.004908640600385428,9.6
uncertainty,SRCBF,0.8,0.15,inward,16,0.02,0.0,1,arrived,0.023893286865691032,9.6
uncertainty,CAP,0.8,0.15,inward,16,0.02,0.0,0,violation,-0.0005285447217655559,3.2
uncertainty,CAP,0.8,0.15,inward,16,0.02,0.0,1,arrived,0.019180410613579557,9.6
uncertainty,SRCBF,0.8,0.15,inward,17,0.02,0.0,0,violation,-1.3077298640418178e-05,3.2
uncertainty,SRCBF,0.8,0.15,inward,17,0.02,0.0,1,arrived,0.017486949021868314,9.6
uncertainty,CAP,0.8,0.15,inward,17,0.02,0.0,0,violation,-0.015262195382033661,2.4000000000000004
uncertainty,CAP,0.8,0.15,inward,17,0.02,0.0,1,arrived,0.0045292320487517745,9.6
uncertainty,SRCBF,0.8,0.15,inward,18,0.02,0.0,0,arrived,0.019791417011483237,9.6
uncertainty,SRCBF,0.8,0.15,inward,18,0.02,0.0,1,arrived,0.038654669184218005,9.6
uncertainty,CAP,0.8,0.15,inward,18,0.02,0.0,0,arrived,0.010140364891604414,9.6
uncertainty,CAP,0.8,0.15,inward,18,0.02,0.0,1,arrived,0.02978167205439486,9.6
uncertainty,SRCBF,0.8,0.15,inward,19,0.02,0.0,0,arrived,0.006598646764185978,9.6
uncertainty,SRCBF,0.8,0.15,inward,19,0.02,0.0,1,arrived,0.025445782892408286,9.6
uncertainty,CAP,0.8,0.15,inward,19,0.02,0.0,0,violation,-0.0010792155337927545,3.2
uncertainty,CAP,0.8,0.15,inward,19,0.02,0.0,1,arrived,0.01842866429996526,9.6
uncertainty,SRCBF,0.8,0.45,bias,0,0.02,0.0,0,arrived,0.11243766879723727,9.6
uncertainty,SRCBF,0.8,0.45,bias,0,0.02,0.0,1,arrived,0.13022927648690052,9.6
uncertainty,CAP,0.8,0.45,bias,0,0.02,0.0,0,arrived,0.09477709246914923,9.6
uncertainty,CAP,0.8,0.45,bias,0,0.02,0.0,1,arrived,0.11471788305312769,9.6
uncertainty,SRCBF,0.8,0.45,bias,1,0.02,0.0,0,arrived,0.14312127368484773,6.3999999999999995
uncertainty,SRCBF,0.8,0.45,bias,1,0.02,0.0,1,arrived,0.16004674093742854,6.3999999999999995
uncertainty,CAP,0.8,0.45,bias,1,0.02,0.0,0,arrived,0.10868908502900121,6.3999999999999995
uncertainty,CAP,0.8,0.45,bias,1,0.02,0.0,1,arrived,0.12693420381314946,6.3999999999999995
uncertainty,SRCBF,0.8,0.45,bias,2,0.02,0.0,0,arrived,0.1331966121548518,8.799999999999999
uncertainty,SRCBF,0.8,0.45,bias,2,0.02,0.0,1,arrived,0.15184457044026622,8.799999999999999
uncertainty,CAP,0.8,0.45,bias,2,0.02,0.0,0,arrived,0.11544772694809158,8.799999999999999
uncertainty,CAP,0.8,0.45,bias,2,0.02,0.0,1,arrived,0.13532009733891703,8.799999999999999
uncertainty,SRCBF,0.8,0.45,bias,3,0.02,0.0,0,arrived,0.08715149459032223,8.799999999999999
uncertainty,SRCBF,0.8,0.45,bias,3,0.02,0.0,1,arrived,0.10578289328191981,8.799999999999999
uncertainty,CAP,0.8,0.45,bias,3,0.02,0.0,0,arrived,0.05486781768152449,7.999999999999999
uncertainty,CAP,0.8,0.45,bias,3,0.02,0.0,1,arrived,0.07468860674731048,8.799999999999999
uncertainty,SRCBF,0.8,0.45,bias,4,0.02,0.0,0,arrived,0.23560102457163423,9.6
uncertainty,SRCBF,0.8,0.45,bias,4,0.02,0.0,1,arrived,0.25425103902007473,9.6
uncertainty,CAP,0.8,0.45,bias,4,0.02,0.0,0,arrived,0.20617326976963768,9.6
uncertainty,CAP,0.8,0.45,bias,4,0.02,0.0,1,arrived,0.22540440192297018,9.6
uncertainty,SRCBF,0.8,0.45,bias,5,0.02,0.0,0,arrived,0.23242706044268235,7.199999999999999
uncertainty,SRCBF,0.8,0.45,bias,5,0.02,0.0,1,arrived,0.24937200215124955,7.199999999999999
uncertainty,CAP,0.8,0.45,bias,5,0.02,0.0,0,arrived,0.1869209784486363,7.199999999999999
uncertainty,CAP,0.8,0.45,bias,5,0.02,0.0,1,arrived,0.20512280571096486,7.199999999999999
uncertainty,SRCBF,0.8,0.45,bias,6,0.02,0.0,0,arrived,0.13242733668899076,9.6
uncertainty,SRCBF,0.8,0.45,bias,6,0.02,0.0,1,arrived,0.15096534995125155,9.6
uncertainty,CAP,0.8,0.45,bias,6,0.02,0.0,0,arrived,0.11742208263986842,9.6
uncertainty,CAP,0.8,0.45,bias,6,0.02,0.0,1,arrived,0.1373150927966159,9.6
uncertainty,SRCBF,0.8,0.45,bias,7,0.02,0.0,0,arrived,0.18228983007436872,6.3999999999999995
uncertainty,SRCBF,0.8,0.45,bias,7,0.02,0.0,1,arrived,0.19911758677718694,6.3999999999999995
uncertainty,CAP,0.8,0.45,bias,7,0.02,0.0,0,arrived,0.1444012744910128,6.3999999999999995
uncertainty,CAP,0.8,0.45,bias,7,0.02,0.0,1,arrived,0.16251759766063767,6.3999999999999995
uncertainty,SRCBF,0.8,0.45,bias,8,0.02,0.0,0,arrived,0.09920353451382369,6.3999999999999995
uncertainty,SRCBF,0.8,0.45,bias,8,0.02,0.0,1,arrived,0.11634937002965506,6.3999999999999995
uncertainty,CAP,0.8,0.45,bias,8,0.02,0.0,0,arrived,0.06226447420552672,6.3999999999999995
uncertainty,CAP,0.8,0.45,bias,8,0.02,0.0,1,arrived,0.08079568252808522,6.3999999999999995
uncertainty,SRCBF,0.8,0.45,bias,9,0.02,0.0,0,arrived,0.11153407061425535,9.6
uncertainty,SRCBF,0.8,0.45,bias,9,0.02,0.0,1,arrived,0.13079119817177798,9.6
uncertainty,CAP,0.8,0.45,bias,9,0.02,0.0,0,arrived,0.08788727768972326,9.6
uncertainty,CAP,0.8,0.45,bias,9,0.02,0.0,1,arrived,0.10783924038903336,9.6
uncertainty,SRCBF,0.8,0.45,bias,10,0.02,0.0,0,arrived,0.07961845303365767,8.799999999999999
uncertainty,SRCBF,0.8,0.45,bias,10,0.02,0.0,1,arrived,0.0987183773656698,8.799999999999999
uncertainty,CAP,0.8,0.45,bias,10,0.02,0.0,0,arrived,0.0531666157201236,8.799999999999999
uncertainty,CAP,0.8,0.45,bias,10,0.02,0.0,1,arrived,0.07309193499257183,8.799999999999999
uncertainty,SRCBF,0.8,0.45,bias,11,0.02,0.0,0,arrived,0.25570763834861787,8.799999999999999
uncertainty,SRCBF,0.8,0.45,bias,11,0.02,0.0,1,arrived,0.27425966238307464,8.799999999999999
uncertainty,CAP,0.8,0.45,bias,11,0.02,0.0,0,arrived,0.21190773718846412,8.799999999999999
uncertainty,CAP,0.8,0.45,bias,11,0.02,0.0,1,arrived,0.2126990042502388,8.799999999999999
uncertainty,SRCBF,0.8,0.45,bias,12,0.02,0.0,0,arrived,0.15000515778369705,6.3999999999999995
uncertainty,SRCBF,0.8,0.45,bias,12,0.02,0.0,1,arrived,0.16679281409514457,6.3999999999999995
uncertainty,CAP,0.8,0.45,bias,12,0.02,0.0,0,arrived,0.11234881120921869,6.3999999999999995
uncertainty,CAP,0.8,0.45,bias,12,0.02,0.0,1,arrived,0.13047494900446577,6.3999999999999995
uncertainty,SRCBF,0.8,0.45,bias,13,0.02,0.0,0,arrived,0.20440736396533965,7.199999999999999
uncertainty,SRCBF,0.8,0.45,bias,13,0.02,0.0,1,arrived,0.22131113629999222,7.199999999999999
uncertainty,CAP,0.8,0.45,bias,13,0.02,0.0,0,arrived,0.159552496565046,7.199999999999999
uncertainty,CAP,0.8,0.45,bias,13,0.02,0.0,1,arrived,0.1777866507019603,7.199999999999999
uncertainty,SRCBF,0.8,0.45,bias,14,0.02,0.0,0,arrived,0.14213659071917095,10.4
uncertainty,SRCBF,0.8,0.45,bias,14,0.02,0.0,1,arrived,0.16173706385838948,10.4
uncertainty,CAP,0.8,0.45,bias,14,0.02,0.0,0,arrived,0.1247096904359778,9.6
uncertainty,CAP,0.8,0.45,bias,14,0.02,0.0,1,arrived,0.14440612872649305,10.4
uncertainty,SRCBF,0.8,0.45,bias,15,0.02,0.0,0,arrived,0.2366404109672331,7.199999999999999
uncertainty,SRCBF,0.8,0.45,bias,15,0.02,0.0,1,arrived,0.25354299974029804,7.199999999999999
uncertainty,CAP,0.8,0.45,bias,15,0.02,0.0,0,arrived,0.1902846629031797,7.199999999999999
uncertainty,CAP,0.8,0.45,bias,15,0.02,0.0,1,arrived,0.20847931497699457,7.199999999999999
uncertainty,SRCBF,0.8,0.45,bias,16,0.02,0.0,0,arrived,0.1867939840372086,9.6
uncertainty,SRCBF,0.8,0.45,bias,16,0.02,0.0,1,arrived,0.20586632330929788,9.6
uncertainty,CAP,0.8,0.45,bias,16,0.02,0.0,0,arrived,0.16569737902077342,9.6
uncertainty,CAP,0.8,0.45,bias,16,0.02,0.0,1,arrived,0.1848083749423709,9.6
uncertainty,SRCBF,0.8,0.45,bias,17,0.02,0.0,0,arrived,0.03846174952112136,7.999999999999999
uncertainty,SRCBF,0.8,0.45,bias,17,0.02,0.0,1,arrived,0.05686881075584538,7.999999999999999
uncertainty,CAP,0.8,0.45,bias,17,0.02,0.0,0,arrived,0.016562731407112063,7.999999999999999
uncertainty,CAP,0.8,0.45,bias,17,0.02,0.0,1,arrived,0.0363654239977893,7.999999999999999
uncertainty,SRCBF,0.8,0.45,bias,18,0.02,0.0,0,arrived,0.2772627269946881,7.999999999999999
uncertainty,SRCBF,0.8,0.45,bias,18,0.02,0.0,1,arrived,0.29467085473403287,7.999999999999999
uncertainty,CAP,0.8,0.45,bias,18,0.02,0.0,0,arrived,0.21939661498622942,7.999999999999999
uncertainty,CAP,0.8,0.45,bias,18,0.02,0.0,1,arrived,0.2381508478857397,7.999999999999999
uncertainty,SRCBF,0.8,0.45,bias,19,0.02,0.0,0,arrived,0.1579739494748893,6.3999999999999995
uncertainty,SRCBF,0.8,0.45,bias,19,0.02,0.0,1,arrived,0.17475101954050876,6.3999999999999995
uncertainty,CAP,0.8,0.45,bias,19,0.02,0.0,0,arrived,0.12045621185569189,6.3999999999999995
uncertainty,CAP,0.8,0.45,bias,19,0.02,0.0,1,arrived,0.13852156024324647,6.3999999999999995
uncertainty,SRCBF,0.8,0.45,inward,0,0.02,0.0,0,arrived,0.0725745792783955,7.999999999999999
uncertainty,SRCBF,0.8,0.45,inward,0,0.02,0.0,1,arrived,0.09033649046612557,7.999999999999999
uncertainty,CAP,0.8,0.45,inward,0,0.02,0.0,0,arrived,0.037546327762019716,7.999999999999999
uncertainty,CAP,0.8,0.45,inward,0,0.02,0.0,1,arrived,0.05670033232263205,7.999999999999999
uncertainty,SRCBF,0.8,0.45,inward,1,0.02,0.0,0,arrived,0.07707841147070305,7.999999999999999
uncertainty,SRCBF,0.8,0.45,inward,1,0.02,0.0,1,arrived,0.09448502843790696,7.999999999999999
uncertainty,CAP,0.8,0.45,inward,1,0.02,0.0,0,arrived,0.04984292424789283,7.999999999999999
uncertainty,CAP,0.8,0.45,inward,1,0.02,0.0,1,arrived,0.06855189701164977,7.999999999999999
uncertainty,SRCBF,0.8,0.45,inward,2,0.02,0.0,0,arrived,0.08716493171839723,8.799999999999999
uncertainty,SRCBF,0.8,0.45,inward,2,0.02,0.0,1,arrived,0.10469622160982228,8.799999999999999
uncertainty,CAP,0.8,0.45,inward,2,0.02,0.0,0,arrived,0.05263378848709255,8.799999999999999
uncertainty,CAP,0.8,0.45,inward,2,0.02,0.0,1,arrived,0.07154139677338844,8.799999999999999
uncertainty,SRCBF,0.8,0.45,inward,3,0.02,0.0,0,arrived,0.07134835780460602,7.999999999999999
uncertainty,SRCBF,0.8,0.45,inward,3,0.02,0.0,1,arrived,0.08876858684474997,7.999999999999999
uncertainty,CAP,0.8,0.45,inward,3,0.02,0.0,0,arrived,0.03182507495274234,7.999999999999999
uncertainty,CAP,0.8,0.45,inward,3,0.02,0.0,1,arrived,0.050646891735026345,7.999999999999999
uncertainty,SRCBF,0.8,0.45,inward,4,0.02,0.0,0,arrived,0.06843162285370663,7.999999999999999
uncertainty,SRCBF,0.8,0.45,inward,4,0.02,0.0,1,arrived,0.08595625833310172,7.999999999999999
uncertainty,CAP,0.8,0.45,inward,4,0.02,0.0,0,arrived,0.04227108908662047,7.999999999999999
uncertainty,CAP,0.8,0.45,inward,4,0.02,0.0,1,arrived,0.061091554990563846,7.999999999999999
uncertainty,SRCBF,0.8,0.45,inward,5,0.02,0.0,0,arrived,0.06687459482213953,8.799999999999999
uncertainty,SRCBF,0.8,0.45,inward,5,0.02,0.0,1,arrived,0.08436209961845642,8.799999999999999
uncertainty,CAP,0.8,0.45,inward,5,0.02,0.0,0,arrived,0.0384935564213158,8.799999999999999
uncertainty,CAP,0.8,0.45,inward,5,0.02,0.0,1,arrived,0.057317473216241255,8.799999999999999
uncertainty,SRCBF,0.8,0.45,inward,6,0.02,0.0,0,arrived,0.060181642092574705,7.999999999999999
uncertainty,SRCBF,0.8,0.45,inward,6,0.02,0.0,1,arrived,0.07769592614054543,7.999999999999999
uncertainty,CAP,0.8,0.45,inward,6,0.02,0.0,0,arrived,0.02444959847242678,7.999999999999999
uncertainty,CAP,0.8,0.45,inward,6,0.02,0.0,1,arrived,0.043386379165165634,7.999999999999999
uncertainty,SRCBF,0.8,0.45,inward,7,0.02,0.0,0,arrived,0.07558619292503488,8.799999999999999
uncertainty,SRCBF,0.8,0.45,inward,7,0.02,0.0,1,arrived,0.09299921659656851,8.799999999999999
uncertainty,CAP,0.8,0.45,inward,7,0.02,0.0,0,arrived,0.048554577953277445,8.799999999999999
uncertainty,CAP,0.8,0.45,inward,7,0.02,0.0,1,arrived,0.06727443245782105,8.799999999999999
uncertainty,SRCBF,0.8,0.45,inward,8,0.02,0.0,0,arrived,0.06262682829981014,7.999999999999999
uncertainty,SRCBF,0.8,0.45,inward,8,0.02,0.0,1,arrived,0.08020373483191345,8.799999999999999
uncertainty,CAP,0.8,0.45,inward,8,0.02,0.0,0,arrived,0.029677728938647507,7.999999999999999
uncertainty,CAP,0.8,0.45,inward,8,0.02,0.0,1,arrived,0.04863003351466888,7.999999999999999
uncertainty,SRCBF,0.8,0.45,inward,9,0.02,0.0,0,arrived,0.05838698143214527,7.999999999999999
uncertainty,SRCBF,0.8,0.45,inward,9,0.02,0.0,1,arrived,0.0760381695228236,7.999999999999999
uncertainty,CAP,0.8,0.45,inward,9,0.02,0.0,0,arrived,0.01995939303060923,7.999999999999999
uncertainty,CAP,0.8,0.45,inward,9,0.02,0.0,1,arrived,0.03906266409783887,7.999999999999999
uncertainty,SRCBF,0.8,0.45,inward,10,0.02,0.0,0,arrived,0.06446687003550367,7.999999999999999
uncertainty,SRCBF,0.8,0.45,inward,10,0.02,0.0,1,arrived,0.0822598118185014,7.999999999999999
uncertainty,CAP,0.8,0.45,inward,10,0.02,0.0,0,arrived,0.027962532779092997,7.999999999999999
uncertainty,CAP,0.8,0.45,inward,10,0.02,0.0,1,arrived,0.04716297539314629,7.999999999999999
uncertainty,SRCBF,0.8,0.45,inward,11,0.02,0.0,0,arrived,0.07124291119655324,7.999999999999999
uncertainty,SRCBF,0.8,0.45,inward,11,0.02,0.0,1,arrived,0.08870263581744808,8.799999999999999
uncertainty,CAP,0.8,0.45,inward,11,0.02,0.0,0,arrived,0.03116163058612531,7.999999999999999
uncertainty,CAP,0.8,0.45,inward,11,0.02,0.0,1,arrived,0.05000164612142799,7.999999999999999
uncertainty,SRCBF,0.8,0.45,inward,12,0.02,0.0,0,arrived,0.08037095015577667,7.999999999999999
uncertainty,SRCBF,0.8,0.45,inward,12,0.02,0.0,1,arrived,0.09773675041649565,8.799999999999999
uncertainty,CAP,0.8,0.45,inward,12,0.02,0.0,0,arrived,0.049137485012023974,7.999999999999999
uncertainty,CAP,0.8,0.45,inward,12,0.02,0.0,1,arrived,0.06786895798420156,7.999999999999999
uncertainty,SRCBF,0.8,0.45,inward,13,0.02,0.0,0,arrived,0.07525731788485779,7.999999999999999
uncertainty,SRCBF,0.8,0.45,inward,13,0.02,0.0,1,arrived,0.0929098053646199,7.999999999999999
uncertainty,CAP,0.8,0.45,inward,13,0.02,0.0,0,arrived,0.04131918246836341,7.999999999999999
uncertainty,CAP,0.8,0.45,inward,13,0.02,0.0,1,arrived,0.06038126110861475,7.999999999999999
uncertainty,SRCBF,0.8,0.45,inward,14,0.02,0.0,0,arrived,0.05214830529627079,8.799999999999999
uncertainty,SRCBF,0.8,0.45,inward,14,0.02,0.0,1,arrived,0.06980372694087755,8.799999999999999
uncertainty,CAP,0.8,0.45,inward,14,0.02,0.0,0,arrived,0.018666289259293034,8.799999999999999
uncertainty,CAP,0.8,0.45,inward,14,0.02,0.0,1,arrived,0.03774609224598535,8.799999999999999
uncertainty,SRCBF,0.8,0.45,inward,15,0.02,0.0,0,arrived,0.07599233946174844,7.999999999999999
uncertainty,SRCBF,0.8,0.45,inward,15,0.02,0.0,1,arrived,0.09346124452925464,7.999999999999999
uncertainty,CAP,0.8,0.45,inward,15,0.02,0.0,0,arrived,0.045954843309721216,7.999999999999999
uncertainty,CAP,0.8,0.45,inward,15,0.02,0.0,1,arrived,0.06480143075077816,7.999999999999999
uncertainty,SRCBF,0.8,0.45,inward,16,0.02,0.0,0,arrived,0.06803295443302348,7.999999999999999
uncertainty,SRCBF,0.8,0.45,inward,16,0.02,0.0,1,arrived,0.08554658580170127,7.999999999999999
uncertainty,CAP,0.8,0.45,inward,16,0.02,0.0,0,arrived,0.038903708698754924,7.999999999999999
uncertainty,CAP,0.8,0.45,inward,16,0.02,0.0,1,arrived,0.05773727891005087,7.999999999999999
uncertainty,SRCBF,0.8,0.45,inward,17,0.02,0.0,0,arrived,0.049196607540236026,7.999999999999999
uncertainty,SRCBF,0.8,0.45,inward,17,0.02,0.0,1,arrived,0.06687325822566914,7.999999999999999
uncertainty,CAP,0.8,0.45,inward,17,0.02,0.0,0,arrived,0.015848676989188792,7.999999999999999
uncertainty,CAP,0.8,0.45,inward,17,0.02,0.0,1,arrived,0.034920437631864476,7.999999999999999
uncertainty,SRCBF,0.8,0.45,inward,18,0.02,0.0,0,arrived,0.0784142880193156,8.799999999999999
uncertainty,SRCBF,0.8,0.45,inward,18,0.02,0.0,1,arrived,0.0959702651125025,8.799999999999999
uncertainty,CAP,0.8,0.45,inward,18,0.02,0.0,0,arrived,0.04437519734096973,8.799999999999999
uncertainty,CAP,0.8,0.45,inward,18,0.02,0.0,1,arrived,0.06336744885769663,8.799999999999999
uncertainty,SRCBF,0.8,0.45,inward,19,0.02,0.0,0,arrived,0.0719071064408563,7.999999999999999
uncertainty,SRCBF,0.8,0.45,inward,19,0.02,0.0,1,arrived,0.08931661220991793,7.999999999999999
uncertainty,CAP,0.8,0.45,inward,19,0.02,0.0,0,arrived,0.04243942016929669,7.999999999999999
uncertainty,CAP,0.8,0.45,inward,19,0.02,0.0,1,arrived,0.06117261374160554,7.999999999999999
uncertainty,SRCBF,0.8,0.15,bias,0,0.0,0.04,0,arrived,0.12010713990441568,10.4
uncertainty,SRCBF,0.8,0.15,bias,0,0.0,0.04,1,arrived,0.16513856012314243,10.4
uncertainty,CAP,0.8,0.15,bias,0,0.0,0.04,0,arrived,0.07594435250264231,10.4
uncertainty,CAP,0.8,0.15,bias,0,0.0,0.04,1,arrived,0.12052463215905918,10.4
uncertainty,SRCBF,0.8,0.15,bias,1,0.0,0.04,0,arrived,0.02591463244200909,7.999999999999999
uncertainty,SRCBF,0.8,0.15,bias,1,0.0,0.04,1,arrived,0.06641988425149215,7.999999999999999
uncertainty,CAP,0.8,0.15,bias,1,0.0,0.04,0,violation,-0.014783951529874217,3.2
uncertainty,CAP,0.8,0.15,bias,1,0.0,0.04,1,arrived,0.029014472986616746,7.999999999999999
uncertainty,SRCBF,0.8,0.15,bias,2,0.0,0.04,0,arrived,0.12630831858767766,11.200000000000001
uncertainty,SRCBF,0.8,0.15,bias,2,0.0,0.04,1,arrived,0.17192711544635741,11.200000000000001
uncertainty,CAP,0.8,0.15,bias,2,0.0,0.04,0,arrived,0.08816886932828805,11.200000000000001
uncertainty,CAP,0.8,0.15,bias,2,0.0,0.04,1,arrived,0.13285081811229016,11.200000000000001
uncertainty,SRCBF,0.8,0.15,bias,3,0.0,0.04,0,arrived,0.08655596411325273,10.4
uncertainty,SRCBF,0.8,0.15,bias,3,0.0,0.04,1,arrived,0.13208638534164685,11.200000000000001
uncertainty,CAP,0.8,0.15,bias,3,0.0,0.04,0,arrived,0.048567014778389095,10.4
uncertainty,CAP,0.8,0.15,bias,3,0.0,0.04,1,arrived,0.09324547274326178,11.200000000000001
uncertainty,SRCBF,0.8,0.15,bias,4,0.0,0.04,0,arrived,0.1928710835056343,11.200000000000001
uncertainty,SRCBF,0.8,0.15,bias,4,0.0,0.04,1,arrived,0.23870245301160886,11.200000000000001
uncertainty,CAP,0.8,0.15,bias,4,0.0,0.04,0,arrived,0.15907183562869287,11.200000000000001
uncertainty,CAP,0.8,0.15,bias,4,0.0,0.04,1,arrived,0.20377579512527633,11.200000000000001
uncertainty,SRCBF,0.8,0.15,bias,5,0.0,0.04,0,arrived,0.12600454833658425,7.999999999999999
uncertainty,SRCBF,0.8,0.15,bias,5,0.0,0.04,1,arrived,0.16587368832883742,7.999999999999999
uncertainty,CAP,0.8,0.15,bias,5,0.0,0.04,0,arrived,0.07509049197383999,7.999999999999999
uncertainty,CAP,0.8,0.15,bias,5,0.0,0.04,1,arrived,0.11820087385704048,7.999999999999999
uncertainty,SRCBF,0.8,0.15,bias,6,0.0,0.04,0,arrived,0.14992220458127226,11.200000000000001
uncertainty,SRCBF,0.8,0.15,bias,6,0.0,0.04,1,arrived,0.1957473995138248,12.000000000000002
uncertainty,CAP,0.8,0.15,bias,6,0.0,0.04,0,arrived,0.1137555882099105,11.200000000000001
uncertainty,CAP,0.8,0.15,bias,6,0.0,0.04,1,arrived,0.1584696129283647,12.000000000000002
uncertainty,SRCBF,0.8,0.15,bias,7,0.0,0.04,0,arrived,0.060689760938795634,7.999999999999999
uncertainty,SRCBF,0.8,0.15,bias,7,0.0,0.04,1,arrived,0.10063491699426974,7.999999999999999
uncertainty,CAP,0.8,0.15,bias,7,0.0,0.04,0,arrived,0.01692455759172573,7.999999999999999
uncertainty,CAP,0.8,0.15,bias,7,0.0,0.04,1,arrived,0.060258613987742016,7.999999999999999
uncertainty,SRCBF,0.8,0.15,bias,8,0.0,0.04,0,arrived,0.00996823657354684,7.999999999999999
uncertainty,SRCBF,0.8,0.15,bias,8,0.0,0.04,1,arrived,0.05105112245804799,7.999999999999999
uncertainty,CAP,0.8,0.15,bias,8,0.0,0.04,0,violation,-0.007726752334175413,2.4000000000000004
uncertainty,CAP,0.8,0.15,bias,8,0.0,0.04,1,arrived,0.014887353337451392,7.999999999999999
uncertainty,SRCBF,0.8,0.15,bias,9,0.0,0.04,0,arrived,0.13410427346791132,10.4
uncertainty,SRCBF,0.8,0.15,bias,9,0.0,0.04,1,arrived,0.17903584571316744,10.4
uncertainty,CAP,0.8,0.15,bias,9,0.0,0.04,0,arrived,0.0886463578510821,10.4
uncertainty,CAP,0.8,0.15,bias,9,0.0,0.04,1,arrived,0.13320100612750652,10.4
uncertainty,SRCBF,0.8,0.15,bias,10,0.0,0.04,0,arrived,0.08839406834436137,9.6
uncertainty,SRCBF,0.8,0.15,bias,10,0.0,0.04,1,arrived,0.13140497742494606,9.6
uncertainty,CAP,0.8,0.15,bias,10,0.0,0.04,0,arrived,0.04105780472198106,9.6
uncertainty,CAP,0.8,0.15,bias,10,0.0,0.04,1,arrived,0.08554398824328735,9.6
uncertainty,SRCBF,0.8,0.15,bias,11,0.0,0.04,0,arrived,0.19396178897362182,10.4
uncertainty,SRCBF,0.8,0.15,bias,11,0.0,0.04,1,arrived,0.23956805054508878,11.200000000000001
uncertainty,CAP,0.8,0.15,bias,11,0.0,0.04,0,arrived,0.15949242784751483,10.4
uncertainty,CAP,0.8,0.15,bias,11,0.0,0.04,1,arrived,0.2041664498091058,10.4
uncertainty,SRCBF,0.8,0.15,bias,12,0.0,0.04,0,arrived,0.03338844961555931,7.199999999999999
uncertainty,SRCBF,0.8,0.15,bias,12,0.0,0.04,1,arrived,0.07362629507272778,7.999999999999999
uncertainty,CAP,0.8,0.15,bias,12,0.0,0.04,0,violation,-0.00783496535556416,3.2
uncertainty,CAP,0.8,0.15,bias,12,0.0,0.04,1,arrived,0.03573441715935277,7.199999999999999
uncertainty,SRCBF,0.8,0.15,bias,13,0.0,0.04,0,arrived,0.08806016218384671,7.999999999999999
uncertainty,SRCBF,0.8,0.15,bias,13,0.0,0.04,1,arrived,0.1279352834514057,7.999999999999999
uncertainty,CAP,0.8,0.15,bias,13,0.0,0.04,0,arrived,0.041332939267038515,7.999999999999999
uncertainty,CAP,0.8,0.15,bias,13,0.0,0.04,1,arrived,0.08456724271219507,7.999999999999999
uncertainty,SRCBF,0.8,0.15,bias,14,0.0,0.04,0,arrived,0.1598941589683306,12.000000000000002
uncertainty,SRCBF,0.8,0.15,bias,14,0.0,0.04,1,arrived,0.20573402418402176,12.000000000000002
uncertainty,CAP,0.8,0.15,bias,14,0.0,0.04,0,arrived,0.12383422849485881,11.200000000000001
uncertainty,CAP,0.8,0.15,bias,14,0.0,0.04,1,arrived,0.16854876383449924,12.000000000000002
uncertainty,SRCBF,0.8,0.15,bias,15,0.0,0.04,0,arrived,0.12270804828782089,7.999999999999999
uncertainty,SRCBF,0.8,0.15,bias,15,0.0,0.04,1,arrived,0.1624924787421682,7.999999999999999
uncertainty,CAP,0.8,0.15,bias,15,0.0,0.04,0,arrived,0.07236871018713431,7.999999999999999
uncertainty,CAP,0.8,0.15,bias,15,0.0,0.04,1,arrived,0.1154093462200173,7.999999999999999
uncertainty,SRCBF,0.8,0.15,bias,16,0.0,0.04,0,arrived,0.17569607147084076,15.200000000000005
uncertainty,SRCBF,0.8,0.15,bias,16,0.0,0.04,1,arrived,0.22197406700145117,15.200000000000005
uncertainty,CAP,0.8,0.15,bias,16,0.0,0.04,0,arrived,0.14562577565031898,14.400000000000004
uncertainty,CAP,0.8,0.15,bias,16,0.0,0.04,1,arrived,0.19042551462397816,15.200000000000005
uncertainty,SRCBF,0.8,0.15,bias,17,0.0,0.04,0,arrived,0.050280092357457784,9.6
uncertainty,SRCBF,0.8,0.15,bias,17,0.0,0.04,1,arrived,0.09440161626931098,10.4
uncertainty,CAP,0.8,0.15,bias,17,0.0,0.04,0,arrived,0.008851667966569887,9.6
uncertainty,CAP,0.8,0.15,bias,17,0.0,0.04,1,arrived,0.05345957466804452,9.6
uncertainty,SRCBF,0.8,0.15,bias,18,0.0,0.04,0,arrived,0.18975180653936663,8.799999999999999
uncertainty,SRCBF,0.8,0.15,bias,18,0.0,0.04,1,arrived,0.23024319391225756,8.799999999999999
uncertainty,CAP,0.8,0.15,bias,18,0.0,0.04,0,arrived,0.13136954297047987,8.799999999999999
uncertainty,CAP,0.8,0.15,bias,18,0.0,0.04,1,arrived,0.17466851699069474,8.799999999999999
uncertainty,SRCBF,0.8,0.15,bias,19,0.0,0.04,0,arrived,0.0440074607530907,7.199999999999999
uncertainty,SRCBF,0.8,0.15,bias,19,0.0,0.04,1,arrived,0.08409502757617271,7.999999999999999
uncertainty,CAP,0.8,0.15,bias,19,0.0,0.04,0,arrived,0.0018494448965764576,7.199999999999999
uncertainty,CAP,0.8,0.15,bias,19,0.0,0.04,1,arrived,0.045307416352623364,7.999999999999999
uncertainty,SRCBF,0.8,0.15,inward,0,0.0,0.04,0,violation,-0.00396664322751672,3.2
uncertainty,SRCBF,0.8,0.15,inward,0,0.0,0.04,1,arrived,0.03902642389511313,9.6
uncertainty,CAP,0.8,0.15,inward,0,0.0,0.04,0,violation,-0.017317874422975832,2.4000000000000004
uncertainty,CAP,0.8,0.15,inward,0,0.0,0.04,1,arrived,0.005056549764570595,9.6
uncertainty,SRCBF,0.8,0.15,inward,1,0.0,0.04,0,violation,-0.00273581881021856,3.2
uncertainty,SRCBF,0.8,0.15,inward,1,0.0,0.04,1,arrived,0.03998760555978642,9.6
uncertainty,CAP,0.8,0.15,inward,1,0.0,0.04,0,violation,-0.016549533581853515,2.4000000000000004
uncertainty,CAP,0.8,0.15,inward,1,0.0,0.04,1,arrived,0.005795158069145323,9.6
uncertainty,SRCBF,0.8,0.15,inward,2,0.0,0.04,0,violation,-0.0003193786891014794,3.2
uncertainty,SRCBF,0.8,0.15,inward,2,0.0,0.04,1,arrived,0.041979142164475625,9.6
uncertainty,CAP,0.8,0.15,inward,2,0.0,0.04,0,violation,-0.014859485940619144,2.4000000000000004
uncertainty,CAP,0.8,0.15,inward,2,0.0,0.04,1,arrived,0.007408960087482486,9.6
uncertainty,SRCBF,0.8,0.15,inward,3,0.0,0.04,0,arrived,0.0013926172040831242,8.799999999999999
uncertainty,SRCBF,0.8,0.15,inward,3,0.0,0.04,1,arrived,0.04345413254761654,8.799999999999999
uncertainty,CAP,0.8,0.15,inward,3,0.0,0.04,0,violation,-0.013552320826562214,2.4000000000000004
uncertainty,CAP,0.8,0.15,inward,3,0.0,0.04,1,arrived,0.008649066850962117,8.799999999999999
uncertainty,SRCBF,0.8,0.15,inward,4,0.0,0.04,0,violation,-0.007238710514828051,3.2
uncertainty,SRCBF,0.8,0.15,inward,4,0.0,0.04,1,arrived,0.036689876527395304,9.6
uncertainty,CAP,0.8,0.15,inward,4,0.0,0.04,0,violation,-0.01897294244516179,2.4000000000000004
uncertainty,CAP,0.8,0.15,inward,4,0.0,0.04,1,arrived,0.0034506565275890244,9.6
uncertainty,SRCBF,0.8,0.15,inward,5,0.0,0.04,0,violation,-0.005694947543736006,3.2
uncertainty,SRCBF,0.8,0.15,inward,5,0.0,0.04,1,arrived,0.03775064271140138,9.6
uncertainty,CAP,0.8,0.15,inward,5,0.0,0.04,0,violation,-0.018266469065042146,2.4000000000000004
uncertainty,CAP,0.8,0.15,inward,5,0.0,0.04,1,arrived,0.0041390860869284785,9.6
uncertainty,SRCBF,0.8,0.15,inward,6,0.0,0.04,0,violation,-0.002992549117830867,3.2
uncertainty,SRCBF,0.8,0.15,inward,6,0.0,0.04,1,arrived,0.039783798658037606,9.6
uncertainty,CAP,0.8,0.15,inward,6,0.0,0.04,0,violation,-0.016715604946810014,2.4000000000000004
uncertainty,CAP,0.8,0.15,inward,6,0.0,0.04,1,arrived,0.005635810615714276,9.6
uncertainty,SRCBF,0.8,0.15,inward,7,0.0,0.04,0,violation,-0.003848474121585843,3.2
uncertainty,SRCBF,0.8,0.15,inward,7,0.0,0.04,1,arrived,0.03911690445191085,9.6
uncertainty,CAP,0.8,0.15,inward,7,0.0,0.04,0,violation,-0.017247265108875753,2.4000000000000004
uncertainty,CAP,0.8,0.15,inward,7,0.0,0.04,1,arrived,0.005124579832905818,9.6
uncertainty,SRCBF,0.8,0.15,inward,8,0.0,0.04,0,violation,-0.0009499568496120769,3.2
uncertainty,SRCBF,0.8,0.15,inward,8,0.0,0.04,1,arrived,0.04144791785923296,9.6
uncertainty,CAP,0.8,0.15,inward,8,0.0,0.04,0,violation,-0.01532037976191647,2.4000000000000004
uncertainty,CAP,0.8,0.15,inward,8,0.0,0.04,1,arrived,0.006970146477759953,9.6
uncertainty,SRCBF,0.8,0.15,inward,9,0.0,0.04,0,violation,-0.006405911022628885,3.2
uncertainty,SRCBF,0.8,0.15,inward,9,0.0,0.04,1,arrived,0.03725278876784799,9.6
uncertainty,CAP,0.8,0.15,inward,9,0.0,0.04,0,violation,-0.018608635129557682,2.4000000000000004
uncertainty,CAP,0.8,0.15,inward,9,0.0,0.04,1,arrived,0.003806293787034787,9.6
uncertainty,SRCBF,0.8,0.15,inward,10,0.0,0.04,0,violation,-0.007392067759855125,3.2
uncertainty,SRCBF,0.8,0.15,inward,10,0.0,0.04,1,arrived,0.03658856613772965,9.6
uncertainty,CAP,0.8,0.15,inward,10,0.0,0.04,0,violation,-0.019035772931322525,2.4000000000000004
uncertainty,CAP,0.8,0.15,inward,10,0.0,0.04,1,arrived,0.003389170061401381,9.6
uncertainty,SRCBF,0.8,0.15,inward,11,0.0,0.04,0,arrived,0.0009723087574523559,8.799999999999999
uncertainty,SRCBF,0.8,0.15,inward,11,0.0,0.04,1,arrived,0.04308805130275628,8.799999999999999
uncertainty,CAP,0.8,0.15,inward,11,0.0,0.04,0,violation,-0.013879963362811276,2.4000000000000004
uncertainty,CAP,0.8,0.15,inward,11,0.0,0.04,1,arrived,0.00833880577415147,8.799999999999999
uncertainty,SRCBF,0.8,0.15,inward,12,0.0,0.04,0,violation,-0.0002151269006148704,3.2
uncertainty,SRCBF,0.8,0.15,inward,12,0.0,0.04,1,arrived,0.042067651341488266,9.6
uncertainty,CAP,0.8,0.15,inward,12,0.0,0.04,0,violation,-0.014782117459421484,2.4000000000000004
uncertainty,CAP,0.8,0.15,inward,12,0.0,0.04,1,arrived,0.007482537025729652,9.6
uncertainty,SRCBF,0.8,0.15,inward,13,0.0,0.04,0,violation,-0.0063453570589401265,3.2
uncertainty,SRCBF,0.8,0.15,inward,13,0.0,0.04,1,arrived,0.037294568628211566,9.6
uncertainty,CAP,0.8,0.15,inward,13,0.0,0.04,0,violation,-0.018580611548060455,2.4000000000000004
uncertainty,CAP,0.8,0.15,inward,13,0.0,0.04,1,arrived,0.00383359221565438,9.6
uncertainty,SRCBF,0.8,0.15,inward,14,0.0,0.04,0,violation,-0.005974606813306305,3.2
uncertainty,SRCBF,0.8,0.15,inward,14,0.0,0.04,1,arrived,0.03755290207936646,9.6
uncertainty,CAP,0.8,0.15,inward,14,0.0,0.04,0,violation,-0.018404484447076985,2.4000000000000004
uncertainty,CAP,0.8,0.15,inward,14,0.0,0.04,1,arrived,0.004004984983316806,9.6
uncertainty,SRCBF,0.8,0.15,inward,15,0.0,0.04,0,violation,-0.0045277866296551394,3.2
uncertainty,SRCBF,0.8,0.15,inward,15,0.0,0.04,1,arrived,0.038602292047638875,9.6
uncertainty,CAP,0.8,0.15,inward,15,0.0,0.04,0,violation,-0.017643429968948077,2.4000000000000004
uncertainty,CAP,0.8,0.15,inward,15,0.0,0.04,1,arrived,0.004742445329630862,9.6
uncertainty,SRCBF,0.8,0.15,inward,16,0.0,0.04,0,violation,-0.003273989447145187,3.2
uncertainty,SRCBF,0.8,0.15,inward,16,0.0,0.04,1,arrived,0.03956233338805559,9.6
uncertainty,CAP,0.8,0.15,inward,16,0.0,0.04,0,violation,-0.01689424207769452,2.4000000000000004
uncertainty,CAP,0.8,0.15,inward,16,0.0,0.04,1,arrived,0.005464229356725081,9.6
uncertainty,SRCBF,0.8,0.15,inward,17,0.0,0.04,0,violation,-0.006128129895101475,3.2
uncertainty,SRCBF,0.8,0.15,inward,17,0.0,0.04,1,arrived,0.03744540145572717,9.6
uncertainty,CAP,0.8,0.15,inward,17,0.0,0.04,0,violation,-0.018478364686339788,2.4000000000000004
uncertainty,CAP,0.8,0.15,inward,17,0.0,0.04,1,arrived,0.0039331271970523,9.6
uncertainty,SRCBF,0.8,0.15,inward,18,0.0,0.04,0,violation,-0.0016470779929607104,3.2
uncertainty,SRCBF,0.8,0.15,inward,18,0.0,0.04,1,arrived,0.04086956968676736,9.6
uncertainty,CAP,0.8,0.15,inward,18,0.0,0.04,0,violation,-0.015814553895972083,2.4000000000000004
uncertainty,CAP,0.8,0.15,inward,18,0.0,0.04,1,arrived,0.006498624354075444,9.6
uncertainty,SRCBF,0.8,0.15,inward,19,0.0,0.04,0,violation,-0.0018503566637265711,3.2
uncertainty,SRCBF,0.8,0.15,inward,19,0.0,0.04,1,arrived,0.04070284005241098,9.6
uncertainty,CAP,0.8,0.15,inward,19,0.0,0.04,0,violation,-0.015955349460004875,2.4000000000000004
uncertainty,CAP,0.8,0.15,inward,19,0.0,0.04,1,arrived,0.0063640756614601335,9.6
uncertainty,SRCBF,0.8,0.45,bias,0,0.0,0.04,0,arrived,0.08346886761218242,8.799999999999999
uncertainty,SRCBF,0.8,0.45,bias,0,0.0,0.04,1,arrived,0.1286804305186774,9.6
uncertainty,CAP,0.8,0.45,bias,0,0.0,0.04,0,arrived,0.055459056389471795,8.799999999999999
uncertainty,CAP,0.8,0.45,bias,0,0.0,0.04,1,arrived,0.10008067117064134,9.6
uncertainty,SRCBF,0.8,0.45,bias,1,0.0,0.04,0,arrived,0.10631104483382248,6.3999999999999995
uncertainty,SRCBF,0.8,0.45,bias,1,0.0,0.04,1,arrived,0.14408942694296933,6.3999999999999995
uncertainty,CAP,0.8,0.45,bias,1,0.0,0.04,0,arrived,0.0629519622807232,6.3999999999999995
uncertainty,CAP,0.8,0.45,bias,1,0.0,0.04,1,arrived,0.10373002889072269,6.3999999999999995
uncertainty,SRCBF,0.8,0.45,bias,2,0.0,0.04,0,arrived,0.1012446279535898,8.799999999999999
uncertainty,SRCBF,0.8,0.45,bias,2,0.0,0.04,1,arrived,0.14615662305712762,9.6
uncertainty,CAP,0.8,0.45,bias,2,0.0,0.04,0,arrived,0.07189017245379536,8.799999999999999
uncertainty,CAP,0.8,0.45,bias,2,0.0,0.04,1,arrived,0.11670336506970869,8.799999999999999
uncertainty,SRCBF,0.8,0.45,bias,3,0.0,0.04,0,arrived,0.0671101815363927,7.999999999999999
uncertainty,SRCBF,0.8,0.45,bias,3,0.0,0.04,1,arrived,0.11107697167091579,8.799999999999999
uncertainty,CAP,0.8,0.45,bias,3,0.0,0.04,0,arrived,0.03410510594804561,7.999999999999999
uncertainty,CAP,0.8,0.45,bias,3,0.0,0.04,1,arrived,0.07867888941380707,8.799999999999999
uncertainty,SRCBF,0.8,0.45,bias,4,0.0,0.04,0,arrived,0.22817444562459244,8.799999999999999
uncertainty,SRCBF,0.8,0.45,bias,4,0.0,0.04,1,arrived,0.27094410159196247,8.799999999999999
uncertainty,CAP,0.8,0.45,bias,4,0.0,0.04,0,arrived,0.18357498329543542,8.799999999999999
uncertainty,CAP,0.8,0.45,bias,4,0.0,0.04,1,arrived,0.218777345844694,8.799999999999999
uncertainty,SRCBF,0.8,0.45,bias,5,0.0,0.04,0,arrived,0.20623917492858057,7.199999999999999
uncertainty,SRCBF,0.8,0.45,bias,5,0.0,0.04,1,arrived,0.24418965359040978,7.199999999999999
uncertainty,CAP,0.8,0.45,bias,5,0.0,0.04,0,arrived,0.152953576710803,7.199999999999999
uncertainty,CAP,0.8,0.45,bias,5,0.0,0.04,1,arrived,0.19374116799309615,7.199999999999999
uncertainty,SRCBF,0.8,0.45,bias,6,0.0,0.04,0,arrived,0.130015711771009,9.6
uncertainty,SRCBF,0.8,0.45,bias,6,0.0,0.04,1,arrived,0.1751353761310206,9.6
uncertainty,CAP,0.8,0.45,bias,6,0.0,0.04,0,arrived,0.09993433355366521,9.6
uncertainty,CAP,0.8,0.45,bias,6,0.0,0.04,1,arrived,0.14487871025974497,9.6
uncertainty,SRCBF,0.8,0.45,bias,7,0.0,0.04,0,arrived,0.1469151856877826,6.3999999999999995
uncertainty,SRCBF,0.8,0.45,bias,7,0.0,0.04,1,arrived,0.18444497258459802,6.3999999999999995
uncertainty,CAP,0.8,0.45,bias,7,0.0,0.04,0,arrived,0.1005777776286747,6.3999999999999995
uncertainty,CAP,0.8,0.45,bias,7,0.0,0.04,1,arrived,0.14102870302301496,6.3999999999999995
uncertainty,SRCBF,0.8,0.45,bias,8,0.0,0.04,0,arrived,0.08255705790410373,6.3999999999999995
uncertainty,SRCBF,0.8,0.45,bias,8,0.0,0.04,1,arrived,0.12066776116956601,6.3999999999999995
uncertainty,CAP,0.8,0.45,bias,8,0.0,0.04,0,arrived,0.04028114540300165,6.3999999999999995
uncertainty,CAP,0.8,0.45,bias,8,0.0,0.04,1,arrived,0.08143420490723163,6.3999999999999995
uncertainty,SRCBF,0.8,0.45,bias,9,0.0,0.04,0,arrived,0.09443033351294727,9.6
uncertainty,SRCBF,0.8,0.45,bias,9,0.0,0.04,1,arrived,0.1399296192958529,9.6
uncertainty,CAP,0.8,0.45,bias,9,0.0,0.04,0,arrived,0.06703596324780792,9.6
uncertainty,CAP,0.8,0.45,bias,9,0.0,0.04,1,arrived,0.11170165068783022,9.6
uncertainty,SRCBF,0.8,0.45,bias,10,0.0,0.04,0,arrived,0.04909395703188668,8.799999999999999
uncertainty,SRCBF,0.8,0.45,bias,10,0.0,0.04,1,arrived,0.09395743964541492,8.799999999999999
uncertainty,CAP,0.8,0.45,bias,10,0.0,0.04,0,arrived,0.019351461115047264,8.799999999999999
uncertainty,CAP,0.8,0.45,bias,10,0.0,0.04,1,arrived,0.06392982486786691,8.799999999999999
uncertainty,SRCBF,0.8,0.45,bias,11,0.0,0.04,0,arrived,0.227673658219802,8.799999999999999
uncertainty,SRCBF,0.8,0.45,bias,11,0.0,0.04,1,arrived,0.27006780460971513,8.799999999999999
uncertainty,CAP,0.8,0.45,bias,11,0.0,0.04,0,arrived,0.1979237191656925,8.799999999999999
uncertainty,CAP,0.8,0.45,bias,11,0.0,0.04,1,arrived,0.2177304978391028,8.799999999999999
uncertainty,SRCBF,0.8,0.45,bias,12,0.0,0.04,0,arrived,0.11656580611608924,6.3999999999999995
uncertainty,SRCBF,0.8,0.45,bias,12,0.0,0.04,1,arrived,0.15413378229959096,6.3999999999999995
uncertainty,CAP,0.8,0.45,bias,12,0.0,0.04,0,arrived,0.0724734418511559,6.3999999999999995
uncertainty,CAP,0.8,0.45,bias,12,0.0,0.04,1,arrived,0.11299373871778573,6.3999999999999995
uncertainty,SRCBF,0.8,0.45,bias,13,0.0,0.04,0,arrived,0.17293495684859017,7.199999999999999
uncertainty,SRCBF,0.8,0.45,bias,13,0.0,0.04,1,arrived,0.21062262642988383,7.199999999999999
uncertainty,CAP,0.8,0.45,bias,13,0.0,0.04,0,arrived,0.12384306966100167,7.199999999999999
uncertainty,CAP,0.8,0.45,bias,13,0.0,0.04,1,arrived,0.16442749059721595,7.199999999999999
uncertainty,SRCBF,0.8,0.45,bias,14,0.0,0.04,0,arrived,0.14138853658421446,9.6
uncertainty,SRCBF,0.8,0.45,bias,14,0.0,0.04,1,arrived,0.18663741602465045,9.6
uncertainty,CAP,0.8,0.45,bias,14,0.0,0.04,0,arrived,0.11097255588411925,9.6
uncertainty,CAP,0.8,0.45,bias,14,0.0,0.04,1,arrived,0.15593675254496664,9.6
uncertainty,SRCBF,0.8,0.45,bias,15,0.0,0.04,0,arrived,0.20419172897871962,7.199999999999999
uncertainty,SRCBF,0.8,0.45,bias,15,0.0,0.04,1,arrived,0.24203226502164976,7.199999999999999
uncertainty,CAP,0.8,0.45,bias,15,0.0,0.04,0,arrived,0.15135573899023957,7.199999999999999
uncertainty,CAP,0.8,0.45,bias,15,0.0,0.04,1,arrived,0.19202586841538616,7.199999999999999
uncertainty,SRCBF,0.8,0.45,bias,16,0.0,0.04,0,arrived,0.18420511435852593,9.6
uncertainty,SRCBF,0.8,0.45,bias,16,0.0,0.04,1,arrived,0.22841053355322893,9.6
uncertainty,CAP,0.8,0.45,bias,16,0.0,0.04,0,arrived,0.1453515002769663,8.799999999999999
uncertainty,CAP,0.8,0.45,bias,16,0.0,0.04,1,arrived,0.190167471984944,9.6
uncertainty,SRCBF,0.8,0.45,bias,17,0.0,0.04,0,arrived,0.03496995904053535,7.999999999999999
uncertainty,SRCBF,0.8,0.45,bias,17,0.0,0.04,1,arrived,0.07774890193491146,7.999999999999999
uncertainty,CAP,0.8,0.45,bias,17,0.0,0.04,0,violation,-0.002559825854588027,3.2
uncertainty,CAP,0.8,0.45,bias,17,0.0,0.04,1,arrived,0.04174913608995201,7.999999999999999
uncertainty,SRCBF,0.8,0.45,bias,18,0.0,0.04,0,arrived,0.2537408595362758,7.999999999999999
uncertainty,SRCBF,0.8,0.45,bias,18,0.0,0.04,1,arrived,0.29263441882875374,7.999999999999999
uncertainty,CAP,0.8,0.45,bias,18,0.0,0.04,0,arrived,0.19256746069023767,7.999999999999999
uncertainty,CAP,0.8,0.45,bias,18,0.0,0.04,1,arrived,0.23417795015221632,7.999999999999999
uncertainty,SRCBF,0.8,0.45,bias,19,0.0,0.04,0,arrived,0.12910560056520426,6.3999999999999995
uncertainty,SRCBF,0.8,0.45,bias,19,0.0,0.04,1,arrived,0.16662701307744654,6.3999999999999995
uncertainty,CAP,0.8,0.45,bias,19,0.0,0.04,0,arrived,0.08421927132999985,6.3999999999999995
uncertainty,CAP,0.8,0.45,bias,19,0.0,0.04,1,arrived,0.12467959886485414,6.3999999999999995
uncertainty,SRCBF,0.8,0.45,inward,0,0.0,0.04,0,arrived,0.041542790623892545,7.999999999999999
uncertainty,SRCBF,0.8,0.45,inward,0,0.0,0.04,1,arrived,0.0810970378877528,7.999999999999999
uncertainty,CAP,0.8,0.45,inward,0,0.0,0.04,0,arrived,0.0022314372313760877,7.999999999999999
uncertainty,CAP,0.8,0.45,inward,0,0.0,0.04,1,arrived,0.04474684619275149,7.999999999999999
uncertainty,SRCBF,0.8,0.45,inward,1,0.0,0.04,0,arrived,0.043480993672489476,7.999999999999999
uncertainty,SRCBF,0.8,0.45,inward,1,0.0,0.04,1,arrived,0.08295889652790611,7.999999999999999
uncertainty,CAP,0.8,0.45,inward,1,0.0,0.04,0,arrived,0.003978705752815892,7.999999999999999
uncertainty,CAP,0.8,0.45,inward,1,0.0,0.04,1,arrived,0.046416030183271895,7.999999999999999
uncertainty,SRCBF,0.8,0.45,inward,2,0.0,0.04,0,arrived,0.04739297733207071,7.999999999999999
uncertainty,SRCBF,0.8,0.45,inward,2,0.0,0.04,1,arrived,0.08672013374005927,7.999999999999999
uncertainty,CAP,0.8,0.45,inward,2,0.0,0.04,0,arrived,0.007478851918534923,7.999999999999999
uncertainty,CAP,0.8,0.45,inward,2,0.0,0.04,1,arrived,0.04975807240266694,7.999999999999999
uncertainty,SRCBF,0.8,0.45,inward,3,0.0,0.04,0,arrived,0.05016761757594557,7.999999999999999
uncertainty,SRCBF,0.8,0.45,inward,3,0.0,0.04,1,arrived,0.08939037312236475,7.999999999999999
uncertainty,CAP,0.8,0.45,inward,3,0.0,0.04,0,arrived,0.009940590355227763,7.999999999999999
uncertainty,CAP,0.8,0.45,inward,3,0.0,0.04,1,arrived,0.052107549942695064,7.999999999999999
uncertainty,SRCBF,0.8,0.45,inward,4,0.0,0.04,0,arrived,0.0368664354542767,7.999999999999999
uncertainty,SRCBF,0.8,0.45,inward,4,0.0,0.04,1,arrived,0.076609915182272,7.999999999999999
uncertainty,CAP,0.8,0.45,inward,4,0.0,0.04,0,violation,-0.002021885281452307,3.2
uncertainty,CAP,0.8,0.45,inward,4,0.0,0.04,1,arrived,0.04068049227683479,7.999999999999999
uncertainty,SRCBF,0.8,0.45,inward,5,0.0,0.04,0,arrived,0.03896320733546221,7.999999999999999
uncertainty,SRCBF,0.8,0.45,inward,5,0.0,0.04,1,arrived,0.07862091325830722,7.999999999999999
uncertainty,CAP,0.8,0.45,inward,5,0.0,0.04,0,violation,-0.00010803910891776791,3.2
uncertainty,CAP,0.8,0.45,inward,5,0.0,0.04,1,arrived,0.04251082221376379,7.999999999999999
uncertainty,SRCBF,0.8,0.45,inward,6,0.0,0.04,0,arrived,0.04307187158974446,7.999999999999999
uncertainty,SRCBF,0.8,0.45,inward,6,0.0,0.04,1,arrived,0.08256579433852596,7.999999999999999
uncertainty,CAP,0.8,0.45,inward,6,0.0,0.04,0,arrived,0.0036106233538960586,7.999999999999999
uncertainty,CAP,0.8,0.45,inward,6,0.0,0.04,1,arrived,0.046064449288703346,7.999999999999999
uncertainty,SRCBF,0.8,0.45,inward,7,0.0,0.04,0,arrived,0.04172598317093679,7.999999999999999
uncertainty,SRCBF,0.8,0.45,inward,7,0.0,0.04,1,arrived,0.08127296505571646,7.999999999999999
uncertainty,CAP,0.8,0.45,inward,7,0.0,0.04,0,arrived,0.0023969642779929634,7.999999999999999
uncertainty,CAP,0.8,0.45,inward,7,0.0,0.04,1,arrived,0.0449050037759664,7.999999999999999
uncertainty,SRCBF,0.8,0.45,inward,8,0.0,0.04,0,arrived,0.0463668946137441,7.999999999999999
uncertainty,SRCBF,0.8,0.45,inward,8,0.0,0.04,1,arrived,0.08573317642284284,7.999999999999999
uncertainty,CAP,0.8,0.45,inward,8,0.0,0.04,0,arrived,0.006564150744109987,7.999999999999999
uncertainty,CAP,0.8,0.45,inward,8,0.0,0.04,1,arrived,0.048884878454964587,7.999999999999999
uncertainty,SRCBF,0.8,0.45,inward,9,0.0,0.04,0,arrived,0.03796954812855291,7.999999999999999
uncertainty,SRCBF,0.8,0.45,inward,9,0.0,0.04,1,arrived,0.07766770621682517,7.999999999999999
uncertainty,CAP,0.8,0.45,inward,9,0.0,0.04,0,violation,-0.0010136104426048398,3.2
uncertainty,CAP,0.8,0.45,inward,9,0.0,0.04,1,arrived,0.041644905238299,7.999999999999999
uncertainty,SRCBF,0.8,0.45,inward,10,0.0,0.04,0,arrived,0.036670947164888834,7.999999999999999
uncertainty,SRCBF,0.8,0.45,inward,10,0.0,0.04,1,arrived,0.07642250534048756,7.999999999999999
uncertainty,CAP,0.8,0.45,inward,10,0.0,0.04,0,violation,-0.0022008961315769238,3.2
uncertainty,CAP,0.8,0.45,inward,10,0.0,0.04,1,arrived,0.04050923482808666,7.999999999999999
uncertainty,SRCBF,0.8,0.45,inward,11,0.0,0.04,0,arrived,0.04948933665714028,7.999999999999999
uncertainty,SRCBF,0.8,0.45,inward,11,0.0,0.04,1,arrived,0.0887374294643406,7.999999999999999
uncertainty,CAP,0.8,0.45,inward,11,0.0,0.04,0,arrived,0.009340366778262998,7.999999999999999
uncertainty,CAP,0.8,0.45,inward,11,0.0,0.04,1,arrived,0.051534765745829714,7.999999999999999
uncertainty,SRCBF,0.8,0.45,inward,12,0.0,0.04,0,arrived,0.04756258689378012,7.999999999999999
uncertainty,SRCBF,0.8,0.45,inward,12,0.0,0.04,1,arrived,0.08688330336911076,7.999999999999999
uncertainty,CAP,0.8,0.45,inward,12,0.0,0.04,0,arrived,0.007629823384328938,7.999999999999999
uncertainty,CAP,0.8,0.45,inward,12,0.0,0.04,1,arrived,0.04990218161140825,7.999999999999999
uncertainty,SRCBF,0.8,0.45,inward,13,0.0,0.04,0,arrived,0.038052392016960535,7.999999999999999
uncertainty,SRCBF,0.8,0.45,inward,13,0.0,0.04,1,arrived,0.07774716421758987,7.999999999999999
uncertainty,CAP,0.8,0.45,inward,13,0.0,0.04,0,violation,-0.0009380150926172615,3.2
uncertainty,CAP,0.8,0.45,inward,13,0.0,0.04,1,arrived,0.041717199444940456,7.999999999999999
uncertainty,SRCBF,0.8,0.45,inward,14,0.0,0.04,0,arrived,0.038566981914971765,7.999999999999999
uncertainty,SRCBF,0.8,0.45,inward,14,0.0,0.04,1,arrived,0.07824077687460695,7.999999999999999
uncertainty,CAP,0.8,0.45,inward,14,0.0,0.04,0,violation,-0.00046884033068483877,3.2
uncertainty,CAP,0.8,0.45,inward,14,0.0,0.04,1,arrived,0.0421658484347367,7.999999999999999
uncertainty,SRCBF,0.8,0.45,inward,15,0.0,0.04,0,arrived,0.04068339284106759,7.999999999999999
uncertainty,SRCBF,0.8,0.45,inward,15,0.0,0.04,1,arrived,0.08027186583321422,7.999999999999999
uncertainty,CAP,0.8,0.45,inward,15,0.0,0.04,0,arrived,0.0014538355824763594,7.999999999999999
uncertainty,CAP,0.8,0.45,inward,15,0.0,0.04,1,arrived,0.0440037802608203,7.999999999999999
uncertainty,SRCBF,0.8,0.45,inward,16,0.0,0.04,0,arrived,0.04262598915770133,7.999999999999999
uncertainty,SRCBF,0.8,0.45,inward,16,0.0,0.04,1,arrived,0.0821374285609392,7.999999999999999
uncertainty,CAP,0.8,0.45,inward,16,0.0,0.04,0,arrived,0.003209021468270401,7.999999999999999
uncertainty,CAP,0.8,0.45,inward,16,0.0,0.04,1,arrived,0.04568082082710778,7.999999999999999
uncertainty,SRCBF,0.8,0.45,inward,17,0.0,0.04,0,arrived,0.038352381901481936,7.999999999999999
uncertainty,SRCBF,0.8,0.45,inward,17,0.0,0.04,1,arrived,0.07803491368557092,7.999999999999999
uncertainty,CAP,0.8,0.45,inward,17,0.0,0.04,0,violation,-0.0006644192736174892,3.2
uncertainty,CAP,0.8,0.45,inward,17,0.0,0.04,1,arrived,0.041978833595388454,7.999999999999999
uncertainty,SRCBF,0.8,0.45,inward,18,0.0,0.04,0,arrived,0.04523463307873987,7.999999999999999
uncertainty,SRCBF,0.8,0.45,inward,18,0.0,0.04,1,arrived,0.08464442569956798,7.999999999999999
uncertainty,CAP,0.8,0.45,inward,18,0.0,0.04,0,arrived,0.0055520411678114945,7.999999999999999
uncertainty,CAP,0.8,0.45,inward,18,0.0,0.04,1,arrived,0.04791854763116743,7.999999999999999
uncertainty,SRCBF,0.8,0.45,inward,19,0.0,0.04,0,arrived,0.04490546448493771,7.999999999999999
uncertainty,SRCBF,0.8,0.45,inward,19,0.0,0.04,1,arrived,0.08432797414527238,7.999999999999999
uncertainty,CAP,0.8,0.45,inward,19,0.0,0.04,0,arrived,0.005257255824338336,7.999999999999999
uncertainty,CAP,0.8,0.45,inward,19,0.0,0.04,1,arrived,0.04763706428028003,7.999999999999999
uncertainty,SRCBF,0.8,0.15,bias,0,0.02,0.04,0,arrived,0.1369064628657365,10.4
uncertainty,SRCBF,0.8,0.15,bias,0,0.02,0.04,1,arrived,0.19929158234006716,10.4
uncertainty,CAP,0.8,0.15,bias,0,0.02,0.04,0,arrived,0.08243319831479046,10.4
uncertainty,CAP,0.8,0.15,bias,0,0.02,0.04,1,arrived,0.14685145747715167,10.4
uncertainty,SRCBF,0.8,0.15,bias,1,0.02,0.04,0,arrived,0.03268044660054592,7.999999999999999
uncertainty,SRCBF,0.8,0.15,bias,1,0.02,0.04,1,arrived,0.09236056620469935,7.999999999999999
uncertainty,CAP,0.8,0.15,bias,1,0.02,0.04,0,arrived,0.0027436762663498593,7.199999999999999
uncertainty,CAP,0.8,0.15,bias,1,0.02,0.04,1,arrived,0.06637425205471548,7.999999999999999
uncertainty,SRCBF,0.8,0.15,bias,2,0.02,0.04,0,arrived,0.13546588419886074,11.200000000000001
uncertainty,SRCBF,0.8,0.15,bias,2,0.02,0.04,1,arrived,0.2015339600796051,11.200000000000001
uncertainty,CAP,0.8,0.15,bias,2,0.02,0.04,0,arrived,0.08728867844595656,10.4
uncertainty,CAP,0.8,0.15,bias,2,0.02,0.04,1,arrived,0.151975588593385,11.200000000000001
uncertainty,SRCBF,0.8,0.15,bias,3,0.02,0.04,0,arrived,0.07941781871229014,10.4
uncertainty,SRCBF,0.8,0.15,bias,3,0.02,0.04,1,arrived,0.14384792146768632,11.200000000000001
uncertainty,CAP,0.8,0.15,bias,3,0.02,0.04,0,arrived,0.0282684442232789,10.4
uncertainty,CAP,0.8,0.15,bias,3,0.02,0.04,1,arrived,0.09289575838291375,11.200000000000001
uncertainty,SRCBF,0.8,0.15,bias,4,0.02,0.04,0,arrived,0.18021848400985407,11.200000000000001
uncertainty,SRCBF,0.8,0.15,bias,4,0.02,0.04,1,arrived,0.2465548353710436,11.200000000000001
uncertainty,CAP,0.8,0.15,bias,4,0.02,0.04,0,arrived,0.15090965519082744,11.200000000000001
uncertainty,CAP,0.8,0.15,bias,4,0.02,0.04,1,arrived,0.21819674088657104,11.200000000000001
uncertainty,SRCBF,0.8,0.15,bias,5,0.02,0.04,0,arrived,0.1259074652516835,7.999999999999999
uncertainty,SRCBF,0.8,0.15,bias,5,0.02,0.04,1,arrived,0.18391822348477527,7.999999999999999
uncertainty,CAP,0.8,0.15,bias,5,0.02,0.04,0,arrived,0.07969793316631069,7.999999999999999
uncertainty,CAP,0.8,0.15,bias,5,0.02,0.04,1,arrived,0.14195577640808243,7.999999999999999
uncertainty,SRCBF,0.8,0.15,bias,6,0.02,0.04,0,arrived,0.13056718729567507,11.200000000000001
uncertainty,SRCBF,0.8,0.15,bias,6,0.02,0.04,1,arrived,0.1968255678494718,12.000000000000002
uncertainty,CAP,0.8,0.15,bias,6,0.02,0.04,0,arrived,0.09388731444014742,11.200000000000001
uncertainty,CAP,0.8,0.15,bias,6,0.02,0.04,1,arrived,0.15856088142828917,12.000000000000002
uncertainty,SRCBF,0.8,0.15,bias,7,0.02,0.04,0,arrived,0.0691041368336881,7.199999999999999
uncertainty,SRCBF,0.8,0.15,bias,7,0.02,0.04,1,arrived,0.12762225172538322,7.999999999999999
uncertainty,CAP,0.8,0.15,bias,7,0.02,0.04,0,arrived,0.033163800311897806,7.199999999999999
uncertainty,CAP,0.8,0.15,bias,7,0.02,0.04,1,arrived,0.09598912019101324,7.999999999999999
uncertainty,SRCBF,0.8,0.15,bias,8,0.02,0.04,0,arrived,0.0026034033729734896,7.999999999999999
uncertainty,SRCBF,0.8,0.15,bias,8,0.02,0.04,1,arrived,0.0627077104079895,7.999999999999999
uncertainty,CAP,0.8,0.15,bias,8,0.02,0.04,0,violation,-0.012169964522469323,2.4000000000000004
uncertainty,CAP,0.8,0.15,bias,8,0.02,0.04,1,arrived,0.030069448948416566,7.999999999999999
uncertainty,SRCBF,0.8,0.15,bias,9,0.02,0.04,0,arrived,0.12683368096823755,10.4
uncertainty,SRCBF,0.8,0.15,bias,9,0.02,0.04,1,arrived,0.1908645338569641,10.4
uncertainty,CAP,0.8,0.15,bias,9,0.02,0.04,0,arrived,0.07518811853971474,10.4
uncertainty,CAP,0.8,0.15,bias,9,0.02,0.04,1,arrived,0.13955506531196604,10.4
uncertainty,SRCBF,0.8,0.15,bias,10,0.02,0.04,0,arrived,0.0935919978727513,9.6
uncertainty,SRCBF,0.8,0.15,bias,10,0.02,0.04,1,arrived,0.15234742125899114,10.4
uncertainty,CAP,0.8,0.15,bias,10,0.02,0.04,0,arrived,0.04061054976070355,9.6
uncertainty,CAP,0.8,0.15,bias,10,0.02,0.04,1,arrived,0.1048699731736471,10.4
uncertainty,SRCBF,0.8,0.15,bias,11,0.02,0.04,0,arrived,0.20204349237574903,10.4
uncertainty,SRCBF,0.8,0.15,bias,11,0.02,0.04,1,arrived,0.2679177818505001,11.200000000000001
uncertainty,CAP,0.8,0.15,bias,11,0.02,0.04,0,arrived,0.13980544084368396,10.4
uncertainty,CAP,0.8,0.15,bias,11,0.02,0.04,1,arrived,0.20438400075160978,11.200000000000001
uncertainty,SRCBF,0.8,0.15,bias,12,0.02,0.04,0,arrived,0.03386588508654931,7.199999999999999
uncertainty,SRCBF,0.8,0.15,bias,12,0.02,0.04,1,arrived,0.09241228550175162,7.999999999999999
uncertainty,CAP,0.8,0.15,bias,12,0.02,0.04,0,violation,-0.004150086991292268,3.2
uncertainty,CAP,0.8,0.15,bias,12,0.02,0.04,1,arrived,0.058769882112186256,7.999999999999999
uncertainty,SRCBF,0.8,0.15,bias,13,0.02,0.04,0,arrived,0.08813906993163412,7.999999999999999
uncertainty,SRCBF,0.8,0.15,bias,13,0.02,0.04,1,arrived,0.1451260874431528,7.999999999999999
uncertainty,CAP,0.8,0.15,bias,13,0.02,0.04,0,arrived,0.04055133437166558,7.999999999999999
uncertainty,CAP,0.8,0.15,bias,13,0.02,0.04,1,arrived,0.10296840819206243,7.999999999999999
uncertainty,SRCBF,0.8,0.15,bias,14,0.02,0.04,0,arrived,0.14188818131735081,11.200000000000001
uncertainty,SRCBF,0.8,0.15,bias,14,0.02,0.04,1,arrived,0.20807463703041917,12.000000000000002
uncertainty,CAP,0.8,0.15,bias,14,0.02,0.04,0,arrived,0.11277400658444048,11.200000000000001
uncertainty,CAP,0.8,0.15,bias,14,0.02,0.04,1,arrived,0.17738968331956761,12.000000000000002
uncertainty,SRCBF,0.8,0.15,bias,15,0.02,0.04,0,arrived,0.12757224223721442,7.999999999999999
uncertainty,SRCBF,0.8,0.15,bias,15,0.02,0.04,1,arrived,0.18522071126444506,7.999999999999999
uncertainty,CAP,0.8,0.15,bias,15,0.02,0.04,0,arrived,0.08005905337447072,7.999999999999999
uncertainty,CAP,0.8,0.15,bias,15,0.02,0.04,1,arrived,0.14215683669738932,7.999999999999999
uncertainty,SRCBF,0.8,0.15,bias,16,0.02,0.04,0,arrived,0.16595035799226932,14.400000000000004
uncertainty,SRCBF,0.8,0.15,bias,16,0.02,0.04,1,arrived,0.2329908979004438,15.200000000000005
uncertainty,CAP,0.8,0.15,bias,16,0.02,0.04,0,arrived,0.13890687375799116,13.600000000000003
uncertainty,CAP,0.8,0.15,bias,16,0.02,0.04,1,arrived,0.2070629748739603,14.400000000000004
uncertainty,SRCBF,0.8,0.15,bias,17,0.02,0.04,0,arrived,0.0368673188829467,9.6
uncertainty,SRCBF,0.8,0.15,bias,17,0.02,0.04,1,arrived,0.09944488300681154,10.4
uncertainty,CAP,0.8,0.15,bias,17,0.02,0.04,0,violation,-0.00852578610024779,3.2
uncertainty,CAP,0.8,0.15,bias,17,0.02,0.04,1,arrived,0.055944172734915254,10.4
uncertainty,SRCBF,0.8,0.15,bias,18,0.02,0.04,0,arrived,0.19418326537148,8.799999999999999
uncertainty,SRCBF,0.8,0.15,bias,18,0.02,0.04,1,arrived,0.2529064347703234,8.799999999999999
uncertainty,CAP,0.8,0.15,bias,18,0.02,0.04,0,arrived,0.13691094643074497,8.799999999999999
uncertainty,CAP,0.8,0.15,bias,18,0.02,0.04,1,arrived,0.19979132735328697,8.799999999999999
uncertainty,SRCBF,0.8,0.15,bias,19,0.02,0.04,0,arrived,0.0426720005119533,7.199999999999999
uncertainty,SRCBF,0.8,0.15,bias,19,0.02,0.04,1,arrived,0.10115903173576435,7.999999999999999
uncertainty,CAP,0.8,0.15,bias,19,0.02,0.04,0,arrived,0.004921425920495159,7.199999999999999
uncertainty,CAP,0.8,0.15,bias,19,0.02,0.04,1,arrived,0.06769600444424606,7.999999999999999
uncertainty,SRCBF,0.8,0.15,inward,0,0.02,0.04,0,arrived,0.004671609545182198,9.6
uncertainty,SRCBF,0.8,0.15,inward,0,0.02,0.04,1,arrived,0.0634961649237673,9.6
uncertainty,CAP,0.8,0.15,inward,0,0.02,0.04,0,violation,-0.013835378973287571,2.4000000000000004
uncertainty,CAP,0.8,0.15,inward,0,0.02,0.04,1,arrived,0.0286870079645003,9.6
uncertainty,SRCBF,0.8,0.15,inward,1,0.02,0.04,0,violation,-0.013739484238337485,3.2
uncertainty,SRCBF,0.8,0.15,inward,1,0.02,0.04,1,arrived,0.04937586510784775,9.6
uncertainty,CAP,0.8,0.15,inward,1,0.02,0.04,0,violation,-0.024920637831198134,3.2
uncertainty,CAP,0.8,0.15,inward,1,0.02,0.04,1,arrived,0.04039735372124986,9.6
uncertainty,SRCBF,0.8,0.15,inward,2,0.02,0.04,0,arrived,0.005530295653886186,9.6
uncertainty,SRCBF,0.8,0.15,inward,2,0.02,0.04,1,arrived,0.06447949911813333,9.6
uncertainty,CAP,0.8,0.15,inward,2,0.02,0.04,0,violation,-0.012953358088394595,2.4000000000000004
uncertainty,CAP,0.8,0.15,inward,2,0.02,0.04,1,arrived,0.02913378581929582,9.6
uncertainty,SRCBF,0.8,0.15,inward,3,0.02,0.04,0,violation,-0.011659770303432793,3.2
uncertainty,SRCBF,0.8,0.15,inward,3,0.02,0.04,1,arrived,0.046668146860960324,9.6
uncertainty,CAP,0.8,0.15,inward,3,0.02,0.04,0,violation,-0.031837770840208335,2.4000000000000004
uncertainty,CAP,0.8,0.15,inward,3,0.02,0.04,1,arrived,0.009151124902233576,8.799999999999999
uncertainty,SRCBF,0.8,0.15,inward,4,0.02,0.04,0,violation,-0.018740543572825952,3.2
uncertainty,SRCBF,0.8,0.15,inward,4,0.02,0.04,1,arrived,0.04533683159895141,10.4
uncertainty,CAP,0.8,0.15,inward,4,0.02,0.04,0,violation,-0.006799672152493996,2.4000000000000004
uncertainty,CAP,0.8,0.15,inward,4,0.02,0.04,1,arrived,0.035222482649568954,9.6
uncertainty,SRCBF,0.8,0.15,inward,5,0.02,0.04,0,violation,-0.021486294015574114,3.2
uncertainty,SRCBF,0.8,0.15,inward,5,0.02,0.04,1,arrived,0.04260258007087381,9.6
uncertainty,CAP,0.8,0.15,inward,5,0.02,0.04,0,violation,-0.016885310871680548,2.4000000000000004
uncertainty,CAP,0.8,0.15,inward,5,0.02,0.04,1,arrived,0.025387720890261534,9.6
uncertainty,SRCBF,0.8,0.15,inward,6,0.02,0.04,0,violation,-0.02015154665817087,3.2
uncertainty,SRCBF,0.8,0.15,inward,6,0.02,0.04,1,arrived,0.04136391363332792,9.6
uncertainty,CAP,0.8,0.15,inward,6,0.02,0.04,0,violation,-0.03531879376023439,2.4000000000000004
uncertainty,CAP,0.8,0.15,inward,6,0.02,0.04,1,arrived,0.005908814845166033,9.6
uncertainty,SRCBF,0.8,0.15,inward,7,0.02,0.04,0,violation,-0.016796126926481247,3.2
uncertainty,SRCBF,0.8,0.15,inward,7,0.02,0.04,1,arrived,0.04652389590410744,9.6
uncertainty,CAP,0.8,0.15,inward,7,0.02,0.04,0,violation,-0.001525065679443438,2.4000000000000004
uncertainty,CAP,0.8,0.15,inward,7,0.02,0.04,1,arrived,0.03794710858352435,9.6
uncertainty,SRCBF,0.8,0.15,inward,8,0.02,0.04,0,violation,-0.010397444672538336,3.2
uncertainty,SRCBF,0.8,0.15,inward,8,0.02,0.04,1,arrived,0.051822196165167034,9.6
uncertainty,CAP,0.8,0.15,inward,8,0.02,0.04,0,violation,-0.019452765361220092,2.4000000000000004
uncertainty,CAP,0.8,0.15,inward,8,0.02,0.04,1,arrived,0.02256277043625421,9.6
uncertainty,SRCBF,0.8,0.15,inward,9,0.02,0.04,0,violation,-0.014696293454764309,3.2
uncertainty,SRCBF,0.8,0.15,inward,9,0.02,0.04,1,arrived,0.04424222118200016,9.6
uncertainty,CAP,0.8,0.15,inward,9,0.02,0.04,0,violation,-0.03374894195989364,2.4000000000000004
uncertainty,CAP,0.8,0.15,inward,9,0.02,0.04,1,arrived,0.007841807808496526,9.6
uncertainty,SRCBF,0.8,0.15,inward,10,0.02,0.04,0,violation,-0.0035719963191216397,3.2
uncertainty,SRCBF,0.8,0.15,inward,10,0.02,0.04,1,arrived,0.05517205008618298,9.6
uncertainty,CAP,0.8,0.15,inward,10,0.02,0.04,0,violation,-0.022307030919061055,2.4000000000000004
uncertainty,CAP,0.8,0.15,inward,10,0.02,0.04,1,arrived,0.019942587686442748,9.6
uncertainty,SRCBF,0.8,0.15,inward,11,0.02,0.04,0,violation,-0.012174096771774834,3.2
uncertainty,SRCBF,0.8,0.15,inward,11,0.02,0.04,1,arrived,0.046164205083866205,9.6
uncertainty,CAP,0.8,0.15,inward,11,0.02,0.04,0,violation,-0.03230843793931626,2.4000000000000004
uncertainty,CAP,0.8,0.15,inward,11,0.02,0.04,1,arrived,0.008711118302856313,8.799999999999999
uncertainty,SRCBF,0.8,0.15,inward,12,0.02,0.04,0,violation,-0.009253833084772567,3.2
uncertainty,SRCBF,0.8,0.15,inward,12,0.02,0.04,1,arrived,0.05363641946484421,9.6
uncertainty,CAP,0.8,0.15,inward,12,0.02,0.04,0,violation,-0.012221412389173625,2.4000000000000004
uncertainty,CAP,0.8,0.15,inward,12,0.02,0.04,1,arrived,0.02988973838358777,9.6
uncertainty,SRCBF,0.8,0.15,inward,13,0.02,0.04,0,violation,-0.0035118722250742085,3.2
uncertainty,SRCBF,0.8,0.15,inward,13,0.02,0.04,1,arrived,0.05613194400824195,10.4
uncertainty,CAP,0.8,0.15,inward,13,0.02,0.04,0,violation,-0.021218069452356936,2.4000000000000004
uncertainty,CAP,0.8,0.15,inward,13,0.02,0.04,1,arrived,0.020904545603112612,10.4
uncertainty,SRCBF,0.8,0.15,inward,14,0.02,0.04,0,violation,-0.024615639828291624,3.2
uncertainty,SRCBF,0.8,0.15,inward,14,0.02,0.04,1,arrived,0.03971526133306302,9.6
uncertainty,CAP,0.8,0.15,inward,14,0.02,0.04,0,violation,-0.031558915250391784,2.4000000000000004
uncertainty,CAP,0.8,0.15,inward,14,0.02,0.04,1,arrived,0.010159783322374216,9.6
uncertainty,SRCBF,0.8,0.15,inward,15,0.02,0.04,0,violation,-0.015732279374211733,3.2
uncertainty,SRCBF,0.8,0.15,inward,15,0.02,0.04,1,arrived,0.048200093949521516,9.6
uncertainty,CAP,0.8,0.15,inward,15,0.02,0.04,0,violation,-0.013388755812025699,2.4000000000000004
uncertainty,CAP,0.8,0.15,inward,15,0.02,0.04,1,arrived,0.02898881295092348,9.6
uncertainty,SRCBF,0.8,0.15,inward,16,0.02,0.04,0,violation,-0.012823019341900666,3.2
uncertainty,SRCBF,0.8,0.15,inward,16,0.02,0.04,1,arrived,0.05074620582000777,9.6
uncertainty,CAP,0.8,0.15,inward,16,0.02,0.04,0,violation,-0.017175668045054104,2.4000000000000004
uncertainty,CAP,0.8,0.15,inward,16,0.02,0.04,1,arrived,0.02494892763552825,9.6
uncertainty,SRCBF,0.8,0.15,inward,17,0.02,0.04,0,violation,-0.02333905766304689,3.2
uncertainty,SRCBF,0.8,0.15,inward,17,0.02,0.04,1,arrived,0.039269587369394565,9.6
uncertainty,CAP,0.8,0.15,inward,17,0.02,0.04,0,violation,-0.036477361677932585,2.4000000000000004
uncertainty,CAP,0.8,0.15,inward,17,0.02,0.04,1,arrived,0.004942397783797903,9.6
uncertainty,SRCBF,0.8,0.15,inward,18,0.02,0.04,0,violation,-0.001270536260723154,3.2
uncertainty,SRCBF,0.8,0.15,inward,18,0.02,0.04,1,arrived,0.06167079392902519,9.6
uncertainty,CAP,0.8,0.15,inward,18,0.02,0.04,0,violation,-0.008006045035334086,2.4000000000000004
uncertainty,CAP,0.8,0.15,inward,18,0.02,0.04,1,arrived,0.03464787026574978,9.6
uncertainty,SRCBF,0.8,0.15,inward,19,0.02,0.04,0,violation,-0.013680117259077473,3.2
uncertainty,SRCBF,0.8,0.15,inward,19,0.02,0.04,1,arrived,0.04963678606761379,9.6
uncertainty,CAP,0.8,0.15,inward,19,0.02,0.04,0,violation,-0.01457426861312383,2.4000000000000004
uncertainty,CAP,0.8,0.15,inward,19,0.02,0.04,1,arrived,0.027538725090498706,9.6
uncertainty,SRCBF,0.8,0.45,bias,0,0.02,0.04,0,arrived,0.10133392611185743,9.6
uncertainty,SRCBF,0.8,0.45,bias,0,0.02,0.04,1,arrived,0.16675641158957422,9.6
uncertainty,CAP,0.8,0.45,bias,0,0.02,0.04,0,arrived,0.05610224134159825,9.6
uncertainty,CAP,0.8,0.45,bias,0,0.02,0.04,1,arrived,0.12070895770347834,9.6
uncertainty,SRCBF,0.8,0.45,bias,1,0.02,0.04,0,arrived,0.11838687679109383,6.3999999999999995
uncertainty,SRCBF,0.8,0.45,bias,1,0.02,0.04,1,arrived,0.17329223256225867,6.3999999999999995
uncertainty,CAP,0.8,0.45,bias,1,0.02,0.04,0,arrived,0.07925747731091826,6.3999999999999995
uncertainty,CAP,0.8,0.45,bias,1,0.02,0.04,1,arrived,0.13847981127225462,6.3999999999999995
uncertainty,SRCBF,0.8,0.45,bias,2,0.02,0.04,0,arrived,0.11657229052822715,8.799999999999999
uncertainty,SRCBF,0.8,0.45,bias,2,0.02,0.04,1,arrived,0.18127084337730814,9.6
uncertainty,CAP,0.8,0.45,bias,2,0.02,0.04,0,arrived,0.0773175885304681,8.799999999999999
uncertainty,CAP,0.8,0.45,bias,2,0.02,0.04,1,arrived,0.14167515440550482,9.6
uncertainty,SRCBF,0.8,0.45,bias,3,0.02,0.04,0,arrived,0.0679684391729829,8.799999999999999
uncertainty,SRCBF,0.8,0.45,bias,3,0.02,0.04,1,arrived,0.12995294228079557,8.799999999999999
uncertainty,CAP,0.8,0.45,bias,3,0.02,0.04,0,arrived,0.0153267191728379,7.999999999999999
uncertainty,CAP,0.8,0.45,bias,3,0.02,0.04,1,arrived,0.07952968571811159,8.799999999999999
uncertainty,SRCBF,0.8,0.45,bias,4,0.02,0.04,0,arrived,0.21464836532098075,8.799999999999999
uncertainty,SRCBF,0.8,0.45,bias,4,0.02,0.04,1,arrived,0.27638697051330663,9.6
uncertainty,CAP,0.8,0.45,bias,4,0.02,0.04,0,arrived,0.17756097352050781,8.799999999999999
uncertainty,CAP,0.8,0.45,bias,4,0.02,0.04,1,arrived,0.24154295571999418,8.799999999999999
uncertainty,SRCBF,0.8,0.45,bias,5,0.02,0.04,0,arrived,0.2115695582817252,7.199999999999999
uncertainty,SRCBF,0.8,0.45,bias,5,0.02,0.04,1,arrived,0.26637781238894886,7.199999999999999
uncertainty,CAP,0.8,0.45,bias,5,0.02,0.04,0,arrived,0.16143900049007665,7.199999999999999
uncertainty,CAP,0.8,0.45,bias,5,0.02,0.04,1,arrived,0.220264297303697,7.199999999999999
uncertainty,SRCBF,0.8,0.45,bias,6,0.02,0.04,0,arrived,0.115328069861789,9.6
uncertainty,SRCBF,0.8,0.45,bias,6,0.02,0.04,1,arrived,0.18040602071585743,9.6
uncertainty,CAP,0.8,0.45,bias,6,0.02,0.04,0,arrived,0.08161773731393596,9.6
uncertainty,CAP,0.8,0.45,bias,6,0.02,0.04,1,arrived,0.146091698321146,9.6
uncertainty,SRCBF,0.8,0.45,bias,7,0.02,0.04,0,arrived,0.15938869952584334,6.3999999999999995
uncertainty,SRCBF,0.8,0.45,bias,7,0.02,0.04,1,arrived,0.21385460865820982,6.3999999999999995
uncertainty,CAP,0.8,0.45,bias,7,0.02,0.04,0,arrived,0.11700268665094526,6.3999999999999995
uncertainty,CAP,0.8,0.45,bias,7,0.02,0.04,1,arrived,0.17566820306930508,6.3999999999999995
uncertainty,SRCBF,0.8,0.45,bias,8,0.02,0.04,0,arrived,0.07191115035038609,6.3999999999999995
uncertainty,SRCBF,0.8,0.45,bias,8,0.02,0.04,1,arrived,0.1273059312294852,6.3999999999999995
uncertainty,CAP,0.8,0.45,bias,8,0.02,0.04,0,arrived,0.029806074577805375,6.3999999999999995
uncertainty,CAP,0.8,0.45,bias,8,0.02,0.04,1,arrived,0.08963100125112233,6.3999999999999995
uncertainty,SRCBF,0.8,0.45,bias,9,0.02,0.04,0,arrived,0.09489821494320638,9.6
uncertainty,SRCBF,0.8,0.45,bias,9,0.02,0.04,1,arrived,0.16050934041421727,9.6
uncertainty,CAP,0.8,0.45,bias,9,0.02,0.04,0,arrived,0.04944307882998511,9.6
uncertainty,CAP,0.8,0.45,bias,9,0.02,0.04,1,arrived,0.1140892716181886,9.6
uncertainty,SRCBF,0.8,0.45,bias,10,0.02,0.04,0,arrived,0.06380839654043824,8.799999999999999
uncertainty,SRCBF,0.8,0.45,bias,10,0.02,0.04,1,arrived,0.12562610317980805,8.799999999999999
uncertainty,CAP,0.8,0.45,bias,10,0.02,0.04,0,arrived,0.0126436143263563,8.799999999999999
uncertainty,CAP,0.8,0.45,bias,10,0.02,0.04,1,arrived,0.07719915771810348,8.799999999999999
uncertainty,SRCBF,0.8,0.45,bias,11,0.02,0.04,0,arrived,0.23065588045576457,8.799999999999999
uncertainty,SRCBF,0.8,0.45,bias,11,0.02,0.04,1,arrived,0.29099610521850927,8.799999999999999
uncertainty,CAP,0.8,0.45,bias,11,0.02,0.04,0,arrived,0.20763193669343427,8.799999999999999
uncertainty,CAP,0.8,0.45,bias,11,0.02,0.04,1,arrived,0.2212228710598707,8.799999999999999
uncertainty,SRCBF,0.8,0.45,bias,12,0.02,0.04,0,arrived,0.12410165217944591,6.3999999999999995
uncertainty,SRCBF,0.8,0.45,bias,12,0.02,0.04,1,arrived,0.178297087842336,6.3999999999999995
uncertainty,CAP,0.8,0.45,bias,12,0.02,0.04,0,arrived,0.08155150042171089,6.3999999999999995
uncertainty,CAP,0.8,0.45,bias,12,0.02,0.04,1,arrived,0.14006390715006978,6.3999999999999995
uncertainty,SRCBF,0.8,0.45,bias,13,0.02,0.04,0,arrived,0.17905700303440641,7.199999999999999
uncertainty,SRCBF,0.8,0.45,bias,13,0.02,0.04,1,arrived,0.2332844597866186,7.199999999999999
uncertainty,CAP,0.8,0.45,bias,13,0.02,0.04,0,arrived,0.1291835503943326,7.199999999999999
uncertainty,CAP,0.8,0.45,bias,13,0.02,0.04,1,arrived,0.1876986186233428,7.199999999999999
uncertainty,SRCBF,0.8,0.45,bias,14,0.02,0.04,0,arrived,0.12150292336196167,9.6
uncertainty,SRCBF,0.8,0.45,bias,14,0.02,0.04,1,arrived,0.18703824975797656,9.6
uncertainty,CAP,0.8,0.45,bias,14,0.02,0.04,0,arrived,0.09390072725868548,9.6
uncertainty,CAP,0.8,0.45,bias,14,0.02,0.04,1,arrived,0.15942405086127476,9.6
uncertainty,SRCBF,0.8,0.45,bias,15,0.02,0.04,0,arrived,0.214815954068589,7.199999999999999
uncertainty,SRCBF,0.8,0.45,bias,15,0.02,0.04,1,arrived,0.26937255443396313,7.199999999999999
uncertainty,CAP,0.8,0.45,bias,15,0.02,0.04,0,arrived,0.16372064708889356,7.199999999999999
uncertainty,CAP,0.8,0.45,bias,15,0.02,0.04,1,arrived,0.22240279543841535,7.199999999999999
uncertainty,SRCBF,0.8,0.45,bias,16,0.02,0.04,0,arrived,0.16876773909362341,9.6
uncertainty,SRCBF,0.8,0.45,bias,16,0.02,0.04,1,arrived,0.23274884918817418,9.6
uncertainty,CAP,0.8,0.45,bias,16,0.02,0.04,0,arrived,0.14018843690852634,8.799999999999999
uncertainty,CAP,0.8,0.45,bias,16,0.02,0.04,1,arrived,0.2054252225178408,9.6
uncertainty,SRCBF,0.8,0.45,bias,17,0.02,0.04,0,arrived,0.015803828231327754,7.999999999999999
uncertainty,SRCBF,0.8,0.45,bias,17,0.02,0.04,1,arrived,0.07774699316697653,7.999999999999999
uncertainty,CAP,0.8,0.45,bias,17,0.02,0.04,0,violation,-0.022487593260309136,3.2
uncertainty,CAP,0.8,0.45,bias,17,0.02,0.04,1,arrived,0.041643021203805364,7.999999999999999
uncertainty,SRCBF,0.8,0.45,bias,18,0.02,0.04,0,arrived,0.25602286223690784,7.999999999999999
uncertainty,SRCBF,0.8,0.45,bias,18,0.02,0.04,1,arrived,0.3123400024774263,7.999999999999999
uncertainty,CAP,0.8,0.45,bias,18,0.02,0.04,0,arrived,0.19313137494024246,7.999999999999999
uncertainty,CAP,0.8,0.45,bias,18,0.02,0.04,1,arrived,0.25360552757328203,7.999999999999999
uncertainty,SRCBF,0.8,0.45,bias,19,0.02,0.04,0,arrived,0.13399799051537442,6.3999999999999995
uncertainty,SRCBF,0.8,0.45,bias,19,0.02,0.04,1,arrived,0.18821229597222278,6.3999999999999995
uncertainty,CAP,0.8,0.45,bias,19,0.02,0.04,0,arrived,0.09190494154841977,6.3999999999999995
uncertainty,CAP,0.8,0.45,bias,19,0.02,0.04,1,arrived,0.15028791105946837,6.3999999999999995
uncertainty,SRCBF,0.8,0.45,inward,0,0.02,0.04,0,arrived,0.04189886964513556,7.999999999999999
uncertainty,SRCBF,0.8,0.45,inward,0,0.02,0.04,1,arrived,0.09917277666255431,7.999999999999999
uncertainty,CAP,0.8,0.45,inward,0,0.02,0.04,0,arrived,0.00017347752328045196,7.999999999999999
uncertainty,CAP,0.8,0.45,inward,0,0.02,0.04,1,arrived,0.061799862271806116,7.999999999999999
uncertainty,SRCBF,0.8,0.45,inward,1,0.02,0.04,0,arrived,0.05159346391301822,7.999999999999999
uncertainty,SRCBF,0.8,0.45,inward,1,0.02,0.04,1,arrived,0.10886820437320577,7.999999999999999
uncertainty,CAP,0.8,0.45,inward,1,0.02,0.04,0,arrived,0.018496268966810225,7.999999999999999
uncertainty,CAP,0.8,0.45,inward,1,0.02,0.04,1,arrived,0.07998802971183738,7.999999999999999
uncertainty,SRCBF,0.8,0.45,inward,2,0.02,0.04,0,arrived,0.056853612519581764,7.999999999999999
uncertainty,SRCBF,0.8,0.45,inward,2,0.02,0.04,1,arrived,0.11350639663171536,7.999999999999999
uncertainty,CAP,0.8,0.45,inward,2,0.02,0.04,0,arrived,0.015640451735569494,7.999999999999999
uncertainty,CAP,0.8,0.45,inward,2,0.02,0.04,1,arrived,0.07653520388400126,7.999999999999999
uncertainty,SRCBF,0.8,0.45,inward,3,0.02,0.04,0,arrived,0.0399080055624742,7.999999999999999
uncertainty,SRCBF,0.8,0.45,inward,3,0.02,0.04,1,arrived,0.09598181910884529,7.999999999999999
uncertainty,CAP,0.8,0.45,inward,3,0.02,0.04,0,violation,-0.0058691676443694,3.2
uncertainty,CAP,0.8,0.45,inward,3,0.02,0.04,1,arrived,0.0547580555925522,7.999999999999999
uncertainty,SRCBF,0.8,0.45,inward,4,0.02,0.04,0,arrived,0.04258839216467425,7.999999999999999
uncertainty,SRCBF,0.8,0.45,inward,4,0.02,0.04,1,arrived,0.10029654148085854,7.999999999999999
uncertainty,CAP,0.8,0.45,inward,4,0.02,0.04,0,arrived,0.010263563347809312,7.999999999999999
uncertainty,CAP,0.8,0.45,inward,4,0.02,0.04,1,arrived,0.07213628286201079,7.999999999999999
uncertainty,SRCBF,0.8,0.45,inward,5,0.02,0.04,0,arrived,0.03981466869790318,7.999999999999999
uncertainty,SRCBF,0.8,0.45,inward,5,0.02,0.04,1,arrived,0.09717989110178304,7.999999999999999
uncertainty,CAP,0.8,0.45,inward,5,0.02,0.04,0,arrived,0.00504547832042368,7.999999999999999
uncertainty,CAP,0.8,0.45,inward,5,0.02,0.04,1,arrived,0.06663867712458071,7.999999999999999
uncertainty,SRCBF,0.8,0.45,inward,6,0.02,0.04,0,arrived,0.02958983093335743,7.999999999999999
uncertainty,SRCBF,0.8,0.45,inward,6,0.02,0.04,1,arrived,0.08633512901010953,7.999999999999999
uncertainty,CAP,0.8,0.45,inward,6,0.02,0.04,0,violation,-0.013026800589375775,3.2
uncertainty,CAP,0.8,0.45,inward,6,0.02,0.04,1,arrived,0.04809558390315949,7.999999999999999
uncertainty,SRCBF,0.8,0.45,inward,7,0.02,0.04,0,arrived,0.049840337619939556,7.999999999999999
uncertainty,SRCBF,0.8,0.45,inward,7,0.02,0.04,1,arrived,0.10715144299139279,7.999999999999999
uncertainty,CAP,0.8,0.45,inward,7,0.02,0.04,0,arrived,0.016809416299026103,7.999999999999999
uncertainty,CAP,0.8,0.45,inward,7,0.02,0.04,1,arrived,0.07833940278760743,7.999999999999999
uncertainty,SRCBF,0.8,0.45,inward,8,0.02,0.04,0,arrived,0.034901692843062104,7.999999999999999
uncertainty,SRCBF,0.8,0.45,inward,8,0.02,0.04,1,arrived,0.09211486793900858,7.999999999999999
uncertainty,CAP,0.8,0.45,inward,8,0.02,0.04,0,violation,-0.00412789957819415,3.2
uncertainty,CAP,0.8,0.45,inward,8,0.02,0.04,1,arrived,0.05739134523519762,7.999999999999999
uncertainty,SRCBF,0.8,0.45,inward,9,0.02,0.04,0,arrived,0.025151976215865735,7.999999999999999
uncertainty,SRCBF,0.8,0.45,inward,9,0.02,0.04,1,arrived,0.08189452653631069,7.999999999999999
uncertainty,CAP,0.8,0.45,inward,9,0.02,0.04,0,violation,-0.019448606178852468,3.2
uncertainty,CAP,0.8,0.45,inward,9,0.02,0.04,1,arrived,0.04220606352869294,7.999999999999999
uncertainty,SRCBF,0.8,0.45,inward,10,0.02,0.04,0,arrived,0.031970640033123554,7.999999999999999
uncertainty,SRCBF,0.8,0.45,inward,10,0.02,0.04,1,arrived,0.08913179681049765,7.999999999999999
uncertainty,CAP,0.8,0.45,inward,10,0.02,0.04,0,violation,-0.011164904536306808,3.2
uncertainty,CAP,0.8,0.45,inward,10,0.02,0.04,1,arrived,0.05071987430004432,7.999999999999999
uncertainty,SRCBF,0.8,0.45,inward,11,0.02,0.04,0,arrived,0.03927792389189477,7.999999999999999
uncertainty,SRCBF,0.8,0.45,inward,11,0.02,0.04,1,arrived,0.09532836547605794,7.999999999999999
uncertainty,CAP,0.8,0.45,inward,11,0.02,0.04,0,violation,-0.00678728601981482,3.2
uncertainty,CAP,0.8,0.45,inward,11,0.02,0.04,1,arrived,0.0538982701738967,7.999999999999999
uncertainty,SRCBF,0.8,0.45,inward,12,0.02,0.04,0,arrived,0.05263334586164514,7.999999999999999
uncertainty,SRCBF,0.8,0.45,inward,12,0.02,0.04,1,arrived,0.10934457852551127,7.999999999999999
uncertainty,CAP,0.8,0.45,inward,12,0.02,0.04,0,arrived,0.015113808187107391,7.999999999999999
uncertainty,CAP,0.8,0.45,inward,12,0.02,0.04,1,arrived,0.07612777384368508,7.999999999999999
uncertainty,SRCBF,0.8,0.45,inward,13,0.02,0.04,0,arrived,0.04350807909441157,7.999999999999999
uncertainty,SRCBF,0.8,0.45,inward,13,0.02,0.04,1,arrived,0.1005222377258993,7.999999999999999
uncertainty,CAP,0.8,0.45,inward,13,0.02,0.04,0,arrived,0.002305602330076484,7.999999999999999
uncertainty,CAP,0.8,0.45,inward,13,0.02,0.04,1,arrived,0.06378565429465621,7.999999999999999
uncertainty,SRCBF,0.8,0.45,inward,14,0.02,0.04,0,arrived,0.022192160720275633,7.999999999999999
uncertainty,SRCBF,0.8,0.45,inward,14,0.02,0.04,1,arrived,0.07959158483344408,7.999999999999999
uncertainty,CAP,0.8,0.45,inward,14,0.02,0.04,0,violation,-0.018208279600413935,3.2
uncertainty,CAP,0.8,0.45,inward,14,0.02,0.04,1,arrived,0.043564744789426624,7.999999999999999
uncertainty,SRCBF,0.8,0.45,inward,15,0.02,0.04,0,arrived,0.04776007851377306,7.999999999999999
uncertainty,SRCBF,0.8,0.45,inward,15,0.02,0.04,1,arrived,0.10486849738181714,7.999999999999999
uncertainty,CAP,0.8,0.45,inward,15,0.02,0.04,0,arrived,0.011078425830521876,7.999999999999999
uncertainty,CAP,0.8,0.45,inward,15,0.02,0.04,1,arrived,0.07251085876384322,7.999999999999999
uncertainty,SRCBF,0.8,0.45,inward,16,0.02,0.04,0,arrived,0.04121147443083584,7.999999999999999
uncertainty,SRCBF,0.8,0.45,inward,16,0.02,0.04,1,arrived,0.09853061045961387,7.999999999999999
uncertainty,CAP,0.8,0.45,inward,16,0.02,0.04,0,arrived,0.005956333203173125,7.999999999999999
uncertainty,CAP,0.8,0.45,inward,16,0.02,0.04,1,arrived,0.06744642393762423,7.999999999999999
uncertainty,SRCBF,0.8,0.45,inward,17,0.02,0.04,0,arrived,0.019483276825264517,7.999999999999999
uncertainty,SRCBF,0.8,0.45,inward,17,0.02,0.04,1,arrived,0.07691919458803054,7.999999999999999
uncertainty,CAP,0.8,0.45,inward,17,0.02,0.04,0,violation,-0.020642997678212205,3.2
uncertainty,CAP,0.8,0.45,inward,17,0.02,0.04,1,arrived,0.041068221878498345,7.999999999999999
uncertainty,SRCBF,0.8,0.45,inward,18,0.02,0.04,0,arrived,0.04889357577506748,7.999999999999999
uncertainty,SRCBF,0.8,0.45,inward,18,0.02,0.04,1,arrived,0.10588658757398772,7.999999999999999
uncertainty,CAP,0.8,0.45,inward,18,0.02,0.04,0,arrived,0.008236143315963673,7.999999999999999
uncertainty,CAP,0.8,0.45,inward,18,0.02,0.04,1,arrived,0.06969886715567697,7.999999999999999
uncertainty,SRCBF,0.8,0.45,inward,19,0.02,0.04,0,arrived,0.04539075049031782,7.999999999999999
uncertainty,SRCBF,0.8,0.45,inward,19,0.02,0.04,1,arrived,0.10240560559809175,7.999999999999999
uncertainty,CAP,0.8,0.45,inward,19,0.02,0.04,0,arrived,0.009913290335863967,7.999999999999999
uncertainty,CAP,0.8,0.45,inward,19,0.02,0.04,1,arrived,0.07112834694926184,7.999999999999999
