experiment,method,dt,offset,regime,seed,tau_v,acceleration_limit,solver,status,min_clearance,time
velocity_servo,SRCBF,0.2,0.15,bias,0,0.1,2.0,exact_piecewise_hold,arrived,0.038664696407338384,10.199999999999996
velocity_servo,CAP,0.2,0.15,bias,0,0.1,2.0,exact_piecewise_hold,violation,-0.02112149352992554,2.8000000000000003
velocity_servo,SRCBF,0.2,0.15,bias,1,0.1,2.0,exact_piecewise_hold,violation,-0.0016534868697263283,2.4
velocity_servo,CAP,0.2,0.15,bias,1,0.1,2.0,exact_piecewise_hold,violation,-0.04277798373551622,2.4
velocity_servo,SRCBF,0.2,0.15,bias,2,0.1,2.0,exact_piecewise_hold,arrived,0.052027012616838175,10.799999999999994
velocity_servo,CAP,0.2,0.15,bias,2,0.1,2.0,exact_piecewise_hold,violation,-0.028871131407567474,2.8000000000000003
velocity_servo,SRCBF,0.2,0.15,bias,3,0.1,2.0,exact_piecewise_hold,arrived,0.025882107024429946,10.199999999999996
velocity_servo,CAP,0.2,0.15,bias,3,0.1,2.0,exact_piecewise_hold,violation,-0.019775990683783884,2.6
velocity_servo,SRCBF,0.2,0.15,bias,4,0.1,2.0,exact_piecewise_hold,arrived,0.09212190300535417,11.199999999999992
velocity_servo,CAP,0.2,0.15,bias,4,0.1,2.0,exact_piecewise_hold,arrived,0.011570315683754773,10.999999999999993
velocity_servo,SRCBF,0.2,0.15,bias,5,0.1,2.0,exact_piecewise_hold,arrived,0.05248275327243557,8.000000000000004
velocity_servo,CAP,0.2,0.15,bias,5,0.1,2.0,exact_piecewise_hold,violation,-0.004613951574634068,2.6
velocity_servo,SRCBF,0.2,0.15,bias,6,0.1,2.0,exact_piecewise_hold,arrived,0.06810348814992617,11.399999999999991
velocity_servo,CAP,0.2,0.15,bias,6,0.1,2.0,exact_piecewise_hold,violation,-0.006228652483241226,3.0000000000000004
velocity_servo,SRCBF,0.2,0.15,bias,7,0.1,2.0,exact_piecewise_hold,arrived,0.006751570082539904,7.400000000000004
velocity_servo,CAP,0.2,0.15,bias,7,0.1,2.0,exact_piecewise_hold,violation,-0.015164418724884499,2.4
velocity_servo,SRCBF,0.2,0.15,bias,8,0.1,2.0,exact_piecewise_hold,violation,-0.010542936286453197,2.4
velocity_servo,CAP,0.2,0.15,bias,8,0.1,2.0,exact_piecewise_hold,violation,-0.056941532975282816,2.4
velocity_servo,SRCBF,0.2,0.15,bias,9,0.1,2.0,exact_piecewise_hold,arrived,0.051874915414688805,10.199999999999996
velocity_servo,CAP,0.2,0.15,bias,9,0.1,2.0,exact_piecewise_hold,violation,-0.02197512383991329,2.8000000000000003
velocity_servo,SRCBF,0.2,0.15,bias,10,0.1,2.0,exact_piecewise_hold,arrived,0.025734656001285994,9.399999999999999
velocity_servo,CAP,0.2,0.15,bias,10,0.1,2.0,exact_piecewise_hold,violation,-0.048320877478971735,2.6
velocity_servo,SRCBF,0.2,0.15,bias,11,0.1,2.0,exact_piecewise_hold,arrived,0.09290412815811899,10.799999999999994
velocity_servo,CAP,0.2,0.15,bias,11,0.1,2.0,exact_piecewise_hold,arrived,0.00913902680745693,10.599999999999994
velocity_servo,SRCBF,0.2,0.15,bias,12,0.1,2.0,exact_piecewise_hold,violation,-0.017078511507349514,2.6
velocity_servo,CAP,0.2,0.15,bias,12,0.1,2.0,exact_piecewise_hold,violation,-0.03569791961353996,2.4
velocity_servo,SRCBF,0.2,0.15,bias,13,0.1,2.0,exact_piecewise_hold,arrived,0.030330000597704965,7.600000000000004
velocity_servo,CAP,0.2,0.15,bias,13,0.1,2.0,exact_piecewise_hold,violation,-0.054394313098917846,2.6
velocity_servo,SRCBF,0.2,0.15,bias,14,0.1,2.0,exact_piecewise_hold,arrived,0.07264885148101696,11.399999999999991
velocity_servo,CAP,0.2,0.15,bias,14,0.1,2.0,exact_piecewise_hold,arrived,0.008036308053418928,11.199999999999992
velocity_servo,SRCBF,0.2,0.15,bias,15,0.1,2.0,exact_piecewise_hold,arrived,0.05130154190101022,7.800000000000004
velocity_servo,CAP,0.2,0.15,bias,15,0.1,2.0,exact_piecewise_hold,violation,-0.010021202736907986,2.6
velocity_servo,SRCBF,0.2,0.15,bias,16,0.1,2.0,exact_piecewise_hold,arrived,0.07959921961045557,14.199999999999982
velocity_servo,CAP,0.2,0.15,bias,16,0.1,2.0,exact_piecewise_hold,arrived,0.011643862443154407,13.799999999999983
velocity_servo,SRCBF,0.2,0.15,bias,17,0.1,2.0,exact_piecewise_hold,arrived,0.002400723839873331,9.2
velocity_servo,CAP,0.2,0.15,bias,17,0.1,2.0,exact_piecewise_hold,violation,-0.01399527870925954,2.4
velocity_servo,SRCBF,0.2,0.15,bias,18,0.1,2.0,exact_piecewise_hold,arrived,0.09106499126150513,8.8
velocity_servo,CAP,0.2,0.15,bias,18,0.1,2.0,exact_piecewise_hold,arrived,0.019419994400536322,8.600000000000001
velocity_servo,SRCBF,0.2,0.15,bias,19,0.1,2.0,exact_piecewise_hold,violation,-0.01157661273357491,2.6
velocity_servo,CAP,0.2,0.15,bias,19,0.1,2.0,exact_piecewise_hold,violation,-0.02711685349014914,2.4
velocity_servo,SRCBF,0.2,0.15,inward,0,0.1,2.0,exact_piecewise_hold,violation,-0.01665244860375903,2.4
velocity_servo,CAP,0.2,0.15,inward,0,0.1,2.0,exact_piecewise_hold,violation,-0.06829460808574728,2.4
velocity_servo,SRCBF,0.2,0.15,inward,1,0.1,2.0,exact_piecewise_hold,violation,-0.016215945123140507,2.4
velocity_servo,CAP,0.2,0.15,inward,1,0.1,2.0,exact_piecewise_hold,violation,-0.06681382989563867,2.4
velocity_servo,SRCBF,0.2,0.15,inward,2,0.1,2.0,exact_piecewise_hold,violation,-0.015261556070013782,2.4
velocity_servo,CAP,0.2,0.15,inward,2,0.1,2.0,exact_piecewise_hold,violation,-0.06354961973158502,2.4
velocity_servo,SRCBF,0.2,0.15,inward,3,0.1,2.0,exact_piecewise_hold,violation,-0.0145278218180942,2.4
velocity_servo,CAP,0.2,0.15,inward,3,0.1,2.0,exact_piecewise_hold,violation,-0.06104794872635233,2.4
velocity_servo,SRCBF,0.2,0.15,inward,4,0.1,2.0,exact_piecewise_hold,violation,-0.017600369481176936,2.4
velocity_servo,CAP,0.2,0.15,inward,4,0.1,2.0,exact_piecewise_hold,violation,-0.07141984347037955,2.4
velocity_servo,SRCBF,0.2,0.15,inward,5,0.1,2.0,exact_piecewise_hold,violation,-0.017194240138072914,2.4
velocity_servo,CAP,0.2,0.15,inward,5,0.1,2.0,exact_piecewise_hold,violation,-0.07010247188410179,2.4
velocity_servo,SRCBF,0.2,0.15,inward,6,0.1,2.0,exact_piecewise_hold,violation,-0.016310136797850316,2.4
velocity_servo,CAP,0.2,0.15,inward,6,0.1,2.0,exact_piecewise_hold,violation,-0.06713454960118526,2.4
velocity_servo,SRCBF,0.2,0.15,inward,7,0.1,2.0,exact_piecewise_hold,violation,-0.01661225490389384,2.4
velocity_servo,CAP,0.2,0.15,inward,7,0.1,2.0,exact_piecewise_hold,violation,-0.06815893930817529,2.4
velocity_servo,SRCBF,0.2,0.15,inward,8,0.1,2.0,exact_piecewise_hold,violation,-0.015521133494675432,2.4
velocity_servo,CAP,0.2,0.15,inward,8,0.1,2.0,exact_piecewise_hold,violation,-0.06443815210943149,2.4
velocity_servo,SRCBF,0.2,0.15,inward,9,0.1,2.0,exact_piecewise_hold,violation,-0.017390618024808124,2.4
velocity_servo,CAP,0.2,0.15,inward,9,0.1,2.0,exact_piecewise_hold,violation,-0.07074469185166232,2.4
velocity_servo,SRCBF,0.2,0.15,inward,10,0.1,2.0,exact_piecewise_hold,violation,-0.017636621142204212,2.4
velocity_servo,CAP,0.2,0.15,inward,10,0.1,2.0,exact_piecewise_hold,violation,-0.07153520434372518,2.4
velocity_servo,SRCBF,0.2,0.15,inward,11,0.1,2.0,exact_piecewise_hold,violation,-0.014711409272655351,2.4
velocity_servo,CAP,0.2,0.15,inward,11,0.1,2.0,exact_piecewise_hold,violation,-0.06167182129920412,2.4
velocity_servo,SRCBF,0.2,0.15,inward,12,0.1,2.0,exact_piecewise_hold,violation,-0.015218028497319347,2.4
velocity_servo,CAP,0.2,0.15,inward,12,0.1,2.0,exact_piecewise_hold,violation,-0.06340072160775789,2.4
velocity_servo,SRCBF,0.2,0.15,inward,13,0.1,2.0,exact_piecewise_hold,violation,-0.01737451290630132,2.4
velocity_servo,CAP,0.2,0.15,inward,13,0.1,2.0,exact_piecewise_hold,violation,-0.07069236087738584,2.4
velocity_servo,SRCBF,0.2,0.15,inward,14,0.1,2.0,exact_piecewise_hold,violation,-0.01727338281589097,2.4
velocity_servo,CAP,0.2,0.15,inward,14,0.1,2.0,exact_piecewise_hold,violation,-0.07036233507346223,2.4
velocity_servo,SRCBF,0.2,0.15,inward,15,0.1,2.0,exact_piecewise_hold,violation,-0.016837996020620194,2.4
velocity_servo,CAP,0.2,0.15,inward,15,0.1,2.0,exact_piecewise_hold,violation,-0.06891852819419808,2.4
velocity_servo,SRCBF,0.2,0.15,inward,16,0.1,2.0,exact_piecewise_hold,violation,-0.016411548152028277,2.4
velocity_servo,CAP,0.2,0.15,inward,16,0.1,2.0,exact_piecewise_hold,violation,-0.06747921365541132,2.4
velocity_servo,SRCBF,0.2,0.15,inward,17,0.1,2.0,exact_piecewise_hold,violation,-0.017315785374610093,2.4
velocity_servo,CAP,0.2,0.15,inward,17,0.1,2.0,exact_piecewise_hold,violation,-0.07050100082988486,2.4
velocity_servo,SRCBF,0.2,0.15,inward,18,0.1,2.0,exact_piecewise_hold,violation,-0.015800010331292635,2.4
velocity_servo,CAP,0.2,0.15,inward,18,0.1,2.0,exact_piecewise_hold,violation,-0.06539291322692986,2.4
velocity_servo,SRCBF,0.2,0.15,inward,19,0.1,2.0,exact_piecewise_hold,violation,-0.01587957667171913,2.4
velocity_servo,CAP,0.2,0.15,inward,19,0.1,2.0,exact_piecewise_hold,violation,-0.06566514169870807,2.4
velocity_servo,SRCBF,0.2,0.45,bias,0,0.1,2.0,exact_piecewise_hold,arrived,0.02696261575600012,9.0
velocity_servo,CAP,0.2,0.45,bias,0,0.1,2.0,exact_piecewise_hold,violation,-0.04221884821606392,2.8000000000000003
velocity_servo,SRCBF,0.2,0.45,bias,1,0.1,2.0,exact_piecewise_hold,arrived,0.047869446637976765,6.400000000000003
velocity_servo,CAP,0.2,0.45,bias,1,0.1,2.0,exact_piecewise_hold,violation,-0.016942562836754216,2.6
velocity_servo,SRCBF,0.2,0.45,bias,2,0.1,2.0,exact_piecewise_hold,arrived,0.040002354991252376,9.0
velocity_servo,CAP,0.2,0.45,bias,2,0.1,2.0,exact_piecewise_hold,violation,-0.03810903510121599,2.8000000000000003
velocity_servo,SRCBF,0.2,0.45,bias,3,0.1,2.0,exact_piecewise_hold,arrived,0.009411799621944161,8.200000000000003
velocity_servo,CAP,0.2,0.45,bias,3,0.1,2.0,exact_piecewise_hold,violation,-0.009081323622985638,2.6
velocity_servo,SRCBF,0.2,0.45,bias,4,0.1,2.0,exact_piecewise_hold,arrived,0.10514893946649406,9.399999999999999
velocity_servo,CAP,0.2,0.45,bias,4,0.1,2.0,exact_piecewise_hold,arrived,0.051812674771706146,9.399999999999999
velocity_servo,SRCBF,0.2,0.45,bias,5,0.1,2.0,exact_piecewise_hold,arrived,0.11242902062021087,7.200000000000004
velocity_servo,CAP,0.2,0.45,bias,5,0.1,2.0,exact_piecewise_hold,arrived,0.06056475681131712,7.200000000000004
velocity_servo,SRCBF,0.2,0.45,bias,6,0.1,2.0,exact_piecewise_hold,arrived,0.05403289037776804,9.599999999999998
velocity_servo,CAP,0.2,0.45,bias,6,0.1,2.0,exact_piecewise_hold,violation,-0.0010160594871675421,3.0000000000000004
velocity_servo,SRCBF,0.2,0.45,bias,7,0.1,2.0,exact_piecewise_hold,arrived,0.07200278036699048,6.600000000000003
velocity_servo,CAP,0.2,0.45,bias,7,0.1,2.0,exact_piecewise_hold,arrived,0.027682175278616827,6.600000000000003
velocity_servo,SRCBF,0.2,0.45,bias,8,0.1,2.0,exact_piecewise_hold,arrived,0.03198748102497628,6.400000000000003
velocity_servo,CAP,0.2,0.45,bias,8,0.1,2.0,exact_piecewise_hold,violation,-0.03769181816261391,2.6
velocity_servo,SRCBF,0.2,0.45,bias,9,0.1,2.0,exact_piecewise_hold,arrived,0.03621102594383496,9.399999999999999
velocity_servo,CAP,0.2,0.45,bias,9,0.1,2.0,exact_piecewise_hold,violation,-0.043138969618170875,2.8000000000000003
velocity_servo,SRCBF,0.2,0.45,bias,10,0.1,2.0,exact_piecewise_hold,arrived,0.006027291356577424,8.400000000000002
velocity_servo,CAP,0.2,0.45,bias,10,0.1,2.0,exact_piecewise_hold,violation,-0.04567173038340577,2.6
velocity_servo,SRCBF,0.2,0.45,bias,11,0.1,2.0,exact_piecewise_hold,arrived,0.10337468109049208,9.399999999999999
velocity_servo,CAP,0.2,0.45,bias,11,0.1,2.0,exact_piecewise_hold,arrived,0.05080536453867723,9.2
velocity_servo,SRCBF,0.2,0.45,bias,12,0.1,2.0,exact_piecewise_hold,arrived,0.054291700530132214,6.400000000000003
velocity_servo,CAP,0.2,0.45,bias,12,0.1,2.0,exact_piecewise_hold,arrived,0.001005966513245582,6.400000000000003
velocity_servo,SRCBF,0.2,0.45,bias,13,0.1,2.0,exact_piecewise_hold,arrived,0.08545692304962582,6.800000000000003
velocity_servo,CAP,0.2,0.45,bias,13,0.1,2.0,exact_piecewise_hold,arrived,0.04091757945684438,6.800000000000003
velocity_servo,SRCBF,0.2,0.45,bias,14,0.1,2.0,exact_piecewise_hold,arrived,0.05957140138597394,9.799999999999997
velocity_servo,CAP,0.2,0.45,bias,14,0.1,2.0,exact_piecewise_hold,arrived,0.004622447399837748,9.599999999999998
velocity_servo,SRCBF,0.2,0.45,bias,15,0.1,2.0,exact_piecewise_hold,arrived,0.11148746956157751,7.200000000000004
velocity_servo,CAP,0.2,0.45,bias,15,0.1,2.0,exact_piecewise_hold,arrived,0.05893601615908339,7.0000000000000036
velocity_servo,SRCBF,0.2,0.45,bias,16,0.1,2.0,exact_piecewise_hold,arrived,0.08490061536055005,9.599999999999998
velocity_servo,CAP,0.2,0.45,bias,16,0.1,2.0,exact_piecewise_hold,arrived,0.017645097720339287,9.599999999999998
velocity_servo,SRCBF,0.2,0.45,bias,17,0.1,2.0,exact_piecewise_hold,violation,-0.004514628189699943,2.8000000000000003
velocity_servo,CAP,0.2,0.45,bias,17,0.1,2.0,exact_piecewise_hold,violation,-0.015521447229656093,2.4
velocity_servo,SRCBF,0.2,0.45,bias,18,0.1,2.0,exact_piecewise_hold,arrived,0.13804155870036883,8.000000000000004
velocity_servo,CAP,0.2,0.45,bias,18,0.1,2.0,exact_piecewise_hold,arrived,0.0883763976815638,8.000000000000004
velocity_servo,SRCBF,0.2,0.45,bias,19,0.1,2.0,exact_piecewise_hold,arrived,0.06181611789239205,6.400000000000003
velocity_servo,CAP,0.2,0.45,bias,19,0.1,2.0,exact_piecewise_hold,arrived,0.01314128163760353,6.400000000000003
velocity_servo,SRCBF,0.2,0.45,inward,0,0.1,2.0,exact_piecewise_hold,violation,-0.0011089113786548754,2.6
velocity_servo,CAP,0.2,0.45,inward,0,0.1,2.0,exact_piecewise_hold,violation,-0.02269320667642638,2.4
velocity_servo,SRCBF,0.2,0.45,inward,1,0.1,2.0,exact_piecewise_hold,violation,-3.982767385168895e-05,2.8000000000000003
velocity_servo,CAP,0.2,0.45,inward,1,0.1,2.0,exact_piecewise_hold,violation,-0.02118340624312387,2.4
velocity_servo,SRCBF,0.2,0.45,inward,2,0.1,2.0,exact_piecewise_hold,arrived,0.0037374124080288285,8.400000000000002
velocity_servo,CAP,0.2,0.45,inward,2,0.1,2.0,exact_piecewise_hold,violation,-0.018103281368305302,2.4
velocity_servo,SRCBF,0.2,0.45,inward,3,0.1,2.0,exact_piecewise_hold,arrived,0.00615034963073835,8.400000000000002
velocity_servo,CAP,0.2,0.45,inward,3,0.1,2.0,exact_piecewise_hold,violation,-0.01589215066248184,2.4
velocity_servo,SRCBF,0.2,0.45,inward,4,0.1,2.0,exact_piecewise_hold,violation,-0.007195739819264468,2.6
velocity_servo,CAP,0.2,0.45,inward,4,0.1,2.0,exact_piecewise_hold,violation,-0.026290894994695613,2.4
velocity_servo,SRCBF,0.2,0.45,inward,5,0.1,2.0,exact_piecewise_hold,violation,-0.004403394714940334,2.6
velocity_servo,CAP,0.2,0.45,inward,5,0.1,2.0,exact_piecewise_hold,violation,-0.02468573033032917,2.4
velocity_servo,SRCBF,0.2,0.45,inward,6,0.1,2.0,exact_piecewise_hold,violation,-0.00046189818811237515,2.8000000000000003
velocity_servo,CAP,0.2,0.45,inward,6,0.1,2.0,exact_piecewise_hold,violation,-0.02150300031206509,2.4
velocity_servo,SRCBF,0.2,0.45,inward,7,0.1,2.0,exact_piecewise_hold,violation,-0.0008807635686738369,2.6
velocity_servo,CAP,0.2,0.45,inward,7,0.1,2.0,exact_piecewise_hold,violation,-0.022550969046971847,2.4
velocity_servo,SRCBF,0.2,0.45,inward,8,0.1,2.0,exact_piecewise_hold,arrived,0.002790598480072126,8.400000000000002
velocity_servo,CAP,0.2,0.45,inward,8,0.1,2.0,exact_piecewise_hold,violation,-0.018915404932393187,2.4
velocity_servo,SRCBF,0.2,0.45,inward,9,0.1,2.0,exact_piecewise_hold,violation,-0.005713725393261426,2.6
velocity_servo,CAP,0.2,0.45,inward,9,0.1,2.0,exact_piecewise_hold,violation,-0.02544804585323468,2.4
velocity_servo,SRCBF,0.2,0.45,inward,10,0.1,2.0,exact_piecewise_hold,violation,-0.007461403218982254,2.6
velocity_servo,CAP,0.2,0.45,inward,10,0.1,2.0,exact_piecewise_hold,violation,-0.02643988054731805,2.4
velocity_servo,SRCBF,0.2,0.45,inward,11,0.1,2.0,exact_piecewise_hold,arrived,0.00557983178045296,8.400000000000002
velocity_servo,CAP,0.2,0.45,inward,11,0.1,2.0,exact_piecewise_hold,violation,-0.016434710172128608,2.4
velocity_servo,SRCBF,0.2,0.45,inward,12,0.1,2.0,exact_piecewise_hold,arrived,0.003891020879526641,8.400000000000002
velocity_servo,CAP,0.2,0.45,inward,12,0.1,2.0,exact_piecewise_hold,violation,-0.017968749399579376,2.4
velocity_servo,SRCBF,0.2,0.45,inward,13,0.1,2.0,exact_piecewise_hold,violation,-0.005603591590575441,2.6
velocity_servo,CAP,0.2,0.45,inward,13,0.1,2.0,exact_piecewise_hold,violation,-0.02538460137520593,2.4
velocity_servo,SRCBF,0.2,0.45,inward,14,0.1,2.0,exact_piecewise_hold,violation,-0.004923112855464096,2.6
velocity_servo,CAP,0.2,0.45,inward,14,0.1,2.0,exact_piecewise_hold,violation,-0.024990056459673893,2.4
velocity_servo,SRCBF,0.2,0.45,inward,15,0.1,2.0,exact_piecewise_hold,violation,-0.0021894433820894843,2.6
velocity_servo,CAP,0.2,0.45,inward,15,0.1,2.0,exact_piecewise_hold,violation,-0.02335917742712934,2.4
velocity_servo,SRCBF,0.2,0.45,inward,16,0.1,2.0,exact_piecewise_hold,violation,-0.0009279869758106463,2.8000000000000003
velocity_servo,CAP,0.2,0.45,inward,16,0.1,2.0,exact_piecewise_hold,violation,-0.021850762460767004,2.4
velocity_servo,SRCBF,0.2,0.45,inward,17,0.1,2.0,exact_piecewise_hold,violation,-0.00520613584268903,2.6
velocity_servo,CAP,0.2,0.45,inward,17,0.1,2.0,exact_piecewise_hold,violation,-0.025154689279980325,2.4
velocity_servo,SRCBF,0.2,0.45,inward,18,0.1,2.0,exact_piecewise_hold,arrived,0.0017101431501913567,8.400000000000002
velocity_servo,CAP,0.2,0.45,inward,18,0.1,2.0,exact_piecewise_hold,violation,-0.019808077759302933,2.4
velocity_servo,SRCBF,0.2,0.45,inward,19,0.1,2.0,exact_piecewise_hold,arrived,0.0013888536736043067,8.400000000000002
velocity_servo,CAP,0.2,0.45,inward,19,0.1,2.0,exact_piecewise_hold,violation,-0.02006690628402108,2.4
velocity_servo,SRCBF,0.5,0.15,bias,0,0.1,2.0,exact_piecewise_hold,arrived,0.025874224000751456,10.0
velocity_servo,CAP,0.5,0.15,bias,0,0.1,2.0,exact_piecewise_hold,violation,-0.11189699218086724,3.0
velocity_servo,SRCBF,0.5,0.15,bias,1,0.1,2.0,exact_piecewise_hold,violation,-0.05892199457322189,2.5
velocity_servo,CAP,0.5,0.15,bias,1,0.1,2.0,exact_piecewise_hold,violation,-0.07907931641788757,2.5
velocity_servo,SRCBF,0.5,0.15,bias,2,0.1,2.0,exact_piecewise_hold,arrived,0.028859335113816442,11.0
velocity_servo,CAP,0.5,0.15,bias,2,0.1,2.0,exact_piecewise_hold,violation,-0.12934720411070966,3.0
velocity_servo,SRCBF,0.5,0.15,bias,3,0.1,2.0,exact_piecewise_hold,arrived,0.001512434421599651,10.0
velocity_servo,CAP,0.5,0.15,bias,3,0.1,2.0,exact_piecewise_hold,violation,-0.11326849252056947,3.0
velocity_servo,SRCBF,0.5,0.15,bias,4,0.1,2.0,exact_piecewise_hold,arrived,0.05590733999270581,11.0
velocity_servo,CAP,0.5,0.15,bias,4,0.1,2.0,exact_piecewise_hold,arrived,0.007696084155258465,11.0
velocity_servo,SRCBF,0.5,0.15,bias,5,0.1,2.0,exact_piecewise_hold,arrived,0.050391025018682645,8.0
velocity_servo,CAP,0.5,0.15,bias,5,0.1,2.0,exact_piecewise_hold,violation,-0.04485023794122278,3.0
velocity_servo,SRCBF,0.5,0.15,bias,6,0.1,2.0,exact_piecewise_hold,arrived,0.04040983128794684,11.5
velocity_servo,CAP,0.5,0.15,bias,6,0.1,2.0,exact_piecewise_hold,violation,-0.093742993303356,3.0
velocity_servo,SRCBF,0.5,0.15,bias,7,0.1,2.0,exact_piecewise_hold,violation,-0.0038864544512884347,2.5
velocity_servo,CAP,0.5,0.15,bias,7,0.1,2.0,exact_piecewise_hold,violation,-0.03321814411936863,2.5
velocity_servo,SRCBF,0.5,0.15,bias,8,0.1,2.0,exact_piecewise_hold,violation,-0.08123610091768108,2.5
velocity_servo,CAP,0.5,0.15,bias,8,0.1,2.0,exact_piecewise_hold,violation,-0.09868662784247073,2.5
velocity_servo,SRCBF,0.5,0.15,bias,9,0.1,2.0,exact_piecewise_hold,arrived,0.03511404777706639,10.0
velocity_servo,CAP,0.5,0.15,bias,9,0.1,2.0,exact_piecewise_hold,violation,-0.11475173540913253,3.0
velocity_servo,SRCBF,0.5,0.15,bias,10,0.1,2.0,exact_piecewise_hold,arrived,0.00016246819547249824,9.5
velocity_servo,CAP,0.5,0.15,bias,10,0.1,2.0,exact_piecewise_hold,violation,-0.09869462569860876,3.0
velocity_servo,SRCBF,0.5,0.15,bias,11,0.1,2.0,exact_piecewise_hold,arrived,0.05483866227125411,10.5
velocity_servo,CAP,0.5,0.15,bias,11,0.1,2.0,exact_piecewise_hold,arrived,0.012770729385187418,10.5
velocity_servo,SRCBF,0.5,0.15,bias,12,0.1,2.0,exact_piecewise_hold,violation,-0.04640293531562989,2.5
velocity_servo,CAP,0.5,0.15,bias,12,0.1,2.0,exact_piecewise_hold,violation,-0.06837871464909517,2.5
velocity_servo,SRCBF,0.5,0.15,bias,13,0.1,2.0,exact_piecewise_hold,arrived,0.003215070150044075,7.5
velocity_servo,CAP,0.5,0.15,bias,13,0.1,2.0,exact_piecewise_hold,violation,-0.06417829876240022,3.0
velocity_servo,SRCBF,0.5,0.15,bias,14,0.1,2.0,exact_piecewise_hold,arrived,0.044948581036108104,11.5
velocity_servo,CAP,0.5,0.15,bias,14,0.1,2.0,exact_piecewise_hold,violation,-0.06586537254880132,3.0
velocity_servo,SRCBF,0.5,0.15,bias,15,0.1,2.0,exact_piecewise_hold,arrived,0.04724792747996953,8.0
velocity_servo,CAP,0.5,0.15,bias,15,0.1,2.0,exact_piecewise_hold,violation,-0.04401799257678096,3.0
velocity_servo,SRCBF,0.5,0.15,bias,16,0.1,2.0,exact_piecewise_hold,arrived,0.04682538281100457,15.0
velocity_servo,CAP,0.5,0.15,bias,16,0.1,2.0,exact_piecewise_hold,violation,-0.0016659124746413179,3.0
velocity_servo,SRCBF,0.5,0.15,bias,17,0.1,2.0,exact_piecewise_hold,violation,-0.04425514808582032,3.0
velocity_servo,CAP,0.5,0.15,bias,17,0.1,2.0,exact_piecewise_hold,violation,-0.02670153177111223,2.5
velocity_servo,SRCBF,0.5,0.15,bias,18,0.1,2.0,exact_piecewise_hold,arrived,0.0963728957785358,8.5
velocity_servo,CAP,0.5,0.15,bias,18,0.1,2.0,exact_piecewise_hold,violation,-0.04077244614991493,3.0
velocity_servo,SRCBF,0.5,0.15,bias,19,0.1,2.0,exact_piecewise_hold,violation,-0.030426874205204624,2.5
velocity_servo,CAP,0.5,0.15,bias,19,0.1,2.0,exact_piecewise_hold,violation,-0.054890730561473866,2.5
velocity_servo,SRCBF,0.5,0.15,inward,0,0.1,2.0,exact_piecewise_hold,violation,-0.09795331070881552,2.5
velocity_servo,CAP,0.5,0.15,inward,0,0.1,2.0,exact_piecewise_hold,violation,-0.11362412121080356,2.5
velocity_servo,SRCBF,0.5,0.15,inward,1,0.1,2.0,exact_piecewise_hold,violation,-0.09581652515674599,2.5
velocity_servo,CAP,0.5,0.15,inward,1,0.1,2.0,exact_piecewise_hold,violation,-0.11178291479157876,2.5
velocity_servo,SRCBF,0.5,0.15,inward,2,0.1,2.0,exact_piecewise_hold,violation,-0.09099349940036683,2.5
velocity_servo,CAP,0.5,0.15,inward,2,0.1,2.0,exact_piecewise_hold,violation,-0.10765251891481875,2.5
velocity_servo,SRCBF,0.5,0.15,inward,3,0.1,2.0,exact_piecewise_hold,violation,-0.0871782922449642,2.5
velocity_servo,CAP,0.5,0.15,inward,3,0.1,2.0,exact_piecewise_hold,violation,-0.104408459520265,2.5
velocity_servo,SRCBF,0.5,0.15,inward,4,0.1,2.0,exact_piecewise_hold,violation,-0.1023744503663846,2.5
velocity_servo,CAP,0.5,0.15,inward,4,0.1,2.0,exact_piecewise_hold,violation,-0.11745972982435982,2.5
velocity_servo,SRCBF,0.5,0.15,inward,5,0.1,2.0,exact_piecewise_hold,violation,-0.1005241875573174,2.5
velocity_servo,CAP,0.5,0.15,inward,5,0.1,2.0,exact_piecewise_hold,violation,-0.11584975516210616,2.5
velocity_servo,SRCBF,0.5,0.15,inward,6,0.1,2.0,exact_piecewise_hold,violation,-0.0962818591585467,2.5
velocity_servo,CAP,0.5,0.15,inward,6,0.1,2.0,exact_piecewise_hold,violation,-0.11218325764632187,2.5
velocity_servo,SRCBF,0.5,0.15,inward,7,0.1,2.0,exact_piecewise_hold,violation,-0.09775875401289047,2.5
velocity_servo,CAP,0.5,0.15,inward,7,0.1,2.0,exact_piecewise_hold,violation,-0.11345616885382093,2.5
velocity_servo,SRCBF,0.5,0.15,inward,8,0.1,2.0,exact_piecewise_hold,violation,-0.09232278196395183,2.5
velocity_servo,CAP,0.5,0.15,inward,8,0.1,2.0,exact_piecewise_hold,violation,-0.10878754465277929,2.5
velocity_servo,SRCBF,0.5,0.15,inward,9,0.1,2.0,exact_piecewise_hold,violation,-0.10142841781045153,2.5
velocity_servo,CAP,0.5,0.15,inward,9,0.1,2.0,exact_piecewise_hold,violation,-0.1166356029172324,2.5
velocity_servo,SRCBF,0.5,0.15,inward,10,0.1,2.0,exact_piecewise_hold,violation,-0.10253565932476827,2.5
velocity_servo,CAP,0.5,0.15,inward,10,0.1,2.0,exact_piecewise_hold,violation,-0.11760038149341656,2.5
velocity_servo,SRCBF,0.5,0.15,inward,11,0.1,2.0,exact_piecewise_hold,violation,-0.0881402192194789,2.5
velocity_servo,CAP,0.5,0.15,inward,11,0.1,2.0,exact_piecewise_hold,violation,-0.10522450635807457,2.5
velocity_servo,SRCBF,0.5,0.15,inward,12,0.1,2.0,exact_piecewise_hold,violation,-0.0907694691063079,2.5
velocity_servo,CAP,0.5,0.15,inward,12,0.1,2.0,exact_piecewise_hold,violation,-0.10746147212529444,2.5
velocity_servo,SRCBF,0.5,0.15,inward,13,0.1,2.0,exact_piecewise_hold,violation,-0.1013549005571206,2.5
velocity_servo,CAP,0.5,0.15,inward,13,0.1,2.0,exact_piecewise_hold,violation,-0.11657164523712149,2.5
velocity_servo,SRCBF,0.5,0.15,inward,14,0.1,2.0,exact_piecewise_hold,violation,-0.10089060178347098,2.5
velocity_servo,CAP,0.5,0.15,inward,14,0.1,2.0,exact_piecewise_hold,violation,-0.1161679906603088,2.5
velocity_servo,SRCBF,0.5,0.15,inward,15,0.1,2.0,exact_piecewise_hold,violation,-0.09884503315319548,2.5
velocity_servo,CAP,0.5,0.15,inward,15,0.1,2.0,exact_piecewise_hold,violation,-0.11439473616949636,2.5
velocity_servo,SRCBF,0.5,0.15,inward,16,0.1,2.0,exact_piecewise_hold,violation,-0.0967803487598029,2.5
velocity_servo,CAP,0.5,0.15,inward,16,0.1,2.0,exact_piecewise_hold,violation,-0.11261250368973208,2.5
velocity_servo,SRCBF,0.5,0.15,inward,17,0.1,2.0,exact_piecewise_hold,violation,-0.10108582501900742,2.5
velocity_servo,CAP,0.5,0.15,inward,17,0.1,2.0,exact_piecewise_hold,violation,-0.11633765866032197,2.5
velocity_servo,SRCBF,0.5,0.15,inward,18,0.1,2.0,exact_piecewise_hold,violation,-0.09373711605097979,2.5
velocity_servo,CAP,0.5,0.15,inward,18,0.1,2.0,exact_piecewise_hold,violation,-0.10999796106695447,2.5
velocity_servo,SRCBF,0.5,0.15,inward,19,0.1,2.0,exact_piecewise_hold,violation,-0.09413781151217715,2.5
velocity_servo,CAP,0.5,0.15,inward,19,0.1,2.0,exact_piecewise_hold,violation,-0.11034141340440617,2.5
velocity_servo,SRCBF,0.5,0.45,bias,0,0.1,2.0,exact_piecewise_hold,violation,-0.00044330367699629836,3.0
velocity_servo,CAP,0.5,0.45,bias,0,0.1,2.0,exact_piecewise_hold,violation,-0.15083465401518759,3.0
velocity_servo,SRCBF,0.5,0.45,bias,1,0.1,2.0,exact_piecewise_hold,arrived,0.04321745996140802,6.5
velocity_servo,CAP,0.5,0.45,bias,1,0.1,2.0,exact_piecewise_hold,violation,-0.019244550375229097,3.0
velocity_servo,SRCBF,0.5,0.45,bias,2,0.1,2.0,exact_piecewise_hold,arrived,0.004619827722137981,9.0
velocity_servo,CAP,0.5,0.45,bias,2,0.1,2.0,exact_piecewise_hold,violation,-0.14097229317517113,3.0
velocity_servo,SRCBF,0.5,0.45,bias,3,0.1,2.0,exact_piecewise_hold,violation,-0.014170315761392938,3.0
velocity_servo,CAP,0.5,0.45,bias,3,0.1,2.0,exact_piecewise_hold,violation,-0.1440617938625368,3.0
velocity_servo,SRCBF,0.5,0.45,bias,4,0.1,2.0,exact_piecewise_hold,arrived,0.11739274165745583,9.0
velocity_servo,CAP,0.5,0.45,bias,4,0.1,2.0,exact_piecewise_hold,arrived,0.05777707926734199,9.0
velocity_servo,SRCBF,0.5,0.45,bias,5,0.1,2.0,exact_piecewise_hold,arrived,0.14368049892362866,7.0
velocity_servo,CAP,0.5,0.45,bias,5,0.1,2.0,exact_piecewise_hold,arrived,0.03496189148016671,7.0
velocity_servo,SRCBF,0.5,0.45,bias,6,0.1,2.0,exact_piecewise_hold,arrived,0.019121697479316135,9.5
velocity_servo,CAP,0.5,0.45,bias,6,0.1,2.0,exact_piecewise_hold,violation,-0.06788858630746353,3.0
velocity_servo,SRCBF,0.5,0.45,bias,7,0.1,2.0,exact_piecewise_hold,arrived,0.08953447564168393,6.5
velocity_servo,CAP,0.5,0.45,bias,7,0.1,2.0,exact_piecewise_hold,arrived,0.008432988699791144,6.5
velocity_servo,SRCBF,0.5,0.45,bias,8,0.1,2.0,exact_piecewise_hold,arrived,0.015765754789569986,6.5
velocity_servo,CAP,0.5,0.45,bias,8,0.1,2.0,exact_piecewise_hold,violation,-0.04104427753792683,3.0
velocity_servo,SRCBF,0.5,0.45,bias,9,0.1,2.0,exact_piecewise_hold,arrived,0.003689796406657342,9.5
velocity_servo,CAP,0.5,0.45,bias,9,0.1,2.0,exact_piecewise_hold,violation,-0.15421314953778364,3.0
velocity_servo,SRCBF,0.5,0.45,bias,10,0.1,2.0,exact_piecewise_hold,violation,-0.02747881509083172,3.0
velocity_servo,CAP,0.5,0.45,bias,10,0.1,2.0,exact_piecewise_hold,violation,-0.1304570116551661,3.0
velocity_servo,SRCBF,0.5,0.45,bias,11,0.1,2.0,exact_piecewise_hold,arrived,0.12838264721096104,9.0
velocity_servo,CAP,0.5,0.45,bias,11,0.1,2.0,exact_piecewise_hold,arrived,0.058724211848249386,9.0
velocity_servo,SRCBF,0.5,0.45,bias,12,0.1,2.0,exact_piecewise_hold,arrived,0.05740095772003462,6.5
velocity_servo,CAP,0.5,0.45,bias,12,0.1,2.0,exact_piecewise_hold,violation,-0.010485267054646252,3.0
velocity_servo,SRCBF,0.5,0.45,bias,13,0.1,2.0,exact_piecewise_hold,arrived,0.11549167353736212,7.0
velocity_servo,CAP,0.5,0.45,bias,13,0.1,2.0,exact_piecewise_hold,arrived,0.01769805437832983,7.0
velocity_servo,SRCBF,0.5,0.45,bias,14,0.1,2.0,exact_piecewise_hold,arrived,0.025619716141479065,9.5
velocity_servo,CAP,0.5,0.45,bias,14,0.1,2.0,exact_piecewise_hold,violation,-0.046409496243943194,3.0
velocity_servo,SRCBF,0.5,0.45,bias,15,0.1,2.0,exact_piecewise_hold,arrived,0.14289364048653708,7.0
velocity_servo,CAP,0.5,0.45,bias,15,0.1,2.0,exact_piecewise_hold,arrived,0.03216430207223275,7.0
velocity_servo,SRCBF,0.5,0.45,bias,16,0.1,2.0,exact_piecewise_hold,arrived,0.06129870387372671,9.5
velocity_servo,CAP,0.5,0.45,bias,16,0.1,2.0,exact_piecewise_hold,arrived,0.018193065375424644,9.0
velocity_servo,SRCBF,0.5,0.45,bias,17,0.1,2.0,exact_piecewise_hold,violation,-0.04573862853989663,3.0
velocity_servo,CAP,0.5,0.45,bias,17,0.1,2.0,exact_piecewise_hold,violation,-0.022315183466225297,2.5
velocity_servo,SRCBF,0.5,0.45,bias,18,0.1,2.0,exact_piecewise_hold,arrived,0.16463655333112148,7.5
velocity_servo,CAP,0.5,0.45,bias,18,0.1,2.0,exact_piecewise_hold,arrived,0.12724603282222535,7.5
velocity_servo,SRCBF,0.5,0.45,bias,19,0.1,2.0,exact_piecewise_hold,arrived,0.07072645932133648,6.5
velocity_servo,CAP,0.5,0.45,bias,19,0.1,2.0,exact_piecewise_hold,violation,-0.001621203730318932,3.0
velocity_servo,SRCBF,0.5,0.45,inward,0,0.1,2.0,exact_piecewise_hold,violation,-0.0065206228595966476,2.5
velocity_servo,CAP,0.5,0.45,inward,0,0.1,2.0,exact_piecewise_hold,violation,-0.03792518389632449,2.5
velocity_servo,SRCBF,0.5,0.45,inward,1,0.1,2.0,exact_piecewise_hold,violation,-0.0017831718473240166,2.5
velocity_servo,CAP,0.5,0.45,inward,1,0.1,2.0,exact_piecewise_hold,violation,-0.03439993025210952,2.5
velocity_servo,SRCBF,0.5,0.45,inward,2,0.1,2.0,exact_piecewise_hold,violation,-0.02712308083035342,3.0
velocity_servo,CAP,0.5,0.45,inward,2,0.1,2.0,exact_piecewise_hold,violation,-0.027400434077567093,2.5
velocity_servo,SRCBF,0.5,0.45,inward,3,0.1,2.0,exact_piecewise_hold,violation,-0.021534108224883552,3.0
velocity_servo,CAP,0.5,0.45,inward,3,0.1,2.0,exact_piecewise_hold,violation,-0.022544612340130943,2.5
velocity_servo,SRCBF,0.5,0.45,inward,4,0.1,2.0,exact_piecewise_hold,violation,-0.01787975593159119,2.5
velocity_servo,CAP,0.5,0.45,inward,4,0.1,2.0,exact_piecewise_hold,violation,-0.04655621327373438,2.5
velocity_servo,SRCBF,0.5,0.45,inward,5,0.1,2.0,exact_piecewise_hold,violation,-0.012800608219535214,2.5
velocity_servo,CAP,0.5,0.45,inward,5,0.1,2.0,exact_piecewise_hold,violation,-0.04266666684398246,2.5
velocity_servo,SRCBF,0.5,0.45,inward,6,0.1,2.0,exact_piecewise_hold,violation,-0.002784358871743997,2.5
velocity_servo,CAP,0.5,0.45,inward,6,0.1,2.0,exact_piecewise_hold,violation,-0.03514114156437842,2.5
velocity_servo,SRCBF,0.5,0.45,inward,7,0.1,2.0,exact_piecewise_hold,violation,-0.006073492872781361,2.5
velocity_servo,CAP,0.5,0.45,inward,7,0.1,2.0,exact_piecewise_hold,violation,-0.037590533616565724,2.5
velocity_servo,SRCBF,0.5,0.45,inward,8,0.1,2.0,exact_piecewise_hold,violation,-0.02921641505658301,3.0
velocity_servo,CAP,0.5,0.45,inward,8,0.1,2.0,exact_piecewise_hold,violation,-0.029220043709044075,2.5
velocity_servo,SRCBF,0.5,0.45,inward,9,0.1,2.0,exact_piecewise_hold,violation,-0.015210729136681755,2.5
velocity_servo,CAP,0.5,0.45,inward,9,0.1,2.0,exact_piecewise_hold,violation,-0.04450633850722452,2.5
velocity_servo,SRCBF,0.5,0.45,inward,10,0.1,2.0,exact_piecewise_hold,violation,-0.018351983936827243,2.5
velocity_servo,CAP,0.5,0.45,inward,10,0.1,2.0,exact_piecewise_hold,violation,-0.04692025309152559,2.5
velocity_servo,SRCBF,0.5,0.45,inward,11,0.1,2.0,exact_piecewise_hold,violation,-0.022890365768457932,3.0
velocity_servo,CAP,0.5,0.45,inward,11,0.1,2.0,exact_piecewise_hold,violation,-0.023722530126619734,2.5
velocity_servo,SRCBF,0.5,0.45,inward,12,0.1,2.0,exact_piecewise_hold,violation,-0.026778392439329557,3.0
velocity_servo,CAP,0.5,0.45,inward,12,0.1,2.0,exact_piecewise_hold,violation,-0.027100849332722055,2.5
velocity_servo,SRCBF,0.5,0.45,inward,13,0.1,2.0,exact_piecewise_hold,violation,-0.015009999250857553,2.5
velocity_servo,CAP,0.5,0.45,inward,13,0.1,2.0,exact_piecewise_hold,violation,-0.044352704817126054,2.5
velocity_servo,SRCBF,0.5,0.45,inward,14,0.1,2.0,exact_piecewise_hold,violation,-0.013762297137864477,2.5
velocity_servo,CAP,0.5,0.45,inward,14,0.1,2.0,exact_piecewise_hold,violation,-0.04339942899509375,2.5
velocity_servo,SRCBF,0.5,0.45,inward,15,0.1,2.0,exact_piecewise_hold,violation,-0.008616277173045472,2.5
velocity_servo,CAP,0.5,0.45,inward,15,0.1,2.0,exact_piecewise_hold,violation,-0.039498921249947805,2.5
velocity_servo,SRCBF,0.5,0.45,inward,16,0.1,2.0,exact_piecewise_hold,violation,-0.003874803572462393,2.5
velocity_servo,CAP,0.5,0.45,inward,16,0.1,2.0,exact_piecewise_hold,violation,-0.03595076457712809,2.5
velocity_servo,SRCBF,0.5,0.45,inward,17,0.1,2.0,exact_piecewise_hold,violation,-0.01428280529643089,2.5
velocity_servo,CAP,0.5,0.45,inward,17,0.1,2.0,exact_piecewise_hold,violation,-0.04379675670699412,2.5
velocity_servo,SRCBF,0.5,0.45,inward,18,0.1,2.0,exact_piecewise_hold,violation,-0.031542009638087176,3.0
velocity_servo,CAP,0.5,0.45,inward,18,0.1,2.0,exact_piecewise_hold,violation,-0.03124179894186585,2.5
velocity_servo,SRCBF,0.5,0.45,inward,19,0.1,2.0,exact_piecewise_hold,violation,-0.032221084219651974,3.0
velocity_servo,CAP,0.5,0.45,inward,19,0.1,2.0,exact_piecewise_hold,violation,-0.031832175100815374,2.5
velocity_servo,SRCBF,0.8,0.15,bias,0,0.1,2.0,exact_piecewise_hold,violation,-0.02111924588071079,3.2
velocity_servo,CAP,0.8,0.15,bias,0,0.1,2.0,exact_piecewise_hold,violation,-0.11298964066661599,3.2
velocity_servo,SRCBF,0.8,0.15,bias,1,0.1,2.0,exact_piecewise_hold,violation,-0.0820700583585362,3.2
velocity_servo,CAP,0.8,0.15,bias,1,0.1,2.0,exact_piecewise_hold,violation,-0.003059785100825163,2.4000000000000004
velocity_servo,SRCBF,0.8,0.15,bias,2,0.1,2.0,exact_piecewise_hold,violation,-0.02028501333324695,3.2
velocity_servo,CAP,0.8,0.15,bias,2,0.1,2.0,exact_piecewise_hold,violation,-0.08929936445862796,3.2
velocity_servo,SRCBF,0.8,0.15,bias,3,0.1,2.0,exact_piecewise_hold,violation,-0.052365908508156256,3.2
velocity_servo,CAP,0.8,0.15,bias,3,0.1,2.0,exact_piecewise_hold,violation,-0.1388249121309958,3.2
velocity_servo,SRCBF,0.8,0.15,bias,4,0.1,2.0,exact_piecewise_hold,arrived,0.08594898616261548,11.200000000000001
velocity_servo,CAP,0.8,0.15,bias,4,0.1,2.0,exact_piecewise_hold,arrived,0.06449638296880522,11.200000000000001
velocity_servo,SRCBF,0.8,0.15,bias,5,0.1,2.0,exact_piecewise_hold,arrived,0.02866804496093367,7.999999999999999
velocity_servo,CAP,0.8,0.15,bias,5,0.1,2.0,exact_piecewise_hold,violation,-0.056260264135657656,3.2
velocity_servo,SRCBF,0.8,0.15,bias,6,0.1,2.0,exact_piecewise_hold,violation,-0.0022695998911398396,3.2
velocity_servo,CAP,0.8,0.15,bias,6,0.1,2.0,exact_piecewise_hold,violation,-0.028833753987566824,3.2
velocity_servo,SRCBF,0.8,0.15,bias,7,0.1,2.0,exact_piecewise_hold,violation,-0.03811794561985005,3.2
velocity_servo,CAP,0.8,0.15,bias,7,0.1,2.0,exact_piecewise_hold,violation,-0.112585633296157,3.2
velocity_servo,SRCBF,0.8,0.15,bias,8,0.1,2.0,exact_piecewise_hold,violation,-0.10513369233639569,3.2
velocity_servo,CAP,0.8,0.15,bias,8,0.1,2.0,exact_piecewise_hold,violation,-0.016862749384125464,2.4000000000000004
velocity_servo,SRCBF,0.8,0.15,bias,9,0.1,2.0,exact_piecewise_hold,violation,-0.008826576773247607,3.2
velocity_servo,CAP,0.8,0.15,bias,9,0.1,2.0,exact_piecewise_hold,violation,-0.0905196811583151,3.2
velocity_servo,SRCBF,0.8,0.15,bias,10,0.1,2.0,exact_piecewise_hold,violation,-0.04252912736917347,3.2
velocity_servo,CAP,0.8,0.15,bias,10,0.1,2.0,exact_piecewise_hold,violation,-0.12918154083591937,3.2
velocity_servo,SRCBF,0.8,0.15,bias,11,0.1,2.0,exact_piecewise_hold,arrived,0.09251765634136833,10.4
velocity_servo,CAP,0.8,0.15,bias,11,0.1,2.0,exact_piecewise_hold,arrived,0.0701218761756297,10.4
velocity_servo,SRCBF,0.8,0.15,bias,12,0.1,2.0,exact_piecewise_hold,violation,-0.07096463418704235,3.2
velocity_servo,CAP,0.8,0.15,bias,12,0.1,2.0,exact_piecewise_hold,violation,-0.14226382440790875,3.2
velocity_servo,SRCBF,0.8,0.15,bias,13,0.1,2.0,exact_piecewise_hold,violation,-0.008953502856751339,3.2
velocity_servo,CAP,0.8,0.15,bias,13,0.1,2.0,exact_piecewise_hold,violation,-0.08800243130793506,3.2
velocity_servo,SRCBF,0.8,0.15,bias,14,0.1,2.0,exact_piecewise_hold,arrived,0.004722422680766947,11.200000000000001
velocity_servo,CAP,0.8,0.15,bias,14,0.1,2.0,exact_piecewise_hold,violation,-0.006278518578290537,3.2
velocity_servo,SRCBF,0.8,0.15,bias,15,0.1,2.0,exact_piecewise_hold,arrived,0.02679540836970118,7.999999999999999
velocity_servo,CAP,0.8,0.15,bias,15,0.1,2.0,exact_piecewise_hold,violation,-0.057001637875297995,3.2
velocity_servo,SRCBF,0.8,0.15,bias,16,0.1,2.0,exact_piecewise_hold,arrived,0.05434927446425719,16.000000000000004
velocity_servo,CAP,0.8,0.15,bias,16,0.1,2.0,exact_piecewise_hold,arrived,0.03568139745661325,16.000000000000004
velocity_servo,SRCBF,0.8,0.15,bias,17,0.1,2.0,exact_piecewise_hold,violation,-0.07909702666620155,3.2
velocity_servo,CAP,0.8,0.15,bias,17,0.1,2.0,exact_piecewise_hold,violation,-0.1579365917644835,3.2
velocity_servo,SRCBF,0.8,0.15,bias,18,0.1,2.0,exact_piecewise_hold,arrived,0.07945029636027057,8.799999999999999
velocity_servo,CAP,0.8,0.15,bias,18,0.1,2.0,exact_piecewise_hold,arrived,0.03472519755562653,8.799999999999999
velocity_servo,SRCBF,0.8,0.15,bias,19,0.1,2.0,exact_piecewise_hold,violation,-0.05765470000714623,3.2
velocity_servo,CAP,0.8,0.15,bias,19,0.1,2.0,exact_piecewise_hold,violation,-0.12992614337616692,3.2
velocity_servo,SRCBF,0.8,0.15,inward,0,0.1,2.0,exact_piecewise_hold,violation,-0.12762148779927185,3.2
velocity_servo,CAP,0.8,0.15,inward,0,0.1,2.0,exact_piecewise_hold,violation,-0.025434021978662846,2.4000000000000004
velocity_servo,SRCBF,0.8,0.15,inward,1,0.1,2.0,exact_piecewise_hold,violation,-0.125703769161975,3.2
velocity_servo,CAP,0.8,0.15,inward,1,0.1,2.0,exact_piecewise_hold,violation,-0.02463727060526355,2.4000000000000004
velocity_servo,SRCBF,0.8,0.15,inward,2,0.1,2.0,exact_piecewise_hold,violation,-0.12186886108638928,3.2
velocity_servo,CAP,0.8,0.15,inward,2,0.1,2.0,exact_piecewise_hold,violation,-0.022864494375800737,2.4000000000000004
velocity_servo,SRCBF,0.8,0.15,inward,3,0.1,2.0,exact_piecewise_hold,violation,-0.11913776007169596,3.2
velocity_servo,CAP,0.8,0.15,inward,3,0.1,2.0,exact_piecewise_hold,violation,-0.021480678811927723,2.4000000000000004
velocity_servo,SRCBF,0.8,0.15,inward,4,0.1,2.0,exact_piecewise_hold,violation,-0.1324803580430114,3.2
velocity_servo,CAP,0.8,0.15,inward,4,0.1,2.0,exact_piecewise_hold,violation,-0.027118137047824176,2.4000000000000004
velocity_servo,SRCBF,0.8,0.15,inward,5,0.1,2.0,exact_piecewise_hold,violation,-0.13024364984284909,3.2
velocity_servo,CAP,0.8,0.15,inward,5,0.1,2.0,exact_piecewise_hold,violation,-0.026405933777134738,2.4000000000000004
velocity_servo,SRCBF,0.8,0.15,inward,6,0.1,2.0,exact_piecewise_hold,violation,-0.12610656277496946,3.2
velocity_servo,CAP,0.8,0.15,inward,6,0.1,2.0,exact_piecewise_hold,violation,-0.024810076232953726,2.4000000000000004
velocity_servo,SRCBF,0.8,0.15,inward,7,0.1,2.0,exact_piecewise_hold,violation,-0.12743896571397784,3.2
velocity_servo,CAP,0.8,0.15,inward,7,0.1,2.0,exact_piecewise_hold,violation,-0.025361113186119222,2.4000000000000004
velocity_servo,SRCBF,0.8,0.15,inward,8,0.1,2.0,exact_piecewise_hold,violation,-0.12287450355831164,3.2
velocity_servo,CAP,0.8,0.15,inward,8,0.1,2.0,exact_piecewise_hold,violation,-0.023350141421967785,2.4000000000000004
velocity_servo,SRCBF,0.8,0.15,inward,9,0.1,2.0,exact_piecewise_hold,violation,-0.1312946183775172,3.2
velocity_servo,CAP,0.8,0.15,inward,9,0.1,2.0,exact_piecewise_hold,violation,-0.026752355550760498,2.4000000000000004
velocity_servo,SRCBF,0.8,0.15,inward,10,0.1,2.0,exact_piecewise_hold,violation,-0.13268697398714058,3.2
velocity_servo,CAP,0.8,0.15,inward,10,0.1,2.0,exact_piecewise_hold,violation,-0.02718086277581344,2.4000000000000004
velocity_servo,SRCBF,0.8,0.15,inward,11,0.1,2.0,exact_piecewise_hold,violation,-0.11980751113705346,3.2
velocity_servo,CAP,0.8,0.15,inward,11,0.1,2.0,exact_piecewise_hold,violation,-0.02182829454569679,2.4000000000000004
velocity_servo,SRCBF,0.8,0.15,inward,12,0.1,2.0,exact_piecewise_hold,violation,-0.12170247568821435,3.2
velocity_servo,CAP,0.8,0.15,inward,12,0.1,2.0,exact_piecewise_hold,violation,-0.022782838598859323,2.4000000000000004
velocity_servo,SRCBF,0.8,0.15,inward,13,0.1,2.0,exact_piecewise_hold,violation,-0.13120573718671602,3.2
velocity_servo,CAP,0.8,0.15,inward,13,0.1,2.0,exact_piecewise_hold,violation,-0.02672408177073382,2.4000000000000004
velocity_servo,SRCBF,0.8,0.15,inward,14,0.1,2.0,exact_piecewise_hold,violation,-0.13065899999230612,3.2
velocity_servo,CAP,0.8,0.15,inward,14,0.1,2.0,exact_piecewise_hold,violation,-0.0265459723900352,2.4000000000000004
velocity_servo,SRCBF,0.8,0.15,inward,15,0.1,2.0,exact_piecewise_hold,violation,-0.12848288864802138,3.2
velocity_servo,CAP,0.8,0.15,inward,15,0.1,2.0,exact_piecewise_hold,violation,-0.02576924995619756,2.4000000000000004
velocity_servo,SRCBF,0.8,0.15,inward,16,0.1,2.0,exact_piecewise_hold,violation,-0.12654655902129075,3.2
velocity_servo,CAP,0.8,0.15,inward,16,0.1,2.0,exact_piecewise_hold,violation,-0.02499560998678907,2.4000000000000004
velocity_servo,SRCBF,0.8,0.15,inward,17,0.1,2.0,exact_piecewise_hold,violation,-0.13088593258288528,3.2
velocity_servo,CAP,0.8,0.15,inward,17,0.1,2.0,exact_piecewise_hold,violation,-0.026620768567946484,2.4000000000000004
velocity_servo,SRCBF,0.8,0.15,inward,18,0.1,2.0,exact_piecewise_hold,violation,-0.12398337988639574,3.2
velocity_servo,CAP,0.8,0.15,inward,18,0.1,2.0,exact_piecewise_hold,violation,-0.0238691793568494,2.4000000000000004
velocity_servo,SRCBF,0.8,0.15,inward,19,0.1,2.0,exact_piecewise_hold,violation,-0.12430584336686568,3.2
velocity_servo,CAP,0.8,0.15,inward,19,0.1,2.0,exact_piecewise_hold,violation,-0.02401670130406186,2.4000000000000004
velocity_servo,SRCBF,0.8,0.45,bias,0,0.1,2.0,exact_piecewise_hold,violation,-0.06681184570966603,3.2
velocity_servo,CAP,0.8,0.45,bias,0,0.1,2.0,exact_piecewise_hold,violation,-0.13397524188213406,3.2
velocity_servo,SRCBF,0.8,0.45,bias,1,0.1,2.0,exact_piecewise_hold,arrived,0.031520340308157424,6.3999999999999995
velocity_servo,CAP,0.8,0.45,bias,1,0.1,2.0,exact_piecewise_hold,violation,-0.037081782841009825,3.2
velocity_servo,SRCBF,0.8,0.45,bias,2,0.1,2.0,exact_piecewise_hold,violation,-0.05414639059656079,3.2
velocity_servo,CAP,0.8,0.45,bias,2,0.1,2.0,exact_piecewise_hold,violation,-0.0808985374871628,3.2
velocity_servo,SRCBF,0.8,0.45,bias,3,0.1,2.0,exact_piecewise_hold,violation,-0.08118168544581561,3.2
velocity_servo,CAP,0.8,0.45,bias,3,0.1,2.0,exact_piecewise_hold,violation,-0.16998951927830752,3.2
velocity_servo,SRCBF,0.8,0.45,bias,4,0.1,2.0,exact_piecewise_hold,arrived,0.16008249053170454,8.799999999999999
velocity_servo,CAP,0.8,0.45,bias,4,0.1,2.0,exact_piecewise_hold,arrived,0.13288170772490016,8.799999999999999
velocity_servo,SRCBF,0.8,0.45,bias,5,0.1,2.0,exact_piecewise_hold,arrived,0.1351022438363002,7.199999999999999
velocity_servo,CAP,0.8,0.45,bias,5,0.1,2.0,exact_piecewise_hold,arrived,0.09290439509641135,7.999999999999999
velocity_servo,SRCBF,0.8,0.45,bias,6,0.1,2.0,exact_piecewise_hold,violation,-0.009085771080651228,3.2
velocity_servo,CAP,0.8,0.45,bias,6,0.1,2.0,exact_piecewise_hold,violation,-0.02029354316855214,3.2
velocity_servo,SRCBF,0.8,0.45,bias,7,0.1,2.0,exact_piecewise_hold,arrived,0.07711678188692528,8.799999999999999
velocity_servo,CAP,0.8,0.45,bias,7,0.1,2.0,exact_piecewise_hold,arrived,0.006094488886966176,6.3999999999999995
velocity_servo,SRCBF,0.8,0.45,bias,8,0.1,2.0,exact_piecewise_hold,arrived,0.002356346892559258,6.3999999999999995
velocity_servo,CAP,0.8,0.45,bias,8,0.1,2.0,exact_piecewise_hold,violation,-0.0663662568983241,3.2
velocity_servo,SRCBF,0.8,0.45,bias,9,0.1,2.0,exact_piecewise_hold,violation,-0.05711263841748959,3.2
velocity_servo,CAP,0.8,0.45,bias,9,0.1,2.0,exact_piecewise_hold,violation,-0.11142565892639233,3.2
velocity_servo,SRCBF,0.8,0.45,bias,10,0.1,2.0,exact_piecewise_hold,violation,-0.09216948912079226,3.2
velocity_servo,CAP,0.8,0.45,bias,10,0.1,2.0,exact_piecewise_hold,violation,-0.174340953844486,3.2
velocity_servo,SRCBF,0.8,0.45,bias,11,0.1,2.0,exact_piecewise_hold,arrived,0.16965474605345543,8.799999999999999
velocity_servo,CAP,0.8,0.45,bias,11,0.1,2.0,exact_piecewise_hold,arrived,0.13994335449944117,8.799999999999999
velocity_servo,SRCBF,0.8,0.45,bias,12,0.1,2.0,exact_piecewise_hold,arrived,0.043453122889063,6.3999999999999995
velocity_servo,CAP,0.8,0.45,bias,12,0.1,2.0,exact_piecewise_hold,violation,-0.02544081278135013,3.2
velocity_servo,SRCBF,0.8,0.45,bias,13,0.1,2.0,exact_piecewise_hold,arrived,0.10356029830140834,8.799999999999999
velocity_servo,CAP,0.8,0.45,bias,13,0.1,2.0,exact_piecewise_hold,arrived,0.028865775268034133,7.999999999999999
velocity_servo,SRCBF,0.8,0.45,bias,14,0.1,2.0,exact_piecewise_hold,arrived,0.00864361708368877,9.6
velocity_servo,CAP,0.8,0.45,bias,14,0.1,2.0,exact_piecewise_hold,violation,-0.0009319261266163004,3.2
velocity_servo,SRCBF,0.8,0.45,bias,15,0.1,2.0,exact_piecewise_hold,arrived,0.13400906364903287,7.999999999999999
velocity_servo,CAP,0.8,0.45,bias,15,0.1,2.0,exact_piecewise_hold,arrived,0.0893148359367073,7.999999999999999
velocity_servo,SRCBF,0.8,0.45,bias,16,0.1,2.0,exact_piecewise_hold,arrived,0.0976767309326686,9.6
velocity_servo,CAP,0.8,0.45,bias,16,0.1,2.0,exact_piecewise_hold,arrived,0.07457823074350178,9.6
velocity_servo,SRCBF,0.8,0.45,bias,17,0.1,2.0,exact_piecewise_hold,violation,-0.09910070194698706,3.2
velocity_servo,CAP,0.8,0.45,bias,17,0.1,2.0,exact_piecewise_hold,violation,-0.1795304280501262,3.2
velocity_servo,SRCBF,0.8,0.45,bias,18,0.1,2.0,exact_piecewise_hold,arrived,0.230063381352557,7.999999999999999
velocity_servo,CAP,0.8,0.45,bias,18,0.1,2.0,exact_piecewise_hold,arrived,0.21957461288353453,7.999999999999999
velocity_servo,SRCBF,0.8,0.45,bias,19,0.1,2.0,exact_piecewise_hold,arrived,0.05774220297476207,6.3999999999999995
velocity_servo,CAP,0.8,0.45,bias,19,0.1,2.0,exact_piecewise_hold,violation,-0.011739502529535706,3.2
velocity_servo,SRCBF,0.8,0.45,inward,0,0.1,2.0,exact_piecewise_hold,violation,-0.05268729233190672,3.2
velocity_servo,CAP,0.8,0.45,inward,0,0.1,2.0,exact_piecewise_hold,violation,-0.12374267497654723,3.2
velocity_servo,SRCBF,0.8,0.45,inward,1,0.1,2.0,exact_piecewise_hold,violation,-0.050126976819056646,3.2
velocity_servo,CAP,0.8,0.45,inward,1,0.1,2.0,exact_piecewise_hold,violation,-0.12140779219288833,3.2
velocity_servo,SRCBF,0.8,0.45,inward,2,0.1,2.0,exact_piecewise_hold,violation,-0.045081815530560676,3.2
velocity_servo,CAP,0.8,0.45,inward,2,0.1,2.0,exact_piecewise_hold,violation,-0.11681433333936564,3.2
velocity_servo,SRCBF,0.8,0.45,inward,3,0.1,2.0,exact_piecewise_hold,violation,-0.04160299033311243,3.2
velocity_servo,CAP,0.8,0.45,inward,3,0.1,2.0,exact_piecewise_hold,violation,-0.113649263802729,3.2
velocity_servo,SRCBF,0.8,0.45,inward,4,0.1,2.0,exact_piecewise_hold,violation,-0.0590317374040743,3.2
velocity_servo,CAP,0.8,0.45,inward,4,0.1,2.0,exact_piecewise_hold,violation,-0.1295469065387449,3.2
velocity_servo,SRCBF,0.8,0.45,inward,5,0.1,2.0,exact_piecewise_hold,violation,-0.05615758531914594,3.2
velocity_servo,CAP,0.8,0.45,inward,5,0.1,2.0,exact_piecewise_hold,violation,-0.1269137058401043,3.2
velocity_servo,SRCBF,0.8,0.45,inward,6,0.1,2.0,exact_piecewise_hold,violation,-0.05066406421373315,3.2
velocity_servo,CAP,0.8,0.45,inward,6,0.1,2.0,exact_piecewise_hold,violation,-0.12189731775140777,3.2
velocity_servo,SRCBF,0.8,0.45,inward,7,0.1,2.0,exact_piecewise_hold,violation,-0.05244357505435493,3.2
velocity_servo,CAP,0.8,0.45,inward,7,0.1,2.0,exact_piecewise_hold,violation,-0.12352026598323251,3.2
velocity_servo,SRCBF,0.8,0.45,inward,8,0.1,2.0,exact_piecewise_hold,violation,-0.0463892777175684,3.2
velocity_servo,CAP,0.8,0.45,inward,8,0.1,2.0,exact_piecewise_hold,violation,-0.11800409757093189,3.2
velocity_servo,SRCBF,0.8,0.45,inward,9,0.1,2.0,exact_piecewise_hold,violation,-0.057513628585226795,3.2
velocity_servo,CAP,0.8,0.45,inward,9,0.1,2.0,exact_piecewise_hold,violation,-0.12815520421426374,3.2
velocity_servo,SRCBF,0.8,0.45,inward,10,0.1,2.0,exact_piecewise_hold,violation,-0.05930217155294504,3.2
velocity_servo,CAP,0.8,0.45,inward,10,0.1,2.0,exact_piecewise_hold,violation,-0.12979503773782597,3.2
velocity_servo,SRCBF,0.8,0.45,inward,11,0.1,2.0,exact_piecewise_hold,violation,-0.042445741027523076,3.2
velocity_servo,CAP,0.8,0.45,inward,11,0.1,2.0,exact_piecewise_hold,violation,-0.1144160323329726,3.2
velocity_servo,SRCBF,0.8,0.45,inward,12,0.1,2.0,exact_piecewise_hold,violation,-0.044866781795009913,3.2
velocity_servo,CAP,0.8,0.45,inward,12,0.1,2.0,exact_piecewise_hold,violation,-0.11661868106713769,3.2
velocity_servo,SRCBF,0.8,0.45,inward,13,0.1,2.0,exact_piecewise_hold,violation,-0.05740015897694761,3.2
velocity_servo,CAP,0.8,0.45,inward,13,0.1,2.0,exact_piecewise_hold,violation,-0.12805126218478524,3.2
velocity_servo,SRCBF,0.8,0.45,inward,14,0.1,2.0,exact_piecewise_hold,violation,-0.05669701924683934,3.2
velocity_servo,CAP,0.8,0.45,inward,14,0.1,2.0,exact_piecewise_hold,violation,-0.12740739769387133,3.2
velocity_servo,SRCBF,0.8,0.45,inward,15,0.1,2.0,exact_piecewise_hold,violation,-0.05383544623676084,3.2
velocity_servo,CAP,0.8,0.45,inward,15,0.1,2.0,exact_piecewise_hold,violation,-0.12479092662131708,3.2
velocity_servo,SRCBF,0.8,0.45,inward,16,0.1,2.0,exact_piecewise_hold,violation,-0.0512514510391987,3.2
velocity_servo,CAP,0.8,0.45,inward,16,0.1,2.0,exact_piecewise_hold,violation,-0.12243284477369842,3.2
velocity_servo,SRCBF,0.8,0.45,inward,17,0.1,2.0,exact_piecewise_hold,violation,-0.05698989817761724,3.2
velocity_servo,CAP,0.8,0.45,inward,17,0.1,2.0,exact_piecewise_hold,violation,-0.12767553794003705,3.2
velocity_servo,SRCBF,0.8,0.45,inward,18,0.1,2.0,exact_piecewise_hold,violation,-0.04784511868153529,3.2
velocity_servo,CAP,0.8,0.45,inward,18,0.1,2.0,exact_piecewise_hold,violation,-0.11932931190048734,3.2
velocity_servo,SRCBF,0.8,0.45,inward,19,0.1,2.0,exact_piecewise_hold,violation,-0.048270930182396365,3.2
velocity_servo,CAP,0.8,0.45,inward,19,0.1,2.0,exact_piecewise_hold,violation,-0.1197170298562924,3.2
velocity_servo,SRCBF,0.2,0.15,bias,0,0.3,2.0,exact_piecewise_hold,violation,-0.02225273965439678,2.8000000000000003
velocity_servo,CAP,0.2,0.15,bias,0,0.3,2.0,exact_piecewise_hold,violation,-0.07778784993211718,2.8000000000000003
velocity_servo,SRCBF,0.2,0.15,bias,1,0.3,2.0,exact_piecewise_hold,violation,-0.011073380775231456,2.4
velocity_servo,CAP,0.2,0.15,bias,1,0.3,2.0,exact_piecewise_hold,violation,-0.04555504886502082,2.4
velocity_servo,SRCBF,0.2,0.15,bias,2,0.3,2.0,exact_piecewise_hold,violation,-0.002867801868454589,2.8000000000000003
velocity_servo,CAP,0.2,0.15,bias,2,0.3,2.0,exact_piecewise_hold,violation,-0.049806165183149065,2.8000000000000003
velocity_servo,SRCBF,0.2,0.15,bias,3,0.3,2.0,exact_piecewise_hold,violation,-0.057357326864930336,2.8000000000000003
velocity_servo,CAP,0.2,0.15,bias,3,0.3,2.0,exact_piecewise_hold,violation,-0.022524504074971974,2.6
velocity_servo,SRCBF,0.2,0.15,bias,4,0.3,2.0,exact_piecewise_hold,violation,-0.0009857816928368068,3.400000000000001
velocity_servo,CAP,0.2,0.15,bias,4,0.3,2.0,exact_piecewise_hold,violation,-0.0037381956078942347,3.0000000000000004
velocity_servo,SRCBF,0.2,0.15,bias,5,0.3,2.0,exact_piecewise_hold,violation,-0.030589447297520334,2.8000000000000003
velocity_servo,CAP,0.2,0.15,bias,5,0.3,2.0,exact_piecewise_hold,violation,-0.013597628369046322,2.6
velocity_servo,SRCBF,0.2,0.15,bias,6,0.3,2.0,exact_piecewise_hold,violation,-0.022198564964662548,3.0000000000000004
velocity_servo,CAP,0.2,0.15,bias,6,0.3,2.0,exact_piecewise_hold,violation,-0.0023160775453549,2.8000000000000003
velocity_servo,SRCBF,0.2,0.15,bias,7,0.3,2.0,exact_piecewise_hold,violation,-0.05490656575928721,2.6
velocity_servo,CAP,0.2,0.15,bias,7,0.3,2.0,exact_piecewise_hold,violation,-0.004708850022888567,2.4
velocity_servo,SRCBF,0.2,0.15,bias,8,0.3,2.0,exact_piecewise_hold,violation,-0.027033527172683702,2.4
velocity_servo,CAP,0.2,0.15,bias,8,0.3,2.0,exact_piecewise_hold,violation,-0.06004536006780392,2.4
velocity_servo,SRCBF,0.2,0.15,bias,9,0.3,2.0,exact_piecewise_hold,violation,-0.005481669340200668,2.8000000000000003
velocity_servo,CAP,0.2,0.15,bias,9,0.3,2.0,exact_piecewise_hold,violation,-0.05484301497660993,2.8000000000000003
velocity_servo,SRCBF,0.2,0.15,bias,10,0.3,2.0,exact_piecewise_hold,violation,-0.012019254287321646,2.6
velocity_servo,CAP,0.2,0.15,bias,10,0.3,2.0,exact_piecewise_hold,violation,-0.045527655035388914,2.6
velocity_servo,SRCBF,0.2,0.15,bias,11,0.3,2.0,exact_piecewise_hold,violation,-0.00017709477420679853,3.400000000000001
velocity_servo,CAP,0.2,0.15,bias,11,0.3,2.0,exact_piecewise_hold,violation,-0.04406587525889161,3.2000000000000006
velocity_servo,SRCBF,0.2,0.15,bias,12,0.3,2.0,exact_piecewise_hold,violation,-0.002467907402282532,2.4
velocity_servo,CAP,0.2,0.15,bias,12,0.3,2.0,exact_piecewise_hold,violation,-0.037785431862080165,2.4
velocity_servo,SRCBF,0.2,0.15,bias,13,0.3,2.0,exact_piecewise_hold,violation,-0.026025800685707368,2.6
velocity_servo,CAP,0.2,0.15,bias,13,0.3,2.0,exact_piecewise_hold,violation,-0.06691701369389391,2.6
velocity_servo,SRCBF,0.2,0.15,bias,14,0.3,2.0,exact_piecewise_hold,violation,-0.010706486502573997,3.0000000000000004
velocity_servo,CAP,0.2,0.15,bias,14,0.3,2.0,exact_piecewise_hold,violation,-0.058249704277251735,3.0000000000000004
velocity_servo,SRCBF,0.2,0.15,bias,15,0.3,2.0,exact_piecewise_hold,violation,-0.033346535100526986,2.8000000000000003
velocity_servo,CAP,0.2,0.15,bias,15,0.3,2.0,exact_piecewise_hold,violation,-0.018684809329617913,2.6
velocity_servo,SRCBF,0.2,0.15,bias,16,0.3,2.0,exact_piecewise_hold,violation,-0.009699460159587558,3.2000000000000006
velocity_servo,CAP,0.2,0.15,bias,16,0.3,2.0,exact_piecewise_hold,violation,-0.028695391817391225,3.0000000000000004
velocity_servo,SRCBF,0.2,0.15,bias,17,0.3,2.0,exact_piecewise_hold,violation,-0.05267571037837582,2.6
velocity_servo,CAP,0.2,0.15,bias,17,0.3,2.0,exact_piecewise_hold,violation,-0.09989178126862885,2.6
velocity_servo,SRCBF,0.2,0.15,bias,18,0.3,2.0,exact_piecewise_hold,arrived,0.011230750628726915,8.200000000000003
velocity_servo,CAP,0.2,0.15,bias,18,0.3,2.0,exact_piecewise_hold,violation,-0.030111361884088805,3.0000000000000004
velocity_servo,SRCBF,0.2,0.15,bias,19,0.3,2.0,exact_piecewise_hold,violation,-0.07191240584967806,2.6
velocity_servo,CAP,0.2,0.15,bias,19,0.3,2.0,exact_piecewise_hold,violation,-0.02685691789263911,2.4
velocity_servo,SRCBF,0.2,0.15,inward,0,0.3,2.0,exact_piecewise_hold,violation,-0.03770784241116776,2.4
velocity_servo,CAP,0.2,0.15,inward,0,0.3,2.0,exact_piecewise_hold,violation,-0.06995046789359427,2.4
velocity_servo,SRCBF,0.2,0.15,inward,1,0.3,2.0,exact_piecewise_hold,violation,-0.03633091048527548,2.4
velocity_servo,CAP,0.2,0.15,inward,1,0.3,2.0,exact_piecewise_hold,violation,-0.06871532292143256,2.4
velocity_servo,SRCBF,0.2,0.15,inward,2,0.3,2.0,exact_piecewise_hold,violation,-0.03318400092798812,2.4
velocity_servo,CAP,0.2,0.15,inward,2,0.3,2.0,exact_piecewise_hold,violation,-0.06590370441587223,2.4
velocity_servo,SRCBF,0.2,0.15,inward,3,0.3,2.0,exact_piecewise_hold,violation,-0.03066265199999363,2.4
velocity_servo,CAP,0.2,0.15,inward,3,0.3,2.0,exact_piecewise_hold,violation,-0.06365963505177619,2.4
velocity_servo,SRCBF,0.2,0.15,inward,4,0.3,2.0,exact_piecewise_hold,violation,-0.040510390672359065,2.4
velocity_servo,CAP,0.2,0.15,inward,4,0.3,2.0,exact_piecewise_hold,violation,-0.07247879858571848,2.4
velocity_servo,SRCBF,0.2,0.15,inward,5,0.3,2.0,exact_piecewise_hold,violation,-0.039346597929792226,2.4
velocity_servo,CAP,0.2,0.15,inward,5,0.3,2.0,exact_piecewise_hold,violation,-0.0714259364955826,2.4
velocity_servo,SRCBF,0.2,0.15,inward,6,0.3,2.0,exact_piecewise_hold,violation,-0.03663177811882534,2.4
velocity_servo,CAP,0.2,0.15,inward,6,0.3,2.0,exact_piecewise_hold,violation,-0.06898491001486817,2.4
velocity_servo,SRCBF,0.2,0.15,inward,7,0.3,2.0,exact_piecewise_hold,violation,-0.037582981451909636,2.4
velocity_servo,CAP,0.2,0.15,inward,7,0.3,2.0,exact_piecewise_hold,violation,-0.06983831157279208,2.4
velocity_servo,SRCBF,0.2,0.15,inward,8,0.3,2.0,exact_piecewise_hold,violation,-0.034056159709125455,2.4
velocity_servo,CAP,0.2,0.15,inward,8,0.3,2.0,exact_piecewise_hold,violation,-0.06668160418463864,2.4
velocity_servo,SRCBF,0.2,0.15,inward,9,0.3,2.0,exact_piecewise_hold,violation,-0.039917268716011756,2.4
velocity_servo,CAP,0.2,0.15,inward,9,0.3,2.0,exact_piecewise_hold,violation,-0.07194157153964464,2.4
velocity_servo,SRCBF,0.2,0.15,inward,10,0.3,2.0,exact_piecewise_hold,violation,-0.040611010514242984,2.4
velocity_servo,CAP,0.2,0.15,inward,10,0.3,2.0,exact_piecewise_hold,violation,-0.07257008911509921,2.4
velocity_servo,SRCBF,0.2,0.15,inward,11,0.3,2.0,exact_piecewise_hold,violation,-0.0313007828713916,2.4
velocity_servo,CAP,0.2,0.15,inward,11,0.3,2.0,exact_piecewise_hold,violation,-0.06422696541770923,2.4
velocity_servo,SRCBF,0.2,0.15,inward,12,0.3,2.0,exact_piecewise_hold,violation,-0.03303667661559384,2.4
velocity_servo,CAP,0.2,0.15,inward,12,0.3,2.0,exact_piecewise_hold,violation,-0.0657723919491302,2.4
velocity_servo,SRCBF,0.2,0.15,inward,13,0.3,2.0,exact_piecewise_hold,violation,-0.039871000413130187,2.4
velocity_servo,CAP,0.2,0.15,inward,13,0.3,2.0,exact_piecewise_hold,violation,-0.07189972271097744,2.4
velocity_servo,SRCBF,0.2,0.15,inward,14,0.3,2.0,exact_piecewise_hold,violation,-0.039578253756672455,2.4
velocity_servo,CAP,0.2,0.15,inward,14,0.3,2.0,exact_piecewise_hold,violation,-0.0716351174018568,2.4
velocity_servo,SRCBF,0.2,0.15,inward,15,0.3,2.0,exact_piecewise_hold,violation,-0.03827869481705526,2.4
velocity_servo,CAP,0.2,0.15,inward,15,0.3,2.0,exact_piecewise_hold,violation,-0.07046367357822136,2.4
velocity_servo,SRCBF,0.2,0.15,inward,16,0.3,2.0,exact_piecewise_hold,violation,-0.03695347858113218,2.4
velocity_servo,CAP,0.2,0.15,inward,16,0.3,2.0,exact_piecewise_hold,violation,-0.06927334129601093,2.4
velocity_servo,SRCBF,0.2,0.15,inward,17,0.3,2.0,exact_piecewise_hold,violation,-0.03970145593497354,2.4
velocity_servo,CAP,0.2,0.15,inward,17,0.3,2.0,exact_piecewise_hold,violation,-0.07174643957373084,2.4
velocity_servo,SRCBF,0.2,0.15,inward,18,0.3,2.0,exact_piecewise_hold,violation,-0.03498022307167925,2.4
velocity_servo,CAP,0.2,0.15,inward,18,0.3,2.0,exact_piecewise_hold,violation,-0.06750685685640201,2.4
velocity_servo,SRCBF,0.2,0.15,inward,19,0.3,2.0,exact_piecewise_hold,violation,-0.03524125242855303,2.4
velocity_servo,CAP,0.2,0.15,inward,19,0.3,2.0,exact_piecewise_hold,violation,-0.0677401865302395,2.4
velocity_servo,SRCBF,0.2,0.45,bias,0,0.3,2.0,exact_piecewise_hold,violation,-0.030792842772486617,2.8000000000000003
velocity_servo,CAP,0.2,0.45,bias,0,0.3,2.0,exact_piecewise_hold,violation,-0.07914139816379995,2.8000000000000003
velocity_servo,SRCBF,0.2,0.45,bias,1,0.3,2.0,exact_piecewise_hold,violation,-0.005728722353595672,2.6
velocity_servo,CAP,0.2,0.45,bias,1,0.3,2.0,exact_piecewise_hold,violation,-0.03684118819690951,2.6
velocity_servo,SRCBF,0.2,0.45,bias,2,0.3,2.0,exact_piecewise_hold,violation,-0.0031932478295507716,2.8000000000000003
velocity_servo,CAP,0.2,0.45,bias,2,0.3,2.0,exact_piecewise_hold,violation,-0.040045592126356166,2.8000000000000003
velocity_servo,SRCBF,0.2,0.45,bias,3,0.3,2.0,exact_piecewise_hold,violation,-0.05486239656394576,2.8000000000000003
velocity_servo,CAP,0.2,0.45,bias,3,0.3,2.0,exact_piecewise_hold,violation,-0.010219445904083191,2.6
velocity_servo,SRCBF,0.2,0.45,bias,4,0.3,2.0,exact_piecewise_hold,arrived,0.028655761153488446,8.600000000000001
velocity_servo,CAP,0.2,0.45,bias,4,0.3,2.0,exact_piecewise_hold,violation,-0.011062062885614954,3.2000000000000006
velocity_servo,SRCBF,0.2,0.45,bias,5,0.3,2.0,exact_piecewise_hold,arrived,0.059673536858787735,7.0000000000000036
velocity_servo,CAP,0.2,0.45,bias,5,0.3,2.0,exact_piecewise_hold,arrived,0.022559915193915203,6.800000000000003
velocity_servo,SRCBF,0.2,0.45,bias,6,0.3,2.0,exact_piecewise_hold,violation,-0.023365911128257477,3.0000000000000004
velocity_servo,CAP,0.2,0.45,bias,6,0.3,2.0,exact_piecewise_hold,violation,-0.06973989806238823,3.0000000000000004
velocity_servo,SRCBF,0.2,0.45,bias,7,0.3,2.0,exact_piecewise_hold,arrived,0.010133815780011934,6.400000000000003
velocity_servo,CAP,0.2,0.45,bias,7,0.3,2.0,exact_piecewise_hold,violation,-0.025311778184774925,2.8000000000000003
velocity_servo,SRCBF,0.2,0.45,bias,8,0.3,2.0,exact_piecewise_hold,violation,-0.026817259718910025,2.6
velocity_servo,CAP,0.2,0.45,bias,8,0.3,2.0,exact_piecewise_hold,violation,-0.06110236279055259,2.6
velocity_servo,SRCBF,0.2,0.45,bias,9,0.3,2.0,exact_piecewise_hold,violation,-0.016772170906438455,2.8000000000000003
velocity_servo,CAP,0.2,0.45,bias,9,0.3,2.0,exact_piecewise_hold,violation,-0.06093976091344733,2.8000000000000003
velocity_servo,SRCBF,0.2,0.45,bias,10,0.3,2.0,exact_piecewise_hold,violation,-0.020145682404241638,2.6
velocity_servo,CAP,0.2,0.45,bias,10,0.3,2.0,exact_piecewise_hold,violation,-0.050000923616351,2.6
velocity_servo,SRCBF,0.2,0.45,bias,11,0.3,2.0,exact_piecewise_hold,arrived,0.03272369797616115,8.600000000000001
velocity_servo,CAP,0.2,0.45,bias,11,0.3,2.0,exact_piecewise_hold,violation,-0.0012249630243748033,3.2000000000000006
velocity_servo,SRCBF,0.2,0.45,bias,12,0.3,2.0,exact_piecewise_hold,violation,-0.016570158240032717,2.8000000000000003
velocity_servo,CAP,0.2,0.45,bias,12,0.3,2.0,exact_piecewise_hold,violation,-0.02251632003027959,2.6
velocity_servo,SRCBF,0.2,0.45,bias,13,0.3,2.0,exact_piecewise_hold,arrived,0.033782866168461156,6.600000000000003
velocity_servo,CAP,0.2,0.45,bias,13,0.3,2.0,exact_piecewise_hold,violation,-0.006883187707498295,2.8000000000000003
velocity_servo,SRCBF,0.2,0.45,bias,14,0.3,2.0,exact_piecewise_hold,violation,-0.01044417012546528,3.0000000000000004
velocity_servo,CAP,0.2,0.45,bias,14,0.3,2.0,exact_piecewise_hold,violation,-0.06156398413461439,3.0000000000000004
velocity_servo,SRCBF,0.2,0.45,bias,15,0.3,2.0,exact_piecewise_hold,arrived,0.059526407578692875,6.800000000000003
velocity_servo,CAP,0.2,0.45,bias,15,0.3,2.0,exact_piecewise_hold,arrived,0.022567705375492464,6.800000000000003
velocity_servo,SRCBF,0.2,0.45,bias,16,0.3,2.0,exact_piecewise_hold,violation,-0.003601935605944795,3.400000000000001
velocity_servo,CAP,0.2,0.45,bias,16,0.3,2.0,exact_piecewise_hold,violation,-0.04236175875700976,3.2000000000000006
velocity_servo,SRCBF,0.2,0.45,bias,17,0.3,2.0,exact_piecewise_hold,violation,-0.052522315952156395,2.6
velocity_servo,CAP,0.2,0.45,bias,17,0.3,2.0,exact_piecewise_hold,violation,-0.09079500992080358,2.6
velocity_servo,SRCBF,0.2,0.45,bias,18,0.3,2.0,exact_piecewise_hold,arrived,0.09374399561526958,7.400000000000004
velocity_servo,CAP,0.2,0.45,bias,18,0.3,2.0,exact_piecewise_hold,arrived,0.053427998297752244,7.400000000000004
velocity_servo,SRCBF,0.2,0.45,bias,19,0.3,2.0,exact_piecewise_hold,violation,-0.007019011550084997,2.8000000000000003
velocity_servo,CAP,0.2,0.45,bias,19,0.3,2.0,exact_piecewise_hold,violation,-0.009645805979400013,2.6
velocity_servo,SRCBF,0.2,0.45,inward,0,0.3,2.0,exact_piecewise_hold,violation,-0.06493464252458925,2.6
velocity_servo,CAP,0.2,0.45,inward,0,0.3,2.0,exact_piecewise_hold,violation,-0.009172935097234824,2.4
velocity_servo,SRCBF,0.2,0.45,inward,1,0.3,2.0,exact_piecewise_hold,violation,-0.06223670104735146,2.6
velocity_servo,CAP,0.2,0.45,inward,1,0.3,2.0,exact_piecewise_hold,violation,-0.0041659985337936245,2.4
velocity_servo,SRCBF,0.2,0.45,inward,2,0.3,2.0,exact_piecewise_hold,violation,-0.05671204073567904,2.6
velocity_servo,CAP,0.2,0.45,inward,2,0.3,2.0,exact_piecewise_hold,violation,-0.09603921505092894,2.6
velocity_servo,SRCBF,0.2,0.45,inward,3,0.3,2.0,exact_piecewise_hold,violation,-0.05272897433485357,2.6
velocity_servo,CAP,0.2,0.45,inward,3,0.3,2.0,exact_piecewise_hold,violation,-0.0901500393650797,2.6
velocity_servo,SRCBF,0.2,0.45,inward,4,0.3,2.0,exact_piecewise_hold,violation,-0.07133648011751692,2.6
velocity_servo,CAP,0.2,0.45,inward,4,0.3,2.0,exact_piecewise_hold,violation,-0.020871585542843296,2.4
velocity_servo,SRCBF,0.2,0.45,inward,5,0.3,2.0,exact_piecewise_hold,violation,-0.06848494534721972,2.6
velocity_servo,CAP,0.2,0.45,inward,5,0.3,2.0,exact_piecewise_hold,violation,-0.01569314072320649,2.4
velocity_servo,SRCBF,0.2,0.45,inward,6,0.3,2.0,exact_piecewise_hold,violation,-0.06280835629608428,2.6
velocity_servo,CAP,0.2,0.45,inward,6,0.3,2.0,exact_piecewise_hold,violation,-0.005230578089328808,2.4
velocity_servo,SRCBF,0.2,0.45,inward,7,0.3,2.0,exact_piecewise_hold,violation,-0.06468075522531436,2.6
velocity_servo,CAP,0.2,0.45,inward,7,0.3,2.0,exact_piecewise_hold,violation,-0.008703653496066166,2.4
velocity_servo,SRCBF,0.2,0.45,inward,8,0.3,2.0,exact_piecewise_hold,violation,-0.05817138937724087,2.6
velocity_servo,CAP,0.2,0.45,inward,8,0.3,2.0,exact_piecewise_hold,violation,-0.098205827638976,2.6
velocity_servo,SRCBF,0.2,0.45,inward,9,0.3,2.0,exact_piecewise_hold,violation,-0.06984014036835506,2.6
velocity_servo,CAP,0.2,0.45,inward,9,0.3,2.0,exact_piecewise_hold,violation,-0.018160828938831086,2.4
velocity_servo,SRCBF,0.2,0.45,inward,10,0.3,2.0,exact_piecewise_hold,violation,-0.07160075711316083,2.6
velocity_servo,CAP,0.2,0.45,inward,10,0.3,2.0,exact_piecewise_hold,violation,-0.021348805999402032,2.4
velocity_servo,SRCBF,0.2,0.45,inward,11,0.3,2.0,exact_piecewise_hold,violation,-0.05370765057478599,2.6
velocity_servo,CAP,0.2,0.45,inward,11,0.3,2.0,exact_piecewise_hold,violation,-0.09159374028614597,2.6
velocity_servo,SRCBF,0.2,0.45,inward,12,0.3,2.0,exact_piecewise_hold,violation,-0.05647010719724399,2.6
velocity_servo,CAP,0.2,0.45,inward,12,0.3,2.0,exact_piecewise_hold,violation,-0.0956804865626365,2.6
velocity_servo,SRCBF,0.2,0.45,inward,13,0.3,2.0,exact_piecewise_hold,violation,-0.06972741898766177,2.6
velocity_servo,CAP,0.2,0.45,inward,13,0.3,2.0,exact_piecewise_hold,violation,-0.017956027925871476,2.4
velocity_servo,SRCBF,0.2,0.45,inward,14,0.3,2.0,exact_piecewise_hold,violation,-0.06902616407483841,2.6
velocity_servo,CAP,0.2,0.45,inward,14,0.3,2.0,exact_piecewise_hold,violation,-0.01668007666094029,2.4
velocity_servo,SRCBF,0.2,0.45,inward,15,0.3,2.0,exact_piecewise_hold,violation,-0.06612257848393932,2.6
velocity_servo,CAP,0.2,0.45,inward,15,0.3,2.0,exact_piecewise_hold,violation,-0.011363404479984962,2.4
velocity_servo,SRCBF,0.2,0.45,inward,16,0.3,2.0,exact_piecewise_hold,violation,-0.06343005668045809,2.6
velocity_servo,CAP,0.2,0.45,inward,16,0.3,2.0,exact_piecewise_hold,violation,-0.006386120184131094,2.4
velocity_servo,SRCBF,0.2,0.45,inward,17,0.3,2.0,exact_piecewise_hold,violation,-0.06931883502261971,2.6
velocity_servo,CAP,0.2,0.45,inward,17,0.3,2.0,exact_piecewise_hold,violation,-0.017212987011605785,2.4
velocity_servo,SRCBF,0.2,0.45,inward,18,0.3,2.0,exact_piecewise_hold,violation,-0.05977326289155649,2.6
velocity_servo,CAP,0.2,0.45,inward,18,0.3,2.0,exact_piecewise_hold,violation,-0.10058943435715328,2.6
velocity_servo,SRCBF,0.2,0.45,inward,19,0.3,2.0,exact_piecewise_hold,violation,-0.06023728829690378,2.6
velocity_servo,CAP,0.2,0.45,inward,19,0.3,2.0,exact_piecewise_hold,violation,-0.00042721584688432124,2.4
velocity_servo,SRCBF,0.5,0.15,bias,0,0.3,2.0,exact_piecewise_hold,violation,-0.06071903085235408,3.0
velocity_servo,CAP,0.5,0.15,bias,0,0.3,2.0,exact_piecewise_hold,violation,-0.17012823995346216,3.0
velocity_servo,SRCBF,0.5,0.15,bias,1,0.3,2.0,exact_piecewise_hold,violation,-0.05216428757162528,2.5
velocity_servo,CAP,0.5,0.15,bias,1,0.3,2.0,exact_piecewise_hold,violation,-0.08965486761529229,2.5
velocity_servo,SRCBF,0.5,0.15,bias,2,0.3,2.0,exact_piecewise_hold,violation,-0.05035104531806811,3.0
velocity_servo,CAP,0.5,0.15,bias,2,0.3,2.0,exact_piecewise_hold,violation,-0.13423866937336304,3.0
velocity_servo,SRCBF,0.5,0.15,bias,3,0.3,2.0,exact_piecewise_hold,violation,-0.09214615365327272,3.0
velocity_servo,CAP,0.5,0.15,bias,3,0.3,2.0,exact_piecewise_hold,violation,-0.20117496408363877,3.0
velocity_servo,SRCBF,0.5,0.15,bias,4,0.3,2.0,exact_piecewise_hold,violation,-0.0007900844301373944,3.5
velocity_servo,CAP,0.5,0.15,bias,4,0.3,2.0,exact_piecewise_hold,violation,-0.060771074081802934,3.5
velocity_servo,SRCBF,0.5,0.15,bias,5,0.3,2.0,exact_piecewise_hold,violation,-0.02861699471070356,3.0
velocity_servo,CAP,0.5,0.15,bias,5,0.3,2.0,exact_piecewise_hold,violation,-0.11258166423370297,3.0
velocity_servo,SRCBF,0.5,0.15,bias,6,0.3,2.0,exact_piecewise_hold,violation,-0.02456838905117731,3.0
velocity_servo,CAP,0.5,0.15,bias,6,0.3,2.0,exact_piecewise_hold,violation,-0.07417571732328265,3.0
velocity_servo,SRCBF,0.5,0.15,bias,7,0.3,2.0,exact_piecewise_hold,violation,-0.004181616429034141,2.5
velocity_servo,CAP,0.5,0.15,bias,7,0.3,2.0,exact_piecewise_hold,violation,-0.046706129255103646,2.5
velocity_servo,SRCBF,0.5,0.15,bias,8,0.3,2.0,exact_piecewise_hold,violation,-0.07102237073833684,2.5
velocity_servo,CAP,0.5,0.15,bias,8,0.3,2.0,exact_piecewise_hold,violation,-0.10687041193271996,2.5
velocity_servo,SRCBF,0.5,0.15,bias,9,0.3,2.0,exact_piecewise_hold,violation,-0.046915464097081805,3.0
velocity_servo,CAP,0.5,0.15,bias,9,0.3,2.0,exact_piecewise_hold,violation,-0.13793911978857032,3.0
velocity_servo,SRCBF,0.5,0.15,bias,10,0.3,2.0,exact_piecewise_hold,violation,-0.09514602985345999,3.0
velocity_servo,CAP,0.5,0.15,bias,10,0.3,2.0,exact_piecewise_hold,violation,-0.1913257067974321,3.0
velocity_servo,SRCBF,0.5,0.15,bias,11,0.3,2.0,exact_piecewise_hold,arrived,0.0029156076097663908,10.5
velocity_servo,CAP,0.5,0.15,bias,11,0.3,2.0,exact_piecewise_hold,violation,-0.05864734203003408,3.5
velocity_servo,SRCBF,0.5,0.15,bias,12,0.3,2.0,exact_piecewise_hold,violation,-0.04210218474312444,2.5
velocity_servo,CAP,0.5,0.15,bias,12,0.3,2.0,exact_piecewise_hold,violation,-0.08049740152803175,2.5
velocity_servo,SRCBF,0.5,0.15,bias,13,0.3,2.0,exact_piecewise_hold,violation,-0.0674467816675326,3.0
velocity_servo,CAP,0.5,0.15,bias,13,0.3,2.0,exact_piecewise_hold,violation,-0.009757553294231225,2.5
velocity_servo,SRCBF,0.5,0.15,bias,14,0.3,2.0,exact_piecewise_hold,violation,-0.014235850475852185,3.0
velocity_servo,CAP,0.5,0.15,bias,14,0.3,2.0,exact_piecewise_hold,violation,-0.05354183226262421,3.0
velocity_servo,SRCBF,0.5,0.15,bias,15,0.3,2.0,exact_piecewise_hold,violation,-0.030113216345680316,3.0
velocity_servo,CAP,0.5,0.15,bias,15,0.3,2.0,exact_piecewise_hold,violation,-0.11200646480217102,3.0
velocity_servo,SRCBF,0.5,0.15,bias,16,0.3,2.0,exact_piecewise_hold,violation,-0.02290951641307093,3.5
velocity_servo,CAP,0.5,0.15,bias,16,0.3,2.0,exact_piecewise_hold,violation,-0.00638791136414163,3.0
velocity_servo,SRCBF,0.5,0.15,bias,17,0.3,2.0,exact_piecewise_hold,violation,-0.13351913249983605,3.0
velocity_servo,CAP,0.5,0.15,bias,17,0.3,2.0,exact_piecewise_hold,violation,-0.03660207542024385,2.5
velocity_servo,SRCBF,0.5,0.15,bias,18,0.3,2.0,exact_piecewise_hold,arrived,0.01502376694302543,8.5
velocity_servo,CAP,0.5,0.15,bias,18,0.3,2.0,exact_piecewise_hold,violation,-0.032694208440417705,3.0
velocity_servo,SRCBF,0.5,0.15,bias,19,0.3,2.0,exact_piecewise_hold,violation,-0.02799950140039198,2.5
velocity_servo,CAP,0.5,0.15,bias,19,0.3,2.0,exact_piecewise_hold,violation,-0.06784563874423288,2.5
velocity_servo,SRCBF,0.5,0.15,inward,0,0.3,2.0,exact_piecewise_hold,violation,-0.08402612239823815,2.5
velocity_servo,CAP,0.5,0.15,inward,0,0.3,2.0,exact_piecewise_hold,violation,-0.11878460166680427,2.5
velocity_servo,SRCBF,0.5,0.15,inward,1,0.3,2.0,exact_piecewise_hold,violation,-0.08245321059652366,2.5
velocity_servo,CAP,0.5,0.15,inward,1,0.3,2.0,exact_piecewise_hold,violation,-0.11742034757759201,2.5
velocity_servo,SRCBF,0.5,0.15,inward,2,0.3,2.0,exact_piecewise_hold,violation,-0.07889249121837494,2.5
velocity_servo,CAP,0.5,0.15,inward,2,0.3,2.0,exact_piecewise_hold,violation,-0.11432939043480639,2.5
velocity_servo,SRCBF,0.5,0.15,inward,3,0.3,2.0,exact_piecewise_hold,violation,-0.0760680807437315,2.5
velocity_servo,CAP,0.5,0.15,inward,3,0.3,2.0,exact_piecewise_hold,violation,-0.11187135940753112,2.5
velocity_servo,SRCBF,0.5,0.15,inward,4,0.3,2.0,exact_piecewise_hold,violation,-0.08726669855084324,2.5
velocity_servo,CAP,0.5,0.15,inward,4,0.3,2.0,exact_piecewise_hold,violation,-0.12159993805548508,2.5
velocity_servo,SRCBF,0.5,0.15,inward,5,0.3,2.0,exact_piecewise_hold,violation,-0.08591333218091546,2.5
velocity_servo,CAP,0.5,0.15,inward,5,0.3,2.0,exact_piecewise_hold,violation,-0.12042263141954856,2.5
velocity_servo,SRCBF,0.5,0.15,inward,6,0.3,2.0,exact_piecewise_hold,violation,-0.08279603131109736,2.5
velocity_servo,CAP,0.5,0.15,inward,6,0.3,2.0,exact_piecewise_hold,violation,-0.11771769122698594,2.5
velocity_servo,SRCBF,0.5,0.15,inward,7,0.3,2.0,exact_piecewise_hold,violation,-0.08388305222949866,2.5
velocity_servo,CAP,0.5,0.15,inward,7,0.3,2.0,exact_piecewise_hold,violation,-0.11866050014572305,2.5
velocity_servo,SRCBF,0.5,0.15,inward,8,0.3,2.0,exact_piecewise_hold,violation,-0.0798750901966575,2.5
velocity_servo,CAP,0.5,0.15,inward,8,0.3,2.0,exact_piecewise_hold,violation,-0.11518303574876887,2.5
velocity_servo,SRCBF,0.5,0.15,inward,9,0.3,2.0,exact_piecewise_hold,violation,-0.08657534208878048,2.5
velocity_servo,CAP,0.5,0.15,inward,9,0.3,2.0,exact_piecewise_hold,violation,-0.12099809604364475,2.5
velocity_servo,SRCBF,0.5,0.15,inward,10,0.3,2.0,exact_piecewise_hold,violation,-0.08738436251968917,2.5
velocity_servo,CAP,0.5,0.15,inward,10,0.3,2.0,exact_piecewise_hold,violation,-0.12170248156673646,2.5
velocity_servo,SRCBF,0.5,0.15,inward,11,0.3,2.0,exact_piecewise_hold,violation,-0.07678074134886204,2.5
velocity_servo,CAP,0.5,0.15,inward,11,0.3,2.0,exact_piecewise_hold,violation,-0.11249224893858911,2.5
velocity_servo,SRCBF,0.5,0.15,inward,12,0.3,2.0,exact_piecewise_hold,violation,-0.07872680845630053,2.5
velocity_servo,CAP,0.5,0.15,inward,12,0.3,2.0,exact_piecewise_hold,violation,-0.11418538423857327,2.5
velocity_servo,SRCBF,0.5,0.15,inward,13,0.3,2.0,exact_piecewise_hold,violation,-0.08652155925504779,2.5
velocity_servo,CAP,0.5,0.15,inward,13,0.3,2.0,exact_piecewise_hold,violation,-0.1209513180189461,2.5
velocity_servo,SRCBF,0.5,0.15,inward,14,0.3,2.0,exact_piecewise_hold,violation,-0.08618172196769092,2.5
velocity_servo,CAP,0.5,0.15,inward,14,0.3,2.0,exact_piecewise_hold,violation,-0.12065585464293105,2.5
velocity_servo,SRCBF,0.5,0.15,inward,15,0.3,2.0,exact_piecewise_hold,violation,-0.08468144524563359,2.5
velocity_servo,CAP,0.5,0.15,inward,15,0.3,2.0,exact_piecewise_hold,violation,-0.11935313264671199,2.5
velocity_servo,SRCBF,0.5,0.15,inward,16,0.3,2.0,exact_piecewise_hold,violation,-0.08316311082153549,2.5
velocity_servo,CAP,0.5,0.15,inward,16,0.3,2.0,exact_piecewise_hold,violation,-0.1180360648943457,2.5
velocity_servo,SRCBF,0.5,0.15,inward,17,0.3,2.0,exact_piecewise_hold,violation,-0.086324648300388,2.5
velocity_servo,CAP,0.5,0.15,inward,17,0.3,2.0,exact_piecewise_hold,violation,-0.12078009588092387,2.5
velocity_servo,SRCBF,0.5,0.15,inward,18,0.3,2.0,exact_piecewise_hold,violation,-0.08091959322881981,2.5
velocity_servo,CAP,0.5,0.15,inward,18,0.3,2.0,exact_piecewise_hold,violation,-0.11608981073409108,2.5
velocity_servo,SRCBF,0.5,0.15,inward,19,0.3,2.0,exact_piecewise_hold,violation,-0.08121531594044673,2.5
velocity_servo,CAP,0.5,0.15,inward,19,0.3,2.0,exact_piecewise_hold,violation,-0.11634643953618273,2.5
velocity_servo,SRCBF,0.5,0.45,bias,0,0.3,2.0,exact_piecewise_hold,violation,-0.08563756718626714,3.0
velocity_servo,CAP,0.5,0.45,bias,0,0.3,2.0,exact_piecewise_hold,violation,-0.1751977526654771,3.0
velocity_servo,SRCBF,0.5,0.45,bias,1,0.3,2.0,exact_piecewise_hold,violation,-0.019095554173990115,3.0
velocity_servo,CAP,0.5,0.45,bias,1,0.3,2.0,exact_piecewise_hold,violation,-0.07886232545798033,3.0
velocity_servo,SRCBF,0.5,0.45,bias,2,0.3,2.0,exact_piecewise_hold,violation,-0.06584636939702837,3.0
velocity_servo,CAP,0.5,0.45,bias,2,0.3,2.0,exact_piecewise_hold,violation,-0.1223926072579079,3.0
velocity_servo,SRCBF,0.5,0.45,bias,3,0.3,2.0,exact_piecewise_hold,violation,-0.10498996344188083,3.0
velocity_servo,CAP,0.5,0.45,bias,3,0.3,2.0,exact_piecewise_hold,violation,-0.21427678694339303,3.0
velocity_servo,SRCBF,0.5,0.45,bias,4,0.3,2.0,exact_piecewise_hold,arrived,0.05380544726762293,8.5
velocity_servo,CAP,0.5,0.45,bias,4,0.3,2.0,exact_piecewise_hold,violation,-0.014874318339842207,3.5
velocity_servo,SRCBF,0.5,0.45,bias,5,0.3,2.0,exact_piecewise_hold,arrived,0.08636369566986835,7.0
velocity_servo,CAP,0.5,0.45,bias,5,0.3,2.0,exact_piecewise_hold,arrived,0.040598919793766064,7.0
velocity_servo,SRCBF,0.5,0.45,bias,6,0.3,2.0,exact_piecewise_hold,violation,-0.03600459083170282,3.0
velocity_servo,CAP,0.5,0.45,bias,6,0.3,2.0,exact_piecewise_hold,violation,-0.06531445412400638,3.0
velocity_servo,SRCBF,0.5,0.45,bias,7,0.3,2.0,exact_piecewise_hold,arrived,0.028552304104949244,6.5
velocity_servo,CAP,0.5,0.45,bias,7,0.3,2.0,exact_piecewise_hold,violation,-0.039610974783073405,3.0
velocity_servo,SRCBF,0.5,0.45,bias,8,0.3,2.0,exact_piecewise_hold,violation,-0.04816260062670963,3.0
velocity_servo,CAP,0.5,0.45,bias,8,0.3,2.0,exact_piecewise_hold,violation,-0.015001263044967295,2.5
velocity_servo,SRCBF,0.5,0.45,bias,9,0.3,2.0,exact_piecewise_hold,violation,-0.07400102607355252,3.0
velocity_servo,CAP,0.5,0.45,bias,9,0.3,2.0,exact_piecewise_hold,violation,-0.15113389008527567,3.0
velocity_servo,SRCBF,0.5,0.45,bias,10,0.3,2.0,exact_piecewise_hold,violation,-0.1252048731649551,3.0
velocity_servo,CAP,0.5,0.45,bias,10,0.3,2.0,exact_piecewise_hold,violation,-0.22615470080035627,3.0
velocity_servo,SRCBF,0.5,0.45,bias,11,0.3,2.0,exact_piecewise_hold,arrived,0.059394350275437935,8.5
velocity_servo,CAP,0.5,0.45,bias,11,0.3,2.0,exact_piecewise_hold,violation,-0.013349493271510027,3.5
velocity_servo,SRCBF,0.5,0.45,bias,12,0.3,2.0,exact_piecewise_hold,violation,-0.004853028534128057,3.0
velocity_servo,CAP,0.5,0.45,bias,12,0.3,2.0,exact_piecewise_hold,violation,-0.06663111957640022,3.0
velocity_servo,SRCBF,0.5,0.45,bias,13,0.3,2.0,exact_piecewise_hold,arrived,0.05512919954159501,7.0
velocity_servo,CAP,0.5,0.45,bias,13,0.3,2.0,exact_piecewise_hold,violation,-0.015951685800159265,3.0
velocity_servo,SRCBF,0.5,0.45,bias,14,0.3,2.0,exact_piecewise_hold,violation,-0.020519671010963525,3.0
velocity_servo,CAP,0.5,0.45,bias,14,0.3,2.0,exact_piecewise_hold,violation,-0.04812061350411878,3.0
velocity_servo,SRCBF,0.5,0.45,bias,15,0.3,2.0,exact_piecewise_hold,arrived,0.0860967635421016,7.0
velocity_servo,CAP,0.5,0.45,bias,15,0.3,2.0,exact_piecewise_hold,arrived,0.03954964284691176,7.0
velocity_servo,SRCBF,0.5,0.45,bias,16,0.3,2.0,exact_piecewise_hold,arrived,0.004029733249119705,9.0
velocity_servo,CAP,0.5,0.45,bias,16,0.3,2.0,exact_piecewise_hold,violation,-0.0556868603915367,3.5
velocity_servo,SRCBF,0.5,0.45,bias,17,0.3,2.0,exact_piecewise_hold,violation,-0.14443015055485497,3.0
velocity_servo,CAP,0.5,0.45,bias,17,0.3,2.0,exact_piecewise_hold,violation,-0.03251282034364822,2.5
velocity_servo,SRCBF,0.5,0.45,bias,18,0.3,2.0,exact_piecewise_hold,arrived,0.13435215001581646,7.5
velocity_servo,CAP,0.5,0.45,bias,18,0.3,2.0,exact_piecewise_hold,arrived,0.08533938259793572,7.5
velocity_servo,SRCBF,0.5,0.45,bias,19,0.3,2.0,exact_piecewise_hold,arrived,0.009161901548922158,6.5
velocity_servo,CAP,0.5,0.45,bias,19,0.3,2.0,exact_piecewise_hold,violation,-0.05483154183466432,3.0
velocity_servo,SRCBF,0.5,0.45,inward,0,0.3,2.0,exact_piecewise_hold,violation,-0.014006885182090367,2.5
velocity_servo,CAP,0.5,0.45,inward,0,0.3,2.0,exact_piecewise_hold,violation,-0.055525106947690306,2.5
velocity_servo,SRCBF,0.5,0.45,inward,1,0.3,2.0,exact_piecewise_hold,violation,-0.009960464924808288,2.5
velocity_servo,CAP,0.5,0.45,inward,1,0.3,2.0,exact_piecewise_hold,violation,-0.051968264556331634,2.5
velocity_servo,SRCBF,0.5,0.45,inward,2,0.3,2.0,exact_piecewise_hold,violation,-0.001606709408847995,2.5
velocity_servo,CAP,0.5,0.45,inward,2,0.3,2.0,exact_piecewise_hold,violation,-0.04464371370055065,2.5
velocity_servo,SRCBF,0.5,0.45,inward,3,0.3,2.0,exact_piecewise_hold,violation,-0.09397259271821767,3.0
velocity_servo,CAP,0.5,0.45,inward,3,0.3,2.0,exact_piecewise_hold,violation,-0.039330168143211997,2.5
velocity_servo,SRCBF,0.5,0.45,inward,4,0.3,2.0,exact_piecewise_hold,violation,-0.023516622932841735,2.5
velocity_servo,CAP,0.5,0.45,inward,4,0.3,2.0,exact_piecewise_hold,violation,-0.06390915854297585,2.5
velocity_servo,SRCBF,0.5,0.45,inward,5,0.3,2.0,exact_piecewise_hold,violation,-0.01929713205114303,2.5
velocity_servo,CAP,0.5,0.45,inward,5,0.3,2.0,exact_piecewise_hold,violation,-0.06018466352246765,2.5
velocity_servo,SRCBF,0.5,0.45,inward,6,0.3,2.0,exact_piecewise_hold,violation,-0.01081969605970834,2.5
velocity_servo,CAP,0.5,0.45,inward,6,0.3,2.0,exact_piecewise_hold,violation,-0.0527230331678038,2.5
velocity_servo,SRCBF,0.5,0.45,inward,7,0.3,2.0,exact_piecewise_hold,violation,-0.01362705287588506,2.5
velocity_servo,CAP,0.5,0.45,inward,7,0.3,2.0,exact_piecewise_hold,violation,-0.05519097187246391,2.5
velocity_servo,SRCBF,0.5,0.45,inward,8,0.3,2.0,exact_piecewise_hold,violation,-0.003822017244753173,2.5
velocity_servo,CAP,0.5,0.45,inward,8,0.3,2.0,exact_piecewise_hold,violation,-0.04658374325128334,2.5
velocity_servo,SRCBF,0.5,0.45,inward,9,0.3,2.0,exact_piecewise_hold,violation,-0.02130580185036801,2.5
velocity_servo,CAP,0.5,0.45,inward,9,0.3,2.0,exact_piecewise_hold,violation,-0.06195677498566665,2.5
velocity_servo,SRCBF,0.5,0.45,inward,10,0.3,2.0,exact_piecewise_hold,violation,-0.023906308051029557,2.5
velocity_servo,CAP,0.5,0.45,inward,10,0.3,2.0,exact_piecewise_hold,violation,-0.06425350460749424,2.5
velocity_servo,SRCBF,0.5,0.45,inward,11,0.3,2.0,exact_piecewise_hold,violation,-0.09512556272258088,3.0
velocity_servo,CAP,0.5,0.45,inward,11,0.3,2.0,exact_piecewise_hold,violation,-0.040638233936534096,2.5
velocity_servo,SRCBF,0.5,0.45,inward,12,0.3,2.0,exact_piecewise_hold,violation,-0.0012388625299480927,2.5
velocity_servo,CAP,0.5,0.45,inward,12,0.3,2.0,exact_piecewise_hold,violation,-0.044321735792608896,2.5
velocity_servo,SRCBF,0.5,0.45,inward,13,0.3,2.0,exact_piecewise_hold,violation,-0.021138956044198243,2.5
velocity_servo,CAP,0.5,0.45,inward,13,0.3,2.0,exact_piecewise_hold,violation,-0.061809515545269145,2.5
velocity_servo,SRCBF,0.5,0.45,inward,14,0.3,2.0,exact_piecewise_hold,violation,-0.020100046907662983,2.5
velocity_servo,CAP,0.5,0.45,inward,14,0.3,2.0,exact_piecewise_hold,violation,-0.06089282309801447,2.5
velocity_servo,SRCBF,0.5,0.45,inward,15,0.3,2.0,exact_piecewise_hold,violation,-0.015781448277768506,2.5
velocity_servo,CAP,0.5,0.45,inward,15,0.3,2.0,exact_piecewise_hold,violation,-0.05708690005278627,2.5
velocity_servo,SRCBF,0.5,0.45,inward,16,0.3,2.0,exact_piecewise_hold,violation,-0.011753023532416917,2.5
velocity_servo,CAP,0.5,0.45,inward,16,0.3,2.0,exact_piecewise_hold,violation,-0.05354319506932981,2.5
velocity_servo,SRCBF,0.5,0.45,inward,17,0.3,2.0,exact_piecewise_hold,violation,-0.0205338351331964,2.5
velocity_servo,CAP,0.5,0.45,inward,17,0.3,2.0,exact_piecewise_hold,violation,-0.06127552703682271,2.5
velocity_servo,SRCBF,0.5,0.45,inward,18,0.3,2.0,exact_piecewise_hold,violation,-0.0062465886178437735,2.5
velocity_servo,CAP,0.5,0.45,inward,18,0.3,2.0,exact_piecewise_hold,violation,-0.048708951455810334,2.5
velocity_servo,SRCBF,0.5,0.45,inward,19,0.3,2.0,exact_piecewise_hold,violation,-0.006947528347909793,2.5
velocity_servo,CAP,0.5,0.45,inward,19,0.3,2.0,exact_piecewise_hold,violation,-0.04932372559950349,2.5
velocity_servo,SRCBF,0.8,0.15,bias,0,0.3,2.0,exact_piecewise_hold,violation,-0.10810866010070852,3.2
velocity_servo,CAP,0.8,0.15,bias,0,0.3,2.0,exact_piecewise_hold,violation,-0.13214112573765346,3.2
velocity_servo,SRCBF,0.8,0.15,bias,1,0.3,2.0,exact_piecewise_hold,violation,-0.17404668499326137,3.2
velocity_servo,CAP,0.8,0.15,bias,1,0.3,2.0,exact_piecewise_hold,violation,-0.01912006940611466,2.4000000000000004
velocity_servo,SRCBF,0.8,0.15,bias,2,0.3,2.0,exact_piecewise_hold,violation,-0.0955554528909004,3.2
velocity_servo,CAP,0.8,0.15,bias,2,0.3,2.0,exact_piecewise_hold,violation,-0.10603923895437428,3.2
velocity_servo,SRCBF,0.8,0.15,bias,3,0.3,2.0,exact_piecewise_hold,violation,-0.14519705258518123,3.2
velocity_servo,CAP,0.8,0.15,bias,3,0.3,2.0,exact_piecewise_hold,violation,-0.19738234252680442,3.2
velocity_servo,SRCBF,0.8,0.15,bias,4,0.3,2.0,exact_piecewise_hold,arrived,0.027344631861425106,11.200000000000001
velocity_servo,CAP,0.8,0.15,bias,4,0.3,2.0,exact_piecewise_hold,violation,-0.003710099846147452,4.0
velocity_servo,SRCBF,0.8,0.15,bias,5,0.3,2.0,exact_piecewise_hold,violation,-0.038615475414097045,3.2
velocity_servo,CAP,0.8,0.15,bias,5,0.3,2.0,exact_piecewise_hold,violation,-0.0972986233142279,3.2
velocity_servo,SRCBF,0.8,0.15,bias,6,0.3,2.0,exact_piecewise_hold,violation,-0.037585804566177994,3.2
velocity_servo,CAP,0.8,0.15,bias,6,0.3,2.0,exact_piecewise_hold,violation,-0.05278583344136423,3.2
velocity_servo,SRCBF,0.8,0.15,bias,7,0.3,2.0,exact_piecewise_hold,violation,-0.11836872493977812,3.2
velocity_servo,CAP,0.8,0.15,bias,7,0.3,2.0,exact_piecewise_hold,violation,-0.17551547454170913,3.2
velocity_servo,SRCBF,0.8,0.15,bias,8,0.3,2.0,exact_piecewise_hold,violation,-0.20601089049183097,3.2
velocity_servo,CAP,0.8,0.15,bias,8,0.3,2.0,exact_piecewise_hold,violation,-0.03504915861391622,2.4000000000000004
velocity_servo,SRCBF,0.8,0.15,bias,9,0.3,2.0,exact_piecewise_hold,violation,-0.09306228733206323,3.2
velocity_servo,CAP,0.8,0.15,bias,9,0.3,2.0,exact_piecewise_hold,violation,-0.10362107235155926,3.2
velocity_servo,SRCBF,0.8,0.15,bias,10,0.3,2.0,exact_piecewise_hold,violation,-0.13801604099756748,3.2
velocity_servo,CAP,0.8,0.15,bias,10,0.3,2.0,exact_piecewise_hold,violation,-0.20602884526866783,3.2
velocity_servo,SRCBF,0.8,0.15,bias,11,0.3,2.0,exact_piecewise_hold,arrived,0.03144500682933982,11.200000000000001
velocity_servo,CAP,0.8,0.15,bias,11,0.3,2.0,exact_piecewise_hold,violation,-0.0002658430167459258,4.0
velocity_servo,SRCBF,0.8,0.15,bias,12,0.3,2.0,exact_piecewise_hold,violation,-0.15851546091652646,3.2
velocity_servo,CAP,0.8,0.15,bias,12,0.3,2.0,exact_piecewise_hold,violation,-0.011303484863554258,2.4000000000000004
velocity_servo,SRCBF,0.8,0.15,bias,13,0.3,2.0,exact_piecewise_hold,violation,-0.08381947914284271,3.2
velocity_servo,CAP,0.8,0.15,bias,13,0.3,2.0,exact_piecewise_hold,violation,-0.14325773080663284,3.2
velocity_servo,SRCBF,0.8,0.15,bias,14,0.3,2.0,exact_piecewise_hold,violation,-0.015817821734816384,3.2
velocity_servo,CAP,0.8,0.15,bias,14,0.3,2.0,exact_piecewise_hold,violation,-0.032912788979421514,3.2
velocity_servo,SRCBF,0.8,0.15,bias,15,0.3,2.0,exact_piecewise_hold,violation,-0.04030865693542873,3.2
velocity_servo,CAP,0.8,0.15,bias,15,0.3,2.0,exact_piecewise_hold,violation,-0.10248422778348842,3.2
velocity_servo,SRCBF,0.8,0.15,bias,16,0.3,2.0,exact_piecewise_hold,arrived,0.0010292738400347057,18.400000000000006
velocity_servo,CAP,0.8,0.15,bias,16,0.3,2.0,exact_piecewise_hold,violation,-0.027079927221888234,4.0
velocity_servo,SRCBF,0.8,0.15,bias,17,0.3,2.0,exact_piecewise_hold,violation,-0.18224077774051162,3.2
velocity_servo,CAP,0.8,0.15,bias,17,0.3,2.0,exact_piecewise_hold,violation,-0.2463144084749994,3.2
velocity_servo,SRCBF,0.8,0.15,bias,18,0.3,2.0,exact_piecewise_hold,arrived,0.03661311668873912,8.799999999999999
velocity_servo,CAP,0.8,0.15,bias,18,0.3,2.0,exact_piecewise_hold,arrived,0.023026256084232366,8.799999999999999
velocity_servo,SRCBF,0.8,0.15,bias,19,0.3,2.0,exact_piecewise_hold,violation,-0.1419993496939742,3.2
velocity_servo,CAP,0.8,0.15,bias,19,0.3,2.0,exact_piecewise_hold,violation,-0.19814525390631388,3.2
velocity_servo,SRCBF,0.8,0.15,inward,0,0.3,2.0,exact_piecewise_hold,violation,-0.0005730233232421611,2.4000000000000004
velocity_servo,CAP,0.8,0.15,inward,0,0.3,2.0,exact_piecewise_hold,violation,-0.044788137513748216,2.4000000000000004
velocity_servo,SRCBF,0.8,0.15,inward,1,0.3,2.0,exact_piecewise_hold,violation,-0.23871745568659308,3.2
velocity_servo,CAP,0.8,0.15,inward,1,0.3,2.0,exact_piecewise_hold,violation,-0.04374508190042581,2.4000000000000004
velocity_servo,SRCBF,0.8,0.15,inward,2,0.3,2.0,exact_piecewise_hold,violation,-0.23267710768618977,3.2
velocity_servo,CAP,0.8,0.15,inward,2,0.3,2.0,exact_piecewise_hold,violation,-0.04138320501295201,2.4000000000000004
velocity_servo,SRCBF,0.8,0.15,inward,3,0.3,2.0,exact_piecewise_hold,violation,-0.2281144394693756,3.2
velocity_servo,CAP,0.8,0.15,inward,3,0.3,2.0,exact_piecewise_hold,violation,-0.03950515598388127,2.4000000000000004
velocity_servo,SRCBF,0.8,0.15,inward,4,0.3,2.0,exact_piecewise_hold,violation,-0.0028211400538166176,2.4000000000000004
velocity_servo,CAP,0.8,0.15,inward,4,0.3,2.0,exact_piecewise_hold,violation,-0.04694408824946639,2.4000000000000004
velocity_servo,SRCBF,0.8,0.15,inward,5,0.3,2.0,exact_piecewise_hold,violation,-0.0018828705829012637,2.4000000000000004
velocity_servo,CAP,0.8,0.15,inward,5,0.3,2.0,exact_piecewise_hold,violation,-0.0460416886048588,2.4000000000000004
velocity_servo,SRCBF,0.8,0.15,inward,6,0.3,2.0,exact_piecewise_hold,violation,-0.23932083534902893,3.2
velocity_servo,CAP,0.8,0.15,inward,6,0.3,2.0,exact_piecewise_hold,violation,-0.04397236901736534,2.4000000000000004
velocity_servo,SRCBF,0.8,0.15,inward,7,0.3,2.0,exact_piecewise_hold,violation,-0.00047361186897143526,2.4000000000000004
velocity_servo,CAP,0.8,0.15,inward,7,0.3,2.0,exact_piecewise_hold,violation,-0.044693226315630996,2.4000000000000004
velocity_servo,SRCBF,0.8,0.15,inward,8,0.3,2.0,exact_piecewise_hold,violation,-0.23430746288640392,3.2
velocity_servo,CAP,0.8,0.15,inward,8,0.3,2.0,exact_piecewise_hold,violation,-0.04203541120146925,2.4000000000000004
velocity_servo,SRCBF,0.8,0.15,inward,9,0.3,2.0,exact_piecewise_hold,violation,-0.002341878504527828,2.4000000000000004
velocity_servo,CAP,0.8,0.15,inward,9,0.3,2.0,exact_piecewise_hold,violation,-0.046482577822835935,2.4000000000000004
velocity_servo,SRCBF,0.8,0.15,inward,10,0.3,2.0,exact_piecewise_hold,violation,-0.0029027085598479774,2.4000000000000004
velocity_servo,CAP,0.8,0.15,inward,10,0.3,2.0,exact_piecewise_hold,violation,-0.04702277283133105,2.4000000000000004
velocity_servo,SRCBF,0.8,0.15,inward,11,0.3,2.0,exact_piecewise_hold,violation,-0.22924998476148006,3.2
velocity_servo,CAP,0.8,0.15,inward,11,0.3,2.0,exact_piecewise_hold,violation,-0.03997957209674663,2.4000000000000004
velocity_servo,SRCBF,0.8,0.15,inward,12,0.3,2.0,exact_piecewise_hold,violation,-0.23240457928104252,3.2
velocity_servo,CAP,0.8,0.15,inward,12,0.3,2.0,exact_piecewise_hold,violation,-0.04127318223805454,2.4000000000000004
velocity_servo,SRCBF,0.8,0.15,inward,13,0.3,2.0,exact_piecewise_hold,violation,-0.002304592922368953,2.4000000000000004
velocity_servo,CAP,0.8,0.15,inward,13,0.3,2.0,exact_piecewise_hold,violation,-0.04644672610574352,2.4000000000000004
velocity_servo,SRCBF,0.8,0.15,inward,14,0.3,2.0,exact_piecewise_hold,violation,-0.0020689784368301822,2.4000000000000004
velocity_servo,CAP,0.8,0.15,inward,14,0.3,2.0,exact_piecewise_hold,violation,-0.046220331288397865,2.4000000000000004
velocity_servo,SRCBF,0.8,0.15,inward,15,0.3,2.0,exact_piecewise_hold,violation,-0.0010281490157684203,2.4000000000000004
velocity_servo,CAP,0.8,0.15,inward,15,0.3,2.0,exact_piecewise_hold,violation,-0.04522303618524892,2.4000000000000004
velocity_servo,SRCBF,0.8,0.15,inward,16,0.3,2.0,exact_piecewise_hold,violation,-0.2399720460032272,3.2
velocity_servo,CAP,0.8,0.15,inward,16,0.3,2.0,exact_piecewise_hold,violation,-0.044215758923202175,2.4000000000000004
velocity_servo,SRCBF,0.8,0.15,inward,17,0.3,2.0,exact_piecewise_hold,violation,-0.002168075797013169,2.4000000000000004
velocity_servo,CAP,0.8,0.15,inward,17,0.3,2.0,exact_piecewise_hold,violation,-0.04631551828667746,2.4000000000000004
velocity_servo,SRCBF,0.8,0.15,inward,18,0.3,2.0,exact_piecewise_hold,violation,-0.23606916852495197,3.2
velocity_servo,CAP,0.8,0.15,inward,18,0.3,2.0,exact_piecewise_hold,violation,-0.04272825576658179,2.4000000000000004
velocity_servo,SRCBF,0.8,0.15,inward,19,0.3,2.0,exact_piecewise_hold,violation,-0.23657380229383662,3.2
velocity_servo,CAP,0.8,0.15,inward,19,0.3,2.0,exact_piecewise_hold,violation,-0.0429243547791025,2.4000000000000004
velocity_servo,SRCBF,0.8,0.45,bias,0,0.3,2.0,exact_piecewise_hold,violation,-0.1467231972578512,3.2
velocity_servo,CAP,0.8,0.45,bias,0,0.3,2.0,exact_piecewise_hold,violation,-0.15539133322668686,3.2
velocity_servo,SRCBF,0.8,0.45,bias,1,0.3,2.0,exact_piecewise_hold,violation,-0.026850699942716272,3.2
velocity_servo,CAP,0.8,0.45,bias,1,0.3,2.0,exact_piecewise_hold,violation,-0.07809163730702606,3.2
velocity_servo,SRCBF,0.8,0.45,bias,2,0.3,2.0,exact_piecewise_hold,violation,-0.09668716046921866,3.2
velocity_servo,CAP,0.8,0.45,bias,2,0.3,2.0,exact_piecewise_hold,violation,-0.10895648589168161,3.2
velocity_servo,SRCBF,0.8,0.45,bias,3,0.3,2.0,exact_piecewise_hold,violation,-0.17227656090159182,3.2
velocity_servo,CAP,0.8,0.45,bias,3,0.3,2.0,exact_piecewise_hold,violation,-0.18864572134417812,3.2
velocity_servo,SRCBF,0.8,0.45,bias,4,0.3,2.0,exact_piecewise_hold,arrived,0.09274230508554926,8.799999999999999
velocity_servo,CAP,0.8,0.45,bias,4,0.3,2.0,exact_piecewise_hold,arrived,0.058639234546636776,8.799999999999999
velocity_servo,SRCBF,0.8,0.45,bias,5,0.3,2.0,exact_piecewise_hold,arrived,0.10893090047371567,8.799999999999999
velocity_servo,CAP,0.8,0.45,bias,5,0.3,2.0,exact_piecewise_hold,arrived,0.10224622945083894,8.799999999999999
velocity_servo,SRCBF,0.8,0.45,bias,6,0.3,2.0,exact_piecewise_hold,violation,-0.03618715302298736,3.2
velocity_servo,CAP,0.8,0.45,bias,6,0.3,2.0,exact_piecewise_hold,violation,-0.05335721591773712,3.2
velocity_servo,SRCBF,0.8,0.45,bias,7,0.3,2.0,exact_piecewise_hold,arrived,0.026863842827440032,8.799999999999999
velocity_servo,CAP,0.8,0.45,bias,7,0.3,2.0,exact_piecewise_hold,violation,-0.014136599103331982,3.2
velocity_servo,SRCBF,0.8,0.45,bias,8,0.3,2.0,exact_piecewise_hold,violation,-0.06085159241360116,3.2
velocity_servo,CAP,0.8,0.45,bias,8,0.3,2.0,exact_piecewise_hold,violation,-0.1123128235781361,3.2
velocity_servo,SRCBF,0.8,0.45,bias,9,0.3,2.0,exact_piecewise_hold,violation,-0.12349848029389154,3.2
velocity_servo,CAP,0.8,0.45,bias,9,0.3,2.0,exact_piecewise_hold,violation,-0.13371179484998297,3.2
velocity_servo,SRCBF,0.8,0.45,bias,10,0.3,2.0,exact_piecewise_hold,violation,-0.19053441611737953,3.2
velocity_servo,CAP,0.8,0.45,bias,10,0.3,2.0,exact_piecewise_hold,violation,-0.24807908502573262,3.2
velocity_servo,SRCBF,0.8,0.45,bias,11,0.3,2.0,exact_piecewise_hold,arrived,0.0993951579635648,8.799999999999999
velocity_servo,CAP,0.8,0.45,bias,11,0.3,2.0,exact_piecewise_hold,arrived,0.06385188682527554,8.799999999999999
velocity_servo,SRCBF,0.8,0.45,bias,12,0.3,2.0,exact_piecewise_hold,violation,-0.011769893724870806,3.2
velocity_servo,CAP,0.8,0.45,bias,12,0.3,2.0,exact_piecewise_hold,violation,-0.06308342759805063,3.2
velocity_servo,SRCBF,0.8,0.45,bias,13,0.3,2.0,exact_piecewise_hold,arrived,0.05775134926953984,8.799999999999999
velocity_servo,CAP,0.8,0.45,bias,13,0.3,2.0,exact_piecewise_hold,arrived,0.03533014025441261,8.799999999999999
velocity_servo,SRCBF,0.8,0.45,bias,14,0.3,2.0,exact_piecewise_hold,violation,-0.016378346759855056,3.2
velocity_servo,CAP,0.8,0.45,bias,14,0.3,2.0,exact_piecewise_hold,violation,-0.03520137876820051,3.2
velocity_servo,SRCBF,0.8,0.45,bias,15,0.3,2.0,exact_piecewise_hold,arrived,0.10605539525999874,8.799999999999999
velocity_servo,CAP,0.8,0.45,bias,15,0.3,2.0,exact_piecewise_hold,arrived,0.09976782200349965,8.799999999999999
velocity_servo,SRCBF,0.8,0.45,bias,16,0.3,2.0,exact_piecewise_hold,arrived,0.03115804234096453,9.6
velocity_servo,CAP,0.8,0.45,bias,16,0.3,2.0,exact_piecewise_hold,arrived,4.5658815744031855e-05,9.6
velocity_servo,SRCBF,0.8,0.45,bias,17,0.3,2.0,exact_piecewise_hold,violation,-0.20345617401760097,3.2
velocity_servo,CAP,0.8,0.45,bias,17,0.3,2.0,exact_piecewise_hold,violation,-0.26751387226951795,3.2
velocity_servo,SRCBF,0.8,0.45,bias,18,0.3,2.0,exact_piecewise_hold,arrived,0.20102160843785977,7.999999999999999
velocity_servo,CAP,0.8,0.45,bias,18,0.3,2.0,exact_piecewise_hold,arrived,0.1799769936773159,7.999999999999999
velocity_servo,SRCBF,0.8,0.45,bias,19,0.3,2.0,exact_piecewise_hold,arrived,0.004533369296110146,8.799999999999999
velocity_servo,CAP,0.8,0.45,bias,19,0.3,2.0,exact_piecewise_hold,violation,-0.0466531348432474,3.2
velocity_servo,SRCBF,0.8,0.45,inward,0,0.3,2.0,exact_piecewise_hold,violation,-0.1306009997860429,3.2
velocity_servo,CAP,0.8,0.45,inward,0,0.3,2.0,exact_piecewise_hold,violation,-0.18388915217121427,3.2
velocity_servo,SRCBF,0.8,0.45,inward,1,0.3,2.0,exact_piecewise_hold,violation,-0.12691794848251114,3.2
velocity_servo,CAP,0.8,0.45,inward,1,0.3,2.0,exact_piecewise_hold,violation,-0.18020590707729367,3.2
velocity_servo,SRCBF,0.8,0.45,inward,2,0.3,2.0,exact_piecewise_hold,violation,-0.11959721284618563,3.2
velocity_servo,CAP,0.8,0.45,inward,2,0.3,2.0,exact_piecewise_hold,violation,-0.17291107291412255,3.2
velocity_servo,SRCBF,0.8,0.45,inward,3,0.3,2.0,exact_piecewise_hold,violation,-0.11448691191858851,3.2
velocity_servo,CAP,0.8,0.45,inward,3,0.3,2.0,exact_piecewise_hold,violation,-0.16784060934779077,3.2
velocity_servo,SRCBF,0.8,0.45,inward,4,0.3,2.0,exact_piecewise_hold,violation,-0.13966301210484022,3.2
velocity_servo,CAP,0.8,0.45,inward,4,0.3,2.0,exact_piecewise_hold,violation,-0.0015067490785973803,2.4000000000000004
velocity_servo,SRCBF,0.8,0.45,inward,5,0.3,2.0,exact_piecewise_hold,violation,-0.13556712774258373,3.2
velocity_servo,CAP,0.8,0.45,inward,5,0.3,2.0,exact_piecewise_hold,violation,-0.18886883011186417,3.2
velocity_servo,SRCBF,0.8,0.45,inward,6,0.3,2.0,exact_piecewise_hold,violation,-0.12769211441422135,3.2
velocity_servo,CAP,0.8,0.45,inward,6,0.3,2.0,exact_piecewise_hold,violation,-0.180979397759366,3.2
velocity_servo,SRCBF,0.8,0.45,inward,7,0.3,2.0,exact_piecewise_hold,violation,-0.13025118197229546,3.2
velocity_servo,CAP,0.8,0.45,inward,7,0.3,2.0,exact_piecewise_hold,violation,-0.18353894841231955,3.2
velocity_servo,SRCBF,0.8,0.45,inward,8,0.3,2.0,exact_piecewise_hold,violation,-0.1215036591674451,3.2
velocity_servo,CAP,0.8,0.45,inward,8,0.3,2.0,exact_piecewise_hold,violation,-0.174807310157159,3.2
velocity_servo,SRCBF,0.8,0.45,inward,9,0.3,2.0,exact_piecewise_hold,violation,-0.1375012067904201,3.2
velocity_servo,CAP,0.8,0.45,inward,9,0.3,2.0,exact_piecewise_hold,violation,-0.19081215593978895,3.2
velocity_servo,SRCBF,0.8,0.45,inward,10,0.3,2.0,exact_piecewise_hold,violation,-0.14004778171683896,3.2
velocity_servo,CAP,0.8,0.45,inward,10,0.3,2.0,exact_piecewise_hold,violation,-0.0017784679305891116,2.4000000000000004
velocity_servo,SRCBF,0.8,0.45,inward,11,0.3,2.0,exact_piecewise_hold,violation,-0.11573033242122455,3.2
velocity_servo,CAP,0.8,0.45,inward,11,0.3,2.0,exact_piecewise_hold,violation,-0.1690726376568168,3.2
velocity_servo,SRCBF,0.8,0.45,inward,12,0.3,2.0,exact_piecewise_hold,violation,-0.11928297304167801,3.2
velocity_servo,CAP,0.8,0.45,inward,12,0.3,2.0,exact_piecewise_hold,violation,-0.17259875533572355,3.2
velocity_servo,SRCBF,0.8,0.45,inward,13,0.3,2.0,exact_piecewise_hold,violation,-0.137339486729794,3.2
velocity_servo,CAP,0.8,0.45,inward,13,0.3,2.0,exact_piecewise_hold,violation,-0.19064957970854934,3.2
velocity_servo,SRCBF,0.8,0.45,inward,14,0.3,2.0,exact_piecewise_hold,violation,-0.1363368822923463,3.2
velocity_servo,CAP,0.8,0.45,inward,14,0.3,2.0,exact_piecewise_hold,violation,-0.18964200425376154,3.2
velocity_servo,SRCBF,0.8,0.45,inward,15,0.3,2.0,exact_piecewise_hold,violation,-0.13224701604335398,3.2
velocity_servo,CAP,0.8,0.45,inward,15,0.3,2.0,exact_piecewise_hold,violation,-0.18553800097725903,3.2
velocity_servo,SRCBF,0.8,0.45,inward,16,0.3,2.0,exact_piecewise_hold,violation,-0.12853780117998148,3.2
velocity_servo,CAP,0.8,0.45,inward,16,0.3,2.0,exact_piecewise_hold,violation,-0.18182478543253544,3.2
velocity_servo,SRCBF,0.8,0.45,inward,17,0.3,2.0,exact_piecewise_hold,violation,-0.13675459767086318,3.2
velocity_servo,CAP,0.8,0.45,inward,17,0.3,2.0,exact_piecewise_hold,violation,-0.19006171997334464,3.2
velocity_servo,SRCBF,0.8,0.45,inward,18,0.3,2.0,exact_piecewise_hold,violation,-0.123618456623113,3.2
velocity_servo,CAP,0.8,0.45,inward,18,0.3,2.0,exact_piecewise_hold,violation,-0.17691366471249137,3.2
velocity_servo,SRCBF,0.8,0.45,inward,19,0.3,2.0,exact_piecewise_hold,violation,-0.12423551534051269,3.2
velocity_servo,CAP,0.8,0.45,inward,19,0.3,2.0,exact_piecewise_hold,violation,-0.17752882343113674,3.2
